Actual,Predicted_Probability,Predicted_Class,Correct_Prediction,Model_A_Prediction,Model_B_Prediction,Prediction_Confidence,Prediction_Type
1,0.48639598,1,1,0.20774148655584407,0.4753285396947761,0.51360404,True Positive
0,0.5241287,1,0,0.30475363348512846,0.54958729594469,0.5241287,False Positive
1,0.7348737,1,1,0.30475363348512846,0.8081630021379728,0.7348737,True Positive
0,0.68462193,1,0,0.30475363348512846,0.7443969442974445,0.68462193,False Positive
0,0.2758584,0,1,0.30475363348512846,0.2795837521452074,0.7241416,True Negative
0,0.26661062,0,1,0.30475363348512846,0.27036991169443053,0.7333894,True Negative
1,0.75604576,1,1,0.30475363348512846,0.8442885660212942,0.75604576,True Positive
0,0.4978227,1,0,0.3619534853946448,0.5003102165040129,0.5021773,False Positive
0,0.27874768,0,1,0.3619534853946448,0.2756843801719336,0.7212523,True Negative
1,0.16443828,0,0,0.30475363348512846,0.08141003848476512,0.83556175,False Negative
1,0.7339607,1,1,0.3619534853946448,0.8220020650026266,0.7339607,True Positive
0,0.47352272,1,0,0.30475363348512846,0.4518615420325055,0.5264773,False Positive
1,0.37263685,0,0,0.30475363348512846,0.36162242986603865,0.62736315,False Negative
1,0.5181494,1,1,0.3619534853946448,0.5392594374937753,0.5181494,True Positive
0,0.23796712,0,1,0.30475363348512846,0.23910768303349134,0.76203287,True Negative
1,0.6274651,1,1,0.30475363348512846,0.678194020944926,0.6274651,True Positive
0,0.46993962,1,0,0.30475363348512846,0.4427815162721419,0.5300604,False Positive
1,0.7570304,1,1,0.30475363348512846,0.8463681243478355,0.7570304,True Positive
0,0.2608112,0,1,0.30475363348512846,0.2638748208695191,0.7391888,True Negative
0,0.17753197,0,1,0.30475363348512846,0.1516383920572594,0.82246804,True Negative
0,0.18219239,0,1,0.16940275038985123,0.08572322875615698,0.8178076,True Negative
1,0.31072655,0,0,0.30475363348512846,0.3068033926632743,0.6892735,False Negative
1,0.7065684,1,1,0.30475363348512846,0.7714484329914703,0.7065684,True Positive
0,0.43274844,0,1,0.30475363348512846,0.4116766611320549,0.56725156,True Negative
0,0.19630364,0,1,0.30475363348512846,0.1891089113879493,0.8036964,True Negative
1,0.23848681,0,0,0.3619534853946448,0.23664957789798316,0.7615132,False Negative
1,0.77678233,1,1,0.3619534853946448,0.8862050139111171,0.77678233,True Positive
1,0.49716502,1,1,0.30475363348512846,0.4979048883711264,0.502835,True Positive
1,0.3845181,0,0,0.16940275038985123,0.37632677564161604,0.6154819,False Negative
0,0.25833586,0,1,0.3619534853946448,0.2567632789793126,0.7416642,True Negative
1,0.7381717,1,1,0.30475363348512846,0.8125972579869868,0.7381717,True Positive
0,0.756847,1,0,0.2508911477913881,0.8508776675328882,0.756847,False Positive
0,0.25107744,0,1,0.30475363348512846,0.2533215542681718,0.7489226,True Negative
1,0.54149413,1,1,0.30475363348512846,0.5773259731273382,0.54149413,True Positive
1,0.46970358,1,1,0.30475363348512846,0.44209954936837575,0.53029644,True Positive
1,0.7466307,1,1,0.20774148655584407,0.8335032666943254,0.7466307,True Positive
0,0.47421843,1,0,0.3619534853946448,0.45016381460960625,0.5257816,False Positive
1,0.45286992,1,1,0.30475363348512846,0.4279894335175614,0.5471301,True Positive
1,0.75938475,1,1,0.30475363348512846,0.8513640929393129,0.75938475,True Positive
0,0.3458066,0,1,0.30475363348512846,0.3383022866397605,0.6541934,True Negative
0,0.7607736,1,0,0.3619534853946448,0.859081206738507,0.7607736,False Positive
0,0.2733361,0,1,0.3619534853946448,0.2707554402231344,0.7266639,True Negative
0,0.2829686,0,1,0.30475363348512846,0.28627905197328285,0.71703136,True Negative
0,0.17776412,0,1,0.30475363348512846,0.152684842222482,0.8222359,True Negative
0,0.37442368,0,1,0.30475363348512846,0.3631495412322733,0.6255763,True Negative
1,0.7305478,1,1,0.1972360207388138,0.8020458966767868,0.7305478,True Positive
1,0.7853093,1,1,0.30475363348512846,0.9087711510907347,0.7853093,True Positive
1,0.59849286,1,1,0.30475363348512846,0.6463190022080715,0.59849286,True Positive
1,0.2654984,0,0,0.30475363348512846,0.26913136601447685,0.7345016,False Negative
0,0.50344163,1,0,0.30475363348512846,0.509927401425149,0.50344163,False Positive
1,0.4022553,0,0,0.30475363348512846,0.38659092530686795,0.5977447,False Negative
0,0.27763066,0,1,0.30475363348512846,0.2812773659815351,0.7223693,True Negative
1,0.7461372,1,1,0.30475363348512846,0.8239662247713939,0.7461372,True Positive
0,0.25065687,0,1,0.30475363348512846,0.25287340922846074,0.74934316,True Negative
1,0.7820126,1,1,0.30475363348512846,0.9012063607755688,0.7820126,True Positive
0,0.26733983,0,1,0.30475363348512846,0.27118021734782854,0.7326602,True Negative
1,0.17657928,0,0,0.30475363348512846,0.1473326180563225,0.8234207,False Negative
0,0.17956758,0,1,0.30475363348512846,0.15955873352235606,0.8204324,True Negative
1,0.29119924,0,0,0.30475363348512846,0.29311751002250075,0.7088008,False Negative
0,0.28702205,0,1,0.30475363348512846,0.28966151270693036,0.71297795,True Negative
1,0.31532565,0,0,0.30475363348512846,0.310739859195314,0.6846744,False Negative
0,0.2693268,0,1,0.3238188371042879,0.26954170286162876,0.7306732,True Negative
1,0.75161487,1,1,0.30475363348512846,0.8349996786224693,0.75161487,True Positive
0,0.47569612,1,0,0.30475363348512846,0.45672519216375845,0.5243039,False Positive
1,0.4455304,0,0,0.30475363348512846,0.4220565338021438,0.5544696,False Negative
0,0.39317802,0,1,0.30475363348512846,0.3790117692577864,0.606822,True Negative
0,0.19980101,0,1,0.30475363348512846,0.19371700958503835,0.800199,True Negative
0,0.47133797,1,0,0.30475363348512846,0.44682097281103217,0.528662,False Positive
0,0.58364034,1,0,0.30475363348512846,0.6302850104178885,0.58364034,False Positive
1,0.7819189,1,1,0.30475363348512846,0.900992532019616,0.7819189,True Positive
0,0.18533507,0,1,0.30475363348512846,0.17114747240363729,0.81466496,True Negative
1,0.4798304,1,1,0.3619534853946448,0.4650889889712153,0.5201696,True Positive
1,0.7636891,1,1,0.30475363348512846,0.8605848964988442,0.7636891,True Positive
0,0.7523003,1,0,0.30475363348512846,0.8364293453167966,0.7523003,False Positive
0,0.2547786,0,1,0.30475363348512846,0.25708441536898585,0.7452214,True Negative
0,0.36915165,0,1,0.16940275038985123,0.3624811609003227,0.63084835,True Negative
1,0.6842365,1,1,0.30475363348512846,0.7439313684976746,0.6842365,True Positive
0,0.18533507,0,1,0.30475363348512846,0.17114747240363729,0.81466496,True Negative
0,0.5167797,1,0,0.30475363348512846,0.5354871626988214,0.5167797,False Positive
1,0.42023897,0,0,0.30475363348512846,0.40144759979682665,0.579761,False Negative
1,0.25450268,0,0,0.30475363348512846,0.25681988121333976,0.74549735,False Negative
0,0.5370175,1,0,0.30475363348512846,0.5714612979787879,0.5370175,False Positive
0,0.37442368,0,1,0.30475363348512846,0.3631495412322733,0.6255763,True Negative
1,0.76577747,1,1,0.3619534853946448,0.8665837679496171,0.76577747,True Positive
0,0.28663528,0,1,0.3619534853946448,0.28228042976072615,0.7133647,True Negative
0,0.6361861,1,0,0.30475363348512846,0.6879760092061387,0.6361861,False Positive
0,0.1969513,0,1,0.30475363348512846,0.18996691345396075,0.80304873,True Negative
1,0.3587771,0,0,0.30475363348512846,0.34967165107964837,0.6412229,False Negative
1,0.49005482,1,1,0.3619534853946448,0.4854290610176921,0.50994515,True Positive
0,0.3773679,0,1,0.20774148655584407,0.3698771621315865,0.6226321,True Negative
1,0.49942663,1,1,0.30475363348512846,0.5022368559775513,0.5005734,True Positive
1,0.2056077,0,0,0.3619534853946448,0.19848030084153828,0.7943923,False Negative
0,0.7119272,1,0,0.30475363348512846,0.7782287145586643,0.7119272,False Positive
0,0.16535479,0,1,0.30475363348512846,0.0869468891088713,0.8346452,True Negative
1,0.7912536,1,1,0.3619534853946448,0.9174269394686552,0.7912536,True Positive
0,0.5076438,1,0,0.30475363348512846,0.5179772865526108,0.5076438,False Positive
0,0.19261494,0,1,0.16940275038985123,0.14267177192748465,0.8073851,True Negative
0,0.69012487,1,0,0.3238188371042879,0.756098259518243,0.69012487,False Positive
0,0.18244553,0,1,0.30475363348512846,0.16544498408714897,0.8175545,True Negative
1,0.786259,1,1,0.30475363348512846,0.9109660063089894,0.786259,True Positive
1,0.36691886,0,0,0.30475363348512846,0.35671515334692244,0.63308114,False Negative
1,0.7527248,1,1,0.1972360207388138,0.847091839262105,0.7527248,True Positive
1,0.734637,1,1,0.3619534853946448,0.8229065419613569,0.734637,True Positive
0,0.7659912,1,0,0.30475363348512846,0.865564226323827,0.7659912,False Positive
0,0.21159138,0,1,0.1972360207388138,0.20654475754079085,0.78840864,True Negative
1,0.37667626,0,0,0.30475363348512846,0.3650705816535371,0.62332374,False Negative
1,0.25800908,0,0,0.30475363348512846,0.26070307859873676,0.7419909,False Negative
0,0.16881266,0,1,0.30475363348512846,0.10761766763883711,0.83118737,True Negative
1,0.579674,1,1,0.30475363348512846,0.6260321505442744,0.579674,True Positive
1,0.737426,1,1,0.3619534853946448,0.826651823726192,0.737426,True Positive
0,0.1696568,0,1,0.30475363348512846,0.11261250263958965,0.8303432,True Negative
1,0.2544437,0,0,0.30475363348512846,0.2567632789793126,0.7455563,False Negative
1,0.51667714,1,1,0.3619534853946448,0.5364361600136571,0.51667714,True Positive
1,0.76150215,1,1,0.2653792791671143,0.8594656597319904,0.76150215,True Positive
0,0.22940637,0,1,0.30475363348512846,0.2295342465844024,0.77059364,True Negative
0,0.23574826,0,1,0.30475363348512846,0.23664957789798316,0.7642517,True Negative
0,0.23186412,0,1,0.30475363348512846,0.23230782870649308,0.7681359,True Negative
0,0.16957651,0,1,0.30475363348512846,0.11213814214079174,0.8304235,True Negative
0,0.18196785,0,1,0.3619534853946448,0.1672692956239944,0.81803215,True Negative
0,0.23834516,0,1,0.30475363348512846,0.23952490666847384,0.76165485,True Negative
0,0.17591785,0,1,0.30475363348512846,0.14433239689868393,0.82408214,True Negative
1,0.75503963,1,1,0.3619534853946448,0.8509272725632668,0.75503963,True Positive
0,0.74098694,1,0,0.30475363348512846,0.8164110441312623,0.74098694,False Positive
1,0.7557607,1,1,0.30475363348512846,0.8436875483786477,0.7557607,True Positive
0,0.3067633,0,1,0.30475363348512846,0.3041113885144221,0.6932367,True Negative
1,0.7891834,1,1,0.2653792791671143,0.921349550138809,0.7891834,True Positive
1,0.34409714,0,0,0.30475363348512846,0.3367892534576077,0.65590286,False Negative
1,0.7600947,1,1,0.30475363348512846,0.8528770332686765,0.7600947,True Positive
0,0.529593,1,0,0.30475363348512846,0.5600840627075117,0.529593,False Positive
1,0.7305605,1,1,0.1972360207388138,0.8020709311954374,0.7305605,True Positive
1,0.2134468,0,0,0.30475363348512846,0.21099036746236277,0.7865532,False Negative
0,0.24955928,0,1,0.3619534853946448,0.24833083760849173,0.7504407,True Negative
1,0.7481022,1,1,0.30475363348512846,0.8277142823782706,0.7481022,True Positive
0,0.5374819,1,0,0.30475363348512846,0.572069353156988,0.5374819,False Positive
0,0.17522654,0,1,0.30475363348512846,0.14118737527021494,0.82477343,True Negative
1,0.7257236,1,1,0.30475363348512846,0.7960412891635703,0.7257236,True Positive
0,0.18780561,0,1,0.30475363348512846,0.17596886191994332,0.8121944,True Negative
1,0.7409394,1,1,0.30475363348512846,0.8163463665580915,0.7409394,True Positive
1,0.74461865,1,1,0.2653792791671143,0.824135741438906,0.74461865,True Positive
0,0.18275265,0,1,0.30475363348512846,0.1660543280985908,0.81724733,True Negative
1,0.7313617,1,1,0.30475363348512846,0.8034796463845738,0.7313617,True Positive
0,0.2586288,0,1,0.30475363348512846,0.2614064572251604,0.7413712,True Negative
1,0.6207199,1,1,0.30475363348512846,0.6706921938022915,0.6207199,True Positive
0,0.22202353,0,1,0.30475363348512846,0.22107462335383582,0.77797645,True Negative
0,0.58209467,1,0,0.30475363348512846,0.6286263791905576,0.58209467,False Positive
0,0.6978241,1,0,0.30475363348512846,0.7605376815351717,0.6978241,False Positive
0,0.4701709,1,0,0.30475363348512846,0.44344970200289024,0.52982914,False Positive
0,0.23574826,0,1,0.30475363348512846,0.23664957789798316,0.7642517,True Negative
0,0.17027102,0,1,0.30475363348512846,0.11623449997962992,0.82972896,True Negative
1,0.30511382,0,0,0.3619534853946448,0.2962366320388479,0.6948862,False Negative
0,0.34363303,0,1,0.30475363348512846,0.33637785993005626,0.65636694,True Negative
1,0.7257236,1,1,0.30475363348512846,0.7960412891635703,0.7257236,True Positive
1,0.6913494,1,1,0.30475363348512846,0.7525740687151131,0.6913494,True Positive
1,0.72001314,1,1,0.30475363348512846,0.7886036761144088,0.72001314,True Positive
1,0.76539886,1,1,0.16940275038985123,0.8765861001768077,0.76539886,True Positive
0,0.7398171,1,0,0.3619534853946448,0.8298832653722586,0.7398171,False Positive
0,0.1936875,0,1,0.30475363348512846,0.18562117702349135,0.8063125,True Negative
1,0.48050296,1,1,0.30475363348512846,0.46597131088003846,0.51949704,True Positive
1,0.7722422,1,1,0.3619534853946448,0.8780293500021878,0.7722422,True Positive
1,0.521876,1,1,0.30475363348512846,0.5452633540120844,0.521876,True Positive
1,0.67228425,1,1,0.30475363348512846,0.7296398560264499,0.67228425,True Positive
1,0.54299194,1,1,0.30475363348512846,0.5792901102350282,0.54299194,True Positive
1,0.7686596,1,1,0.30475363348512846,0.8713782736979442,0.7686596,True Positive
0,0.36691886,0,1,0.30475363348512846,0.35671515334692244,0.63308114,True Negative
1,0.7309822,1,1,0.30475363348512846,0.8029759805144554,0.7309822,True Positive
1,0.7935278,1,1,0.30475363348512846,0.928005631893704,0.7935278,True Positive
0,0.4177812,0,1,0.30475363348512846,0.39942841919135674,0.58221877,True Negative
0,0.43470818,0,1,0.3619534853946448,0.4101239328394963,0.5652918,True Negative
0,0.2257662,0,1,0.30475363348512846,0.22538763740096823,0.7742338,True Negative
1,0.7001986,1,1,0.30475363348512846,0.7634823314031651,0.7001986,True Positive
0,0.2288852,0,1,0.30475363348512846,0.22894341766474535,0.7711148,True Negative
0,0.48561782,1,0,0.30475363348512846,0.4757796689969991,0.5143822,False Positive
1,0.7225715,1,1,0.3619534853946448,0.8069845074061526,0.7225715,True Positive
1,0.5408727,1,1,0.3619534853946448,0.582943656528965,0.5408727,True Positive
1,0.40835178,0,0,0.3619534853946448,0.38850103665310115,0.5916482,False Negative
0,0.56684387,1,0,0.30475363348512846,0.6102396083563784,0.56684387,False Positive
1,0.17244194,0,0,0.30475363348512846,0.12841865248431472,0.82755804,False Negative
1,0.6079068,1,1,0.3619534853946448,0.6716418313998113,0.6079068,True Positive
0,0.23574826,0,1,0.30475363348512846,0.23664957789798316,0.7642517,True Negative
1,0.76421237,1,1,0.30475363348512846,0.8617136244007771,0.76421237,True Positive
0,0.17710136,0,1,0.30475363348512846,0.1496944085247371,0.8228986,True Negative
1,0.765926,1,1,0.30475363348512846,0.8654226588315367,0.765926,True Positive
1,0.7593109,1,1,0.30475363348512846,0.8512067587675309,0.7593109,True Positive
0,0.20918153,0,1,0.30475363348512846,0.2057859330632202,0.79081845,True Negative
0,0.51119184,1,0,0.30475363348512846,0.5247755492422798,0.51119184,False Positive
1,0.57650256,1,1,0.30475363348512846,0.6226395905733075,0.57650256,True Positive
0,0.23854557,0,1,0.30475363348512846,0.23974588456921225,0.76145446,True Negative
1,0.75578654,1,1,0.2653792791671143,0.8473218766959297,0.75578654,True Positive
0,0.75937384,1,0,0.30475363348512846,0.8513407787719068,0.75937384,False Positive
0,0.17956758,0,1,0.30475363348512846,0.15955873352235606,0.8204324,True Negative
1,0.46308658,1,1,0.3619534853946448,0.43307252828055154,0.5369134,True Positive
1,0.17299189,0,0,0.30475363348512846,0.1309532020768515,0.8270081,False Negative
0,0.17855321,0,1,0.30475363348512846,0.1562338961967433,0.8214468,True Negative
1,0.7587375,1,1,0.30475363348512846,0.8499872074110907,0.7587375,True Positive
1,0.53579605,1,1,0.30475363348512846,0.5698624644309311,0.53579605,True Positive
1,0.7591903,1,1,0.30475363348512846,0.8509501027128276,0.7591903,True Positive
1,0.24962686,0,0,0.30475363348512846,0.2517738142892804,0.7503731,False Negative
1,0.5332293,1,1,0.30475363348512846,0.5665046128437837,0.5332293,True Positive
0,0.5031595,1,0,0.30475363348512846,0.5093869515459883,0.5031595,False Positive
1,0.62641793,1,1,0.16940275038985123,0.6413888926449284,0.62641793,True Positive
0,0.17434163,0,1,0.30475363348512846,0.13714706175600622,0.8256584,True Negative
1,0.5389774,1,1,0.3619534853946448,0.5792901102350282,0.5389774,True Positive
0,0.16824748,0,1,0.30475363348512846,0.10426228435921552,0.83175254,True Negative
0,0.16761172,0,1,0.3619534853946448,0.13235229675658045,0.8323883,True Negative
0,0.7875485,1,0,0.30475363348512846,0.9139575347647997,0.7875485,False Positive
1,0.5124515,1,1,0.16940275038985123,0.5179772865526108,0.5124515,True Positive
1,0.51659745,1,1,0.30475363348512846,0.5351377046624933,0.51659745,True Positive
1,0.21842706,0,0,0.30475363348512846,0.21688083523714602,0.78157294,False Negative
1,0.29046264,0,0,0.3619534853946448,0.2853023245394429,0.7095374,False Negative
1,0.72846705,1,1,0.30475363348512846,0.7996486280166889,0.72846705,True Positive
0,0.71129686,1,0,0.30475363348512846,0.7774272545068605,0.71129686,False Positive
1,0.19484597,0,0,0.3619534853946448,0.18489938936456182,0.805154,False Negative
0,0.2491473,0,1,0.20774148655584407,0.2664260574228349,0.7508527,True Negative
0,0.20260946,0,1,0.30475363348512846,0.19737374839468338,0.7973905,True Negative
1,0.6967159,1,1,0.16940275038985123,0.7401179054934897,0.6967159,True Positive
0,0.23574826,0,1,0.30475363348512846,0.23664957789798316,0.7642517,True Negative
1,0.7620892,1,1,0.3619534853946448,0.8609708660678145,0.7620892,True Positive
1,0.25235417,0,0,0.30475363348512846,0.25467886570373705,0.74764585,False Negative
0,0.17522654,0,1,0.30475363348512846,0.14118737527021494,0.82477343,True Negative
0,0.2931481,0,1,0.30475363348512846,0.29471076742812025,0.7068519,True Negative
1,0.7634645,1,1,0.30475363348512846,0.8601009145119894,0.7634645,True Positive
0,0.2201837,0,1,0.30475363348512846,0.21893533663615367,0.77981627,True Negative
1,0.53716874,1,1,0.1972360207388138,0.5519252808969803,0.53716874,True Positive
1,0.6998346,1,1,0.30475363348512846,0.7630300703256504,0.6998346,True Positive
1,0.49077192,1,1,0.3619534853946448,0.48680306679739976,0.5092281,True Positive
1,0.22602998,0,0,0.30475363348512846,0.22568972534817489,0.77397,False Negative
0,0.3233572,0,1,0.30475363348512846,0.31813004963207026,0.6766428,True Negative
1,0.7723478,1,1,0.30475363348512846,0.8794924600639421,0.7723478,True Positive
0,0.5258898,1,0,0.30475363348512846,0.5529690538765165,0.5258898,False Positive
0,0.23437622,0,1,0.30475363348512846,0.23512161122144867,0.7656238,True Negative
0,0.38819164,0,1,0.30475363348512846,0.3748224323637506,0.61180836,True Negative
1,0.42198586,0,0,0.30475363348512846,0.4028807431624347,0.57801414,False Negative
1,0.2625048,0,0,0.3619534853946448,0.26070307859873676,0.7374952,False Negative
1,0.7733802,1,1,0.30475363348512846,0.8817803480074956,0.7733802,True Positive
1,0.31356046,0,0,0.3619534853946448,0.3059300294261028,0.6864395,False Negative
1,0.2547786,0,0,0.30475363348512846,0.25708441536898585,0.7452214,False Negative
1,0.7654567,1,1,0.3619534853946448,0.8660214675418165,0.7654567,True Positive
0,0.23574826,0,1,0.30475363348512846,0.23664957789798316,0.7642517,True Negative
0,0.22464134,0,1,0.3619534853946448,0.22106515106958385,0.7753587,True Negative
0,0.18720669,0,1,0.16940275038985123,0.11342564423943094,0.8127933,True Negative
0,0.20777732,0,1,0.30475363348512846,0.20400517436827928,0.7922227,True Negative
0,0.40408677,0,1,0.30475363348512846,0.38811317897956565,0.59591323,True Negative
0,0.2098308,0,1,0.16940275038985123,0.20240687632259305,0.7901692,True Negative
1,0.2544437,0,0,0.30475363348512846,0.2567632789793126,0.7455563,False Negative
0,0.17191893,0,1,0.30475363348512846,0.12590074475864665,0.8280811,True Negative
1,0.53737766,1,1,0.30475363348512846,0.5719327899871929,0.53737766,True Positive
0,0.36691886,0,1,0.30475363348512846,0.35671515334692244,0.63308114,True Negative
0,0.7345947,1,0,0.30475363348512846,0.8077895454797439,0.7345947,False Positive
0,0.27171764,0,1,0.20774148655584407,0.2871721814888846,0.72828233,True Negative
1,0.5418689,1,1,0.30475363348512846,0.5778173400450235,0.5418689,True Positive
0,0.4984985,1,0,0.30475363348512846,0.500459061831754,0.5015015,False Positive
0,0.24405827,0,1,0.30475363348512846,0.24577577461248887,0.75594175,True Negative
0,0.6190023,1,0,0.30475363348512846,0.6687903559383434,0.6190023,False Positive
1,0.7471223,1,1,0.30475363348512846,0.8256942210972426,0.7471223,True Positive
0,0.15900339,0,1,0.3619534853946448,0.08982957210922271,0.8409966,True Negative
1,0.5318134,1,1,0.30475363348512846,0.5643532541038635,0.5318134,True Positive
1,0.74767375,1,1,0.30475363348512846,0.8268305926604176,0.74767375,True Positive
1,0.43414465,0,0,0.2653792791671143,0.41498112948275384,0.5658554,False Negative
0,0.36691886,0,1,0.30475363348512846,0.35671515334692244,0.63308114,True Negative
1,0.7131988,1,1,0.16940275038985123,0.7709525862908437,0.7131988,True Positive
0,0.2230926,0,1,0.3619534853946448,0.21928025217664543,0.7769074,True Negative
1,0.74599963,1,1,0.30475363348512846,0.82373792152253,0.74599963,True Positive
1,0.45687523,1,1,0.3619534853946448,0.4280714068953784,0.5431248,True Positive
1,0.7707995,1,1,0.30475363348512846,0.8760749475106189,0.7707995,True Positive
1,0.7785751,1,1,0.30475363348512846,0.8934060278239537,0.7785751,True Positive
0,0.16824748,0,1,0.30475363348512846,0.10426228435921552,0.83175254,True Negative
1,0.19978411,0,0,0.30475363348512846,0.1936949106130584,0.8002159,False Negative
1,0.78581965,1,1,0.30475363348512846,0.9099497327757181,0.78581965,True Positive
0,0.53923273,1,0,0.30475363348512846,0.5743623078204737,0.53923273,False Positive
0,0.7327347,1,0,0.30475363348512846,0.8053059646806969,0.7327347,False Positive
0,0.34867206,0,1,0.30475363348512846,0.34083063993310986,0.65132797,True Negative
1,0.6031256,1,1,0.20774148655584407,0.62581627486653,0.6031256,True Positive
0,0.37398183,0,1,0.30475363348512846,0.3627721855229267,0.62601817,True Negative
1,0.52304316,1,1,0.2508911477913881,0.5457914226738706,0.52304316,True Positive
1,0.19980101,0,0,0.30475363348512846,0.19371700958503835,0.800199,False Negative
1,0.7693389,1,1,0.30475363348512846,0.8728660119110108,0.7693389,True Positive
0,0.22435355,0,1,0.30475363348512846,0.22376574324408732,0.77564645,True Negative
1,0.3611194,0,0,0.30475363348512846,0.3517050198778753,0.6388806,False Negative
1,0.33725676,0,0,0.30475363348512846,0.33069842435175617,0.6627432,False Negative
0,0.47300297,1,0,0.30475363348512846,0.4506981489919813,0.526997,False Positive
1,0.7600947,1,1,0.30475363348512846,0.8528770332686765,0.7600947,True Positive
1,0.7451365,1,1,0.30475363348512846,0.8223070154216181,0.7451365,True Positive
0,0.20558189,0,1,0.30475363348512846,0.20120309113052556,0.7944181,True Negative
1,0.7529324,1,1,0.30475363348512846,0.8377500263703155,0.7529324,True Positive
1,0.33173746,0,0,0.30475363348512846,0.3257396371677815,0.66826254,False Negative
0,0.5727772,1,0,0.30475363348512846,0.6179362109866774,0.5727772,False Positive
0,0.26733983,0,1,0.30475363348512846,0.27118021734782854,0.7326602,True Negative
1,0.38233554,0,0,0.30475363348512846,0.3698771621315865,0.61766446,False Negative
0,0.2829686,0,1,0.30475363348512846,0.28627905197328285,0.71703136,True Negative
0,0.2257662,0,1,0.30475363348512846,0.22538763740096823,0.7742338,True Negative
1,0.6771116,1,1,0.30475363348512846,0.7353785362358328,0.6771116,True Positive
1,0.77531326,1,1,0.30475363348512846,0.8860840061509154,0.77531326,True Positive
0,0.41245005,0,1,0.2653792791671143,0.39720427323490926,0.5875499,True Negative
0,0.17196043,0,1,0.30475363348512846,0.1261432170727847,0.8280396,True Negative
0,0.43953103,0,1,0.30475363348512846,0.41719276256421006,0.560469,True Negative
0,0.24634613,0,1,0.30475363348512846,0.24825107813605904,0.7536539,True Negative
0,0.41735387,0,1,0.30475363348512846,0.3990770096368116,0.58264613,True Negative
1,0.46364123,1,1,0.30475363348512846,0.43666718897779155,0.5363588,True Positive
1,0.78243804,1,1,0.3619534853946448,0.8969773283178186,0.78243804,True Positive
0,0.62794185,1,0,0.30475363348512846,0.678726312081124,0.62794185,False Positive
1,0.49136975,1,1,0.30475363348512846,0.48680306679739976,0.5086303,True Positive
0,0.3409108,0,1,0.16940275038985123,0.33637785993005626,0.6590892,True Negative
0,0.3401613,0,1,0.30475363348512846,0.33329193630271,0.6598387,True Negative
0,0.7228145,1,0,0.30475363348512846,0.792240508801048,0.7228145,False Positive
0,0.71409124,1,0,0.30475363348512846,0.7809879579454975,0.71409124,False Positive
0,0.47221023,1,0,0.30475363348512846,0.44892334587566546,0.5277898,False Positive
1,0.38545865,0,0,0.30475363348512846,0.37251803460494365,0.61454135,False Negative
1,0.75684017,1,1,0.30475363348512846,0.845965916214625,0.75684017,True Positive
0,0.41055518,0,1,0.16940275038985123,0.3993335426138173,0.5894448,True Negative
1,0.5495523,1,1,0.30475363348512846,0.5879056554512275,0.5495523,True Positive
0,0.34228185,0,1,0.30475363348512846,0.3351785786011879,0.6577182,True Negative
1,0.20903583,0,0,0.20774148655584407,0.20016451900307614,0.7909642,False Negative
0,0.19666253,0,1,0.30475363348512846,0.1895846145038547,0.80333745,True Negative
1,0.7633283,1,1,0.16940275038985123,0.8721140801243689,0.7633283,True Positive
1,0.5262717,1,1,0.30475363348512846,0.5537025057997108,0.5262717,True Positive
1,0.7852,1,1,0.30475363348512846,0.9085191333492434,0.7852,True Positive
1,0.77501434,1,1,0.30475363348512846,0.8854168053548525,0.77501434,True Positive
0,0.16546743,0,1,0.30475363348512846,0.08762561649702143,0.83453256,True Negative
1,0.7275797,1,1,0.30475363348512846,0.7984794275068163,0.7275797,True Positive
0,0.4196551,0,1,0.30475363348512846,0.4009681795342827,0.5803449,True Negative
1,0.765423,1,1,0.30475363348512846,0.8643319318721113,0.765423,True Positive
1,0.7383036,1,1,0.30475363348512846,0.8127753840042511,0.7383036,True Positive
1,0.75268066,1,1,0.2653792791671143,0.8408038277935308,0.75268066,True Positive
1,0.37978438,0,0,0.30475363348512846,0.3677138782070361,0.62021565,False Negative
1,0.7543121,1,1,0.30475363348512846,0.8406407114245618,0.7543121,True Positive
0,0.7557106,1,0,0.30475363348512846,0.8435819188064625,0.7557106,False Positive
0,0.48713592,1,0,0.30475363348512846,0.47868966493237847,0.5128641,False Positive
1,0.77282035,1,1,0.30475363348512846,0.8805386969089057,0.77282035,True Positive
0,0.5071502,1,0,0.30475363348512846,0.5170314982297368,0.5071502,False Positive
1,0.76782584,1,1,0.30475363348512846,0.8695565878902934,0.76782584,True Positive
1,0.58364034,1,1,0.30475363348512846,0.6302850104178885,0.58364034,True Positive
1,0.51659745,1,1,0.30475363348512846,0.5351377046624933,0.51659745,True Positive
0,0.3700525,0,1,0.30475363348512846,0.3594083371396633,0.62994754,True Negative
1,0.23424259,0,0,0.3619534853946448,0.23194090055304512,0.76575744,False Negative
0,0.73899263,1,0,0.3619534853946448,0.8287669137279404,0.73899263,False Positive
1,0.7412603,1,1,0.3619534853946448,0.8318430271830451,0.7412603,True Positive
1,0.78026783,1,1,0.30475363348512846,0.8972363533915442,0.78026783,True Positive
0,0.23574826,0,1,0.30475363348512846,0.23664957789798316,0.7642517,True Negative
1,0.7820855,1,1,0.30475363348512846,0.9013728613627798,0.7820855,True Positive
0,0.25001517,0,1,0.3619534853946448,0.24877361282388152,0.74998486,True Negative
0,0.1969513,0,1,0.30475363348512846,0.18996691345396075,0.80304873,True Negative
1,0.73991776,1,1,0.3619534853946448,0.830019691866965,0.73991776,True Positive
1,0.7376373,1,1,0.16940275038985123,0.8187058797533875,0.7376373,True Positive
1,0.379281,0,0,0.3619534853946448,0.36413783152102414,0.62071896,False Negative
1,0.36691886,0,0,0.30475363348512846,0.35671515334692244,0.63308114,False Negative
0,0.19357549,0,1,0.30475363348512846,0.18547107163521565,0.8064245,True Negative
0,0.5727772,1,0,0.30475363348512846,0.6179362109866774,0.5727772,False Positive
1,0.65796393,1,1,0.1972360207388138,0.684554356864266,0.65796393,True Positive
1,0.48001474,1,1,0.30475363348512846,0.46503476739386235,0.51998526,True Positive
0,0.76220703,1,0,0.30475363348512846,0.8573970249224113,0.76220703,False Positive
1,0.5617207,1,1,0.30475363348512846,0.6036141225550198,0.5617207,True Positive
1,0.55544335,1,1,0.30475363348512846,0.5955188160815184,0.55544335,True Positive
1,0.74538046,1,1,0.3619534853946448,0.837477460092575,0.74538046,True Positive
1,0.7776418,1,1,0.30475363348512846,0.8913031473958393,0.7776418,True Positive
1,0.5900264,1,1,0.3619534853946448,0.6481909530401594,0.5900264,True Positive
0,0.23689169,0,1,0.1972360207388138,0.2537945474063034,0.7631083,True Negative
0,0.47627577,1,0,0.30475363348512846,0.45785937365505186,0.5237242,False Positive
0,0.2882193,0,1,0.30475363348512846,0.2906551457344578,0.71178067,True Negative
1,0.65756714,1,1,0.1972360207388138,0.6840944919448346,0.65756714,True Positive
1,0.38819164,0,0,0.30475363348512846,0.3748224323637506,0.61180836,False Negative
0,0.17196043,0,1,0.30475363348512846,0.1261432170727847,0.8280396,True Negative
0,0.3705834,0,1,0.3619534853946448,0.35671515334692244,0.6294166,True Negative
0,0.58364034,1,0,0.30475363348512846,0.6302850104178885,0.58364034,False Positive
1,0.77998483,1,1,0.30475363348512846,0.896594584069327,0.77998483,True Positive
1,0.7618998,1,1,0.3619534853946448,0.8606983190366853,0.7618998,True Positive
0,0.24072336,0,1,0.3619534853946448,0.23910768303349134,0.7592766,True Negative
1,0.23574826,0,0,0.30475363348512846,0.23664957789798316,0.7642517,False Negative
0,0.23574826,0,1,0.30475363348512846,0.23664957789798316,0.7642517,True Negative
0,0.4448934,0,1,0.20774148655584407,0.42649777525993854,0.55510664,True Negative
0,0.6772239,1,0,0.30475363348512846,0.735512581451116,0.6772239,False Positive
1,0.2077212,0,0,0.30475363348512846,0.2039338288019795,0.79227877,False Negative
1,0.73178625,1,1,0.30475363348512846,0.8040436857206018,0.73178625,True Positive
0,0.23916154,0,1,0.30475363348512846,0.24042433104897462,0.76083845,True Negative
1,0.4891584,1,1,0.30475363348512846,0.48256570378473373,0.5108416,True Positive
1,0.48926473,1,1,0.30475363348512846,0.482769480623766,0.5107353,True Positive
1,0.5293466,1,1,0.30475363348512846,0.5596104450432369,0.5293466,True Positive
1,0.7058072,1,1,0.30475363348512846,0.7704911473516528,0.7058072,True Positive
1,0.44546726,0,0,0.3619534853946448,0.41885683177927235,0.55453277,False Negative
0,0.4772783,1,0,0.16940275038985123,0.45672519216375845,0.5227217,False Positive
0,0.5371483,1,0,0.30475363348512846,0.5716325350729748,0.5371483,False Positive
1,0.7662998,1,1,0.30475363348512846,0.866234154216549,0.7662998,True Positive
0,0.17045096,0,1,0.30475363348512846,0.11729354689851229,0.8295491,True Negative
0,0.17635503,0,1,0.30475363348512846,0.14631651582446553,0.823645,True Negative
1,0.74845266,1,1,0.16940275038985123,0.8407446719764624,0.74845266,True Positive
0,0.37148947,0,1,0.30475363348512846,0.3606402136217175,0.62851053,True Negative
1,0.72677934,1,1,0.3619534853946448,0.8124870884964928,0.72677934,True Positive
0,0.33867642,0,1,0.3619534853946448,0.32881890219116494,0.66132355,True Negative
1,0.7225715,1,1,0.3619534853946448,0.8069845074061526,0.7225715,True Positive
1,0.50932324,1,1,0.3619534853946448,0.5223405083957318,0.50932324,True Positive
1,0.70636415,1,1,0.30475363348512846,0.771191409102137,0.70636415,True Positive
1,0.6864172,1,1,0.30475363348512846,0.746569769015574,0.6864172,True Positive
0,0.4884572,1,0,0.16940275038985123,0.47737854095539545,0.5115428,False Positive
1,0.6381354,1,1,0.30475363348512846,0.6901758567813464,0.6381354,True Positive
0,0.69207823,1,0,0.30475363348512846,0.7534658730028518,0.69207823,False Positive
1,0.7713348,1,1,0.30475363348512846,0.877254701409454,0.7713348,True Positive
0,0.16965878,0,1,0.30475363348512846,0.11262414514550347,0.8303412,True Negative
0,0.20266624,0,1,0.3619534853946448,0.194854801617379,0.7973338,True Negative
0,0.25681242,0,1,0.30475363348512846,0.2593417876295768,0.74318755,True Negative
0,0.43800157,0,1,0.30475363348512846,0.41595057435917693,0.5619984,True Negative
0,0.69051623,1,0,0.30475363348512846,0.7515560982397991,0.69051623,False Positive
1,0.3603523,0,0,0.2653792791671143,0.35320706605684454,0.6396477,False Negative
0,0.5227572,1,0,0.3619534853946448,0.5480999721045984,0.5227572,False Positive
1,0.74686635,1,1,0.30475363348512846,0.825178042621224,0.74686635,True Positive
0,0.16669004,0,1,0.30475363348512846,0.09496938135848451,0.83330995,True Negative
1,0.58730125,1,1,0.30475363348512846,0.6342208220541976,0.58730125,True Positive
0,0.36409473,0,1,0.30475363348512846,0.3542796510037133,0.63590527,True Negative
1,0.78539294,1,1,0.30475363348512846,0.9089642001882838,0.78539294,True Positive
0,0.16093077,0,1,0.3619534853946448,0.10030139929645628,0.83906925,True Negative
1,0.50680774,1,1,0.30475363348512846,0.5163755266047652,0.50680774,True Positive
0,0.26725176,0,1,0.30475363348512846,0.2710824062396875,0.73274827,True Negative
0,0.16591993,0,1,0.3619534853946448,0.12433448707454119,0.8340801,True Negative
1,0.23574826,0,0,0.30475363348512846,0.23664957789798316,0.7642517,False Negative
0,0.4196551,0,1,0.30475363348512846,0.4009681795342827,0.5803449,True Negative
0,0.42477518,0,1,0.30475363348512846,0.4051658543011942,0.5752248,True Negative
0,0.4860131,1,0,0.30475363348512846,0.47653748433326065,0.5139869,False Positive
1,0.5053663,1,1,0.30475363348512846,0.5136141974324927,0.5053663,True Positive
1,0.75470346,1,1,0.30475363348512846,0.8414625773286251,0.75470346,True Positive
0,0.24069905,0,1,0.20774148655584407,0.2567632789793126,0.75930095,True Negative
0,0.55905837,1,0,0.30475363348512846,0.600177767864143,0.55905837,False Positive
0,0.6627341,1,0,0.30475363348512846,0.7184121799750509,0.6627341,False Positive
1,0.73991776,1,1,0.3619534853946448,0.830019691866965,0.73991776,True Positive
0,0.6801654,1,0,0.30475363348512846,0.7390319782559096,0.6801654,False Positive
1,0.7613976,1,1,0.30475363348512846,0.8556618039336106,0.7613976,True Positive
1,0.56313086,1,1,0.30475363348512846,0.6054360502703958,0.56313086,True Positive
0,0.4177812,0,1,0.30475363348512846,0.39942841919135674,0.58221877,True Negative
1,0.76855373,1,1,0.1972360207388138,0.8809226274029408,0.76855373,True Positive
1,0.7600947,1,1,0.30475363348512846,0.8528770332686765,0.7600947,True Positive
0,0.19792031,0,1,0.3619534853946448,0.1889214816659427,0.8020797,True Negative
0,0.57175946,1,0,0.3619534853946448,0.6243304902785075,0.57175946,False Positive
0,0.17343429,0,1,0.3619534853946448,0.15279992752537452,0.82656574,True Negative
1,0.7596601,1,1,0.20774148655584407,0.8607712213922677,0.7596601,True Positive
0,0.24057597,0,1,0.30475363348512846,0.24197771250708058,0.75942403,True Negative
1,0.49737674,1,1,0.30475363348512846,0.49831040887077593,0.50262326,True Positive
1,0.5593996,1,1,0.30475363348512846,0.600617961875063,0.5593996,True Positive
0,0.26032043,0,1,0.30475363348512846,0.26332093526706546,0.7396796,True Negative
0,0.23186412,0,1,0.30475363348512846,0.23230782870649308,0.7681359,True Negative
0,0.27170038,0,1,0.30475363348512846,0.2755836311723214,0.7282996,True Negative
1,0.7522121,1,1,0.3619534853946448,0.8469539769448763,0.7522121,True Positive
0,0.79363257,1,0,0.30475363348512846,0.9282543011508415,0.79363257,False Positive
1,0.46951893,1,1,0.30475363348512846,0.441566116466955,0.5304811,True Positive
1,0.7694274,1,1,0.30475363348512846,0.8730600031251512,0.7694274,True Positive
1,0.8028403,1,1,0.2653792791671143,0.9540781614247438,0.8028403,True Positive
0,0.19707271,0,1,0.16940275038985123,0.15985730809762314,0.80292726,True Negative
1,0.3536674,0,0,0.30475363348512846,0.34521540601691325,0.6463326,False Negative
1,0.5366556,1,1,0.3619534853946448,0.5748172305469108,0.5366556,True Positive
1,0.7571128,1,1,0.30475363348512846,0.8465423561384966,0.7571128,True Positive
0,0.20528913,0,1,0.30475363348512846,0.20082778130544907,0.7947109,True Negative
0,0.5583071,1,0,0.30475363348512846,0.5992089307647854,0.5583071,False Positive
0,0.34228185,0,1,0.30475363348512846,0.3351785786011879,0.6577182,True Negative
0,0.23186412,0,1,0.30475363348512846,0.23230782870649308,0.7681359,True Negative
1,0.77965015,1,1,0.30475363348512846,0.8958361995697363,0.77965015,True Positive
1,0.4812327,1,1,0.30475363348512846,0.46737112386890994,0.5187673,True Positive
0,0.7361524,1,0,0.30475363348512846,0.809878064002646,0.7361524,False Positive
0,0.25022456,0,1,0.30475363348512846,0.2524122932842429,0.7497754,True Negative
0,0.3292401,0,1,0.30475363348512846,0.3234823768852437,0.6707599,True Negative
1,0.28467306,0,0,0.30475363348512846,0.2877049216894158,0.7153269,False Negative
0,0.47713888,1,0,0.30475363348512846,0.4595161821124058,0.5228611,False Positive
0,0.36897728,0,1,0.3238188371042879,0.35743587927391446,0.6310227,True Negative
1,0.49794304,1,1,0.3619534853946448,0.5005407117961369,0.50205696,True Positive
1,0.7114618,1,1,0.30475363348512846,0.7776369629387839,0.7114618,True Positive
0,0.48147178,1,0,0.30475363348512846,0.4678297451788215,0.5185282,False Positive
0,0.17154326,0,1,0.30475363348512846,0.12370368391863377,0.82845676,True Negative
0,0.41507864,0,1,0.30475363348512846,0.39720427323490926,0.58492136,True Negative
0,0.17105274,0,1,0.30475363348512846,0.12082910779031769,0.82894725,True Negative
1,0.76918757,1,1,0.2653792791671143,0.8761143863382784,0.76918757,True Positive
0,0.17489423,0,1,0.30475363348512846,0.1396720255472616,0.8251058,True Negative
0,0.54445887,1,0,0.16940275038985123,0.5522792081844223,0.54445887,False Positive
0,0.23574826,0,1,0.30475363348512846,0.23664957789798316,0.7642517,True Negative
0,0.74871266,1,0,0.30475363348512846,0.8289756376431884,0.74871266,False Positive
1,0.74525696,1,1,0.30475363348512846,0.822506476630644,0.74525696,True Positive
1,0.72712994,1,1,0.3619534853946448,0.8129480016967378,0.72712994,True Positive
0,0.34966055,0,1,0.30475363348512846,0.34170058436750506,0.6503395,True Negative
0,0.28003898,0,1,0.30475363348512846,0.2835681863477535,0.71996105,True Negative
0,0.54666066,1,0,0.2653792791671143,0.5786898686997984,0.54666066,False Positive
0,0.27871335,0,1,0.30475363348512846,0.2823086968571595,0.72128665,True Negative
1,0.49795488,1,1,0.30475363348512846,0.49941786633830043,0.50204515,True Positive
1,0.7529567,1,1,0.30475363348512846,0.8378007950680547,0.7529567,True Positive
0,0.21951964,0,1,0.30475363348512846,0.21816006093452,0.7804804,True Negative
1,0.7270404,1,1,0.30475363348512846,0.7977699682057354,0.7270404,True Positive
0,0.4308436,0,1,0.30475363348512846,0.4101239328394963,0.5691564,True Negative
1,0.73178625,1,1,0.30475363348512846,0.8040436857206018,0.73178625,True Positive
0,0.2720136,0,1,0.3619534853946448,0.26954170286162876,0.7279864,True Negative
1,0.30715346,0,0,0.30475363348512846,0.30437725787302594,0.69284654,False Negative
1,0.7447411,1,1,0.30475363348512846,0.8216524539786749,0.7447411,True Positive
1,0.75442815,1,1,0.30475363348512846,0.8408843382477837,0.75442815,True Positive
1,0.6956341,1,1,0.3619534853946448,0.772893826717554,0.6956341,True Positive
0,0.23142877,0,1,0.16940275038985123,0.24950971924228985,0.76857126,True Negative
1,0.76558656,1,1,0.30475363348512846,0.864686423371129,0.76558656,True Positive
0,0.25317526,0,1,0.30475363348512846,0.25554422024418794,0.74682474,True Negative
0,0.19007339,0,1,0.30475363348512846,0.18027168684751232,0.8099266,True Negative
0,0.71906054,1,0,0.30475363348512846,0.7873721243807669,0.71906054,False Positive
1,0.75184405,1,1,0.30475363348512846,0.8354774603150996,0.75184405,True Positive
1,0.7420936,1,1,0.30475363348512846,0.8179175886314611,0.7420936,True Positive
0,0.5060779,1,0,0.30475363348512846,0.5149773384843003,0.5060779,False Positive
0,0.5286243,1,0,0.3619534853946448,0.5593677626823756,0.5286243,False Positive
1,0.52387714,1,1,0.30475363348512846,0.5491044076277445,0.52387714,True Positive
0,0.7419715,1,0,0.3619534853946448,0.8328114663565268,0.7419715,False Positive
1,0.58103174,1,1,0.30475363348512846,0.6274867583762493,0.58103174,True Positive
1,0.34191528,0,0,0.3619534853946448,0.3317043274619161,0.65808475,False Negative
1,0.752691,1,1,0.3619534853946448,0.8476247552571584,0.752691,True Positive
1,0.72060645,1,1,0.30475363348512846,0.7893720788365324,0.72060645,True Positive
1,0.7079058,1,1,0.30475363348512846,0.7731337359810057,0.7079058,True Positive
0,0.5217635,1,0,0.30475363348512846,0.545047470953889,0.5217635,False Positive
1,0.7638218,1,1,0.2653792791671143,0.8644509758445773,0.7638218,True Positive
0,0.18658452,0,1,0.1972360207388138,0.13034619746341022,0.81341547,True Negative
0,0.49689013,1,0,0.16940275038985123,0.4929433248009562,0.5031099,False Positive
1,0.76808333,1,1,0.3619534853946448,0.8706405136954635,0.76808333,True Positive
0,0.17196043,0,1,0.30475363348512846,0.1261432170727847,0.8280396,True Negative
0,0.5309067,1,0,0.30475363348512846,0.5626095702488977,0.5309067,False Positive
0,0.22725643,0,1,0.30475363348512846,0.2270908527414603,0.7727436,True Negative
1,0.60201865,1,1,0.30475363348512846,0.6501528938405203,0.60201865,True Positive
1,0.6104466,1,1,0.30475363348512846,0.6593647220292417,0.6104466,True Positive
0,0.2011908,0,1,0.30475363348512846,0.1955314085884119,0.7988092,True Negative
1,0.77956367,1,1,0.3619534853946448,0.8912722298033348,0.77956367,True Positive
0,0.401033,0,1,0.30475363348512846,0.38557373364375797,0.59896696,True Negative
0,0.36051857,0,1,0.30475363348512846,0.3511840090326832,0.6394814,True Negative
0,0.38943857,0,1,0.3238188371042879,0.3748224323637506,0.61056143,True Negative
1,0.49632278,1,1,0.30475363348512846,0.4962915882569151,0.50367725,True Positive
0,0.23574826,0,1,0.30475363348512846,0.23664957789798316,0.7642517,True Negative
1,0.26733983,0,0,0.30475363348512846,0.27118021734782854,0.7326602,False Negative
1,0.73072636,1,1,0.30475363348512846,0.8026365888292127,0.73072636,True Positive
0,0.29533392,0,1,0.30475363348512846,0.2962366320388479,0.7046661,True Negative
1,0.47635987,1,1,0.30475363348512846,0.4580207990331042,0.52364016,True Positive
1,0.252745,0,0,0.30475363348512846,0.255093486481234,0.74725497,False Negative
0,0.16018519,0,1,0.3619534853946448,0.0966584035711867,0.8398148,True Negative
0,0.20319848,0,1,0.30475363348512846,0.19813593315955003,0.7968015,True Negative
0,0.39890614,0,1,0.3619534853946448,0.3806527514338368,0.6010939,True Negative
1,0.28790718,0,0,0.30475363348512846,0.29039634359116817,0.7120928,False Negative
1,0.3677474,0,0,0.3619534853946448,0.3542796510037133,0.6322526,False Negative
1,0.42526287,0,0,0.30475363348512846,0.4055649237658219,0.57473713,False Negative
1,0.7418022,1,1,0.30475363348512846,0.817520431419,0.7418022,True Positive
0,0.5422417,1,0,0.3619534853946448,0.5855839979740829,0.5422417,False Positive
0,0.49954495,1,0,0.1972360207388138,0.5003102165040129,0.500455,False Positive
0,0.73991776,1,0,0.3619534853946448,0.830019691866965,0.73991776,False Positive
0,0.7532601,1,0,0.30475363348512846,0.8384356075932714,0.7532601,False Positive
1,0.7268735,1,1,0.30475363348512846,0.7975505556578633,0.7268735,True Positive
0,0.22332944,0,1,0.30475363348512846,0.22258536315316357,0.7766706,True Negative
0,0.71341497,1,0,0.30475363348512846,0.7801243229617729,0.71341497,False Positive
0,0.2761402,0,1,0.30475363348512846,0.27985350395463743,0.7238598,True Negative
1,0.7496555,1,1,0.16940275038985123,0.8432341402338648,0.7496555,True Positive
1,0.755509,1,1,0.3619534853946448,0.8515898347526921,0.755509,True Positive
0,0.16665903,0,1,0.30475363348512846,0.09478368882476432,0.833341,True Negative
0,0.5679348,1,0,0.30475363348512846,0.6116528538731141,0.5679348,False Positive
0,0.17940909,0,1,0.30475363348512846,0.15908698667921062,0.8205909,True Negative
1,0.7439012,1,1,0.30475363348512846,0.8203874250071775,0.7439012,True Positive
0,0.4977395,1,0,0.16940275038985123,0.4945107242930808,0.5022605,False Positive
0,0.25107744,0,1,0.30475363348512846,0.2533215542681718,0.7489226,True Negative
0,0.19637385,0,1,0.16940275038985123,0.1579319410301052,0.8036262,True Negative
0,0.39115462,0,1,0.30475363348512846,0.37731412294413447,0.60884535,True Negative
0,0.38042736,0,1,0.30475363348512846,0.36825960870977026,0.61957264,True Negative
0,0.20870776,0,1,0.30475363348512846,0.2051860790334487,0.79129225,True Negative
0,0.52981985,1,0,0.30475363348512846,0.5605202182559802,0.52981985,False Positive
0,0.1748841,0,1,0.30475363348512846,0.13962568793842006,0.8251159,True Negative
1,0.7604472,1,1,0.3619534853946448,0.858613492803537,0.7604472,True Positive
0,0.26733983,0,1,0.30475363348512846,0.27118021734782854,0.7326602,True Negative
0,0.40748572,0,1,0.30475363348512846,0.39093239637743515,0.5925143,True Negative
0,0.17609218,0,1,0.30475363348512846,0.1451241566429071,0.82390785,True Negative
1,0.7623118,1,1,0.30475363348512846,0.8576220791723982,0.7623118,True Positive
1,0.739591,1,1,0.30475363348512846,0.8145165769850896,0.739591,True Positive
0,0.49371937,1,0,0.30475363348512846,0.4913044469905986,0.50628066,False Positive
0,0.26081407,0,1,0.30475363348512846,0.26387806510062145,0.7391859,True Negative
0,0.18950397,0,1,0.16940275038985123,0.1259266234159814,0.81049603,True Negative
0,0.2363217,0,1,0.2653792791671143,0.24131952130856876,0.7636783,True Negative
1,0.5256243,1,1,0.30475363348512846,0.5524591496867515,0.5256243,True Positive
1,0.7468293,1,1,0.30475363348512846,0.8251164029732078,0.7468293,True Positive
0,0.40959933,0,1,0.3619534853946448,0.38953325648796333,0.5904007,True Negative
0,0.23848681,0,1,0.3619534853946448,0.23664957789798316,0.7615132,True Negative
0,0.1969513,0,1,0.30475363348512846,0.18996691345396075,0.80304873,True Negative
0,0.6324438,1,0,0.30475363348512846,0.683766530882201,0.6324438,False Positive
1,0.7432851,1,1,0.30475363348512846,0.8195443824256449,0.7432851,True Positive
0,0.17489423,0,1,0.30475363348512846,0.1396720255472616,0.8251058,True Negative
0,0.5405331,1,0,0.30475363348512846,0.5760662771553061,0.5405331,False Positive
0,0.61045647,1,0,0.30475363348512846,0.6593756315049402,0.61045647,False Positive
0,0.36691886,0,1,0.30475363348512846,0.35671515334692244,0.63308114,True Negative
0,0.29698217,0,1,0.3619534853946448,0.29039634359116817,0.70301783,True Negative
1,0.16713402,0,0,0.3619534853946448,0.13009487935541364,0.83286595,False Negative
0,0.2134468,0,1,0.30475363348512846,0.21099036746236277,0.7865532,True Negative
1,0.76243085,1,1,0.3619534853946448,0.8614626940038397,0.76243085,True Positive
0,0.5213704,1,0,0.30475363348512846,0.5442930869813576,0.5213704,False Positive
0,0.44928178,0,1,0.3619534853946448,0.4219426637866683,0.5507182,True Negative
0,0.5357325,1,0,0.30475363348512846,0.5697793368910179,0.5357325,False Positive
1,0.77714604,1,1,0.30475363348512846,0.8901887100678066,0.77714604,True Positive
0,0.1920747,0,1,0.30475363348512846,0.1834050831533114,0.8079253,True Negative
1,0.48309147,1,1,0.30475363348512846,0.47093598740116915,0.5169085,True Positive
1,0.7583736,1,1,0.30475363348512846,0.8492143806170226,0.7583736,True Positive
0,0.38233554,0,1,0.30475363348512846,0.3698771621315865,0.61766446,True Negative
1,0.77135915,1,1,0.30475363348512846,0.877308406321763,0.77135915,True Positive
0,0.45213136,1,0,0.2653792791671143,0.42956054455431875,0.5478686,False Positive
1,0.5161263,1,1,0.30475363348512846,0.5342342111447166,0.5161263,True Positive
0,0.35126638,0,1,0.30475363348512846,0.3431114272211928,0.6487336,True Negative
1,0.5477861,1,1,0.30475363348512846,0.5855839979740829,0.5477861,True Positive
0,0.17801845,0,1,0.30475363348512846,0.15383006090081036,0.82198155,True Negative
0,0.5085716,1,0,0.30475363348512846,0.5197548105602141,0.5085716,False Positive
0,0.3142974,0,1,0.30475363348512846,0.30978649421113674,0.68570256,True Negative
1,0.7252829,1,1,0.30475363348512846,0.7954638894296311,0.7252829,True Positive
0,0.23435852,0,1,0.16940275038985123,0.2538540559687348,0.76564145,True Negative
1,0.7032013,1,1,0.20774148655584407,0.7486453835551737,0.7032013,True Positive
0,0.38819164,0,1,0.30475363348512846,0.3748224323637506,0.61180836,True Negative
1,0.7532561,1,1,0.30475363348512846,0.8384272718399424,0.7532561,True Positive
1,0.6177138,1,1,0.3619534853946448,0.6824261504675342,0.6177138,True Positive
1,0.76405865,1,1,0.30475363348512846,0.8613819506495431,0.76405865,True Positive
1,0.19329719,0,0,0.16940275038985123,0.14631651582446553,0.8067028,False Negative
0,0.74210197,1,0,0.30475363348512846,0.8179289307338857,0.74210197,False Positive
1,0.4439437,0,0,0.30475363348512846,0.42077145049314857,0.55605626,False Negative
0,0.16759038,0,1,0.30475363348512846,0.10034997693094352,0.8324096,True Negative
0,0.4060464,0,1,0.3619534853946448,0.38659092530686795,0.5939536,True Negative
0,0.37887922,0,1,0.1972360207388138,0.3712464558216155,0.6211208,True Negative
0,0.2630794,0,1,0.30475363348512846,0.2664260574228349,0.7369206,True Negative
1,0.5369689,1,1,0.30475363348512846,0.5713976593732821,0.5369689,True Positive
1,0.771647,1,1,0.30475363348512846,0.8779435261005265,0.771647,True Positive
0,0.16758223,0,1,0.30475363348512846,0.10030139929645628,0.8324178,True Negative
1,0.74509555,1,1,0.30475363348512846,0.8222391834823198,0.74509555,True Positive
0,0.5187466,1,0,0.30475363348512846,0.5392594374937753,0.5187466,False Positive
1,0.41559967,0,0,0.30475363348512846,0.3976333968075997,0.5844003,False Negative
1,0.73917484,1,1,0.1972360207388138,0.8192718231134102,0.73917484,True Positive
0,0.67920715,1,0,0.3619534853946448,0.7529438847321894,0.67920715,False Positive
0,0.5750643,1,0,0.3619534853946448,0.6286263791905576,0.5750643,False Positive
0,0.24069905,0,1,0.20774148655584407,0.2567632789793126,0.75930095,True Negative
1,0.802156,1,1,0.30475363348512846,0.9488184902034728,0.802156,True Positive
0,0.20346507,0,1,0.30475363348512846,0.19848030084153828,0.7965349,True Negative
0,0.43427944,0,1,0.3619534853946448,0.40977496805895924,0.56572056,True Negative
1,0.36360723,0,0,0.30475363348512846,0.3538584042302665,0.6363928,False Negative
0,0.31893975,0,1,0.30475363348512846,0.31407756753809885,0.68106025,True Negative
1,0.3224346,0,0,0.30475363348512846,0.31728610421431513,0.6775654,False Negative
0,0.22725643,0,1,0.30475363348512846,0.2270908527414603,0.7727436,True Negative
0,0.71379983,1,0,0.3619534853946448,0.7956760550821803,0.71379983,False Positive
0,0.46926776,1,0,0.20774148655584407,0.4424530957585644,0.5307323,False Positive
0,0.24466935,0,1,0.30475363348512846,0.2464384448518504,0.7553307,True Negative
1,0.8069787,1,1,0.30475363348512846,0.9607507825619742,0.8069787,True Positive
0,0.28403547,0,1,0.30475363348512846,0.2871721814888846,0.71596456,True Negative
0,0.19875045,0,1,0.3619534853946448,0.18996691345396075,0.80124956,True Negative
1,0.7252829,1,1,0.30475363348512846,0.7954638894296311,0.7252829,True Positive
0,0.18958272,0,1,0.30475363348512846,0.17940693423991008,0.8104173,True Negative
0,0.540195,1,0,0.30475363348512846,0.5756232229475462,0.540195,False Positive
0,0.39055443,0,1,0.30475363348512846,0.37680996530929345,0.6094456,True Negative
0,0.39106637,0,1,0.30475363348512846,0.37723999792070684,0.6089336,True Negative
1,0.4756275,1,1,0.3619534853946448,0.4542304561000035,0.52437246,True Positive
1,0.7834124,1,1,0.3619534853946448,0.8992075618948194,0.7834124,True Positive
0,0.28724155,0,1,0.30475363348512846,0.28984385676810853,0.7127584,True Negative
0,0.45113084,1,0,0.16940275038985123,0.42956054455431875,0.54886913,False Positive
1,0.6181029,1,1,0.30475363348512846,0.6677958482170534,0.6181029,True Positive
0,0.23417455,0,1,0.30475363348512846,0.2348964587175511,0.76582545,True Negative
1,0.16966219,0,0,0.30475363348512846,0.11264436760851385,0.8303378,False Negative
1,0.47586572,1,1,0.3619534853946448,0.45491786664858014,0.5241343,True Positive
1,0.78466827,1,1,0.2653792791671143,0.910873688290735,0.78466827,True Positive
1,0.48645186,1,1,0.30475363348512846,0.47737854095539545,0.51354814,True Positive
1,0.36691886,0,0,0.30475363348512846,0.35671515334692244,0.63308114,False Negative
1,0.52303255,1,1,0.30475363348512846,0.5474831075488034,0.52303255,True Positive
1,0.23186412,0,0,0.30475363348512846,0.23230782870649308,0.7681359,False Negative
0,0.17472947,0,1,0.30475363348512846,0.1389198118564278,0.82527053,True Negative
1,0.7556697,1,1,0.30475363348512846,0.8434957038052593,0.7556697,True Positive
0,0.23574826,0,1,0.30475363348512846,0.23664957789798316,0.7642517,True Negative
0,0.18419446,0,1,0.30475363348512846,0.16890474347748885,0.81580555,True Negative
0,0.7475014,1,0,0.30475363348512846,0.826475164471368,0.7475014,False Positive
0,0.18790744,0,1,0.30475363348512846,0.17616656448555454,0.81209254,True Negative
1,0.7473909,1,1,0.30475363348512846,0.82624751500458,0.7473909,True Positive
1,0.7462743,1,1,0.3619534853946448,0.8387076856516226,0.7462743,True Positive
0,0.33867642,0,1,0.3619534853946448,0.32881890219116494,0.66132355,True Negative
1,0.7286788,1,1,0.3619534853946448,0.8149882877427779,0.7286788,True Positive
1,0.58209467,1,1,0.30475363348512846,0.6286263791905576,0.58209467,True Positive
1,0.30118164,0,0,0.3619534853946448,0.293531337343091,0.6988183,False Negative
1,0.7505114,1,1,0.30475363348512846,0.8327037841576705,0.7505114,True Positive
1,0.74025553,1,1,0.1972360207388138,0.8214552666415635,0.74025553,True Positive
1,0.19295312,0,0,0.30475363348512846,0.18463574131610053,0.8070469,False Negative
0,0.23186412,0,1,0.30475363348512846,0.23230782870649308,0.7681359,True Negative
0,0.462168,1,0,0.30475363348512846,0.4354820830304221,0.537832,False Positive
1,0.38819164,0,0,0.30475363348512846,0.3748224323637506,0.61180836,False Negative
1,0.48753148,1,1,0.30475363348512846,0.4794478212841256,0.5124685,True Positive
0,0.23574826,0,1,0.30475363348512846,0.23664957789798316,0.7642517,True Negative
0,0.5314331,1,0,0.3619534853946448,0.5647673266890942,0.5314331,False Positive
0,0.23417452,0,1,0.30475363348512846,0.2348964587175511,0.7658255,True Negative
1,0.5932127,1,1,0.30475363348512846,0.6405981804430271,0.5932127,True Positive
1,0.7514275,1,1,0.30475363348512846,0.8346092522337827,0.7514275,True Positive
0,0.28824145,0,1,0.2653792791671143,0.2949649177664862,0.71175855,True Negative
0,0.1759541,0,1,0.30475363348512846,0.14449714385278062,0.8240459,True Negative
0,0.16157646,0,1,0.30475363348512846,0.06396011922560041,0.83842355,True Negative
0,0.2220047,0,1,0.1972360207388138,0.23167756047136448,0.7779953,True Negative
1,0.33830085,0,0,0.20774148655584407,0.3338809280440347,0.6616992,False Negative
0,0.36691886,0,1,0.30475363348512846,0.35671515334692244,0.63308114,True Negative
0,0.57887405,1,0,0.30475363348512846,0.6251757968621083,0.57887405,False Positive
1,0.61364615,1,1,0.30475363348512846,0.6628805037133403,0.61364615,True Positive
1,0.7509824,1,1,0.30475363348512846,0.8336829455840391,0.7509824,True Positive
1,0.73698604,1,1,0.3619534853946448,0.8260592611189972,0.73698604,True Positive
1,0.46929777,1,1,0.30475363348512846,0.4412128380353366,0.53070223,True Positive
1,0.7594381,1,1,0.3619534853946448,0.8571702969296665,0.7594381,True Positive
0,0.350535,0,1,0.3619534853946448,0.3393206846637804,0.64946496,True Negative
0,0.27141443,0,1,0.30475363348512846,0.2753071157641411,0.7285856,True Negative
1,0.7480264,1,1,0.30475363348512846,0.8275579080954439,0.7480264,True Positive
1,0.7337505,1,1,0.30475363348512846,0.8066609790366215,0.7337505,True Positive
1,0.25307542,0,0,0.30475363348512846,0.25544364084790727,0.7469246,False Negative
0,0.17106278,0,1,0.3619534853946448,0.1476630948132906,0.82893723,True Negative
0,0.4448649,0,1,0.1972360207388138,0.4264342149243899,0.55513513,True Negative
1,0.6968378,1,1,0.30475363348512846,0.7593183874415345,0.6968378,True Positive
0,0.7313057,1,0,0.30475363348512846,0.8034052989763529,0.7313057,False Positive
0,0.5673301,1,0,0.30475363348512846,0.6108694486882948,0.5673301,False Positive
0,0.23848681,0,1,0.3619534853946448,0.23664957789798316,0.7615132,True Negative
1,0.29832044,0,0,0.30475363348512846,0.2983109199180939,0.7016796,False Negative
1,0.74573296,1,1,0.3619534853946448,0.8379622582934108,0.74573296,True Positive
1,0.70765394,1,1,0.16940275038985123,0.7604671233012418,0.70765394,True Positive
1,0.5374819,1,1,0.30475363348512846,0.572069353156988,0.5374819,True Positive
0,0.19980101,0,1,0.30475363348512846,0.19371700958503835,0.800199,True Negative
1,0.27449897,0,0,0.2653792791671143,0.28392818794649377,0.72550106,False Negative
1,0.16782509,0,0,0.3619534853946448,0.13335880254127594,0.8321749,False Negative
1,0.6361038,1,1,0.30475363348512846,0.6878832001755149,0.6361038,True Positive
1,0.6824424,1,1,0.30475363348512846,0.741768144914145,0.6824424,True Positive
1,0.7772558,1,1,0.30475363348512846,0.8904353662348722,0.7772558,True Positive
0,0.39193708,0,1,0.3619534853946448,0.3748224323637506,0.6080629,True Negative
0,0.23492554,0,1,0.30475363348512846,0.2357340892966818,0.7650745,True Negative
1,0.7749801,1,1,0.3619534853946448,0.8829457308098597,0.7749801,True Positive
1,0.19315451,0,0,0.30475363348512846,0.184906258118393,0.8068455,False Negative
0,0.24660537,0,1,0.30475363348512846,0.24853058383528853,0.7533946,True Negative
1,0.36327615,0,0,0.30475363348512846,0.3535722041025286,0.6367239,False Negative
1,0.7463859,1,1,0.30475363348512846,0.8243792463332411,0.7463859,True Positive
0,0.22032133,0,1,0.16940275038985123,0.22754344345318192,0.7796787,True Negative
0,0.39055443,0,1,0.30475363348512846,0.37680996530929345,0.6094456,True Negative
0,0.17244194,0,1,0.30475363348512846,0.12841865248431472,0.82755804,True Negative
0,0.24642009,0,1,0.30475363348512846,0.24833083760849173,0.7535799,True Negative
0,0.74012995,1,0,0.30475363348512846,0.8152471741642796,0.74012995,False Positive
1,0.7680397,1,1,0.3619534853946448,0.8705634414026898,0.7680397,True Positive
0,0.2432825,0,1,0.30475363348512846,0.24493283214696088,0.7567175,True Negative
1,0.78027165,1,1,0.30475363348512846,0.8972449077899656,0.78027165,True Positive
0,0.3083506,0,1,0.30475363348512846,0.30519184631333257,0.69164944,True Negative
0,0.4156227,0,1,0.30475363348512846,0.39765237085952876,0.5843773,True Negative
1,0.43051276,0,0,0.30475363348512846,0.4098540751301738,0.5694872,False Negative
0,0.35680577,0,1,0.16940275038985123,0.3511840090326832,0.6431942,True Negative
1,0.7834724,1,1,0.30475363348512846,0.9045458525072783,0.7834724,True Positive
1,0.673861,1,1,0.3619534853946448,0.746569769015574,0.673861,True Positive
0,0.20515358,0,1,0.3619534853946448,0.19792310750022277,0.7948464,True Negative
0,0.2544437,0,1,0.30475363348512846,0.2567632789793126,0.7455563,True Negative
0,0.32609934,0,1,0.30475363348512846,0.32063103326345394,0.67390066,True Negative
0,0.16876203,0,1,0.30475363348512846,0.10731743292118086,0.831238,True Negative
0,0.24683091,0,1,0.30475363348512846,0.24877361282388152,0.75316906,True Negative
0,0.3771573,0,1,0.3619534853946448,0.36233175008815116,0.62284267,True Negative
1,0.6658326,1,1,0.30475363348512846,0.7220372277368536,0.6658326,True Positive
1,0.71175766,1,1,0.3619534853946448,0.7930734798596317,0.71175766,True Positive
0,0.74435663,1,0,0.30475363348512846,0.8210167717708468,0.74435663,False Positive
1,0.59794414,1,1,0.30475363348512846,0.6457234912564244,0.59794414,True Positive
0,0.34799436,0,1,0.1972360207388138,0.3429897115125408,0.6520057,True Negative
0,0.6080501,1,0,0.30475363348512846,0.6567383472822778,0.6080501,False Positive
0,0.696262,1,0,0.30475363348512846,0.758607691339689,0.696262,False Positive
0,0.23574826,0,1,0.30475363348512846,0.23664957789798316,0.7642517,True Negative
0,0.43502426,0,1,0.30475363348512846,0.41352968462069223,0.56497574,True Negative
1,0.6246404,1,1,0.30475363348512846,0.6750459470130293,0.6246404,True Positive
1,0.76300263,1,1,0.30475363348512846,0.8591067193054435,0.76300263,True Positive
0,0.416754,0,1,0.30475363348512846,0.39858354470928986,0.583246,True Negative
1,0.62242866,1,1,0.3619534853946448,0.6876479237213307,0.62242866,True Positive
0,0.28436062,0,1,0.30475363348512846,0.287443907822361,0.71563935,True Negative
1,0.5033133,1,1,0.30475363348512846,0.5096815580387953,0.5033133,True Positive
0,0.19191453,0,1,0.16940275038985123,0.1389198118564278,0.80808544,True Negative
0,0.23796712,0,1,0.30475363348512846,0.23910768303349134,0.76203287,True Negative
1,0.5685742,1,1,0.30475363348512846,0.6124815181498316,0.5685742,True Positive
0,0.23689169,0,1,0.1972360207388138,0.2537945474063034,0.7631083,True Negative
0,0.45900214,1,0,0.30475363348512846,0.43293356424812585,0.54099786,False Positive
0,0.57887405,1,0,0.30475363348512846,0.6251757968621083,0.57887405,False Positive
1,0.69964397,1,1,0.30475363348512846,0.7627933461515415,0.69964397,True Positive
1,0.5224357,1,1,0.3619534853946448,0.5474831075488034,0.5224357,True Positive
1,0.7720711,1,1,0.30475363348512846,0.8788804831235377,0.7720711,True Positive
1,0.79211587,1,1,0.16940275038985123,0.9369680778537623,0.79211587,True Positive
0,0.2474199,0,1,0.2653792791671143,0.2560887943291417,0.7525801,True Negative
1,0.36508617,0,0,0.30475363348512846,0.35513560193761157,0.6349138,False Negative
0,0.2134468,0,1,0.30475363348512846,0.21099036746236277,0.7865532,True Negative
1,0.46383253,1,1,0.30475363348512846,0.4368210388632538,0.5361675,True Positive
1,0.26191586,0,0,0.3619534853946448,0.2601489907743368,0.73808414,False Negative
0,0.55323803,1,0,0.3619534853946448,0.6003967800295795,0.55323803,False Positive
1,0.43436176,0,0,0.1972360207388138,0.41890876795308746,0.56563824,False Negative
1,0.6220275,1,1,0.16940275038985123,0.6365053821682715,0.6220275,True Positive
1,0.48778763,1,1,0.2653792791671143,0.4791501958202543,0.5122124,True Positive
0,0.24348146,0,1,0.30475363348512846,0.2451492032556367,0.75651854,True Negative
1,0.7864094,1,1,0.30475363348512846,0.9113141649501999,0.7864094,True Positive
0,0.18613116,0,1,0.16940275038985123,0.10753236913574107,0.8138688,True Negative
1,0.73060083,1,1,0.3619534853946448,0.8175304455111807,0.73060083,True Positive
1,0.6102578,1,1,0.30475363348512846,0.6591576118286121,0.6102578,True Positive
0,0.48288202,1,0,0.3619534853946448,0.4716799111331493,0.517118,False Positive
1,0.3742264,0,0,0.3619534853946448,0.3598325114490404,0.6257736,False Negative
0,0.65785277,1,0,0.30475363348512846,0.7127342345787403,0.65785277,False Positive
1,0.33707106,0,0,0.3619534853946448,0.3273837378723264,0.66292894,False Negative
1,0.24274804,0,0,0.3619534853946448,0.24131952130856876,0.757252,False Negative
1,0.7898292,1,1,0.30475363348512846,0.91928116143973,0.7898292,True Positive
1,0.40336803,0,0,0.30475363348512846,0.3875160125473446,0.596632,False Negative
0,0.54746056,1,0,0.30475363348512846,0.5851562223211676,0.54746056,False Positive
1,0.7745348,1,1,0.30475363348512846,0.8843477856402069,0.7745348,True Positive
1,0.5075428,1,1,0.30475363348512846,0.5177837705352069,0.5075428,True Positive
1,0.24683091,0,0,0.30475363348512846,0.24877361282388152,0.75316906,False Negative
0,0.35974994,0,1,0.20774148655584407,0.3538584042302665,0.6402501,True Negative
1,0.77148455,1,1,0.30475363348512846,0.8775851362137198,0.77148455,True Positive
1,0.41736937,0,0,0.30475363348512846,0.3990897512996082,0.58263063,False Negative
1,0.6104466,1,1,0.30475363348512846,0.6593647220292417,0.6104466,True Positive
0,0.55340993,1,0,0.3619534853946448,0.600617961875063,0.55340993,False Positive
0,0.2457019,0,1,0.30475363348512846,0.24755565962698853,0.7542981,True Negative
0,0.6270368,1,0,0.30475363348512846,0.6777160633577283,0.6270368,False Positive
0,0.7756896,1,0,0.30475363348512846,0.8869249113510808,0.7756896,False Positive
0,0.5566573,1,0,0.30475363348512846,0.5970825388329368,0.5566573,False Positive
1,0.3724915,0,0,0.30475363348512846,0.36149809992349835,0.6275085,False Negative
0,0.47154784,1,0,0.3619534853946448,0.4424530957585644,0.52845216,False Positive
0,0.2354201,0,1,0.30475363348512846,0.236284673063531,0.7645799,True Negative
1,0.3447209,0,0,0.30475363348512846,0.3373417377781055,0.6552791,False Negative
0,0.23781621,0,1,0.2508911477913881,0.2464384448518504,0.7621838,True Negative
0,0.257061,0,1,0.30475363348512846,0.2596248577530326,0.742939,True Negative
0,0.6400417,1,0,0.30475363348512846,0.6923322386997085,0.6400417,False Positive
0,0.61857533,1,0,0.30475363348512846,0.6683181396688278,0.61857533,False Positive
0,0.21364678,0,1,0.30475363348512846,0.21122880691628085,0.78635323,True Negative
1,0.26364696,0,0,0.16940275038985123,0.28392818794649377,0.73635304,False Negative
1,0.6552011,1,1,0.3619534853946448,0.7247263160470834,0.6552011,True Positive
0,0.26959983,0,1,0.30475363348512846,0.2735482498386507,0.7304002,True Negative
1,0.75633734,1,1,0.30475363348512846,0.8449036910055449,0.75633734,True Positive
0,0.21885784,0,1,0.30475363348512846,0.21738574310196493,0.7811422,True Negative
1,0.74672234,1,1,0.3619534853946448,0.8393254079006969,0.74672234,True Positive
1,0.76421237,1,1,0.30475363348512846,0.8617136244007771,0.76421237,True Positive
1,0.52380395,1,1,0.30475363348512846,0.548963838388142,0.52380395,True Positive
0,0.1669934,0,1,0.3619534853946448,0.12942946217041243,0.8330066,True Negative
0,0.76570845,1,0,0.30475363348512846,0.8649506688311498,0.76570845,False Positive
1,0.7529256,1,1,0.30475363348512846,0.8377357170159019,0.7529256,True Positive
1,0.23186412,0,0,0.30475363348512846,0.23230782870649308,0.7681359,False Negative
0,0.17682894,0,1,0.30475363348512846,0.14846271036276193,0.8231711,True Negative
0,0.23069029,0,1,0.30475363348512846,0.23098571568943657,0.7693097,True Negative
1,0.71129423,1,1,0.30475363348512846,0.7774239523903576,0.71129423,True Positive
0,0.48980835,1,0,0.30475363348512846,0.48381118968410963,0.5101917,False Positive
1,0.7757746,1,1,0.2653792791671143,0.8906949976876339,0.7757746,True Positive
1,0.41736937,0,0,0.30475363348512846,0.3990897512996082,0.58263063,False Negative
1,0.4177812,0,0,0.30475363348512846,0.39942841919135674,0.58221877,False Negative
0,0.5371433,1,0,0.30475363348512846,0.5716259454942711,0.5371433,False Positive
1,0.48228076,1,1,0.16940275038985123,0.46597131088003846,0.51771927,True Positive
0,0.48960233,1,0,0.30475363348512846,0.4834163652813349,0.5103977,False Positive
0,0.19674475,0,1,0.2653792791671143,0.18574991703624522,0.80325526,True Negative
0,0.7474099,1,0,0.2653792791671143,0.8298665440811073,0.7474099,False Positive
0,0.25065687,0,1,0.30475363348512846,0.25287340922846074,0.74934316,True Negative
1,0.741835,1,1,0.30475363348512846,0.8175650651583957,0.741835,True Positive
1,0.7811354,1,1,0.30475363348512846,0.8992075618948194,0.7811354,True Positive
0,0.25835234,0,1,0.30475363348512846,0.2610928146402436,0.74164766,True Negative
1,0.77387065,1,1,0.3619534853946448,0.8809484891764152,0.77387065,True Positive
1,0.65284264,1,1,0.30475363348512846,0.706946538345559,0.65284264,True Positive
1,0.47627577,1,1,0.30475363348512846,0.45785937365505186,0.5237242,True Positive
0,0.19159217,0,1,0.3619534853946448,0.18053128685617204,0.80840784,True Negative
0,0.5096202,1,0,0.30475363348512846,0.521764063291452,0.5096202,False Positive
1,0.74979186,1,1,0.30475363348512846,0.8312102154739173,0.74979186,True Positive
1,0.2575801,0,0,0.3619534853946448,0.25604461235932413,0.7424199,False Negative
0,0.23574826,0,1,0.30475363348512846,0.23664957789798316,0.7642517,True Negative
0,0.1864173,0,1,0.1972360207388138,0.12942946217041243,0.8135827,True Negative
1,0.6782066,1,1,0.16940275038985123,0.7086908917915928,0.6782066,True Positive
1,0.41180146,0,0,0.30475363348512846,0.39450154108048185,0.58819854,False Negative
1,0.22265278,0,0,0.30475363348512846,0.22180337479818873,0.7773472,False Negative
0,0.18352364,0,1,0.30475363348512846,0.16758069613478518,0.81647635,True Negative
1,0.76488656,1,1,0.30475363348512846,0.8631705969790093,0.76488656,True Positive
1,0.78424,1,1,0.30475363348512846,0.9063083362711081,0.78424,True Positive
1,0.6105946,1,1,0.16940275038985123,0.6238901531835671,0.6105946,True Positive
0,0.47945845,1,0,0.3619534853946448,0.464257342286645,0.52054155,False Positive
0,0.52857816,1,0,0.30475363348512846,0.5581337412052091,0.52857816,False Positive
0,0.45481712,1,0,0.30475363348512846,0.42956054455431875,0.5451829,False Positive
1,0.22136684,0,0,0.3619534853946448,0.21728094302614953,0.7786332,False Negative
0,0.26200926,0,1,0.30475363348512846,0.26522416491791884,0.73799074,True Negative
0,0.47713888,1,0,0.30475363348512846,0.4595161821124058,0.5228611,False Positive
1,0.76672137,1,1,0.30475363348512846,0.8671505110283441,0.76672137,True Positive
0,0.7728245,1,0,0.30475363348512846,0.8805478777122311,0.7728245,False Positive
0,0.5606921,1,0,0.3619534853946448,0.6100021904207212,0.5606921,False Positive
0,0.36435363,0,1,0.30475363348512846,0.3545032763716162,0.63564634,True Negative
0,0.16958262,0,1,0.3619534853946448,0.14161167492872265,0.8304174,True Negative
1,0.72803074,1,1,0.16940275038985123,0.7996168165456337,0.72803074,True Positive
0,0.49759784,1,0,0.3619534853946448,0.49987945664334044,0.5024022,False Positive
0,0.5553829,1,0,0.1972360207388138,0.5715455661692705,0.5553829,False Positive
1,0.7015301,1,1,0.30475363348512846,0.7651393522087518,0.7015301,True Positive
1,0.75848734,1,1,0.30475363348512846,0.8494558239572086,0.75848734,True Positive
1,0.77522284,1,1,0.16940275038985123,0.8981885889270833,0.77522284,True Positive
1,0.4827121,1,1,0.30475363348512846,0.470208478852208,0.5172879,True Positive
0,0.26733983,0,1,0.30475363348512846,0.27118021734782854,0.7326602,True Negative
0,0.757236,1,0,0.30475363348512846,0.846803179876567,0.757236,False Positive
1,0.7265947,1,1,0.3619534853946448,0.8122445207147284,0.7265947,True Positive
1,0.28187057,0,0,0.30475363348512846,0.2853023245394429,0.7181294,False Negative
0,0.17443007,0,1,0.30475363348512846,0.13755159678817377,0.8255699,True Negative
1,0.28541252,0,0,0.16940275038985123,0.298921418793449,0.71458745,False Negative
0,0.49319208,1,0,0.30475363348512846,0.49029435063998505,0.5068079,False Positive
1,0.78832054,1,1,0.30475363348512846,0.9157549763059561,0.78832054,True Positive
0,0.1654676,0,1,0.30475363348512846,0.0876266862020383,0.8345324,True Negative
1,0.1663019,0,0,0.30475363348512846,0.09264281116081523,0.8336981,False Negative
0,0.26733983,0,1,0.30475363348512846,0.27118021734782854,0.7326602,True Negative
0,0.45677352,1,0,0.3619534853946448,0.4279894335175614,0.5432265,False Positive
1,0.591063,1,1,0.30475363348512846,0.6382758025319216,0.591063,True Positive
0,0.7499113,1,0,0.30475363348512846,0.8314579991801959,0.7499113,False Positive
1,0.7840347,1,1,0.1972360207388138,0.9156124045402441,0.7840347,True Positive
1,0.733684,1,1,0.2653792791671143,0.8020709311954374,0.733684,True Positive
0,0.40336803,0,1,0.30475363348512846,0.3875160125473446,0.596632,True Negative
1,0.76631826,1,1,0.30475363348512846,0.8662743017387277,0.76631826,True Positive
1,0.7428224,1,1,0.16940275038985123,0.8291960646438281,0.7428224,True Positive
1,0.7692726,1,1,0.3619534853946448,0.8727439735415183,0.7692726,True Positive
1,0.74715894,1,1,0.30475363348512846,0.8257696457435763,0.74715894,True Positive
1,0.7759396,1,1,0.16940275038985123,0.8997903593285511,0.7759396,True Positive
1,0.7711506,1,1,0.30475363348512846,0.876848551208486,0.7711506,True Positive
1,0.47310635,1,1,0.3619534853946448,0.44695355981150725,0.5268936,True Positive
0,0.27763066,0,1,0.30475363348512846,0.2812773659815351,0.7223693,True Negative
0,0.20467179,0,1,0.30475363348512846,0.20003501822601796,0.7953282,True Negative
1,0.16782509,0,0,0.3619534853946448,0.13335880254127594,0.8321749,False Negative
1,0.7860312,1,1,0.3619534853946448,0.9052382170218317,0.7860312,True Positive
0,0.74962366,1,0,0.30475363348512846,0.8308615769621903,0.74962366,False Positive
0,0.7627304,1,0,0.30475363348512846,0.8585213560888821,0.7627304,False Positive
0,0.51928735,1,0,0.30475363348512846,0.5402966994953812,0.51928735,False Positive
1,0.27141443,0,0,0.30475363348512846,0.2753071157641411,0.7285856,False Negative
0,0.4501209,1,0,0.30475363348512846,0.42576931770572607,0.5498791,False Positive
1,0.7455499,1,1,0.1972360207388138,0.8322390042343903,0.7455499,True Positive
0,0.73518217,1,0,0.30475363348512846,0.8085762149505688,0.73518217,False Positive
1,0.23186412,0,0,0.30475363348512846,0.23230782870649308,0.7681359,False Negative
1,0.5467472,1,1,0.30475363348512846,0.5842191009531048,0.5467472,True Positive
1,0.5982239,1,1,0.1972360207388138,0.6177185156672436,0.5982239,True Positive
1,0.5262717,1,1,0.30475363348512846,0.5537025057997108,0.5262717,True Positive
1,0.47323915,1,1,0.3619534853946448,0.4473369518600165,0.5267608,True Positive
1,0.77320474,1,1,0.30475363348512846,0.8813909751749459,0.77320474,True Positive
0,0.21346863,0,1,0.30475363348512846,0.21101638058013847,0.7865314,True Negative
1,0.80051315,1,1,0.3619534853946448,0.939603357821199,0.80051315,True Positive
0,0.19527487,0,1,0.3619534853946448,0.18547107163521565,0.8047251,True Negative
0,0.35513285,0,1,0.2653792791671143,0.348663678963872,0.6448672,True Negative
1,0.17676362,0,0,0.30475363348512846,0.1481672565274377,0.82323635,False Negative
1,0.24405827,0,0,0.30475363348512846,0.24577577461248887,0.75594175,False Negative
0,0.17244026,0,1,0.30475363348512846,0.1284109766472026,0.8275597,True Negative
1,0.76447487,1,1,0.20774148655584407,0.8711012794845487,0.76447487,True Positive
0,0.4022553,0,1,0.30475363348512846,0.38659092530686795,0.5977447,True Negative
1,0.7277859,1,1,0.3619534853946448,0.8138112031793505,0.7277859,True Positive
1,0.50680774,1,1,0.30475363348512846,0.5163755266047652,0.50680774,True Positive
0,0.39494655,0,1,0.30475363348512846,0.38049306852475484,0.6050534,True Negative
0,0.4015,0,1,0.30475363348512846,0.385962442790061,0.5985,True Negative
0,0.17485778,0,1,0.30475363348512846,0.13950561939025696,0.8251422,True Negative
0,0.16145009,0,1,0.3619534853946448,0.10283074216522083,0.8385499,True Negative
0,0.5590346,1,0,0.30475363348512846,0.6001470877540696,0.5590346,False Positive
0,0.2761402,0,1,0.30475363348512846,0.27985350395463743,0.7238598,True Negative
0,0.23574826,0,1,0.30475363348512846,0.23664957789798316,0.7642517,True Negative
1,0.200152,0,0,0.16940275038985123,0.17070803489614222,0.799848,False Negative
0,0.2630794,0,1,0.30475363348512846,0.2664260574228349,0.7369206,True Negative
0,0.27379987,0,1,0.3619534853946448,0.27118021734782854,0.7262001,True Negative
1,0.74406123,1,1,0.30475363348512846,0.820606676698738,0.74406123,True Positive
1,0.3740269,0,0,0.3619534853946448,0.35966215654391503,0.6259731,False Negative
1,0.7576055,1,1,0.3619534853946448,0.8545598490078901,0.7576055,True Positive
0,0.38997954,0,1,0.30475363348512846,0.37632677564161604,0.61002046,True Negative
1,0.76440156,1,1,0.30475363348512846,0.8621222095193812,0.76440156,True Positive
1,0.7734482,1,1,0.3619534853946448,0.8801897609347437,0.7734482,True Positive
0,0.18836161,0,1,0.30475363348512846,0.17704722293559502,0.81163836,True Negative
1,0.33823207,0,0,0.30475363348512846,0.33157053637621725,0.66176796,False Negative
1,0.7581553,1,1,0.30475363348512846,0.8487509888946343,0.7581553,True Positive
0,0.24642009,0,1,0.30475363348512846,0.24833083760849173,0.7535799,True Negative
1,0.37467396,0,0,0.3619534853946448,0.36021468987051813,0.62532604,False Negative
0,0.4887307,1,0,0.3619534853946448,0.48289167768395,0.51126933,False Positive
1,0.72835004,1,1,0.3619534853946448,0.8145545735295822,0.72835004,True Positive
1,0.55130154,1,1,0.3238188371042879,0.5927622519461334,0.55130154,True Positive
0,0.17286004,0,1,0.30475363348512846,0.13034619746341022,0.82714,True Negative
0,0.27811188,0,1,0.30475363348512846,0.28173605772877564,0.7218881,True Negative
0,0.3705834,0,1,0.3619534853946448,0.35671515334692244,0.6294166,True Negative
0,0.19239052,0,1,0.2653792791671143,0.17752054389794872,0.8076095,True Negative
1,0.37732923,0,0,0.16940275038985123,0.3698771621315865,0.62267077,False Negative
0,0.24043247,0,1,0.30475363348512846,0.24182039305851213,0.7595675,True Negative
1,0.8011021,1,1,0.3619534853946448,0.941039684992601,0.8011021,True Positive
0,0.27306554,0,1,0.3619534853946448,0.2705074590294816,0.72693443,True Negative
0,0.1767439,0,1,0.30475363348512846,0.14807795787355005,0.82325613,True Negative
0,0.7716321,1,0,0.30475363348512846,0.8779106107986901,0.7716321,False Positive
0,0.7639974,1,0,0.30475363348512846,0.8612496180390277,0.7639974,False Positive
1,0.76358485,1,1,0.30475363348512846,0.8603601836049622,0.76358485,True Positive
0,0.23574826,0,1,0.30475363348512846,0.23664957789798316,0.7642517,True Negative
0,0.4396543,0,1,0.30475363348512846,0.41729283933334493,0.5603457,True Negative
1,0.77295744,1,1,0.30475363348512846,0.8808425406052336,0.77295744,True Positive
1,0.7715639,1,1,0.3619534853946448,0.876817833483693,0.7715639,True Positive
0,0.32660815,0,1,0.30475363348512846,0.32109394192049084,0.6733918,True Negative
1,0.2434636,0,0,0.30475363348512846,0.24512978242952865,0.75653636,False Negative
0,0.36691886,0,1,0.30475363348512846,0.35671515334692244,0.63308114,True Negative
0,0.47688526,1,0,0.3619534853946448,0.45785937365505186,0.52311474,False Positive
1,0.55965865,1,1,0.2653792791671143,0.5943595083205893,0.55965865,True Positive
0,0.52334875,1,0,0.30475363348512846,0.5480900636575734,0.52334875,False Positive
0,0.777013,1,0,0.30475363348512846,0.889889930671022,0.777013,False Positive
0,0.7732045,1,0,0.30475363348512846,0.8813904393162124,0.7732045,False Positive
1,0.76612663,1,1,0.30475363348512846,0.8658580174478899,0.76612663,True Positive
1,0.5286825,1,1,0.30475363348512846,0.5583340703378249,0.5286825,True Positive
0,0.19980101,0,1,0.30475363348512846,0.19371700958503835,0.800199,True Negative
0,0.52907455,1,0,0.30475363348512846,0.559087574758444,0.52907455,False Positive
0,0.16830237,0,1,0.30475363348512846,0.10458860248133958,0.83169764,True Negative
0,0.18828946,0,1,0.16940275038985123,0.11933224773867986,0.81171054,True Negative
1,0.74341464,1,1,0.30475363348512846,0.8197214425486519,0.74341464,True Positive
1,0.7602008,1,1,0.30475363348512846,0.8531034012275651,0.7602008,True Positive
1,0.5593996,1,1,0.30475363348512846,0.600617961875063,0.5593996,True Positive
0,0.330483,0,1,0.2653792791671143,0.32639702340626725,0.66951704,True Negative
1,0.61315715,1,1,0.3619534853946448,0.677402925723504,0.61315715,True Positive
0,0.18884362,0,1,0.1972360207388138,0.14267177192748465,0.8111564,True Negative
1,0.47672608,1,1,0.30475363348512846,0.45872376199726805,0.52327394,True Positive
1,0.7411511,1,1,0.3619534853946448,0.8316944806493987,0.7411511,True Positive
1,0.7252829,1,1,0.30475363348512846,0.7954638894296311,0.7252829,True Positive
1,0.5405331,1,1,0.30475363348512846,0.5760662771553061,0.5405331,True Positive
1,0.7784135,1,1,0.30475363348512846,0.8930415053331989,0.7784135,True Positive
1,0.2536395,0,0,0.3619534853946448,0.25227495691134433,0.74636054,False Negative
0,0.19784406,0,1,0.30475363348512846,0.19114609700467994,0.802156,True Negative
0,0.73131466,1,0,0.16940275038985123,0.8060934250540038,0.73131466,False Positive
0,0.26733983,0,1,0.30475363348512846,0.27118021734782854,0.7326602,True Negative
0,0.16824748,0,1,0.30475363348512846,0.10426228435921552,0.83175254,True Negative
0,0.1920747,0,1,0.30475363348512846,0.1834050831533114,0.8079253,True Negative
1,0.7483849,1,1,0.30475363348512846,0.8282983000907891,0.7483849,True Positive
1,0.7474805,1,1,0.30475363348512846,0.8264320446851052,0.7474805,True Positive
0,0.31401345,0,1,0.30475363348512846,0.3095228863320867,0.6859865,True Negative
1,0.79465854,1,1,0.30475363348512846,0.9306958422629952,0.79465854,True Positive
1,0.7719548,1,1,0.30475363348512846,0.8786233576829606,0.7719548,True Positive
1,0.73405063,1,1,0.30475363348512846,0.8070619959557174,0.73405063,True Positive
1,0.7576871,1,1,0.30475363348512846,0.8477582422243471,0.7576871,True Positive
1,0.40482312,0,0,0.3619534853946448,0.38557602657380885,0.5951769,False Negative
1,0.535636,1,1,0.30475363348512846,0.5696530348534777,0.535636,True Positive
0,0.7548743,1,0,0.30475363348512846,0.8418215985974795,0.7548743,False Positive
1,0.4854077,1,1,0.30475363348512846,0.475376945556236,0.5145923,True Positive
1,0.31719768,0,0,0.30475363348512846,0.3124712763388155,0.6828023,False Negative
1,0.76729774,1,1,0.30475363348512846,0.8684051639998355,0.76729774,True Positive
0,0.3724915,0,1,0.30475363348512846,0.36149809992349835,0.6275085,True Negative
0,0.5968753,1,0,0.30475363348512846,0.6445640002080454,0.5968753,False Positive
1,0.75719327,1,1,0.30475363348512846,0.8467127265083401,0.75719327,True Positive
1,0.7492242,1,1,0.30475363348512846,0.8300339964451863,0.7492242,True Positive
0,0.2717344,0,1,0.30475363348512846,0.2756164738353442,0.72826564,True Negative
1,0.2252266,0,0,0.30475363348512846,0.22476896308119743,0.7747734,False Negative
0,0.17886639,0,1,0.30475363348512846,0.1574695417331339,0.8211336,True Negative
0,0.26733983,0,1,0.30475363348512846,0.27118021734782854,0.7326602,True Negative
1,0.37643662,0,0,0.30475363348512846,0.36486643304551664,0.6235634,False Negative
1,0.7325669,1,1,0.16940275038985123,0.8085762149505688,0.7325669,True Positive
0,0.20559144,0,1,0.30475363348512846,0.2012153217874833,0.79440856,True Negative
0,0.17401135,0,1,0.30475363348512846,0.13563499445868074,0.82598865,True Negative
0,0.5058068,1,0,0.30475363348512846,0.5144580705695384,0.5058068,False Positive
0,0.24041778,0,1,0.3619534853946448,0.23877274031374351,0.7595822,True Negative
1,0.484751,1,1,0.30475363348512846,0.47411793354412063,0.515249,True Positive
0,0.19630364,0,1,0.30475363348512846,0.1891089113879493,0.8036964,True Negative
0,0.23417455,0,1,0.30475363348512846,0.2348964587175511,0.76582545,True Negative
1,0.54023343,1,1,0.30475363348512846,0.5756735503255401,0.54023343,True Positive
1,0.7155268,1,1,0.30475363348512846,0.7828253799358177,0.7155268,True Positive
0,0.287724,0,1,0.16940275038985123,0.30045788295616643,0.712276,True Negative
1,0.50059986,1,1,0.3619534853946448,0.5056297288333502,0.50059986,True Positive
0,0.25235346,0,1,0.30475363348512846,0.25467809950035947,0.7476466,True Negative
1,0.5520306,1,1,0.30475363348512846,0.5911275639467872,0.5520306,True Positive
1,0.7322719,1,1,0.30475363348512846,0.8046896916875403,0.7322719,True Positive
1,0.18957515,0,0,0.30475363348512846,0.17939232328417926,0.81042486,False Negative
0,0.26296347,0,1,0.30475363348512846,0.26629595951929985,0.7370365,True Negative
0,0.37563035,0,1,0.30475363348512846,0.36417920103802826,0.6243696,True Negative
1,0.5791771,1,1,0.30475363348512846,0.6255001292639393,0.5791771,True Positive
1,0.6567461,1,1,0.3619534853946448,0.7265126842228434,0.6567461,True Positive
0,0.7535578,1,0,0.3619534853946448,0.8488411241185748,0.7535578,False Positive
0,0.7931963,1,0,0.30475363348512846,0.9272190593799099,0.7931963,False Positive
0,0.182446,0,1,0.30475363348512846,0.16544585842302104,0.817554,True Negative
0,0.54700166,1,0,0.2653792791671143,0.5791378285114662,0.54700166,False Positive
0,0.18102007,0,1,0.30475363348512846,0.1626059190955259,0.8189799,True Negative
1,0.7145922,1,1,0.30475363348512846,0.781628539016375,0.7145922,True Positive
1,0.19023858,0,0,0.30475363348512846,0.18053128685617204,0.8097614,False Negative
1,0.73782873,1,1,0.3619534853946448,0.8271948360582607,0.73782873,True Positive
1,0.7129506,1,1,0.30475363348512846,0.7795320527277078,0.7129506,True Positive
0,0.6697657,1,0,0.30475363348512846,0.7266630720578203,0.6697657,False Positive
0,0.36691886,0,1,0.30475363348512846,0.35671515334692244,0.63308114,True Negative
0,0.20467179,0,1,0.30475363348512846,0.20003501822601796,0.7953282,True Negative
1,0.7223084,1,1,0.30475363348512846,0.7915818583539893,0.7223084,True Positive
0,0.26687503,0,1,0.30475363348512846,0.2706639148148176,0.733125,True Negative
0,0.6983806,1,0,0.30475363348512846,0.7612266352600989,0.6983806,False Positive
1,0.76386434,1,1,0.3619534853946448,0.8635318376905451,0.76386434,True Positive
0,0.17138301,0,1,0.30475363348512846,0.1227653347305838,0.828617,True Negative
0,0.38819164,0,1,0.30475363348512846,0.3748224323637506,0.61180836,True Negative
0,0.17244194,0,1,0.30475363348512846,0.12841865248431472,0.82755804,True Negative
1,0.78492975,1,1,0.30475363348512846,0.9078960384744318,0.78492975,True Positive
1,0.7402718,1,1,0.16940275038985123,0.8240188033363139,0.7402718,True Positive
1,0.77790487,1,1,0.30475363348512846,0.8918952900017987,0.77790487,True Positive
1,0.7439012,1,1,0.30475363348512846,0.8203874250071775,0.7439012,True Positive
1,0.71411836,1,1,0.30475363348512846,0.7810226862834145,0.71411836,True Positive
1,0.50590706,1,1,0.30475363348512846,0.5146500324239905,0.50590706,True Positive
0,0.509678,1,0,0.30475363348512846,0.5218748558831363,0.509678,False Positive
0,0.21069683,0,1,0.3619534853946448,0.20466332241915502,0.7893032,True Negative
0,0.73882914,1,0,0.3619534853946448,0.8285458900705054,0.73882914,False Positive
1,0.76180595,1,1,0.30475363348512846,0.856536600777702,0.76180595,True Positive
0,0.4177812,0,1,0.30475363348512846,0.39942841919135674,0.58221877,True Negative
1,0.37095788,0,0,0.2508911477913881,0.3631495412322733,0.62904215,False Negative
1,0.7814803,1,1,0.3619534853946448,0.8947921499086793,0.7814803,True Positive
0,0.73018944,1,0,0.30475363348512846,0.8019250868280936,0.73018944,False Positive
1,0.77206075,1,1,0.30475363348512846,0.8788576769956525,0.77206075,True Positive
1,0.7321888,1,1,0.30475363348512846,0.8045791074872604,0.7321888,True Positive
0,0.38819164,0,1,0.30475363348512846,0.3748224323637506,0.61180836,True Negative
0,0.5262717,1,0,0.30475363348512846,0.5537025057997108,0.5262717,False Positive
1,0.428813,0,0,0.3619534853946448,0.40531832624681247,0.571187,False Negative
1,0.7145771,1,1,0.3619534853946448,0.796669463079202,0.7145771,True Positive
0,0.22991367,0,1,0.1972360207388138,0.24554543449596725,0.77008635,True Negative
0,0.27180466,0,1,0.30475363348512846,0.2756843801719336,0.7281953,True Negative
0,0.8040397,1,0,0.2653792791671143,0.9570327170128666,0.8040397,False Positive
0,0.29319546,0,1,0.30475363348512846,0.2947438973154672,0.7068045,True Negative
1,0.484967,1,1,0.30475363348512846,0.47453206376059276,0.515033,True Positive
0,0.31597057,0,1,0.16940275038985123,0.31674338555173187,0.68402946,True Negative
1,0.48645186,1,1,0.30475363348512846,0.47737854095539545,0.51354814,True Positive
0,0.20420173,0,1,0.3619534853946448,0.19675221432958095,0.7957983,True Negative
0,0.69716704,1,0,0.2653792791671143,0.7493582091889283,0.69716704,False Positive
1,0.2887417,0,0,0.30475363348512846,0.2910878222049688,0.7112583,False Negative
1,0.73585904,1,1,0.30475363348512846,0.8094840989192618,0.73585904,True Positive
1,0.78283834,1,1,0.30475363348512846,0.9030934487220004,0.78283834,True Positive
0,0.33838186,0,1,0.30475363348512846,0.3317043274619161,0.6616181,True Negative
0,0.25598907,0,1,0.30475363348512846,0.2584027053976808,0.7440109,True Negative
1,0.6998415,1,1,0.2653792791671143,0.7526716535091323,0.6998415,True Positive
0,0.53910685,1,0,0.30475363348512846,0.5741974831587032,0.53910685,False Positive
1,0.7418428,1,1,0.30475363348512846,0.8175757682581485,0.7418428,True Positive
1,0.77608836,1,1,0.30475363348512846,0.887816905019437,0.77608836,True Positive
1,0.38819164,0,0,0.30475363348512846,0.3748224323637506,0.61180836,False Negative
0,0.17753197,0,1,0.30475363348512846,0.1516383920572594,0.82246804,True Negative
0,0.2779172,0,1,0.16940275038985123,0.2938867730217447,0.7220828,True Negative
0,0.70935476,1,0,0.20774148655584407,0.7601849509936939,0.70935476,False Positive
0,0.7424599,1,0,0.30475363348512846,0.8184171248359232,0.7424599,False Positive
0,0.4838266,1,0,0.30475363348512846,0.47234561990280727,0.51617336,False Positive
1,0.76243144,1,1,0.30475363348512846,0.8578787958764885,0.76243144,True Positive
0,0.3495477,0,1,0.30475363348512846,0.341601324961325,0.65045226,True Negative
0,0.16888452,0,1,0.30475363348512846,0.10804368377229193,0.8311155,True Negative
1,0.76991,1,1,0.30475363348512846,0.8741190205034086,0.76991,True Positive
0,0.3503743,0,1,0.2653792791671143,0.3444953812014758,0.64962566,True Negative
1,0.7367941,1,1,0.30475363348512846,0.8107407413340357,0.7367941,True Positive
1,0.59656847,1,1,0.30475363348512846,0.6442313036665421,0.59656847,True Positive
1,0.76321304,1,1,0.30475363348512846,0.8595593822938121,0.76321304,True Positive
1,0.73475814,1,1,0.30475363348512846,0.8080082379079537,0.73475814,True Positive
0,0.31230623,0,1,0.30475363348512846,0.3079354685850581,0.6876938,True Negative
0,0.48435014,1,0,0.30475363348512846,0.47334936139992817,0.51564986,False Positive
1,0.7646562,1,1,0.30475363348512846,0.8626726509619469,0.7646562,True Positive
1,0.48821732,1,1,0.30475363348512846,0.4807623093026811,0.51178265,True Positive
0,0.17241754,0,1,0.30475363348512846,0.128306036109434,0.8275825,True Negative
0,0.38819164,0,1,0.30475363348512846,0.3748224323637506,0.61180836,True Negative
0,0.25652,0,1,0.30475363348512846,0.2590084499516673,0.74347997,True Negative
0,0.19784406,0,1,0.30475363348512846,0.19114609700467994,0.802156,True Negative
1,0.52488285,1,1,0.30475363348512846,0.5510353550113692,0.52488285,True Positive
1,0.7709011,1,1,0.30475363348512846,0.8762988012858561,0.7709011,True Positive
1,0.75049615,1,1,0.30475363348512846,0.8326720185958939,0.75049615,True Positive
1,0.75312835,1,1,0.30475363348512846,0.838159924225689,0.75312835,True Positive
0,0.42411885,0,1,0.3619534853946448,0.40147999754140684,0.5758811,True Negative
0,0.21344744,0,1,0.30475363348512846,0.210991126560176,0.78655255,True Negative
0,0.24693958,0,1,0.3619534853946448,0.24577577461248887,0.7530604,True Negative
0,0.48026228,1,0,0.3619534853946448,0.4660543953851979,0.5197377,False Positive
1,0.74250174,1,1,0.30475363348512846,0.8184741780016991,0.74250174,True Positive
0,0.55744493,1,0,0.30475363348512846,0.598097506761693,0.55744493,False Positive
1,0.35802403,0,0,0.2653792791671143,0.3511840090326832,0.641976,False Negative
0,0.24275583,0,1,0.1972360207388138,0.2605980924853573,0.75724417,True Negative
1,0.76193863,1,1,0.30475363348512846,0.8568212174935704,0.76193863,True Positive
0,0.25955462,0,1,0.3619534853946448,0.2579192600247681,0.7404454,True Negative
0,0.17244194,0,1,0.30475363348512846,0.12841865248431472,0.82755804,True Negative
0,0.18241452,0,1,0.30475363348512846,0.16538335843764942,0.81758547,True Negative
1,0.52511245,1,1,0.3619534853946448,0.5526217764894993,0.52511245,True Positive
0,0.36691886,0,1,0.30475363348512846,0.35671515334692244,0.63308114,True Negative
0,0.34023535,0,1,0.30475363348512846,0.3333578865012852,0.65976465,True Negative
1,0.76213145,1,1,0.16940275038985123,0.8695412017478795,0.76213145,True Positive
0,0.22925724,0,1,0.30475363348512846,0.22936528399559156,0.7707428,True Negative
0,0.16894452,0,1,0.30475363348512846,0.10839914869469383,0.83105546,True Negative
0,0.36990228,0,1,0.30475363348512846,0.3592794876723538,0.63009775,True Negative
1,0.77501434,1,1,0.30475363348512846,0.8854168053548525,0.77501434,True Positive
1,0.17703165,0,0,0.30475363348512846,0.14937933020622812,0.82296836,False Negative
0,0.7676953,1,0,0.30475363348512846,0.8692719062336739,0.7676953,False Positive
1,0.20626707,0,0,0.30475363348512846,0.20207993088865842,0.79373294,False Negative
0,0.2628382,0,1,0.3619534853946448,0.2610164313053783,0.73716176,True Negative
1,0.7452482,1,1,0.30475363348512846,0.8224918715586704,0.7452482,True Positive
1,0.30582035,0,0,0.30475363348512846,0.3034680349358289,0.69417965,False Negative
1,0.24860638,0,0,0.3619534853946448,0.24740351826810938,0.7513936,False Negative
0,0.73868,1,0,0.30475363348512846,0.8132838805968983,0.73868,False Positive
0,0.41507864,0,1,0.30475363348512846,0.39720427323490926,0.58492136,True Negative
0,0.7529853,1,0,0.16940275038985123,0.8501671139715751,0.7529853,False Positive
0,0.17485778,0,1,0.30475363348512846,0.13950561939025696,0.8251422,True Negative
0,0.17485823,0,1,0.30475363348512846,0.13950759798945747,0.8251418,True Negative
1,0.47103232,1,1,0.30475363348512846,0.4459382241117673,0.5289677,True Positive
0,0.69717777,1,0,0.16940275038985123,0.7409685689772921,0.69717777,False Positive
1,0.56222165,1,1,0.30475363348512846,0.6042611785751386,0.56222165,True Positive
1,0.23577075,0,0,0.3619534853946448,0.23364300318960943,0.76422924,False Negative
1,0.3118264,0,0,0.3619534853946448,0.30152795028282675,0.6881736,False Negative
0,0.435151,0,1,0.30475363348512846,0.4136328069833797,0.564849,True Negative
1,0.58364034,1,1,0.30475363348512846,0.6302850104178885,0.58364034,True Positive
0,0.19061548,0,1,0.16940275038985123,0.13193345367503112,0.8093845,True Negative
1,0.5455273,1,1,0.16940275038985123,0.5534294141475488,0.5455273,True Positive
0,0.7742127,1,0,0.30475363348512846,0.8836305283499793,0.7742127,False Positive
1,0.7023101,1,1,0.30475363348512846,0.7661120346874495,0.7023101,True Positive
0,0.73815924,1,0,0.30475363348512846,0.8125804122453685,0.73815924,False Positive
0,0.23766394,0,1,0.30475363348512846,0.23877274031374351,0.7623361,True Negative
0,0.36691886,0,1,0.30475363348512846,0.35671515334692244,0.63308114,True Negative
1,0.23979682,0,0,0.3619534853946448,0.2380912308554315,0.7602032,False Negative
0,0.514891,1,0,0.30475363348512846,0.531865893610387,0.514891,False Positive
0,0.40672413,0,1,0.30475363348512846,0.3903013448519227,0.5932759,True Negative
0,0.3700525,0,1,0.30475363348512846,0.3594083371396633,0.62994754,True Negative
0,0.5213704,1,0,0.30475363348512846,0.5442930869813576,0.5213704,False Positive
1,0.71808106,1,1,0.30475363348512846,0.7861083349639841,0.71808106,True Positive
0,0.23574826,0,1,0.30475363348512846,0.23664957789798316,0.7642517,True Negative
1,0.30675614,0,0,0.3238188371042879,0.30231308486210323,0.69324386,False Negative
1,0.76276845,1,1,0.30475363348512846,0.8586029862512784,0.76276845,True Positive
0,0.16650735,0,1,0.3619534853946448,0.12712586703600706,0.83349264,True Negative
1,0.7461372,1,1,0.30475363348512846,0.8239662247713939,0.7461372,True Positive
0,0.16937457,0,1,0.30475363348512846,0.11094464932344794,0.8306254,True Negative
0,0.43617767,0,1,0.30475363348512846,0.41446800139508133,0.5638223,True Negative
1,0.48645186,1,1,0.30475363348512846,0.47737854095539545,0.51354814,True Positive
1,0.7559131,1,1,0.30475363348512846,0.8440087505915269,0.7559131,True Positive
1,0.45481712,1,1,0.30475363348512846,0.42956054455431875,0.5451829,True Positive
1,0.77687,1,1,0.20774148655584407,0.8983896559896514,0.77687,True Positive
1,0.77324957,1,1,0.30475363348512846,0.881490454967336,0.77324957,True Positive
0,0.50603867,1,0,0.30475363348512846,0.5149022184551719,0.50603867,False Positive
1,0.6670842,1,1,0.3619534853946448,0.7385666213064199,0.6670842,True Positive
0,0.5529705,1,0,0.30475363348512846,0.5923363554819653,0.5529705,False Positive
0,0.20067169,0,1,0.30475363348512846,0.194854801617379,0.7993283,True Negative
0,0.27637643,0,1,0.30475363348512846,0.2800794773601175,0.7236236,True Negative
0,0.16837536,0,1,0.30475363348512846,0.10502226734692195,0.8316246,True Negative
0,0.4074525,0,1,0.2508911477913881,0.39386969764526814,0.59254754,True Negative
1,0.5852399,1,1,0.30475363348512846,0.6320034008340495,0.5852399,True Positive
1,0.4896882,1,1,0.30475363348512846,0.4835809393047578,0.51031184,True Positive
1,0.43084365,0,0,0.30475363348512846,0.4101239328394963,0.56915635,False Negative
1,0.7504057,1,1,0.30475363348512846,0.8324842620299482,0.7504057,True Positive
0,0.35680577,0,1,0.16940275038985123,0.3511840090326832,0.6431942,True Negative
0,0.4113644,0,1,0.30475363348512846,0.3941406319409151,0.58863556,True Negative
0,0.2124189,0,1,0.20774148655584407,0.20849903703490388,0.7875811,True Negative
0,0.4715166,1,0,0.30475363348512846,0.4473369518600165,0.5284834,False Positive
0,0.4884572,1,0,0.16940275038985123,0.47737854095539545,0.5115428,False Positive
1,0.76184773,1,1,0.30475363348512846,0.8566263010842385,0.76184773,True Positive
1,0.74387026,1,1,0.30475363348512846,0.8203450750795995,0.74387026,True Positive
0,0.7288161,1,0,0.30475363348512846,0.8001092237847558,0.7288161,False Positive
1,0.7635947,1,1,0.30475363348512846,0.8603814053581471,0.7635947,True Positive
1,0.4806296,1,1,0.30475363348512846,0.4662142686336051,0.51937044,True Positive
0,0.46929777,1,0,0.30475363348512846,0.4412128380353366,0.53070223,False Positive
0,0.3289668,0,1,0.16940275038985123,0.32503279897125065,0.6710332,True Negative
1,0.7698583,1,1,0.30475363348512846,0.8740054971375981,0.7698583,True Positive
1,0.53284824,1,1,0.3619534853946448,0.5674892134043322,0.53284824,True Positive
0,0.52287096,1,0,0.3619534853946448,0.5483184167545188,0.52287096,False Positive
0,0.74471575,1,0,0.3238188371042879,0.8265238490811903,0.74471575,False Positive
0,0.27379987,0,1,0.3619534853946448,0.27118021734782854,0.7262001,True Negative
1,0.7776425,1,1,0.30475363348512846,0.8913047466665301,0.7776425,True Positive
0,0.15790679,0,1,0.30475363348512846,0.0412152475239058,0.8420932,True Negative
1,0.3700525,0,0,0.30475363348512846,0.3594083371396633,0.62994754,False Negative
0,0.17244194,0,1,0.30475363348512846,0.12841865248431472,0.82755804,True Negative
1,0.73502195,1,1,0.30475363348512846,0.8083616715019226,0.73502195,True Positive
1,0.73969156,1,1,0.30475363348512846,0.8146528884321815,0.73969156,True Positive
1,0.452061,1,1,0.16940275038985123,0.4300676808595138,0.547939,True Positive
1,0.3235687,0,0,0.3619534853946448,0.31517477648512504,0.6764313,False Negative
1,0.7856401,1,1,0.3619534853946448,0.9043341727753339,0.7856401,True Positive
0,0.57731503,1,0,0.16940275038985123,0.5878710720122527,0.57731503,False Positive
0,0.20166351,0,1,0.1972360207388138,0.18193673052444373,0.7983365,True Negative
0,0.5049205,1,0,0.16940275038985123,0.5077619979527854,0.5049205,False Positive
0,0.17489423,0,1,0.30475363348512846,0.1396720255472616,0.8251058,True Negative
0,0.24214578,0,1,0.2508911477913881,0.25223034964557456,0.7578542,True Negative
1,0.79541945,1,1,0.30475363348512846,0.9325124106245555,0.79541945,True Positive
1,0.47165474,1,1,0.30475363348512846,0.4476795141637759,0.5283452,True Positive
0,0.40336803,0,1,0.30475363348512846,0.3875160125473446,0.596632,True Negative
0,0.2544437,0,1,0.30475363348512846,0.2567632789793126,0.7455563,True Negative
0,0.2549749,0,1,0.30475363348512846,0.25727261186078004,0.7450251,True Negative
0,0.35038286,0,1,0.30475363348512846,0.3423355429171048,0.64961714,True Negative
0,0.4085017,0,1,0.30475363348512846,0.39177367050950834,0.59149826,True Negative
1,0.77737075,1,1,0.30475363348512846,0.8906936575936091,0.77737075,True Positive
0,0.49830815,1,0,0.30475363348512846,0.50009448026347,0.5016918,False Positive
0,0.27297756,0,1,0.30475363348512846,0.276816315109537,0.7270224,True Negative
0,0.43145746,0,1,0.2653792791671143,0.41279184141813136,0.56854254,True Negative
0,0.23848681,0,1,0.3619534853946448,0.23664957789798316,0.7615132,True Negative
1,0.78222144,1,1,0.30475363348512846,0.9016830822617455,0.78222144,True Positive
1,0.57887405,1,1,0.30475363348512846,0.6251757968621083,0.57887405,True Positive
0,0.18502091,0,1,0.1972360207388138,0.12174789786618742,0.8149791,True Negative
1,0.7841727,1,1,0.30475363348512846,0.9061536572230469,0.7841727,True Positive
0,0.23848681,0,1,0.3619534853946448,0.23664957789798316,0.7615132,True Negative
1,0.47228175,1,1,0.30475363348512846,0.44908352684693326,0.52771825,True Positive
1,0.27170038,0,0,0.30475363348512846,0.2755836311723214,0.7282996,False Negative
1,0.7768009,1,1,0.30475363348512846,0.8894138974994138,0.7768009,True Positive
0,0.35439858,0,1,0.30475363348512846,0.3458548337018103,0.6456014,True Negative
1,0.5539124,1,1,0.30475363348512846,0.593548117859614,0.5539124,True Positive
0,0.29046038,0,1,0.3619534853946448,0.28530054064092397,0.70953965,True Negative
0,0.58364034,1,0,0.30475363348512846,0.6302850104178885,0.58364034,False Positive
1,0.78326356,1,1,0.30475363348512846,0.9040672236545577,0.78326356,True Positive
1,0.37442368,0,0,0.30475363348512846,0.3631495412322733,0.6255763,False Negative
0,0.6804513,1,0,0.30475363348512846,0.7393749009628958,0.6804513,False Positive
0,0.48181146,1,0,0.30475363348512846,0.4684812073848511,0.51818854,False Positive
1,0.72677934,1,1,0.3619534853946448,0.8124870884964928,0.72677934,True Positive
0,0.5027662,1,0,0.30475363348512846,0.5086335644326313,0.5027662,False Positive
0,0.47384417,1,0,0.3619534853946448,0.44908352684693326,0.5261558,False Positive
0,0.2251306,0,1,0.2508911477913881,0.22903601602171172,0.7748694,True Negative
0,0.17509542,0,1,0.30475363348512846,0.1405896202265574,0.82490456,True Negative
1,0.74567187,1,1,0.2508911477913881,0.8276106893291011,0.74567187,True Positive
0,0.37442368,0,1,0.30475363348512846,0.3631495412322733,0.6255763,True Negative
0,0.17753197,0,1,0.30475363348512846,0.1516383920572594,0.82246804,True Negative
1,0.4117651,0,0,0.30475363348512846,0.39447153396034135,0.5882349,False Negative
0,0.20856385,0,1,0.30475363348512846,0.2050036719216413,0.79143614,True Negative
0,0.26046085,0,1,0.30475363348512846,0.26347946912327785,0.73953915,True Negative
1,0.78212184,1,1,0.16940275038985123,0.9137623349557397,0.78212184,True Positive
1,0.76758766,1,1,0.30475363348512846,0.8690370639109001,0.76758766,True Positive
0,0.25667173,0,1,0.3619534853946448,0.25517901923585196,0.7433283,True Negative
0,0.20067169,0,1,0.30475363348512846,0.194854801617379,0.7993283,True Negative
1,0.44566777,0,0,0.30475363348512846,0.42216776132594463,0.55433226,False Negative
1,0.759372,1,1,0.30475363348512846,0.8513367680073347,0.759372,True Positive
1,0.72329605,1,1,0.3619534853946448,0.8079282979178329,0.72329605,True Positive
0,0.437755,0,1,0.30475363348512846,0.4157501989448812,0.562245,True Negative
0,0.4439437,0,1,0.30475363348512846,0.42077145049314857,0.55605626,True Negative
0,0.16677998,0,1,0.3619534853946448,0.12841865248431472,0.83322,True Negative
0,0.21143167,0,1,0.30475363348512846,0.20857856159114394,0.7885683,True Negative
1,0.6838063,1,1,0.3619534853946448,0.7584723189429607,0.6838063,True Positive
0,0.723083,1,0,0.30475363348512846,0.7925902925497019,0.723083,False Positive
0,0.24708536,0,1,0.16940275038985123,0.26872232326619466,0.75291467,True Negative
1,0.73524034,1,1,0.30475363348512846,0.8086542775040142,0.73524034,True Positive
1,0.50164545,1,1,0.30475363348512846,0.5064868108807346,0.50164545,True Positive
0,0.51100516,1,0,0.1972360207388138,0.5222645378591643,0.51100516,False Positive
0,0.453168,1,0,0.20774148655584407,0.4318011583949375,0.54683197,False Positive
1,0.5276552,1,1,0.3619534853946448,0.5575057224119742,0.5276552,True Positive
1,0.70801085,1,1,0.3619534853946448,0.7883266476442816,0.70801085,True Positive
1,0.7699366,1,1,0.30475363348512846,0.8741774920325028,0.7699366,True Positive
1,0.7267693,1,1,0.30475363348512846,0.797413553551015,0.7267693,True Positive
0,0.20871997,0,1,0.30475363348512846,0.20520155951306873,0.79128003,True Negative
0,0.17263936,0,1,0.30475363348512846,0.12932929190569933,0.82736063,True Negative
0,0.19980101,0,1,0.30475363348512846,0.19371700958503835,0.800199,True Negative
0,0.17002836,0,1,0.30475363348512846,0.11480469503924105,0.8299717,True Negative
0,0.17591785,0,1,0.30475363348512846,0.14433239689868393,0.82408214,True Negative
0,0.16888452,0,1,0.30475363348512846,0.10804368377229193,0.8311155,True Negative
0,0.26733983,0,1,0.30475363348512846,0.27118021734782854,0.7326602,True Negative
0,0.48174432,1,0,0.30475363348512846,0.46835244970440365,0.5182557,False Positive
1,0.48367614,1,1,0.16940275038985123,0.46854913476940746,0.51632386,True Positive
1,0.7353513,1,1,0.30475363348512846,0.8088029912300649,0.7353513,True Positive
0,0.27441156,0,1,0.30475363348512846,0.27819613242955804,0.72558844,True Negative
1,0.38819164,0,0,0.30475363348512846,0.3748224323637506,0.61180836,False Negative
1,0.7309822,1,1,0.30475363348512846,0.8029759805144554,0.7309822,True Positive
0,0.27151635,0,1,0.3619534853946448,0.2690844274646725,0.7284837,True Negative
1,0.77244866,1,1,0.30475363348512846,0.8797155803507553,0.77244866,True Positive
1,0.3724915,0,0,0.30475363348512846,0.36149809992349835,0.6275085,False Negative
1,0.19023858,0,0,0.30475363348512846,0.18053128685617204,0.8097614,False Negative
1,0.49731687,1,1,0.3619534853946448,0.49934131602843357,0.50268316,True Positive
1,0.74411666,1,1,0.30475363348512846,0.8206825111189393,0.74411666,True Positive
1,0.7471192,1,1,0.30475363348512846,0.825687660041757,0.7471192,True Positive
1,0.5883831,1,1,0.3619534853946448,0.6460322300317323,0.5883831,True Positive
0,0.47713888,1,0,0.30475363348512846,0.4595161821124058,0.5228611,False Positive
1,0.2569492,0,0,0.3619534853946448,0.25544364084790727,0.7430508,False Negative
1,0.73614645,1,1,0.30475363348512846,0.8098701183262682,0.73614645,True Positive
1,0.7486898,1,1,0.30475363348512846,0.8289283271495407,0.7486898,True Positive
1,0.45276842,1,1,0.3619534853946448,0.42475895246870055,0.54723155,True Positive
0,0.16951586,0,1,0.30475363348512846,0.11177996195823008,0.83048415,True Negative
1,0.37054706,0,0,0.30475363348512846,0.3598325114490404,0.62945294,False Negative
1,0.733587,1,1,0.30475363348512846,0.8064425476020689,0.733587,True Positive
1,0.7439012,1,1,0.30475363348512846,0.8203874250071775,0.7439012,True Positive
1,0.48016983,1,1,0.30475363348512846,0.4653322332952126,0.51983017,True Positive
0,0.57326204,1,0,0.30475363348512846,0.6185662583550448,0.57326204,False Positive
0,0.5389774,1,0,0.3619534853946448,0.5792901102350282,0.5389774,False Positive
0,0.394232,0,1,0.16940275038985123,0.3849708487044215,0.60576797,True Negative
0,0.30637679,0,1,0.30475363348512846,0.30384783306946955,0.6936232,True Negative
0,0.44843957,0,1,0.3619534853946448,0.421261766776881,0.5515604,True Negative
0,0.38414267,0,1,0.30475363348512846,0.37140622909271664,0.61585736,True Negative
0,0.17996542,0,1,0.30475363348512846,0.16049419266903203,0.82003456,True Negative
1,0.5297781,1,1,0.30475363348512846,0.5604398950094042,0.5297781,True Positive
1,0.76491505,1,1,0.30475363348512846,0.8632323007665157,0.76491505,True Positive
0,0.45417038,1,0,0.30475363348512846,0.42903882317458225,0.54582965,False Positive
0,0.18790744,0,1,0.30475363348512846,0.17616656448555454,0.81209254,True Negative
0,0.58364034,1,0,0.30475363348512846,0.6302850104178885,0.58364034,False Positive
1,0.18707678,0,0,0.30475363348512846,0.1745516058991416,0.8129232,False Negative
1,0.7388547,1,1,0.30475363348512846,0.8135200656434015,0.7388547,True Positive
0,0.335455,0,1,0.16940275038985123,0.33122053725007394,0.664545,True Negative
1,0.75454557,1,1,0.16940275038985123,0.8534373900051776,0.75454557,True Positive
0,0.22726943,0,1,0.30475363348512846,0.22710568848492263,0.7727306,True Negative
0,0.5187583,1,0,0.30475363348512846,0.5392818192701881,0.5187583,False Positive
1,0.74070835,1,1,0.1972360207388138,0.8223719700515111,0.74070835,True Positive
1,0.548234,1,1,0.30475363348512846,0.5861725631062346,0.548234,True Positive
1,0.25874507,0,0,0.16940275038985123,0.27981770083762725,0.7412549,False Negative
1,0.580047,1,1,0.3619534853946448,0.6351200378756829,0.580047,True Positive
0,0.3705834,0,1,0.3619534853946448,0.35671515334692244,0.6294166,True Negative
1,0.58795524,1,1,0.30475363348512846,0.6349249046956879,0.58795524,True Positive
0,0.17998019,0,1,0.30475363348512846,0.16052384497227146,0.82001984,True Negative
1,0.75714016,1,1,0.30475363348512846,0.8466002951026825,0.75714016,True Positive
1,0.7567825,1,1,0.30475363348512846,0.8458440187426509,0.7567825,True Positive
0,0.7070793,1,0,0.30475363348512846,0.7720916220637444,0.7070793,False Positive
0,0.22978511,0,1,0.30475363348512846,0.22996300217649895,0.7702149,True Negative
1,0.7341771,1,1,0.3619534853946448,0.8222913178115069,0.7341771,True Positive
1,0.5100411,1,1,0.30475363348512846,0.5225705389448865,0.5100411,True Positive
0,0.4392385,0,1,0.30475363348512846,0.4169552331136625,0.5607615,True Negative
1,0.19453603,0,0,0.30475363348512846,0.18675628144673373,0.80546397,False Negative
1,0.76998377,1,1,0.30475363348512846,0.8742809878492042,0.76998377,True Positive
1,0.76672417,1,1,0.30475363348512846,0.8671565608819092,0.76672417,True Positive
1,0.7722788,1,1,0.30475363348512846,0.8793398277360263,0.7722788,True Positive
1,0.5318134,1,1,0.30475363348512846,0.5643532541038635,0.5318134,True Positive
1,0.48960233,1,1,0.30475363348512846,0.4834163652813349,0.5103977,True Positive
1,0.5114499,1,1,0.3619534853946448,0.5264156628980404,0.5114499,True Positive
0,0.2067876,0,1,0.30475363348512846,0.20274469569108672,0.7932124,True Negative
1,0.20747969,0,0,0.3619534853946448,0.20076763589849317,0.7925203,False Negative
1,0.52244276,1,1,0.30475363348512846,0.5463510431011993,0.52244276,True Positive
1,0.7655171,1,1,0.30475363348512846,0.8645359379420435,0.7655171,True Positive
0,0.2676006,0,1,0.30475363348512846,0.27146959700607975,0.7323994,True Negative
0,0.3111123,0,1,0.30475363348512846,0.3070644194117361,0.6888877,True Negative
0,0.72406274,1,0,0.20774148655584407,0.7883701066349255,0.72406274,False Positive
0,0.2630794,0,1,0.30475363348512846,0.2664260574228349,0.7369206,True Negative
1,0.22451346,0,0,0.30475363348512846,0.2239496975525387,0.7754865,False Negative
1,0.36691886,0,0,0.30475363348512846,0.35671515334692244,0.63308114,False Negative
0,0.26206416,0,1,0.30475363348512846,0.26528586538286303,0.73793584,True Negative
1,0.7180389,1,1,0.3619534853946448,0.8011143844324694,0.7180389,True Positive
1,0.77508676,1,1,0.30475363348512846,0.8855784173440419,0.77508676,True Positive
1,0.5534746,1,1,0.30475363348512846,0.5929847948583953,0.5534746,True Positive
0,0.403239,0,1,0.30475363348512846,0.3874088254618524,0.596761,True Negative
1,0.6786197,1,1,0.3619534853946448,0.7522407808992234,0.6786197,True Positive
1,0.7613273,1,1,0.30475363348512846,0.8555113004155633,0.7613273,True Positive
0,0.33809546,0,1,0.1972360207388138,0.33369634584467633,0.6619046,True Negative
0,0.36691886,0,1,0.30475363348512846,0.35671515334692244,0.63308114,True Negative
1,0.77982175,1,1,0.30475363348512846,0.896224769172306,0.77982175,True Positive
1,0.74540675,1,1,0.30475363348512846,0.8227546642100163,0.74540675,True Positive
1,0.46917582,1,1,0.3619534853946448,0.4379663629830906,0.5308242,True Positive
1,0.79911965,1,1,0.30475363348512846,0.9414183074211082,0.79911965,True Positive
0,0.22411427,0,1,0.1972360207388138,0.23645374533933367,0.7758857,True Negative
1,0.798072,1,1,0.30475363348512846,0.9388842780488466,0.798072,True Positive
1,0.76661086,1,1,0.30475363348512846,0.866910157870984,0.76661086,True Positive
1,0.560932,1,1,0.3619534853946448,0.6103118765710046,0.560932,True Positive
0,0.4927826,1,0,0.30475363348512846,0.4895098483418684,0.5072174,False Positive
0,0.5447771,1,0,0.16940275038985123,0.5526217764894993,0.5447771,False Positive
1,0.57260966,1,1,0.30475363348512846,0.6177185156672436,0.57260966,True Positive
0,0.20638947,0,1,0.16940275038985123,0.1927495991871388,0.7936105,True Negative
0,0.17753197,0,1,0.30475363348512846,0.1516383920572594,0.82246804,True Negative
1,0.75305605,1,1,0.30475363348512846,0.8380085599808479,0.75305605,True Positive
1,0.47930142,1,1,0.30475363348512846,0.4636662428433017,0.52069855,True Positive
0,0.22472058,0,1,0.16940275038985123,0.23664957789798316,0.7752794,True Negative
1,0.7663622,1,1,0.30475363348512846,0.8663697416554056,0.7663622,True Positive
1,0.7995887,1,1,0.3619534853946448,0.9373552289198617,0.7995887,True Positive
0,0.18790744,0,1,0.30475363348512846,0.17616656448555454,0.81209254,True Negative
0,0.19662671,0,1,0.30475363348512846,0.18953717293213562,0.8033733,True Negative
0,0.47911957,1,0,0.30475363348512846,0.4633172629882809,0.52088046,False Positive
0,0.76321304,1,0,0.30475363348512846,0.8595593822938121,0.76321304,False Positive
1,0.55161273,1,1,0.30475363348512846,0.5905902774399239,0.55161273,True Positive
1,0.7824774,1,1,0.30475363348512846,0.9022679635757599,0.7824774,True Positive
0,0.35445896,0,1,0.16940275038985123,0.3490173184944532,0.6455411,True Negative
1,0.27230078,0,0,0.30475363348512846,0.2761635577882978,0.7276992,False Negative
1,0.48309147,1,1,0.30475363348512846,0.47093598740116915,0.5169085,True Positive
0,0.2576485,0,1,0.30475363348512846,0.2602933173340836,0.74235153,True Negative
1,0.23457146,0,0,0.3619534853946448,0.23230782870649308,0.76542854,False Negative
0,0.7237848,1,0,0.30475363348512846,0.7935054504678555,0.7237848,False Positive
1,0.5534746,1,1,0.30475363348512846,0.5929847948583953,0.5534746,True Positive
1,0.23574826,0,0,0.30475363348512846,0.23664957789798316,0.7642517,False Negative
0,0.36691886,0,1,0.30475363348512846,0.35671515334692244,0.63308114,True Negative
0,0.664185,1,0,0.30475363348512846,0.7201076221612341,0.664185,False Positive
0,0.25652,0,1,0.30475363348512846,0.2590084499516673,0.74347997,True Negative
1,0.5727772,1,1,0.30475363348512846,0.6179362109866774,0.5727772,True Positive
0,0.25206813,0,1,0.30475363348512846,0.25437514597815297,0.74793184,True Negative
0,0.5750643,1,0,0.3619534853946448,0.6286263791905576,0.5750643,False Positive
0,0.29832044,0,1,0.30475363348512846,0.2983109199180939,0.7016796,True Negative
0,0.21381602,0,1,0.3619534853946448,0.20839894420678617,0.78618395,True Negative
1,0.40408677,0,0,0.30475363348512846,0.38811317897956565,0.59591323,False Negative
0,0.2077212,0,1,0.30475363348512846,0.2039338288019795,0.79227877,True Negative
1,0.74437183,1,1,0.3619534853946448,0.836092669448884,0.74437183,True Positive
1,0.7418019,1,1,0.30475363348512846,0.8175200650357907,0.7418019,True Positive
0,0.44929725,0,1,0.30475363348512846,0.425103659836466,0.55070275,True Negative
0,0.2632654,0,1,0.30475363348512846,0.26663463051890696,0.7367346,True Negative
0,0.7509433,1,0,0.30475363348512846,0.8336016705663577,0.7509433,False Positive
0,0.49951556,1,0,0.30475363348512846,0.5024072707518922,0.50048447,False Positive
1,0.21667908,0,0,0.3619534853946448,0.21179298532704693,0.7833209,False Negative
1,0.54250884,1,1,0.30475363348512846,0.5786564839680172,0.54250884,True Positive
0,0.58041286,1,0,0.3619534853946448,0.6355976734321234,0.58041286,False Positive
1,0.5534111,1,1,0.30475363348512846,0.5929030818409294,0.5534111,True Positive
0,0.57557464,1,0,0.3619534853946448,0.6292904920174349,0.57557464,False Positive
1,0.76935446,1,1,0.30475363348512846,0.8729001704907715,0.76935446,True Positive
0,0.3884594,0,1,0.30475363348512846,0.3750479162400936,0.61154056,True Negative
0,0.20067169,0,1,0.30475363348512846,0.194854801617379,0.7993283,True Negative
1,0.7333489,1,1,0.3619534853946448,0.8211851931906488,0.7333489,True Positive
0,0.7491627,1,0,0.30475363348512846,0.8299067234693178,0.7491627,False Positive
0,0.36691886,0,1,0.30475363348512846,0.35671515334692244,0.63308114,True Negative
0,0.48375404,1,0,0.16940275038985123,0.4686930973199104,0.51624596,False Positive
1,0.744315,1,1,0.30475363348512846,0.8209545160866188,0.744315,True Positive
1,0.68127114,1,1,0.30475363348512846,0.7403592852911822,0.68127114,True Positive
0,0.23186412,0,1,0.30475363348512846,0.23230782870649308,0.7681359,True Negative
1,0.24693958,0,0,0.3619534853946448,0.24577577461248887,0.7530604,False Negative
0,0.18884362,0,1,0.1972360207388138,0.14267177192748465,0.8111564,True Negative
0,0.2928459,0,1,0.3619534853946448,0.2871721814888846,0.7071541,True Negative
0,0.23186412,0,1,0.30475363348512846,0.23230782870649308,0.7681359,True Negative
1,0.722278,1,1,0.30475363348512846,0.7915422739527285,0.722278,True Positive
1,0.765423,1,1,0.30475363348512846,0.8643319318721113,0.765423,True Positive
1,0.49771592,1,1,0.30475363348512846,0.4989601652771822,0.50228405,True Positive
1,0.58416736,1,1,0.30475363348512846,0.6308510071094067,0.58416736,True Positive
0,0.3769583,0,1,0.30475363348512846,0.3653108272119698,0.6230417,True Negative
0,0.48878133,1,0,0.3619534853946448,0.4829886900507273,0.51121867,False Positive
1,0.36691886,0,0,0.30475363348512846,0.35671515334692244,0.63308114,False Negative
1,0.2034473,0,0,0.3619534853946448,0.19582129756165528,0.7965527,False Negative
1,0.76504505,1,1,0.30475363348512846,0.8635136285696666,0.76504505,True Positive
0,0.3108186,0,1,0.3619534853946448,0.3007286640773771,0.6891814,True Negative
1,0.7169169,1,1,0.30475363348512846,0.7846098429021853,0.7169169,True Positive
1,0.50329846,1,1,0.30475363348512846,0.5096531574596924,0.50329846,True Positive
0,0.5124943,1,0,0.30475363348512846,0.5272718266557507,0.5124943,False Positive
0,0.3516307,0,1,0.30475363348512846,0.34343109594951926,0.6483693,True Negative
0,0.43084365,0,1,0.30475363348512846,0.4101239328394963,0.56915635,True Negative
1,0.63852334,1,1,0.30475363348512846,0.6906143071697602,0.63852334,True Positive
0,0.38606012,0,1,0.3619534853946448,0.3698771621315865,0.6139399,True Negative
1,0.77239186,1,1,0.30475363348512846,0.879589949956596,0.77239186,True Positive
0,0.17377074,0,1,0.30475363348512846,0.13453199278099576,0.8262293,True Negative
1,0.761551,1,1,0.30475363348512846,0.8559903683527356,0.761551,True Positive
1,0.7270595,1,1,0.20774148655584407,0.7942248004300947,0.7270595,True Positive
0,0.49063677,1,0,0.3619534853946448,0.4865441571757113,0.50936323,False Positive
0,0.73900276,1,0,0.16940275038985123,0.8214552666415635,0.73900276,False Positive
1,0.73198414,1,1,0.30475363348512846,0.8043068843663534,0.73198414,True Positive
0,0.26733983,0,1,0.30475363348512846,0.27118021734782854,0.7326602,True Negative
0,0.55651283,1,0,0.30475363348512846,0.5968963980778655,0.55651283,False Positive
1,0.6671611,1,1,0.3238188371042879,0.7286164745130567,0.6671611,True Positive
0,0.29281473,0,1,0.30475363348512846,0.29444626564387116,0.70718527,True Negative
0,0.34254017,0,1,0.16940275038985123,0.3379103426070321,0.65745986,True Negative
1,0.51930916,1,1,0.3619534853946448,0.5414838536356613,0.51930916,True Positive
0,0.16859667,0,1,0.30475363348512846,0.10633639490248815,0.8314033,True Negative
1,0.7456473,1,1,0.2653792791671143,0.8262429469618194,0.7456473,True Positive
0,0.30930457,0,1,0.30475363348512846,0.3058397303765664,0.6906954,True Negative
0,0.31223482,0,1,0.30475363348512846,0.3078689951173605,0.6877652,True Negative
1,0.5808608,1,1,0.30475363348512846,0.6273035472698633,0.5808608,True Positive
0,0.51792717,1,0,0.30475363348512846,0.5376876673674256,0.51792717,False Positive
0,0.6373519,1,0,0.30475363348512846,0.6892909979483116,0.6373519,False Positive
0,0.5312904,1,0,0.30475363348512846,0.5633473216161068,0.5312904,False Positive
0,0.3480611,0,1,0.3619534853946448,0.3371438390597474,0.6519389,True Negative
0,0.17392844,0,1,0.30475363348512846,0.13525499250485615,0.82607156,True Negative
1,0.7314508,1,1,0.3619534853946448,0.818658419233714,0.7314508,True Positive
1,0.45286992,1,1,0.30475363348512846,0.4279894335175614,0.5471301,True Positive
1,0.55292016,1,1,0.30475363348512846,0.5922715732436191,0.55292016,True Positive
0,0.30413154,0,1,0.30475363348512846,0.30231308486210323,0.6958685,True Negative
0,0.56891024,1,0,0.3619534853946448,0.6206334918099465,0.56891024,False Positive
1,0.5804114,1,1,0.30475363348512846,0.6268219972951309,0.5804114,True Positive
1,0.7588952,1,1,0.30475363348512846,0.8503224750343154,0.7588952,True Positive
0,0.16973794,0,1,0.30475363348512846,0.1130915142631412,0.83026206,True Negative
1,0.73655117,1,1,0.30475363348512846,0.8104138823651136,0.73655117,True Positive
1,0.519732,1,1,0.30475363348512846,0.5411496299412825,0.519732,True Positive
0,0.69430226,1,0,0.30475363348512846,0.7561943227264825,0.69430226,False Positive
0,0.19145438,0,1,0.2653792791671143,0.17573279189260313,0.8085456,True Negative
0,0.34880605,0,1,0.3619534853946448,0.3378000466073015,0.651194,True Negative
0,0.17907609,0,1,0.30475363348512846,0.1580949511429537,0.8209239,True Negative
1,0.49687576,1,1,0.30475363348512846,0.4973507880013859,0.50312424,True Positive
0,0.16979454,0,1,0.30475363348512846,0.11342564423943094,0.83020544,True Negative
1,0.7425087,1,1,0.3619534853946448,0.8335440849662094,0.7425087,True Positive
1,0.5150677,1,1,0.30475363348512846,0.5322046113068692,0.5150677,True Positive
1,0.5663781,1,1,0.30475363348512846,0.6096365254334057,0.5663781,True Positive
0,0.18937369,0,1,0.3619534853946448,0.17752054389794872,0.8106263,True Negative
1,0.36992893,0,0,0.30475363348512846,0.35930231321576894,0.63007104,False Negative
1,0.7366538,1,1,0.30475363348512846,0.8105519886420716,0.7366538,True Positive
1,0.74831,1,1,0.30475363348512846,0.8281436117452897,0.74831,True Positive
0,0.7446219,1,0,0.30475363348512846,0.8214552666415635,0.7446219,False Positive
0,0.44809502,0,1,0.30475363348512846,0.424131678638374,0.551905,True Negative
0,0.5077165,1,0,0.30475363348512846,0.5181165460384027,0.5077165,False Positive
0,0.23186412,0,1,0.30475363348512846,0.23230782870649308,0.7681359,True Negative
0,0.24466935,0,1,0.30475363348512846,0.2464384448518504,0.7553307,True Negative
1,0.79248035,1,1,0.30475363348512846,0.9255233506895435,0.79248035,True Positive
1,0.7339927,1,1,0.30475363348512846,0.8069845074061526,0.7339927,True Positive
0,0.20524226,0,1,0.30475363348512846,0.20076763589849317,0.7947577,True Negative
0,0.17756225,0,1,0.30475363348512846,0.15177499409248235,0.82243776,True Negative
1,0.8037932,1,1,0.30475363348512846,0.9528443930500832,0.8037932,True Positive
1,0.75418305,1,1,0.1972360207388138,0.8501456734716756,0.75418305,True Positive
1,0.70509255,1,1,0.30475363348512846,0.7695937847055291,0.70509255,True Positive
0,0.30431694,0,1,0.30475363348512846,0.3024400520015987,0.69568306,True Negative
0,0.40336803,0,1,0.30475363348512846,0.3875160125473446,0.596632,True Negative
0,0.4916801,1,0,0.30475363348512846,0.4873975111431343,0.5083199,False Positive
0,0.40596405,0,1,0.16940275038985123,0.39531280024392074,0.594036,True Negative
1,0.26095128,0,0,0.30475363348512846,0.26403276917666385,0.7390487,False Negative
1,0.46929777,1,1,0.30475363348512846,0.4412128380353366,0.53070223,True Positive
1,0.748309,1,1,0.30475363348512846,0.8281413904232663,0.748309,True Positive
0,0.37686697,0,1,0.30475363348512846,0.36523304781627147,0.62313306,True Negative
1,0.7678182,1,1,0.30475363348512846,0.8695401202256355,0.7678182,True Positive
0,0.45677352,1,0,0.3619534853946448,0.4279894335175614,0.5432265,False Positive
1,0.7424689,1,1,0.30475363348512846,0.8184294148514472,0.7424689,True Positive
1,0.26733983,0,0,0.30475363348512846,0.27118021734782854,0.7326602,False Negative
0,0.3868332,0,1,0.30475363348512846,0.3736777787890169,0.6131668,True Negative
1,0.7755692,1,1,0.30475363348512846,0.886655783613218,0.7755692,True Positive
1,0.40748572,0,0,0.30475363348512846,0.39093239637743515,0.5925143,False Negative
1,0.5428758,1,1,0.30475363348512846,0.5791378285114662,0.5428758,True Positive
1,0.42450246,0,0,0.30475363348512846,0.4049425939421784,0.5754975,False Negative
1,0.21772301,0,0,0.20774148655584407,0.22137356768853472,0.782277,False Negative
0,0.20485821,0,1,0.30475363348512846,0.20027458479306906,0.7951418,True Negative
1,0.5158106,1,1,0.30475363348512846,0.5336290102123946,0.5158106,True Positive
0,0.23186412,0,1,0.30475363348512846,0.23230782870649308,0.7681359,True Negative
0,0.52763236,1,0,0.30475363348512846,0.5563162318393016,0.52763236,False Positive
0,0.19980101,0,1,0.30475363348512846,0.19371700958503835,0.800199,True Negative
0,0.34872335,0,1,0.3619534853946448,0.3377272414643659,0.65127665,True Negative
1,0.73917115,1,1,0.30475363348512846,0.813948148636907,0.73917115,True Positive
0,0.23856962,0,1,0.16940275038985123,0.2596248577530326,0.7614304,True Negative
0,0.25522318,0,1,0.3619534853946448,0.2537945474063034,0.74477684,True Negative
0,0.24990731,0,1,0.30475363348512846,0.2520735580642509,0.7500927,True Negative
0,0.38233554,0,1,0.30475363348512846,0.3698771621315865,0.61766446,True Negative
1,0.25651756,0,0,0.30475363348512846,0.25900566796039937,0.7434825,False Negative
0,0.27059346,0,1,0.1972360207388138,0.2871721814888846,0.72940654,True Negative
0,0.27301913,0,1,0.30475363348512846,0.2768563951885649,0.72698087,True Negative
0,0.23943846,0,1,0.1972360207388138,0.2567632789793126,0.7605615,True Negative
0,0.5371433,1,0,0.30475363348512846,0.5716259454942711,0.5371433,False Positive
1,0.762659,1,1,0.30475363348512846,0.8583677199283752,0.762659,True Positive
1,0.7346984,1,1,0.30475363348512846,0.8079282979178329,0.7346984,True Positive
0,0.4196551,0,1,0.30475363348512846,0.4009681795342827,0.5803449,True Negative
0,0.41507864,0,1,0.30475363348512846,0.39720427323490926,0.58492136,True Negative
0,0.26598728,0,1,0.30475363348512846,0.2696762177113298,0.7340127,True Negative
1,0.76328915,1,1,0.2653792791671143,0.8633033361110485,0.76328915,True Positive
1,0.7502432,1,1,0.3619534853946448,0.8442052727727725,0.7502432,True Positive
1,0.79155374,1,1,0.30475363348512846,0.9233349683457597,0.79155374,True Positive
1,0.77558124,1,1,0.16940275038985123,0.8989891975082437,0.77558124,True Positive
0,0.704492,1,0,0.1972360207388138,0.7520094086592667,0.704492,False Positive
0,0.73409474,1,0,0.16940275038985123,0.8116154793223421,0.73409474,False Positive
0,0.18258464,0,1,0.30475363348512846,0.1657210620434185,0.81741536,True Negative
0,0.7446219,1,0,0.30475363348512846,0.8214552666415635,0.7446219,False Positive
0,0.19875045,0,1,0.3619534853946448,0.18996691345396075,0.80124956,True Negative
1,0.54367596,1,1,0.3619534853946448,0.5880547478518848,0.54367596,True Positive
0,0.17441034,0,1,0.30475363348512846,0.13746139371088162,0.82558966,True Negative
0,0.7352474,1,0,0.3619534853946448,0.8237240528627217,0.7352474,False Positive
0,0.28430036,0,1,0.30475363348512846,0.2873935840542922,0.7156997,True Negative
1,0.74816185,1,1,0.30475363348512846,0.827837513489436,0.74816185,True Positive
0,0.16127765,0,1,0.30475363348512846,0.06212377999522092,0.83872235,True Negative
0,0.37442368,0,1,0.30475363348512846,0.3631495412322733,0.6255763,True Negative
1,0.77231526,1,1,0.3619534853946448,0.8781600567364563,0.77231526,True Positive
0,0.33415893,0,1,0.30475363348512846,0.32792022011101585,0.6658411,True Negative
1,0.76986563,1,1,0.1972360207388138,0.883797364754794,0.76986563,True Positive
0,0.55602574,1,0,0.16940275038985123,0.5647574370001992,0.55602574,False Positive
1,0.36415598,0,0,0.3619534853946448,0.3511840090326832,0.635844,False Negative
1,0.29533392,0,0,0.30475363348512846,0.2962366320388479,0.7046661,False Negative
1,0.52832884,1,1,0.30475363348512846,0.5576545366217266,0.52832884,True Positive
0,0.4334691,0,1,0.30475363348512846,0.4122637347339722,0.56653094,True Negative
0,0.4489786,0,1,0.3619534853946448,0.42169755506185863,0.5510214,True Negative
1,0.5357325,1,1,0.30475363348512846,0.5697793368910179,0.5357325,True Positive
1,0.3705834,0,0,0.3619534853946448,0.35671515334692244,0.6294166,False Negative
0,0.18009967,0,1,0.30475363348512846,0.16076356865139982,0.81990033,True Negative
0,0.47005215,1,0,0.30475363348512846,0.4431066954160235,0.5299479,False Positive
0,0.20271745,0,1,0.30475363348512846,0.1975136629034402,0.7972826,True Negative
0,0.3868393,0,1,0.30475363348512846,0.373682931755188,0.6131607,True Negative
0,0.39653328,0,1,0.30475363348512846,0.3818201592055581,0.60346675,True Negative
1,0.7421997,1,1,0.30475363348512846,0.8180622025249583,0.7421997,True Positive
0,0.17139354,0,1,0.30475363348512846,0.12282706775410031,0.8286065,True Negative
1,0.7815856,1,1,0.30475363348512846,0.9002327006580576,0.7815856,True Positive
0,0.17196043,0,1,0.30475363348512846,0.1261432170727847,0.8280396,True Negative
1,0.729135,1,1,0.30475363348512846,0.8005302967803731,0.729135,True Positive
0,0.23574826,0,1,0.30475363348512846,0.23664957789798316,0.7642517,True Negative
0,0.48973283,1,0,0.20774148655584407,0.4817236763738418,0.51026714,False Positive
1,0.41944894,0,0,0.30475363348512846,0.4007988770031513,0.580551,False Negative
1,0.72828054,1,1,0.16940275038985123,0.8001076824864934,0.72828054,True Positive
1,0.7732045,1,1,0.30475363348512846,0.8813904393162124,0.7732045,True Positive
0,0.2490688,0,1,0.30475363348512846,0.25117679250163394,0.7509312,True Negative
0,0.30486605,0,1,0.30475363348512846,0.3028158553203687,0.6951339,True Negative
0,0.25001517,0,1,0.3619534853946448,0.24877361282388152,0.74998486,True Negative
0,0.5214966,1,0,0.30475363348512846,0.5445352501288265,0.5214966,False Positive
1,0.48856726,1,1,0.30475363348512846,0.4814329421515014,0.51143277,True Positive
1,0.5263448,1,1,0.30475363348512846,0.553842850131763,0.5263448,True Positive
1,0.758721,1,1,0.30475363348512846,0.8499521998345704,0.758721,True Positive
0,0.26733983,0,1,0.30475363348512846,0.27118021734782854,0.7326602,True Negative
1,0.7480552,1,1,0.30475363348512846,0.8276175253483455,0.7480552,True Positive
0,0.34308645,0,1,0.30475363348512846,0.33589299484747914,0.6569135,True Negative
0,0.36051857,0,1,0.30475363348512846,0.3511840090326832,0.6394814,True Negative
1,0.73165405,1,1,0.3619534853946448,0.8189284349263719,0.73165405,True Positive
0,0.58157086,1,0,0.16940275038985123,0.5924277512190941,0.58157086,False Positive
1,0.78412825,1,1,0.30475363348512846,0.906051464856399,0.78412825,True Positive
1,0.76075363,1,1,0.30475363348512846,0.8542840183109638,0.76075363,True Positive
0,0.1731104,0,1,0.2653792791671143,0.10408907773467838,0.82688963,True Negative
1,0.5262717,1,1,0.30475363348512846,0.5537025057997108,0.5262717,True Positive
0,0.18182997,0,1,0.3619534853946448,0.16707541518205266,0.81817,True Negative
0,0.17933029,0,1,0.30475363348512846,0.1588524328076625,0.8206697,True Negative
1,0.7801495,1,1,0.1972360207388138,0.9067436668748701,0.7801495,True Positive
0,0.20777732,0,1,0.30475363348512846,0.20400517436827928,0.7922227,True Negative
0,0.23402968,0,1,0.30475363348512846,0.23473470358380213,0.76597035,True Negative
1,0.74789244,1,1,0.2653792791671143,0.8308615769621903,0.74789244,True Positive
0,0.438887,0,1,0.30475363348512846,0.4166698075375611,0.561113,True Negative
1,0.23457146,0,0,0.3619534853946448,0.23230782870649308,0.76542854,False Negative
1,0.7637391,1,1,0.16940275038985123,0.8729990461243299,0.7637391,True Positive
1,0.24405827,0,0,0.30475363348512846,0.24577577461248887,0.75594175,False Negative
0,0.16625288,0,1,0.3619534853946448,0.1259175369572347,0.83374715,True Negative
0,0.23848681,0,1,0.3619534853946448,0.23664957789798316,0.7615132,True Negative
1,0.5474894,1,1,0.30475363348512846,0.5851941917873236,0.5474894,True Positive
0,0.18124928,0,1,0.30475363348512846,0.16306360209083362,0.81875074,True Negative
0,0.2586288,0,1,0.30475363348512846,0.2614064572251604,0.7413712,True Negative
0,0.23675449,0,1,0.3619534853946448,0.23473470358380213,0.7632455,True Negative
0,0.3516307,0,1,0.30475363348512846,0.34343109594951926,0.6483693,True Negative
1,0.60480607,1,1,0.2653792791671143,0.6428249340733367,0.60480607,True Positive
0,0.41720325,0,1,0.30475363348512846,0.3989531272214447,0.58279675,True Negative
1,0.7563392,1,1,0.3619534853946448,0.8527637457920165,0.7563392,True Positive
1,0.24405827,0,0,0.30475363348512846,0.24577577461248887,0.75594175,False Negative
0,0.17244194,0,1,0.30475363348512846,0.12841865248431472,0.82755804,True Negative
0,0.4721169,1,0,0.2653792791671143,0.44908352684693326,0.5278831,False Positive
0,0.24683091,0,1,0.30475363348512846,0.24877361282388152,0.75316906,True Negative
1,0.36725783,0,0,0.3619534853946448,0.3538584042302665,0.63274217,False Negative
1,0.19980101,0,0,0.30475363348512846,0.19371700958503835,0.800199,False Negative
0,0.1969513,0,1,0.30475363348512846,0.18996691345396075,0.80304873,True Negative
0,0.27874768,0,1,0.3619534853946448,0.2756843801719336,0.7212523,True Negative
0,0.47430348,1,0,0.16940275038985123,0.4512228948186112,0.5256965,False Positive
1,0.5025023,1,1,0.30475363348512846,0.5081281690135964,0.5025023,True Positive
0,0.17954597,0,1,0.2653792791671143,0.14095474764338656,0.820454,True Negative
1,0.7473909,1,1,0.30475363348512846,0.82624751500458,0.7473909,True Positive
0,0.7474315,1,0,0.1972360207388138,0.8361068931920967,0.7474315,False Positive
0,0.18244553,0,1,0.30475363348512846,0.16544498408714897,0.8175545,True Negative
1,0.74745375,1,1,0.30475363348512846,0.8263769081340049,0.74745375,True Positive
1,0.5282514,1,1,0.30475363348512846,0.5575057224119742,0.5282514,True Positive
0,0.48638728,1,0,0.30475363348512846,0.4772547489263545,0.51361275,False Positive
0,0.21551827,0,1,0.30475363348512846,0.213452373186237,0.78448176,True Negative
1,0.7500528,1,1,0.30475363348512846,0.8317516056112156,0.7500528,True Positive
1,0.7711349,1,1,0.3619534853946448,0.8760529288648659,0.7711349,True Positive
1,0.7593632,1,1,0.30475363348512846,0.8513179829054484,0.7593632,True Positive
1,0.51659745,1,1,0.30475363348512846,0.5351377046624933,0.51659745,True Positive
0,0.697579,1,0,0.30475363348512846,0.7602345494680204,0.697579,False Positive
0,0.5225295,1,0,0.2653792791671143,0.5457288590048042,0.5225295,False Positive
0,0.6151715,1,0,0.1972360207388138,0.636251744686732,0.6151715,False Positive
1,0.23939161,0,0,0.30475363348512846,0.2406774463274685,0.7606084,False Negative
0,0.24072336,0,1,0.3619534853946448,0.23910768303349134,0.7592766,True Negative
0,0.16894403,0,1,0.30475363348512846,0.10839635121270555,0.831056,True Negative
1,0.81260693,1,1,0.3619534853946448,0.9697655296258544,0.81260693,True Positive
1,0.77773565,1,1,0.30475363348512846,0.8915143463096209,0.77773565,True Positive
0,0.5340388,1,0,0.3619534853946448,0.5697798223119618,0.5340388,False Positive
1,0.5527187,1,1,0.16940275038985123,0.5611837339387112,0.5527187,True Positive
1,0.73460644,1,1,0.1972360207388138,0.8101052709859717,0.73460644,True Positive
1,0.74025553,1,1,0.1972360207388138,0.8214552666415635,0.74025553,True Positive
1,0.18124928,0,0,0.30475363348512846,0.16306360209083362,0.81875074,False Negative
1,0.50062907,1,1,0.1972360207388138,0.5023867428107708,0.50062907,True Positive
0,0.19419993,0,1,0.3619534853946448,0.18403654560953023,0.8058001,True Negative
0,0.16901976,0,1,0.3619534853946448,0.13897612793985303,0.83098024,True Negative
1,0.75361717,1,1,0.30475363348512846,0.8391832998705451,0.75361717,True Positive
1,0.7667065,1,1,0.30475363348512846,0.8671182422960589,0.7667065,True Positive
1,0.75609255,1,1,0.30475363348512846,0.8443872464270212,0.75609255,True Positive
0,0.7389442,1,0,0.30475363348512846,0.8136410110147003,0.7389442,False Positive
1,0.7575812,1,1,0.30475363348512846,0.8475338442254473,0.7575812,True Positive
1,0.17762922,0,0,0.3619534853946448,0.1605737943127998,0.82237077,False Negative
0,0.47519848,1,0,0.3619534853946448,0.45299240873846064,0.5248015,False Positive
0,0.7925873,1,0,0.30475363348512846,0.9257762187636394,0.7925873,False Positive
0,0.6878526,1,0,0.30475363348512846,0.7483117921011042,0.6878526,False Positive
1,0.4060464,0,0,0.3619534853946448,0.38659092530686795,0.5939536,False Negative
1,0.73101246,1,1,0.30475363348512846,0.803016139467548,0.73101246,True Positive
1,0.77380013,1,1,0.30475363348512846,0.8827130182523084,0.77380013,True Positive
1,0.3705834,0,0,0.3619534853946448,0.35671515334692244,0.6294166,False Negative
1,0.7011856,1,1,0.3619534853946448,0.7797705486345851,0.7011856,True Positive
1,0.41118884,0,0,0.3619534853946448,0.3908470561911049,0.58881116,False Negative
1,0.73541594,1,1,0.3619534853946448,0.8239499124167153,0.73541594,True Positive
1,0.7344509,1,1,0.3619534853946448,0.8226573885716834,0.7344509,True Positive
0,0.23574826,0,1,0.30475363348512846,0.23664957789798316,0.7642517,True Negative
0,0.18359439,0,1,0.30475363348512846,0.16772049668965905,0.8164056,True Negative
1,0.77123535,1,1,0.30475363348512846,0.8770354562264534,0.77123535,True Positive
0,0.47352272,1,0,0.30475363348512846,0.4518615420325055,0.5264773,False Positive
1,0.7686147,1,1,0.30475363348512846,0.8712801595329118,0.7686147,True Positive
0,0.2440394,0,1,0.30475363348512846,0.24575526415808382,0.7559606,True Negative
0,0.17778966,0,1,0.30475363348512846,0.15279992752537452,0.8222103,True Negative
0,0.45873407,1,0,0.1972360207388138,0.4347717598585369,0.54126596,False Positive
0,0.22909117,0,1,0.30475363348512846,0.22917701938244803,0.77090883,True Negative
0,0.73363924,1,0,0.30475363348512846,0.8065123384073123,0.73363924,False Positive
1,0.50702864,1,1,0.30475363348512846,0.5167987452309113,0.50702864,True Positive
0,0.1719887,0,1,0.30475363348512846,0.12630850752408387,0.8280113,True Negative
0,0.4196551,0,1,0.30475363348512846,0.4009681795342827,0.5803449,True Negative
0,0.24368298,0,1,0.30475363348512846,0.24536822070706282,0.756317,True Negative
1,0.43084365,0,0,0.30475363348512846,0.4101239328394963,0.56915635,False Negative
1,0.7489821,1,1,0.30475363348512846,0.8295329008556575,0.7489821,True Positive
1,0.7691206,1,1,0.30475363348512846,0.8723876013065845,0.7691206,True Positive
0,0.5011077,1,0,0.30475363348512846,0.5054568853307427,0.5011077,False Positive
1,0.47352272,1,1,0.30475363348512846,0.4518615420325055,0.5264773,True Positive
1,0.7133061,1,1,0.30475363348512846,0.77998548529559,0.7133061,True Positive
0,0.7922954,1,0,0.30475363348512846,0.9250858164688021,0.7922954,False Positive
0,0.30780372,0,1,0.30475363348512846,0.3048199538263435,0.69219625,True Negative
0,0.4791208,1,0,0.30475363348512846,0.4633196196088053,0.5208792,False Positive
1,0.5648234,1,1,0.30475363348512846,0.6076244726046477,0.5648234,True Positive
0,0.29698217,0,1,0.3619534853946448,0.29039634359116817,0.70301783,True Negative
0,0.23574826,0,1,0.30475363348512846,0.23664957789798316,0.7642517,True Negative
0,0.18538618,0,1,0.3619534853946448,0.17204021758364463,0.8146138,True Negative
0,0.78268474,1,0,0.30475363348512846,0.9027420635541112,0.78268474,False Positive
1,0.3897147,0,0,0.3619534853946448,0.3729555210270824,0.6102853,False Negative
1,0.5357325,1,1,0.30475363348512846,0.5697793368910179,0.5357325,True Positive
0,0.5171084,1,0,0.30475363348512846,0.5361174396545829,0.5171084,False Positive
1,0.59375405,1,1,0.30475363348512846,0.6411835911702507,0.59375405,True Positive
1,0.7597288,1,1,0.3619534853946448,0.8575856041919993,0.7597288,True Positive
1,0.23574826,0,0,0.30475363348512846,0.23664957789798316,0.7642517,False Negative
1,0.58481574,1,1,0.30475363348512846,0.6315475555156899,0.58481574,True Positive
0,0.45481712,1,0,0.30475363348512846,0.42956054455431875,0.5451829,False Positive
0,0.17705938,0,1,0.3238188371042879,0.15677675316067627,0.8229406,True Negative
0,0.21047041,0,1,0.30475363348512846,0.20741271149348312,0.78952956,True Negative
1,0.39193708,0,0,0.3619534853946448,0.3748224323637506,0.6080629,False Negative
1,0.7066672,1,1,0.30475363348512846,0.7715726855544741,0.7066672,True Positive
0,0.34329543,0,1,0.30475363348512846,0.3360783928365756,0.65670455,True Negative
0,0.2192245,0,1,0.3619534853946448,0.21478340332593304,0.7807755,True Negative
1,0.52439517,1,1,0.30475363348512846,0.5500989624508973,0.52439517,True Positive
1,0.69412446,1,1,0.16940275038985123,0.7353583999264559,0.69412446,True Positive
0,0.50580823,1,0,0.30475363348512846,0.514460661793098,0.50580823,False Positive
1,0.78929746,1,1,0.1972360207388138,0.9278120614770357,0.78929746,True Positive
0,0.41806167,0,1,0.30475363348512846,0.3996590168801842,0.5819383,True Negative
0,0.18244553,0,1,0.30475363348512846,0.16544498408714897,0.8175545,True Negative
0,0.47062406,1,0,0.30475363348512846,0.44475885887688366,0.5293759,False Positive
1,0.7981519,1,1,0.30475363348512846,0.939077343623327,0.7981519,True Positive
1,0.37184766,0,0,0.30475363348512846,0.36094696553752803,0.6281524,False Negative
0,0.22230572,0,1,0.3619534853946448,0.21837001922837365,0.7776943,True Negative
1,0.19980101,0,0,0.30475363348512846,0.19371700958503835,0.800199,False Negative
1,0.7331307,1,1,0.3619534853946448,0.8208941786306228,0.7331307,True Positive
0,0.18110618,0,1,0.30475363348512846,0.1627779031768731,0.8188938,True Negative
0,0.38310936,0,1,0.30475363348512846,0.37053226107239695,0.61689067,True Negative
1,0.7491817,1,1,0.2653792791671143,0.8335261333508832,0.7491817,True Positive
1,0.40336803,0,0,0.30475363348512846,0.3875160125473446,0.596632,False Negative
0,0.39513737,0,1,0.30475363348512846,0.3806527514338368,0.60486263,True Negative
0,0.2507188,0,1,0.30475363348512846,0.2529394601803948,0.74928117,True Negative
1,0.23997594,0,0,0.30475363348512846,0.24131952130856876,0.7600241,False Negative
1,0.7247884,1,1,0.30475363348512846,0.7948166710383512,0.7247884,True Positive
0,0.2586288,0,1,0.30475363348512846,0.2614064572251604,0.7413712,True Negative
0,0.17392844,0,1,0.30475363348512846,0.13525499250485615,0.82607156,True Negative
0,0.40748572,0,1,0.30475363348512846,0.39093239637743515,0.5925143,True Negative
1,0.5369689,1,1,0.30475363348512846,0.5713976593732821,0.5369689,True Positive
0,0.58795524,1,0,0.30475363348512846,0.6349249046956879,0.58795524,False Positive
0,0.20067169,0,1,0.30475363348512846,0.194854801617379,0.7993283,True Negative
1,0.71358335,1,1,0.30475363348512846,0.7803393050003836,0.71358335,True Positive
0,0.28062856,0,1,0.30475363348512846,0.2841271208966969,0.71937144,True Negative
1,0.7468305,1,1,0.3619534853946448,0.8394747592644963,0.7468305,True Positive
0,0.25107744,0,1,0.30475363348512846,0.2533215542681718,0.7489226,True Negative
0,0.19603872,0,1,0.30475363348512846,0.1887573391887991,0.8039613,True Negative
1,0.35308108,0,0,0.30475363348512846,0.3447022048152974,0.6469189,False Negative
1,0.23916154,0,0,0.30475363348512846,0.24042433104897462,0.76083845,False Negative
0,0.1629593,0,1,0.3619534853946448,0.11014429737343709,0.83704066,True Negative
0,0.2528257,0,1,0.30475363348512846,0.25517901923585196,0.74717426,True Negative
1,0.25804976,0,0,0.30475363348512846,0.2607492712467906,0.7419503,False Negative
0,0.18110618,0,1,0.30475363348512846,0.1627779031768731,0.8188938,True Negative
1,0.74565303,1,1,0.30475363348512846,0.8231629742113998,0.74565303,True Positive
1,0.26740828,0,0,0.3619534853946448,0.26528586538286303,0.73259175,False Negative
0,0.17244194,0,1,0.30475363348512846,0.12841865248431472,0.82755804,True Negative
1,0.70766056,1,1,0.30475363348512846,0.7728242843896759,0.70766056,True Positive
0,0.23574826,0,1,0.30475363348512846,0.23664957789798316,0.7642517,True Negative
0,0.77347994,1,0,0.30475363348512846,0.8820017441412353,0.77347994,False Positive
1,0.6932873,1,1,0.3619534853946448,0.7700081349802574,0.6932873,True Positive
1,0.7486267,1,1,0.3619534853946448,0.8419591417131904,0.7486267,True Positive
1,0.18581893,0,0,0.1972360207388138,0.1261432170727847,0.8141811,False Negative
1,0.4903144,1,1,0.3619534853946448,0.4859263797772316,0.50968564,True Positive
1,0.7732045,1,1,0.30475363348512846,0.8813904393162124,0.7732045,True Positive
1,0.74885416,1,1,0.30475363348512846,0.8292682348603883,0.74885416,True Positive
0,0.24384613,0,1,0.30475363348512846,0.24554543449596725,0.7561539,True Negative
0,0.41987678,0,1,0.30475363348512846,0.40115021373837506,0.5801232,True Negative
0,0.40788335,0,1,0.3619534853946448,0.38811317897956565,0.59211665,True Negative
0,0.25282574,0,1,0.30475363348512846,0.25517901923585196,0.74717426,True Negative
1,0.50663835,1,1,0.30475363348512846,0.5160509608841026,0.50663835,True Positive
1,0.7208148,1,1,0.30475363348512846,0.7896421831623097,0.7208148,True Positive
0,0.34059283,0,1,0.16940275038985123,0.3360783928365756,0.65940714,True Negative
0,0.50523746,1,0,0.30475363348512846,0.5133673673802738,0.50523746,False Positive
1,0.3437037,0,0,0.3619534853946448,0.33329193630271,0.6562963,False Negative
0,0.23519547,0,1,0.30475363348512846,0.23603474151389126,0.76480454,True Negative
0,0.52165973,1,0,0.30475363348512846,0.544848296863087,0.52165973,False Positive
1,0.74131644,1,1,0.1972360207388138,0.8236045649759484,0.74131644,True Positive
1,0.4022553,0,0,0.30475363348512846,0.38659092530686795,0.5977447,False Negative
1,0.41110215,0,0,0.3619534853946448,0.3907754301391192,0.5888978,False Negative
1,0.73978233,1,1,0.3619534853946448,0.8298361857088005,0.73978233,True Positive
1,0.7708617,1,1,0.30475363348512846,0.876212053983621,0.7708617,True Positive
0,0.4907719,1,0,0.3619534853946448,0.48680306679739976,0.5092281,False Positive
1,0.75637496,1,1,0.30475363348512846,0.844983131780242,0.75637496,True Positive
0,0.25800908,0,1,0.30475363348512846,0.26070307859873676,0.7419909,True Negative
0,0.6015065,1,0,0.30475363348512846,0.6495952770582966,0.6015065,False Positive
1,0.7492173,1,1,0.30475363348512846,0.830019691866965,0.7492173,True Positive
1,0.7713993,1,1,0.30475363348512846,0.877396976802778,0.7713993,True Positive
1,0.28041863,0,0,0.30475363348512846,0.28392818794649377,0.71958137,False Negative
1,0.3963776,0,0,0.30475363348512846,0.3816900372888263,0.60362244,False Negative
1,0.34412527,0,0,0.30475363348512846,0.33681413171851377,0.6558747,False Negative
1,0.2222705,0,0,0.1972360207388138,0.23230782870649308,0.7777295,False Negative
1,0.753868,1,1,0.30475363348512846,0.839708984811235,0.753868,True Positive
0,0.78363353,1,0,0.30475363348512846,0.904915541488561,0.78363353,False Positive
1,0.23399435,0,0,0.16940275038985123,0.2533215542681718,0.76600564,False Negative
1,0.38819164,0,0,0.30475363348512846,0.3748224323637506,0.61180836,False Negative
1,0.25469318,0,0,0.3619534853946448,0.2532866929441217,0.74530685,False Negative
0,0.17670421,0,1,0.3619534853946448,0.15887216794115308,0.8232958,True Negative
0,0.5593996,1,0,0.30475363348512846,0.600617961875063,0.5593996,False Positive
1,0.76265997,1,1,0.30475363348512846,0.8583698441024494,0.76265997,True Positive
0,0.20413645,0,1,0.30475363348512846,0.19934613266202822,0.79586357,True Negative
1,0.25037962,0,0,0.30475363348512846,0.2525777381733737,0.7496204,False Negative
0,0.25065687,0,1,0.30475363348512846,0.25287340922846074,0.74934316,True Negative
1,0.7866063,1,1,0.30475363348512846,0.9117705465140896,0.7866063,True Positive
1,0.73452115,1,1,0.3619534853946448,0.8227514676437483,0.73452115,True Positive
0,0.74591935,1,0,0.30475363348512846,0.8236045649759484,0.74591935,False Positive
0,0.36451966,0,1,0.30475363348512846,0.3546465860250231,0.63548034,True Negative
0,0.27379987,0,1,0.3619534853946448,0.27118021734782854,0.7262001,True Negative
0,0.16242075,0,1,0.30475363348512846,0.06913381642346947,0.83757925,True Negative
1,0.51436555,1,1,0.30475363348512846,0.5308585168742703,0.51436555,True Positive
0,0.23670398,0,1,0.2508911477913881,0.24493883612343093,0.763296,True Negative
0,0.34959704,0,1,0.30475363348512846,0.3416447137814739,0.65040296,True Negative
1,0.2252266,0,0,0.30475363348512846,0.22476896308119743,0.7747734,False Negative
1,0.72350746,1,1,0.3619534853946448,0.8082039791716805,0.72350746,True Positive
1,0.75712454,1,1,0.30475363348512846,0.8465673413115483,0.75712454,True Positive
0,0.50932324,1,0,0.3619534853946448,0.5223405083957318,0.50932324,False Positive
1,0.19061102,0,0,0.3619534853946448,0.17920304848628274,0.809389,False Negative
1,0.75668144,1,1,0.3619534853946448,0.8532485877435082,0.75668144,True Positive
0,0.4925274,1,0,0.30475363348512846,0.4890209192783429,0.50747263,False Positive
1,0.77611434,1,1,0.3619534853946448,0.8849948133622,0.77611434,True Positive
0,0.23574826,0,1,0.30475363348512846,0.23664957789798316,0.7642517,True Negative
1,0.2586288,0,0,0.30475363348512846,0.2614064572251604,0.7413712,False Negative
1,0.7496771,1,1,0.30475363348512846,0.8309724534451822,0.7496771,True Positive
1,0.7218864,1,1,0.3619534853946448,0.8060934250540038,0.7218864,True Positive
1,0.60237527,1,1,0.30475363348512846,0.6505412821744654,0.60237527,True Positive
0,0.4022553,0,1,0.30475363348512846,0.38659092530686795,0.5977447,True Negative
0,0.7564278,1,0,0.30475363348512846,0.8450948729086443,0.7564278,False Positive
0,0.36448163,0,1,0.30475363348512846,0.35461377300823627,0.6355184,True Negative
0,0.7593239,1,0,0.30475363348512846,0.8512344385238239,0.7593239,False Positive
0,0.5135031,1,0,0.30475363348512846,0.5292052959625136,0.5135031,False Positive
1,0.7136333,1,1,0.30475363348512846,0.7804030035571208,0.7136333,True Positive
0,0.25282574,0,1,0.30475363348512846,0.25517901923585196,0.74717426,True Negative
1,0.7836106,1,1,0.30475363348512846,0.9048628583761944,0.7836106,True Positive
0,0.47860554,1,0,0.30475363348512846,0.4623309150515201,0.5213945,False Positive
1,0.5163452,1,1,0.30475363348512846,0.534653952617226,0.5163452,True Positive
0,0.29697016,0,1,0.30475363348512846,0.29737455391032425,0.7030299,True Negative
1,0.7786399,1,1,0.30475363348512846,0.8935524368038471,0.7786399,True Positive
1,0.563205,1,1,0.3619534853946448,0.6132481868438715,0.563205,True Positive
1,0.7671739,1,1,0.30475363348512846,0.8681354090149275,0.7671739,True Positive
1,0.19784406,0,0,0.30475363348512846,0.19114609700467994,0.802156,False Negative
1,0.7340281,1,1,0.30475363348512846,0.8070318313178735,0.7340281,True Positive
0,0.21215734,0,1,0.3619534853946448,0.2064174422454157,0.78784263,True Negative
1,0.62431854,1,1,0.16940275038985123,0.6390508915251449,0.62431854,True Positive
0,0.18891336,0,1,0.30475363348512846,0.17811490243499833,0.81108665,True Negative
1,0.757236,1,1,0.30475363348512846,0.846803179876567,0.757236,True Positive
0,0.7344799,1,0,0.16940275038985123,0.8123834193409912,0.7344799,False Positive
0,0.76382387,1,0,0.16940275038985123,0.8731818463594908,0.76382387,False Positive
1,0.771572,1,1,0.30475363348512846,0.8777780247230598,0.771572,True Positive
0,0.51208484,1,0,0.3619534853946448,0.527632593117253,0.51208484,False Positive
1,0.4620632,1,1,0.30475363348512846,0.43539775143603376,0.5379368,True Positive
1,0.24384613,0,0,0.30475363348512846,0.24554543449596725,0.7561539,False Negative
0,0.5727772,1,0,0.30475363348512846,0.6179362109866774,0.5727772,False Positive
1,0.74599963,1,1,0.30475363348512846,0.82373792152253,0.74599963,True Positive
1,0.25682786,0,0,0.30475363348512846,0.2593593226558938,0.74317217,False Negative
0,0.23796712,0,1,0.30475363348512846,0.23910768303349134,0.76203287,True Negative
1,0.5420666,1,1,0.30475363348512846,0.578076475096448,0.5420666,True Positive
0,0.53538716,1,0,0.30475363348512846,0.5693273473769228,0.53538716,False Positive
0,0.23796712,0,1,0.30475363348512846,0.23910768303349134,0.76203287,True Negative
0,0.5298903,1,0,0.30475363348512846,0.5606554689142065,0.5298903,False Positive
0,0.27670732,0,1,0.30475363348512846,0.2803958351444254,0.7232927,True Negative
0,0.3330077,0,1,0.30475363348512846,0.3268845502215125,0.6669923,True Negative
0,0.4963654,1,0,0.30475363348512846,0.4963732116444449,0.5036346,False Positive
1,0.75016415,1,1,0.30475363348512846,0.8319826024044856,0.75016415,True Positive
1,0.28187057,0,0,0.30475363348512846,0.2853023245394429,0.7181294,False Negative
1,0.7266524,1,1,0.30475363348512846,0.7972600442848833,0.7266524,True Positive
0,0.19725382,0,1,0.16940275038985123,0.16035547365587638,0.8027462,True Negative
1,0.48645186,1,1,0.30475363348512846,0.47737854095539545,0.51354814,True Positive
0,0.26586655,0,1,0.30475363348512846,0.26954170286162876,0.7341335,True Negative
0,0.23574826,0,1,0.30475363348512846,0.23664957789798316,0.7642517,True Negative
1,0.26733983,0,0,0.30475363348512846,0.27118021734782854,0.7326602,False Negative
1,0.35147187,0,0,0.30475363348512846,0.3432917701397486,0.6485281,False Negative
1,0.6147368,1,1,0.30475363348512846,0.664081423770268,0.6147368,True Positive
0,0.26685485,0,1,0.30475363348512846,0.27064152094821375,0.7331451,True Negative
0,0.68791103,1,0,0.1972360207388138,0.724913705104334,0.68791103,False Positive
0,0.3418583,0,1,0.30475363348512846,0.33480219851063797,0.65814173,True Negative
0,0.19779994,0,1,0.30475363348512846,0.19108789954292246,0.8022001,True Negative
0,0.43084365,0,1,0.30475363348512846,0.4101239328394963,0.56915635,True Negative
0,0.5762154,1,0,0.30475363348512846,0.6223326694639365,0.5762154,False Positive
1,0.73991776,1,1,0.3619534853946448,0.830019691866965,0.73991776,True Positive
0,0.58444524,1,0,0.3619534853946448,0.6408696175245951,0.58444524,False Positive
0,0.2077212,0,1,0.30475363348512846,0.2039338288019795,0.79227877,True Negative
0,0.17369454,0,1,0.30475363348512846,0.1341824102991181,0.82630545,True Negative
1,0.6316911,1,1,0.30475363348512846,0.6829220037079365,0.6316911,True Positive
1,0.34790367,0,0,0.3619534853946448,0.33700506113301554,0.65209633,False Negative
1,0.5353571,1,1,0.30475363348512846,0.5692880553308745,0.5353571,True Positive
0,0.6304928,1,0,0.30475363348512846,0.68157914670177,0.6304928,False Positive
0,0.23519547,0,1,0.30475363348512846,0.23603474151389126,0.76480454,True Negative
1,0.7196522,1,1,0.30475363348512846,0.7881367039315559,0.7196522,True Positive
1,0.18712592,0,0,0.30475363348512846,0.1746473191906366,0.8128741,False Negative
1,0.7695744,1,1,0.3619534853946448,0.8732789412241642,0.7695744,True Positive
1,0.6854738,1,1,0.2653792791671143,0.7350600698877049,0.6854738,True Positive
1,0.4010358,0,0,0.30475363348512846,0.38557602657380885,0.5989642,False Negative
1,0.7339927,1,1,0.30475363348512846,0.8069845074061526,0.7339927,True Positive
1,0.7516934,1,1,0.30475363348512846,0.8351633266159101,0.7516934,True Positive
0,0.76756275,1,0,0.30475363348512846,0.8689828169484131,0.76756275,False Positive
0,0.7823626,1,0,0.30475363348512846,0.9020056177642263,0.7823626,False Positive
1,0.6124071,1,1,0.30475363348512846,0.6615176545860556,0.6124071,True Positive
1,0.21876839,0,0,0.30475363348512846,0.21728094302614953,0.78123164,False Negative
1,0.66363704,1,1,0.30475363348512846,0.7194668600772566,0.66363704,True Positive
0,0.1728143,0,1,0.3619534853946448,0.1516383920572594,0.8271857,True Negative
0,0.18138596,0,1,0.16940275038985123,0.0812128042923964,0.818614,True Negative
1,0.38018957,0,0,0.16940275038985123,0.3724489838768804,0.61981046,False Negative
0,0.26606172,0,1,0.3619534853946448,0.26403276917666385,0.7339383,True Negative
1,0.4060464,0,0,0.3619534853946448,0.38659092530686795,0.5939536,False Negative
1,0.76243365,1,1,0.30475363348512846,0.8578834932491161,0.76243365,True Positive
1,0.23186412,0,0,0.30475363348512846,0.23230782870649308,0.7681359,False Negative
0,0.22993635,0,1,0.30475363348512846,0.23013409018478506,0.77006364,True Negative
0,0.52502906,1,0,0.30475363348512846,0.5513160396367769,0.52502906,False Positive
1,0.25800908,0,0,0.30475363348512846,0.26070307859873676,0.7419909,False Negative
1,0.3635914,0,0,0.3619534853946448,0.3506962031273268,0.63640857,False Negative
1,0.7192733,1,1,0.16940275038985123,0.7825800824715754,0.7192733,True Positive
1,0.52488285,1,1,0.30475363348512846,0.5510353550113692,0.52488285,True Positive
0,0.19084825,0,1,0.16940275038985123,0.13318801294213714,0.80915177,True Negative
0,0.47062406,1,0,0.30475363348512846,0.44475885887688366,0.5293759,False Positive
1,0.751302,1,1,0.30475363348512846,0.8343480976843823,0.751302,True Positive
0,0.47324598,1,0,0.16940275038985123,0.44926613546035754,0.526754,False Positive
0,0.49750698,1,0,0.30475363348512846,0.4985598891711664,0.502493,False Positive
1,0.7420936,1,1,0.30475363348512846,0.8179175886314611,0.7420936,True Positive
1,0.34961852,0,0,0.1972360207388138,0.3445025450614217,0.65038145,False Negative
0,0.4767659,1,0,0.3619534853946448,0.4575150734324039,0.5232341,False Positive
0,0.68998706,1,0,0.30475363348512846,0.750910339158608,0.68998706,False Positive
0,0.2586288,0,1,0.30475363348512846,0.2614064572251604,0.7413712,True Negative
0,0.47412238,1,0,0.30475363348512846,0.45320363828060917,0.5258776,False Positive
0,0.5568944,1,0,0.30475363348512846,0.5973880579233537,0.5568944,False Positive
0,0.28790718,0,1,0.30475363348512846,0.29039634359116817,0.7120928,True Negative
0,0.17345545,0,1,0.30475363348512846,0.13308474077514346,0.8265445,True Negative
1,0.32833636,0,0,0.30475363348512846,0.3226633127607196,0.67166364,False Negative
1,0.7610251,1,1,0.30475363348512846,0.8548644826751893,0.7610251,True Positive
1,0.753451,1,1,0.30475363348512846,0.838835216418588,0.753451,True Positive
0,0.22993635,0,1,0.30475363348512846,0.23013409018478506,0.77006364,True Negative
1,0.77480847,1,1,0.30475363348512846,0.8849575799909952,0.77480847,True Positive
1,0.5811367,1,1,0.30475363348512846,0.6275992224749297,0.5811367,True Positive
1,0.5442952,1,1,0.30475363348512846,0.5810000475434457,0.5442952,True Positive
1,0.709208,1,1,0.1972360207388138,0.7608633293326211,0.709208,True Positive
0,0.39169186,0,1,0.30475363348512846,0.3777651753610705,0.60830814,True Negative
1,0.7312418,1,1,0.3619534853946448,0.8183808116527135,0.7312418,True Positive
1,0.726655,1,1,0.16940275038985123,0.7969181961653476,0.726655,True Positive
0,0.74021596,1,0,0.30475363348512846,0.8153639376657094,0.74021596,False Positive
0,0.4768418,1,0,0.3619534853946448,0.4577340442978528,0.5231582,False Positive
0,0.49845025,1,0,0.30475363348512846,0.500366673499583,0.5015497,False Positive
0,0.29174468,0,1,0.30475363348512846,0.2935666411718339,0.7082553,True Negative
0,0.21801068,0,1,0.16940275038985123,0.22234045664130908,0.78198934,True Negative
0,0.5955701,1,0,0.30475363348512846,0.643149362926793,0.5955701,False Positive
1,0.7499535,1,1,0.30475363348512846,0.8315454758535606,0.7499535,True Positive
1,0.7551402,1,1,0.30475363348512846,0.8423808377394324,0.7551402,True Positive
0,0.75708497,1,0,0.1972360207388138,0.8562593286220839,0.75708497,False Positive
1,0.727594,1,1,0.1972360207388138,0.796228404485502,0.727594,True Positive
1,0.46608344,1,1,0.3619534853946448,0.4354820830304221,0.5339166,True Positive
0,0.4177812,0,1,0.30475363348512846,0.39942841919135674,0.58221877,True Negative
1,0.7944164,1,1,0.2653792791671143,0.9336989113414628,0.7944164,True Positive
0,0.4761791,1,0,0.30475363348512846,0.457673750400188,0.5238209,False Positive
0,0.18940365,0,1,0.30475363348512846,0.1790616399863789,0.81059635,True Negative
0,0.16859667,0,1,0.30475363348512846,0.10633639490248815,0.8314033,True Negative
1,0.2509145,0,0,0.3619534853946448,0.2496455330977492,0.7490855,False Negative
1,0.5546135,1,1,0.30475363348512846,0.5944504437939525,0.5546135,True Positive
0,0.520044,1,0,0.30475363348512846,0.5417481545544705,0.520044,False Positive
1,0.25282574,0,0,0.30475363348512846,0.25517901923585196,0.74717426,False Negative
0,0.6456765,1,0,0.30475363348512846,0.6987357749111666,0.6456765,False Positive
0,0.23574826,0,1,0.30475363348512846,0.23664957789798316,0.7642517,True Negative
1,0.23574826,0,0,0.30475363348512846,0.23664957789798316,0.7642517,False Negative
1,0.5226367,1,1,0.30475363348512846,0.546723332979263,0.5226367,True Positive
1,0.7804365,1,1,0.30475363348512846,0.8976192081471575,0.7804365,True Positive
1,0.7529567,1,1,0.30475363348512846,0.8378007950680547,0.7529567,True Positive
1,0.27763066,0,0,0.30475363348512846,0.2812773659815351,0.7223693,False Negative
1,0.75689363,1,1,0.30475363348512846,0.8460788581988393,0.75689363,True Positive
1,0.7466574,1,1,0.30475363348512846,0.8248303585190264,0.7466574,True Positive
1,0.56254494,1,1,0.30475363348512846,0.604678859206005,0.56254494,True Positive
1,0.25375825,0,0,0.30475363348512846,0.2561049941351035,0.74624175,False Negative
1,0.7325467,1,1,0.3619534853946448,0.8201158595361732,0.7325467,True Positive
1,0.73405063,1,1,0.30475363348512846,0.8070619959557174,0.73405063,True Positive
0,0.34023535,0,1,0.30475363348512846,0.3333578865012852,0.65976465,True Negative
1,0.53403234,1,1,0.3619534853946448,0.5697675640525559,0.53403234,True Positive
0,0.23247549,0,1,0.3619534853946448,0.22996300217649895,0.7675245,True Negative
0,0.17286004,0,1,0.30475363348512846,0.13034619746341022,0.82714,True Negative
1,0.5285493,1,1,0.30475363348512846,0.5580782548777641,0.5285493,True Positive
0,0.252745,0,1,0.30475363348512846,0.255093486481234,0.74725497,True Negative
1,0.7761862,1,1,0.30475363348512846,0.8880361513296066,0.7761862,True Positive
0,0.2604112,0,1,0.30475363348512846,0.2634234094067763,0.7395888,True Negative
0,0.5982239,1,0,0.1972360207388138,0.6177185156672436,0.5982239,False Positive
0,0.2600654,0,1,0.3619534853946448,0.2584027053976808,0.73993456,True Negative
0,0.2761402,0,1,0.30475363348512846,0.27985350395463743,0.7238598,True Negative
0,0.41507864,0,1,0.30475363348512846,0.39720427323490926,0.58492136,True Negative
0,0.4933811,1,0,0.3619534853946448,0.4918020331450824,0.50661886,False Positive
1,0.38819164,0,0,0.30475363348512846,0.3748224323637506,0.61180836,False Negative
1,0.47412238,1,1,0.30475363348512846,0.45320363828060917,0.5258776,True Positive
0,0.24768136,0,1,0.16940275038985123,0.26929784976384147,0.7523186,True Negative
1,0.7200814,1,1,0.30475363348512846,0.7886920020660755,0.7200814,True Positive
1,0.5502776,1,1,0.30475363348512846,0.5888593806422227,0.5502776,True Positive
1,0.24178816,0,0,0.30475363348512846,0.24330405442884243,0.75821185,False Negative
1,0.76118374,1,1,0.30475363348512846,0.8552040714161682,0.76118374,True Positive
0,0.74252397,1,0,0.30475363348512846,0.8185045848889289,0.74252397,False Positive
0,0.17847542,0,1,0.30475363348512846,0.15588453321621804,0.82152456,True Negative
0,0.5282514,1,0,0.30475363348512846,0.5575057224119742,0.5282514,False Positive
1,0.7834836,1,1,0.30475363348512846,0.9045716751922697,0.7834836,True Positive
1,0.71851367,1,1,0.30475363348512846,0.7866661727228318,0.71851367,True Positive
1,0.39653572,0,0,0.30475363348512846,0.38182217414356723,0.60346425,False Negative
0,0.53122604,1,0,0.30475363348512846,0.5632235925211887,0.53122604,False Positive
1,0.38819164,0,0,0.30475363348512846,0.3748224323637506,0.61180836,False Negative
0,0.41412902,0,1,0.3619534853946448,0.39327323305976275,0.585871,True Negative
0,0.19258705,0,1,0.30475363348512846,0.18414340795833012,0.807413,True Negative
1,0.7707895,1,1,0.30475363348512846,0.8760529288648659,0.7707895,True Positive
1,0.36691886,0,0,0.30475363348512846,0.35671515334692244,0.63308114,False Negative
1,0.75816584,1,1,0.30475363348512846,0.8487733156988969,0.75816584,True Positive
0,0.74355173,1,0,0.3619534853946448,0.8349693852897354,0.74355173,False Positive
1,0.71511817,1,1,0.3619534853946448,0.7973621702394932,0.71511817,True Positive
0,0.5269295,1,0,0.16940275038985123,0.5334627019324704,0.5269295,False Positive
1,0.7470871,1,1,0.30475363348512846,0.8256216985803057,0.7470871,True Positive
1,0.50153947,1,1,0.3619534853946448,0.5074292953874102,0.50153947,True Positive
1,0.5286783,1,1,0.30475363348512846,0.5583261865046553,0.5286783,True Positive
0,0.25598907,0,1,0.30475363348512846,0.2584027053976808,0.7440109,True Negative
0,0.40591466,0,1,0.30475363348512846,0.38963023551426507,0.59408534,True Negative
0,0.25651756,0,1,0.30475363348512846,0.25900566796039937,0.7434825,True Negative
1,0.7731284,1,1,0.3619534853946448,0.8796160621906024,0.7731284,True Positive
0,0.16418634,0,1,0.30475363348512846,0.07988372606180566,0.83581364,True Negative
0,0.7680966,1,0,0.30475363348512846,0.8701477735113293,0.7680966,False Positive
0,0.20266624,0,1,0.3619534853946448,0.194854801617379,0.7973338,True Negative
1,0.76136917,1,1,0.30475363348512846,0.8556008312069798,0.76136917,True Positive
0,0.38819164,0,1,0.30475363348512846,0.3748224323637506,0.61180836,True Negative
1,0.521876,1,1,0.30475363348512846,0.5452633540120844,0.521876,True Positive
1,0.6583421,1,1,0.3619534853946448,0.7283619692220674,0.6583421,True Positive
1,0.2955735,0,0,0.30475363348512846,0.2964034542651301,0.7044265,False Negative
0,0.26058516,0,1,0.16940275038985123,0.281412591853154,0.7394148,True Negative
0,0.1920747,0,1,0.30475363348512846,0.1834050831533114,0.8079253,True Negative
0,0.55884933,1,0,0.3619534853946448,0.6076244726046477,0.55884933,False Positive
1,0.5743831,1,1,0.30475363348512846,0.6200239034379268,0.5743831,True Positive
1,0.7597568,1,1,0.2653792791671143,0.8557366348400247,0.7597568,True Positive
1,0.4587234,1,1,0.3619534853946448,0.42956054455431875,0.5412766,True Positive
0,0.19295312,0,1,0.30475363348512846,0.18463574131610053,0.8070469,True Negative
0,0.19192502,0,1,0.16940275038985123,0.13897612793985303,0.80807495,True Negative
0,0.42217982,0,1,0.2653792791671143,0.4052071200411476,0.5778202,True Negative
1,0.7642932,1,1,0.30475363348512846,0.8618882466469,0.7642932,True Positive
0,0.49989015,1,0,0.30475363348512846,0.5031246482160014,0.50010985,False Positive
0,0.61150396,1,0,0.3619534853946448,0.6755858212259027,0.61150396,False Positive
1,0.16793913,0,0,0.3619534853946448,0.1338964604938491,0.8320609,False Negative
0,0.36691886,0,1,0.30475363348512846,0.35671515334692244,0.63308114,True Negative
1,0.570927,1,1,0.3619534853946448,0.6232497781584336,0.570927,True Positive
1,0.7729567,1,1,0.1972360207388138,0.890616803340092,0.7729567,True Positive
0,0.17230546,0,1,0.30475363348512846,0.12778863979177965,0.82769454,True Negative
1,0.7500969,1,1,0.30475363348512846,0.8318430271830451,0.7500969,True Positive
1,0.5593996,1,1,0.30475363348512846,0.600617961875063,0.5593996,True Positive
0,0.20067169,0,1,0.30475363348512846,0.194854801617379,0.7993283,True Negative
1,0.7705815,1,1,0.3619534853946448,0.8750676145619446,0.7705815,True Positive
1,0.47279003,1,1,0.3619534853946448,0.4460403358442835,0.52721,True Positive
1,0.39413977,0,0,0.16940275038985123,0.38488914527315554,0.60586023,False Negative
0,0.65976655,1,0,0.30475363348512846,0.7149556159130147,0.65976655,False Positive
1,0.19980101,0,0,0.30475363348512846,0.19371700958503835,0.800199,False Negative
0,0.47518703,1,0,0.30475363348512846,0.4555862086406067,0.52481294,False Positive
1,0.6727901,1,1,0.3619534853946448,0.7452994513360058,0.6727901,True Positive
1,0.7358968,1,1,0.30475363348512846,0.8095348954676108,0.7358968,True Positive
1,0.5371433,1,1,0.30475363348512846,0.5716259454942711,0.5371433,True Positive
0,0.23719223,0,1,0.30475363348512846,0.23825103309092371,0.7628078,True Negative
1,0.7313539,1,1,0.16940275038985123,0.8061711854156604,0.7313539,True Positive
1,0.7576848,1,1,0.30475363348512846,0.8477535456393124,0.7576848,True Positive
0,0.36691886,0,1,0.30475363348512846,0.35671515334692244,0.63308114,True Negative
1,0.7439257,1,1,0.30475363348512846,0.8204208449920778,0.7439257,True Positive
0,0.39237604,0,1,0.3619534853946448,0.3751907095600821,0.60762393,True Negative
1,0.2544437,0,0,0.30475363348512846,0.2567632789793126,0.7455563,False Negative
1,0.69354695,1,1,0.16940275038985123,0.7343008352582469,0.69354695,True Positive
0,0.1747418,0,1,0.30475363348512846,0.13897612793985303,0.8252582,True Negative
1,0.78012776,1,1,0.3619534853946448,0.8923053810782985,0.78012776,True Positive
0,0.54129905,1,0,0.3619534853946448,0.5837658570576721,0.54129905,False Positive
1,0.7926655,1,1,0.30475363348512846,0.9259612119792787,0.7926655,True Positive
1,0.15923175,0,0,0.3619534853946448,0.09124947258633939,0.8407682,False Negative
0,0.41242626,0,1,0.16940275038985123,0.4009681795342827,0.58757377,True Negative
1,0.75186855,1,1,0.30475363348512846,0.8355285435512695,0.75186855,True Positive
1,0.75343585,1,1,0.16940275038985123,0.8511099136455017,0.75343585,True Positive
0,0.23574826,0,1,0.30475363348512846,0.23664957789798316,0.7642517,True Negative
0,0.23922384,0,1,0.30475363348512846,0.24049291899539194,0.76077616,True Negative
1,0.74947345,1,1,0.3619534853946448,0.8431344464987534,0.74947345,True Positive
1,0.7365836,1,1,0.3619534853946448,0.8255178215392434,0.7365836,True Positive
1,0.23997594,0,0,0.30475363348512846,0.24131952130856876,0.7600241,False Negative
0,0.18201457,0,1,0.30475363348512846,0.16458843073921003,0.8179854,True Negative
1,0.77227384,1,1,0.30475363348512846,0.8793288715345152,0.77227384,True Positive
0,0.7651744,1,0,0.30475363348512846,0.8637934725654306,0.7651744,False Positive
1,0.7412001,1,1,0.30475363348512846,0.8167008684605842,0.7412001,True Positive
0,0.38233554,0,1,0.30475363348512846,0.3698771621315865,0.61766446,True Negative
0,0.43084365,0,1,0.30475363348512846,0.4101239328394963,0.56915635,True Negative
0,0.67984056,1,0,0.30475363348512846,0.7386424489308021,0.67984056,False Positive
1,0.25065687,0,0,0.30475363348512846,0.25287340922846074,0.74934316,False Negative
1,0.19154899,0,0,0.3619534853946448,0.18047295030776567,0.808451,False Negative
0,0.2586288,0,1,0.30475363348512846,0.2614064572251604,0.7413712,True Negative
1,0.77587533,1,1,0.30475363348512846,0.8873402229443628,0.77587533,True Positive
1,0.7405876,1,1,0.30475363348512846,0.8158682992428273,0.7405876,True Positive
0,0.17244194,0,1,0.30475363348512846,0.12841865248431472,0.82755804,True Negative
0,0.5727772,1,0,0.30475363348512846,0.6179362109866774,0.5727772,False Positive
1,0.775863,1,1,0.30475363348512846,0.88731265817455,0.775863,True Positive
0,0.23574826,0,1,0.30475363348512846,0.23664957789798316,0.7642517,True Negative
0,0.17793112,0,1,0.30475363348512846,0.15343684921507714,0.82206887,True Negative
0,0.37054706,0,1,0.30475363348512846,0.3598325114490404,0.62945294,True Negative
1,0.73241264,1,1,0.30475363348512846,0.8048770617949871,0.73241264,True Positive
0,0.22202353,0,1,0.30475363348512846,0.22107462335383582,0.77797645,True Negative
1,0.18637878,0,0,0.30475363348512846,0.1731903308389584,0.8136212,False Negative
0,0.2669574,0,1,0.30475363348512846,0.2707554402231344,0.7330426,True Negative
1,0.76167655,1,1,0.30475363348512846,0.8562593286220839,0.76167655,True Positive
1,0.62848514,1,1,0.3619534853946448,0.6943935781736957,0.62848514,True Positive
0,0.4425264,0,1,0.3619534853946448,0.4164742726778012,0.5574736,True Negative
0,0.47299817,1,0,0.3619534853946448,0.4466412255917371,0.52700186,False Positive
0,0.46138752,1,0,0.30475363348512846,0.4348540263764133,0.5386125,False Positive
0,0.17263936,0,1,0.30475363348512846,0.12932929190569933,0.82736063,True Negative
1,0.24955928,0,0,0.3619534853946448,0.24833083760849173,0.7504407,False Negative
1,0.5050522,1,1,0.30475363348512846,0.5130125213822876,0.5050522,True Positive
0,0.3479557,0,1,0.30475363348512846,0.3401994656076105,0.6520443,True Negative
1,0.5320534,1,1,0.3619534853946448,0.5659603531910509,0.5320534,True Positive
0,0.16085833,0,1,0.30475363348512846,0.05954219853948423,0.83914167,True Negative
1,0.74641806,1,1,0.30475363348512846,0.8244327028793554,0.74641806,True Positive
1,0.5724103,1,1,0.3619534853946448,0.6251757968621083,0.5724103,True Positive
0,0.25986698,0,1,0.30475363348512846,0.2628085112768833,0.74013305,True Negative
1,0.742727,1,1,0.30475363348512846,0.818781657164266,0.742727,True Positive
1,0.7740117,1,1,0.3619534853946448,0.8812018498083785,0.7740117,True Positive
1,0.7593109,1,1,0.30475363348512846,0.8512067587675309,0.7593109,True Positive
1,0.7505065,1,1,0.30475363348512846,0.832693667251681,0.7505065,True Positive
0,0.16852097,0,1,0.2653792791671143,0.07713210132307834,0.831479,True Negative
0,0.45286992,1,0,0.30475363348512846,0.4279894335175614,0.5471301,False Positive
1,0.26296347,0,0,0.30475363348512846,0.26629595951929985,0.7370365,False Negative
0,0.7669041,1,0,0.30475363348512846,0.867548113436774,0.7669041,False Positive
1,0.46500805,1,1,0.30475363348512846,0.4377662246339555,0.534992,True Positive
1,0.7473909,1,1,0.30475363348512846,0.82624751500458,0.7473909,True Positive
1,0.76966786,1,1,0.30475363348512846,0.8735875737885873,0.76966786,True Positive
0,0.7448299,1,0,0.3619534853946448,0.8367211116145139,0.7448299,False Positive
1,0.71129686,1,1,0.30475363348512846,0.7774272545068605,0.71129686,True Positive
0,0.70801085,1,0,0.3619534853946448,0.7883266476442816,0.70801085,False Positive
0,0.46670684,1,0,0.3238188371042879,0.4380821668423308,0.5332931,False Positive
1,0.7399124,1,1,0.3619534853946448,0.8300124551868022,0.7399124,True Positive
0,0.17085451,0,1,0.30475363348512846,0.11966552462688619,0.8291455,True Negative
1,0.51376176,1,1,0.30475363348512846,0.5297011793293815,0.51376176,True Positive
1,0.73977,1,1,0.30475363348512846,0.8147591312797625,0.73977,True Positive
0,0.44959137,0,1,0.30475363348512846,0.4253413924802906,0.5504086,True Negative
0,0.2600011,0,1,0.30475363348512846,0.2629601034836071,0.73999894,True Negative
1,0.7719916,1,1,0.30475363348512846,0.8787047932003353,0.7719916,True Positive
1,0.20196715,0,0,0.16940275038985123,0.17901083272269905,0.7980329,False Negative
0,0.47005215,1,0,0.30475363348512846,0.4431066954160235,0.5299479,False Positive
1,0.30780372,0,0,0.30475363348512846,0.3048199538263435,0.69219625,False Negative
0,0.7639725,1,0,0.30475363348512846,0.8611959604896452,0.7639725,False Positive
0,0.2547786,0,1,0.30475363348512846,0.25708441536898585,0.7452214,True Negative
0,0.23766394,0,1,0.30475363348512846,0.23877274031374351,0.7623361,True Negative
0,0.15498912,0,1,0.3619534853946448,0.06459609505708443,0.8450109,True Negative
0,0.35623297,0,1,0.30475363348512846,0.3474564238280189,0.643767,True Negative
1,0.78746486,1,1,0.30475363348512846,0.913763138019188,0.78746486,True Positive
0,0.36691886,0,1,0.30475363348512846,0.35671515334692244,0.63308114,True Negative
1,0.22566305,0,0,0.20774148655584407,0.23877274031374351,0.77433693,False Negative
1,0.75119686,1,1,0.30475363348512846,0.834129293640279,0.75119686,True Positive
0,0.24246308,0,1,0.30475363348512846,0.24404054362643418,0.7575369,True Negative
1,0.52807343,1,1,0.30475363348512846,0.5571638970590764,0.52807343,True Positive
1,0.76546013,1,1,0.2653792791671143,0.8679923605975749,0.76546013,True Positive
1,0.77010834,1,1,0.30475363348512846,0.8745547872204152,0.77010834,True Positive
1,0.17700389,0,0,0.30475363348512846,0.1492538743718196,0.82299614,False Negative
1,0.1837832,0,0,0.30475363348512846,0.1680934798378128,0.8162168,False Negative
0,0.36691886,0,1,0.30475363348512846,0.35671515334692244,0.63308114,True Negative
1,0.47352272,1,1,0.30475363348512846,0.4518615420325055,0.5264773,True Positive
1,0.5066708,1,1,0.3619534853946448,0.5172586824149227,0.5066708,True Positive
0,0.18576747,0,1,0.30475363348512846,0.17199487564622962,0.8142325,True Negative
1,0.7716758,1,1,0.30475363348512846,0.8780072115469336,0.7716758,True Positive
1,0.47668657,1,1,0.2653792791671143,0.45785937365505186,0.5233134,True Positive
0,0.3724915,0,1,0.30475363348512846,0.36149809992349835,0.6275085,True Negative
1,0.2586288,0,0,0.30475363348512846,0.2614064572251604,0.7413712,False Negative
1,0.7479962,1,1,0.3619534853946448,0.8410858127510368,0.7479962,True Positive
0,0.42023882,0,1,0.3619534853946448,0.3982989046208734,0.57976115,True Negative
1,0.7541752,1,1,0.30475363348512846,0.8403532896903624,0.7541752,True Positive
1,0.75886893,1,1,0.30475363348512846,0.8502666923322619,0.75886893,True Positive
1,0.73383594,1,1,0.30475363348512846,0.8067750283801594,0.73383594,True Positive
1,0.7846687,1,1,0.3619534853946448,0.9020938165612581,0.7846687,True Positive
1,0.34856763,0,0,0.30475363348512846,0.3407386635535173,0.6514324,False Negative
0,0.20626707,0,1,0.30475363348512846,0.20207993088865842,0.79373294,True Negative
0,0.23916154,0,1,0.30475363348512846,0.24042433104897462,0.76083845,True Negative
1,0.525105,1,1,0.30475363348512846,0.5514618648592308,0.525105,True Positive
0,0.39890614,0,1,0.3619534853946448,0.3806527514338368,0.6010939,True Negative
0,0.30291128,0,1,0.30475363348512846,0.3014763068370944,0.6970887,True Negative
0,0.33838186,0,1,0.30475363348512846,0.3317043274619161,0.6616181,True Negative
1,0.2114098,0,0,0.30475363348512846,0.20855227470790055,0.7885902,False Negative
0,0.5278633,1,0,0.30475363348512846,0.556760070124752,0.5278633,False Positive
0,0.18790744,0,1,0.30475363348512846,0.17616656448555454,0.81209254,True Negative
1,0.7451196,1,1,0.30475363348512846,0.8222788291606221,0.7451196,True Positive
0,0.74418694,1,0,0.30475363348512846,0.8207788434202719,0.74418694,False Positive
0,0.2544437,0,1,0.30475363348512846,0.2567632789793126,0.7455563,True Negative
1,0.7283499,1,1,0.3619534853946448,0.8145545735295822,0.7283499,True Positive
1,0.74266934,1,1,0.30475363348512846,0.8187029916806113,0.74266934,True Positive
0,0.47627577,1,0,0.30475363348512846,0.45785937365505186,0.5237242,False Positive
