Actual,Predicted_Probability,Predicted_Class,Correct_Prediction,Model_A_Prediction,Model_B_Prediction,Prediction_Confidence,Prediction_Type
1,0.51933014,1,1,0.20774148655584407,0.4753285396947761,0.51933014,True Positive
0,0.5535388,1,0,0.30475363348512846,0.54958729594469,0.5535388,False Positive
1,0.7657957,1,1,0.30475363348512846,0.8081630021379728,0.7657957,True Positive
0,0.73872924,1,0,0.30475363348512846,0.7443969442974445,0.73872924,False Positive
0,0.28231943,0,1,0.30475363348512846,0.2795837521452074,0.7176806,True Negative
0,0.2744503,0,1,0.30475363348512846,0.27036991169443053,0.7255497,True Negative
1,0.7760488,1,1,0.30475363348512846,0.8442885660212942,0.7760488,True Positive
0,0.4751347,1,0,0.3619534853946448,0.5003102165040129,0.52486527,False Positive
0,0.25834718,0,1,0.3619534853946448,0.2756843801719336,0.74165285,True Negative
1,0.16769858,0,0,0.30475363348512846,0.08141003848476512,0.83230144,False Negative
1,0.76727825,1,1,0.3619534853946448,0.8220020650026266,0.76727825,True Positive
0,0.45003775,1,0,0.30475363348512846,0.4518615420325055,0.5499623,False Positive
1,0.35797027,0,0,0.30475363348512846,0.36162242986603865,0.64202976,False Negative
1,0.5165079,1,1,0.3619534853946448,0.5392594374937753,0.5165079,True Positive
0,0.24879001,0,1,0.30475363348512846,0.23910768303349134,0.75121,True Negative
1,0.68173826,1,1,0.30475363348512846,0.678194020944926,0.68173826,True Positive
0,0.4405024,1,0,0.30475363348512846,0.4427815162721419,0.5594976,False Positive
1,0.77662915,1,1,0.30475363348512846,0.8463681243478355,0.77662915,True Positive
0,0.26898578,0,1,0.30475363348512846,0.2638748208695191,0.73101425,True Negative
0,0.1952394,0,1,0.30475363348512846,0.1516383920572594,0.8047606,True Negative
0,0.2052442,0,1,0.16940275038985123,0.08572322875615698,0.7947558,True Negative
1,0.30634636,0,0,0.30475363348512846,0.3068033926632743,0.69365364,False Negative
1,0.7532112,1,1,0.30475363348512846,0.7714484329914703,0.7532112,True Positive
0,0.40820986,0,1,0.30475363348512846,0.4116766611320549,0.59179014,True Negative
0,0.21127896,0,1,0.30475363348512846,0.1891089113879493,0.788721,True Negative
1,0.22784145,0,0,0.3619534853946448,0.23664957789798316,0.77215856,False Negative
1,0.7867113,1,1,0.3619534853946448,0.8862050139111171,0.7867113,True Positive
1,0.4988107,1,1,0.30475363348512846,0.4979048883711264,0.5011893,True Positive
1,0.4321273,1,1,0.16940275038985123,0.37632677564161604,0.5678727,True Positive
0,0.2432353,0,1,0.3619534853946448,0.2567632789793126,0.7567647,True Negative
1,0.7670716,1,1,0.30475363348512846,0.8125972579869868,0.7670716,True Positive
0,0.77868766,1,0,0.2508911477913881,0.8508776675328882,0.77868766,False Positive
0,0.260255,0,1,0.30475363348512846,0.2533215542681718,0.739745,True Negative
1,0.5824684,1,1,0.30475363348512846,0.5773259731273382,0.5824684,True Positive
1,0.43978795,1,1,0.30475363348512846,0.44209954936837575,0.560212,True Positive
1,0.7744899,1,1,0.20774148655584407,0.8335032666943254,0.7744899,True Positive
0,0.4224439,1,0,0.3619534853946448,0.45016381460960625,0.57755613,False Positive
1,0.42506516,1,1,0.30475363348512846,0.4279894335175614,0.57493484,True Positive
1,0.77801913,1,1,0.30475363348512846,0.8513640929393129,0.77801913,True Positive
0,0.33551764,0,1,0.30475363348512846,0.3383022866397605,0.66448236,True Negative
0,0.7793045,1,0,0.3619534853946448,0.859081206738507,0.7793045,False Positive
0,0.25435227,0,1,0.3619534853946448,0.2707554402231344,0.7456477,True Negative
0,0.28812268,0,1,0.30475363348512846,0.28627905197328285,0.71187735,True Negative
0,0.19567452,0,1,0.30475363348512846,0.152684842222482,0.80432546,True Negative
0,0.35946387,0,1,0.30475363348512846,0.3631495412322733,0.6405361,True Negative
1,0.7656996,1,1,0.1972360207388138,0.8020458966767868,0.7656996,True Positive
1,0.79354554,1,1,0.30475363348512846,0.9087711510907347,0.79354554,True Positive
1,0.6516386,1,1,0.30475363348512846,0.6463190022080715,0.6516386,True Positive
1,0.27340296,0,0,0.30475363348512846,0.26913136601447685,0.7265971,False Negative
0,0.5115875,1,0,0.30475363348512846,0.509927401425149,0.5115875,False Positive
1,0.38271818,0,0,0.30475363348512846,0.38659092530686795,0.6172818,False Negative
0,0.2837807,0,1,0.30475363348512846,0.2812773659815351,0.7162193,True Negative
1,0.77032065,1,1,0.30475363348512846,0.8239662247713939,0.77032065,True Positive
0,0.25988838,0,1,0.30475363348512846,0.25287340922846074,0.7401116,True Negative
1,0.79154646,1,1,0.30475363348512846,0.9012063607755688,0.79154646,True Positive
0,0.27513686,0,1,0.30475363348512846,0.27118021734782854,0.7248632,True Negative
1,0.19345663,0,0,0.30475363348512846,0.1473326180563225,0.80654335,False Negative
0,0.19855118,0,1,0.30475363348512846,0.15955873352235606,0.8014488,True Negative
1,0.29412273,0,0,0.30475363348512846,0.29311751002250075,0.7058773,False Negative
0,0.2910813,0,1,0.30475363348512846,0.28966151270693036,0.7089187,True Negative
1,0.3099143,0,0,0.30475363348512846,0.310739859195314,0.6900857,False Negative
0,0.26684636,0,1,0.3238188371042879,0.26954170286162876,0.73315364,True Negative
1,0.7734433,1,1,0.30475363348512846,0.8349996786224693,0.7734433,True Positive
0,0.45516092,1,0,0.30475363348512846,0.45672519216375845,0.5448391,False Positive
1,0.4189126,0,0,0.30475363348512846,0.4220565338021438,0.5810874,False Negative
0,0.37513474,0,1,0.30475363348512846,0.3790117692577864,0.6248653,True Negative
0,0.21449137,0,1,0.30475363348512846,0.19371700958503835,0.78550863,True Negative
0,0.44473946,1,0,0.30475363348512846,0.44682097281103217,0.55526054,False Positive
0,0.6360079,1,0,0.30475363348512846,0.6302850104178885,0.6360079,False Positive
1,0.7914897,1,1,0.30475363348512846,0.900992532019616,0.7914897,True Positive
0,0.20347269,0,1,0.30475363348512846,0.17114747240363729,0.7965273,True Negative
1,0.43799776,1,1,0.3619534853946448,0.4650889889712153,0.56200224,True Positive
1,0.7805682,1,1,0.30475363348512846,0.8605848964988442,0.7805682,True Positive
0,0.7738457,1,0,0.30475363348512846,0.8364293453167966,0.7738457,False Positive
0,0.2633469,0,1,0.30475363348512846,0.25708441536898585,0.7366531,True Negative
0,0.41774336,0,1,0.16940275038985123,0.3624811609003227,0.5822567,True Negative
1,0.7384752,1,1,0.30475363348512846,0.7439313684976746,0.7384752,True Positive
0,0.20347269,0,1,0.30475363348512846,0.17114747240363729,0.7965273,True Negative
0,0.5386801,1,0,0.30475363348512846,0.5354871626988214,0.5386801,False Positive
1,0.3977471,0,0,0.30475363348512846,0.40144759979682665,0.6022529,False Negative
1,0.26312876,0,0,0.30475363348512846,0.25681988121333976,0.73687124,False Negative
0,0.5763921,1,0,0.30475363348512846,0.5714612979787879,0.5763921,False Positive
0,0.35946387,0,1,0.30475363348512846,0.3631495412322733,0.6405361,True Negative
1,0.78137153,1,1,0.3619534853946448,0.8665837679496171,0.78137153,True Positive
0,0.26375687,0,1,0.3619534853946448,0.28228042976072615,0.7362431,True Negative
0,0.690693,1,0,0.30475363348512846,0.6879760092061387,0.690693,False Positive
0,0.21181725,0,1,0.30475363348512846,0.18996691345396075,0.78818274,True Negative
1,0.34637877,0,0,0.30475363348512846,0.34967165107964837,0.6536212,False Negative
1,0.45938638,1,1,0.3619534853946448,0.4854290610176921,0.54061365,True Positive
0,0.4083032,0,1,0.20774148655584407,0.3698771621315865,0.5916968,True Negative
1,0.5034151,1,1,0.30475363348512846,0.5022368559775513,0.5034151,True Positive
1,0.20055605,0,0,0.3619534853946448,0.19848030084153828,0.79944396,False Negative
0,0.75675523,1,0,0.30475363348512846,0.7782287145586643,0.75675523,False Positive
0,0.16975209,0,1,0.30475363348512846,0.0869468891088713,0.8302479,True Negative
1,0.79501075,1,1,0.3619534853946448,0.9174269394686552,0.79501075,True Positive
0,0.52013505,1,0,0.30475363348512846,0.5179772865526108,0.52013505,False Positive
0,0.23089883,0,1,0.16940275038985123,0.14267177192748465,0.76910114,True Negative
0,0.74088144,1,0,0.3238188371042879,0.756098259518243,0.74088144,False Positive
0,0.20103967,0,1,0.30475363348512846,0.16544498408714897,0.7989603,True Negative
1,0.79412293,1,1,0.30475363348512846,0.9109660063089894,0.79412293,True Positive
1,0.35318947,0,0,0.30475363348512846,0.35671515334692244,0.64681053,False Negative
1,0.7784384,1,1,0.1972360207388138,0.847091839262105,0.7784384,True Positive
1,0.76773435,1,1,0.3619534853946448,0.8229065419613569,0.76773435,True Positive
0,0.78193593,1,0,0.30475363348512846,0.865564226323827,0.78193593,False Positive
0,0.25996852,0,1,0.1972360207388138,0.20654475754079085,0.7400315,True Negative
1,0.36134663,0,0,0.30475363348512846,0.3650705816535371,0.6386534,False Negative
1,0.26634243,0,0,0.30475363348512846,0.26070307859873676,0.7336576,False Negative
0,0.1775954,0,1,0.30475363348512846,0.10761766763883711,0.8224046,True Negative
1,0.63181174,1,1,0.30475363348512846,0.6260321505442744,0.63181174,True Positive
1,0.7696161,1,1,0.3619534853946448,0.826651823726192,0.7696161,True Positive
0,0.1795327,0,1,0.30475363348512846,0.11261250263958965,0.8204673,True Negative
1,0.26308212,0,0,0.30475363348512846,0.2567632789793126,0.73691785,False Negative
1,0.51350975,1,1,0.3619534853946448,0.5364361600136571,0.51350975,True Positive
1,0.780843,1,1,0.2653792791671143,0.8594656597319904,0.780843,True Positive
0,0.24126089,0,1,0.30475363348512846,0.2295342465844024,0.7587391,True Negative
0,0.24684195,0,1,0.30475363348512846,0.23664957789798316,0.75315803,True Negative
0,0.24342611,0,1,0.30475363348512846,0.23230782870649308,0.7565739,True Negative
0,0.17934804,0,1,0.30475363348512846,0.11213814214079174,0.82065195,True Negative
0,0.18617596,0,1,0.3619534853946448,0.1672692956239944,0.81382406,True Negative
0,0.24912174,0,1,0.30475363348512846,0.23952490666847384,0.7508783,True Negative
0,0.19222175,0,1,0.30475363348512846,0.14433239689868393,0.80777824,True Negative
1,0.7770422,1,1,0.3619534853946448,0.8509272725632668,0.7770422,True Positive
0,0.7681651,1,0,0.30475363348512846,0.8164110441312623,0.7681651,False Positive
1,0.7758808,1,1,0.30475363348512846,0.8436875483786477,0.7758808,True Positive
0,0.30391955,0,1,0.30475363348512846,0.3041113885144221,0.69608045,True Negative
1,0.79738873,1,1,0.2653792791671143,0.921349550138809,0.79738873,True Positive
1,0.334085,0,0,0.30475363348512846,0.3367892534576077,0.665915,False Negative
1,0.7784388,1,1,0.30475363348512846,0.8528770332686765,0.7784388,True Positive
0,0.5645398,1,0,0.30475363348512846,0.5600840627075117,0.5645398,False Positive
1,0.76570684,1,1,0.1972360207388138,0.8020709311954374,0.76570684,True Positive
1,0.22712417,0,0,0.30475363348512846,0.21099036746236277,0.77287585,False Negative
0,0.23669685,0,1,0.3619534853946448,0.24833083760849173,0.76330316,True Negative
1,0.7713848,1,1,0.30475363348512846,0.8277142823782706,0.7713848,True Positive
0,0.5770232,1,0,0.30475363348512846,0.572069353156988,0.5770232,False Positive
0,0.1909337,0,1,0.30475363348512846,0.14118737527021494,0.8090663,True Negative
1,0.76228327,1,1,0.30475363348512846,0.7960412891635703,0.76228327,True Positive
0,0.2055468,0,1,0.30475363348512846,0.17596886191994332,0.7944532,True Negative
1,0.7681466,1,1,0.30475363348512846,0.8163463665580915,0.7681466,True Positive
1,0.7709705,1,1,0.2653792791671143,0.824135741438906,0.7709705,True Positive
0,0.20129862,0,1,0.30475363348512846,0.1660543280985908,0.7987014,True Negative
1,0.7644429,1,1,0.30475363348512846,0.8034796463845738,0.7644429,True Positive
0,0.2669272,0,1,0.30475363348512846,0.2614064572251604,0.73307276,True Negative
1,0.6747781,1,1,0.30475363348512846,0.6706921938022915,0.6747781,True Positive
0,0.23473832,0,1,0.30475363348512846,0.22107462335383582,0.76526165,True Negative
0,0.6343738,1,0,0.30475363348512846,0.6286263791905576,0.6343738,False Positive
0,0.7474357,1,0,0.30475363348512846,0.7605376815351717,0.7474357,False Positive
0,0.4412027,1,0,0.30475363348512846,0.44344970200289024,0.5587973,False Positive
0,0.24684195,0,1,0.30475363348512846,0.23664957789798316,0.75315803,True Negative
0,0.18094788,0,1,0.30475363348512846,0.11623449997962992,0.8190521,True Negative
1,0.27543986,0,0,0.3619534853946448,0.2962366320388479,0.72456014,False Negative
0,0.33369595,0,1,0.30475363348512846,0.33637785993005626,0.66630405,True Negative
1,0.76228327,1,1,0.30475363348512846,0.7960412891635703,0.76228327,True Positive
1,0.7431642,1,1,0.30475363348512846,0.7525740687151131,0.7431642,True Positive
1,0.7601102,1,1,0.30475363348512846,0.7886036761144088,0.7601102,True Positive
1,0.7869105,1,1,0.16940275038985123,0.8765861001768077,0.7869105,True Positive
0,0.77112734,1,0,0.3619534853946448,0.8298832653722586,0.77112734,False Positive
0,0.20974614,0,1,0.30475363348512846,0.18562117702349135,0.7902539,True Negative
1,0.46492568,1,1,0.30475363348512846,0.46597131088003846,0.53507435,True Positive
1,0.784498,1,1,0.3619534853946448,0.8780293500021878,0.784498,True Positive
1,0.5489911,1,1,0.30475363348512846,0.5452633540120844,0.5489911,True Positive
1,0.7272078,1,1,0.30475363348512846,0.7296398560264499,0.7272078,True Positive
1,0.58449787,1,1,0.30475363348512846,0.5792901102350282,0.58449787,True Positive
1,0.78352517,1,1,0.30475363348512846,0.8713782736979442,0.78352517,True Positive
0,0.35318947,0,1,0.30475363348512846,0.35671515334692244,0.64681053,True Negative
1,0.7642971,1,1,0.30475363348512846,0.8029759805144554,0.7642971,True Positive
1,0.79856455,1,1,0.30475363348512846,0.928005631893704,0.79856455,True Positive
0,0.39569247,0,1,0.30475363348512846,0.39942841919135674,0.60430753,True Negative
0,0.3815475,0,1,0.3619534853946448,0.4101239328394963,0.6184525,True Negative
0,0.23804839,0,1,0.30475363348512846,0.22538763740096823,0.7619516,True Negative
1,0.7490032,1,1,0.30475363348512846,0.7634823314031651,0.7490032,True Positive
0,0.24080136,0,1,0.30475363348512846,0.22894341766474535,0.75919867,True Negative
0,0.47531354,1,0,0.30475363348512846,0.4757796689969991,0.52468646,False Positive
1,0.75961524,1,1,0.3619534853946448,0.8069845074061526,0.75961524,True Positive
1,0.56261617,1,1,0.3619534853946448,0.582943656528965,0.56261617,True Positive
1,0.3601027,0,0,0.3619534853946448,0.38850103665310115,0.6398973,False Negative
0,0.61605865,1,0,0.30475363348512846,0.6102396083563784,0.61605865,False Positive
1,0.1857721,0,0,0.30475363348512846,0.12841865248431472,0.8142279,False Negative
1,0.6522403,1,1,0.3619534853946448,0.6716418313998113,0.6522403,True Positive
0,0.24684195,0,1,0.30475363348512846,0.23664957789798316,0.75315803,True Negative
1,0.7808788,1,1,0.30475363348512846,0.8617136244007771,0.7808788,True Positive
0,0.19443296,0,1,0.30475363348512846,0.1496944085247371,0.805567,True Negative
1,0.7818971,1,1,0.30475363348512846,0.8654226588315367,0.7818971,True Positive
1,0.77797544,1,1,0.30475363348512846,0.8512067587675309,0.77797544,True Positive
0,0.22326341,0,1,0.30475363348512846,0.2057859330632202,0.7767366,True Negative
0,0.52734464,1,0,0.30475363348512846,0.5247755492422798,0.52734464,False Positive
1,0.62845,1,1,0.30475363348512846,0.6226395905733075,0.62845,True Positive
0,0.24929751,0,1,0.30475363348512846,0.23974588456921225,0.7507025,True Negative
1,0.77748454,1,1,0.2653792791671143,0.8473218766959297,0.77748454,True Positive
0,0.77801263,1,0,0.30475363348512846,0.8513407787719068,0.77801263,False Positive
0,0.19855118,0,1,0.30475363348512846,0.15955873352235606,0.8014488,True Negative
1,0.4048215,0,0,0.3619534853946448,0.43307252828055154,0.5951785,False Negative
1,0.18678805,0,0,0.30475363348512846,0.1309532020768515,0.8132119,False Negative
0,0.1971558,0,1,0.30475363348512846,0.1562338961967433,0.80284417,True Negative
1,0.77763665,1,1,0.30475363348512846,0.8499872074110907,0.77763665,True Positive
1,0.57473147,1,1,0.30475363348512846,0.5698624644309311,0.57473147,True Positive
1,0.77790415,1,1,0.30475363348512846,0.8509501027128276,0.77790415,True Positive
1,0.25899017,0,0,0.30475363348512846,0.2517738142892804,0.74100983,False Negative
1,0.5712384,1,1,0.30475363348512846,0.5665046128437837,0.5712384,True Positive
0,0.5110134,1,0,0.30475363348512846,0.5093869515459883,0.5110134,False Positive
1,0.7013591,1,1,0.16940275038985123,0.6413888926449284,0.7013591,True Positive
0,0.18928874,0,1,0.30475363348512846,0.13714706175600622,0.81071126,True Negative
1,0.55878997,1,1,0.3619534853946448,0.5792901102350282,0.55878997,True Positive
0,0.17630318,0,1,0.30475363348512846,0.10426228435921552,0.82369685,True Negative
0,0.17258954,0,1,0.3619534853946448,0.13235229675658045,0.82741046,True Negative
0,0.7949079,1,0,0.30475363348512846,0.9139575347647997,0.7949079,False Positive
1,0.5815339,1,1,0.16940275038985123,0.5179772865526108,0.5815339,True Positive
1,0.5383109,1,1,0.30475363348512846,0.5351377046624933,0.5383109,True Positive
1,0.23155044,0,0,0.30475363348512846,0.21688083523714602,0.76844954,False Negative
1,0.26625937,0,0,0.3619534853946448,0.2853023245394429,0.7337406,False Negative
1,0.7633323,1,1,0.30475363348512846,0.7996486280166889,0.7633323,True Positive
0,0.7563381,1,0,0.30475363348512846,0.7774272545068605,0.7563381,False Positive
1,0.19334313,0,0,0.3619534853946448,0.18489938936456182,0.80665684,False Negative
0,0.307715,0,1,0.20774148655584407,0.2664260574228349,0.692285,True Negative
0,0.21712248,0,1,0.30475363348512846,0.19737374839468338,0.7828775,True Negative
1,0.74782664,1,1,0.16940275038985123,0.7401179054934897,0.74782664,True Positive
0,0.24684195,0,1,0.30475363348512846,0.23664957789798316,0.75315803,True Negative
1,0.7798264,1,1,0.3619534853946448,0.8609708660678145,0.7798264,True Positive
1,0.2613676,0,0,0.30475363348512846,0.25467886570373705,0.73863244,False Negative
0,0.1909337,0,1,0.30475363348512846,0.14118737527021494,0.8090663,True Negative
0,0.29553103,0,1,0.30475363348512846,0.29471076742812025,0.70446897,True Negative
1,0.7804349,1,1,0.30475363348512846,0.8601009145119894,0.7804349,True Positive
0,0.2331084,0,1,0.30475363348512846,0.21893533663615367,0.7668916,True Negative
1,0.60403585,1,1,0.1972360207388138,0.5519252808969803,0.60403585,True Positive
1,0.74876285,1,1,0.30475363348512846,0.7630300703256504,0.74876285,True Positive
1,0.46083754,1,1,0.3619534853946448,0.48680306679739976,0.53916246,True Positive
1,0.23828141,0,0,0.30475363348512846,0.22568972534817489,0.7617186,False Negative
0,0.31667393,0,1,0.30475363348512846,0.31813004963207026,0.68332607,True Negative
1,0.78572905,1,1,0.30475363348512846,0.8794924600639421,0.78572905,True Positive
0,0.5570892,1,0,0.30475363348512846,0.5529690538765165,0.5570892,False Positive
0,0.24563615,0,1,0.30475363348512846,0.23512161122144867,0.75436383,True Negative
0,0.37096888,0,1,0.30475363348512846,0.3748224323637506,0.6290311,True Negative
1,0.39920762,0,0,0.30475363348512846,0.4028807431624347,0.6007924,False Negative
1,0.2463319,0,0,0.3619534853946448,0.26070307859873676,0.75366807,False Negative
1,0.78634757,1,1,0.30475363348512846,0.8817803480074956,0.78634757,True Positive
1,0.28374046,0,0,0.3619534853946448,0.3059300294261028,0.71625954,False Negative
1,0.2633469,0,0,0.30475363348512846,0.25708441536898585,0.7366531,False Negative
1,0.7812171,1,1,0.3619534853946448,0.8660214675418165,0.7812171,True Positive
0,0.24684195,0,1,0.30475363348512846,0.23664957789798316,0.75315803,True Negative
0,0.216395,0,1,0.3619534853946448,0.22106515106958385,0.783605,True Negative
0,0.21745159,0,1,0.16940275038985123,0.11342564423943094,0.7825484,True Negative
0,0.2219532,0,1,0.30475363348512846,0.20400517436827928,0.7780468,True Negative
0,0.38424832,0,1,0.30475363348512846,0.38811317897956565,0.6157517,True Negative
0,0.26646623,0,1,0.16940275038985123,0.20240687632259305,0.73353374,True Negative
1,0.26308212,0,0,0.30475363348512846,0.2567632789793126,0.73691785,False Negative
0,0.18476711,0,1,0.30475363348512846,0.12590074475864665,0.8152329,True Negative
1,0.57688147,1,1,0.30475363348512846,0.5719327899871929,0.57688147,True Positive
0,0.35318947,0,1,0.30475363348512846,0.35671515334692244,0.64681053,True Negative
0,0.76568806,1,0,0.30475363348512846,0.8077895454797439,0.76568806,False Positive
0,0.32681665,0,1,0.20774148655584407,0.2871721814888846,0.6731833,True Negative
1,0.58297634,1,1,0.30475363348512846,0.5778173400450235,0.58297634,True Positive
0,0.5015256,1,0,0.30475363348512846,0.500459061831754,0.5015256,False Positive
0,0.2541262,0,1,0.30475363348512846,0.24577577461248887,0.7458738,True Negative
0,0.67300117,1,0,0.30475363348512846,0.6687903559383434,0.67300117,False Positive
1,0.7708117,1,1,0.30475363348512846,0.8256942210972426,0.7708117,True Positive
0,0.15711808,0,1,0.3619534853946448,0.08982957210922271,0.8428819,True Negative
1,0.56899667,1,1,0.30475363348512846,0.5643532541038635,0.56899667,True Positive
1,0.7711342,1,1,0.30475363348512846,0.8268305926604176,0.7711342,True Positive
1,0.42922002,1,1,0.2653792791671143,0.41498112948275384,0.57078,True Positive
0,0.35318947,0,1,0.30475363348512846,0.35671515334692244,0.64681053,True Negative
1,0.7570577,1,1,0.16940275038985123,0.7709525862908437,0.7570577,True Positive
0,0.21511094,0,1,0.3619534853946448,0.21928025217664543,0.78488904,True Negative
1,0.7702557,1,1,0.30475363348512846,0.82373792152253,0.7702557,True Positive
1,0.39970887,0,0,0.3619534853946448,0.4280714068953784,0.60029113,False Negative
1,0.78480285,1,1,0.30475363348512846,0.8760749475106189,0.78480285,True Positive
1,0.78947014,1,1,0.30475363348512846,0.8934060278239537,0.78947014,True Positive
0,0.17630318,0,1,0.30475363348512846,0.10426228435921552,0.82369685,True Negative
1,0.21447553,0,0,0.30475363348512846,0.1936949106130584,0.7855245,False Negative
1,0.7938557,1,1,0.30475363348512846,0.9099497327757181,0.7938557,True Positive
0,0.5794008,1,0,0.30475363348512846,0.5743623078204737,0.5794008,False Positive
0,0.76497114,1,0,0.30475363348512846,0.8053059646806969,0.76497114,False Positive
0,0.33791846,0,1,0.30475363348512846,0.34083063993310986,0.66208154,True Negative
1,0.67198634,1,1,0.20774148655584407,0.62581627486653,0.67198634,True Positive
0,0.3590946,0,1,0.30475363348512846,0.3627721855229267,0.6409054,True Negative
1,0.57388645,1,1,0.2508911477913881,0.5457914226738706,0.57388645,True Positive
1,0.21449137,0,0,0.30475363348512846,0.19371700958503835,0.78550863,False Negative
1,0.78393054,1,1,0.30475363348512846,0.8728660119110108,0.78393054,True Positive
0,0.23679991,0,1,0.30475363348512846,0.22376574324408732,0.7632001,True Negative
1,0.34833863,0,0,0.30475363348512846,0.3517050198778753,0.6516614,False Negative
1,0.32834876,0,0,0.30475363348512846,0.33069842435175617,0.67165124,False Negative
0,0.4488138,1,0,0.30475363348512846,0.4506981489919813,0.5511862,False Positive
1,0.7784388,1,1,0.30475363348512846,0.8528770332686765,0.7784388,True Positive
1,0.76984847,1,1,0.30475363348512846,0.8223070154216181,0.76984847,True Positive
0,0.21990263,0,1,0.30475363348512846,0.20120309113052556,0.78009737,True Negative
1,0.774217,1,1,0.30475363348512846,0.8377500263703155,0.774217,True Positive
1,0.32371613,0,0,0.30475363348512846,0.3257396371677815,0.67628384,False Negative
0,0.6237687,1,0,0.30475363348512846,0.6179362109866774,0.6237687,False Positive
0,0.27513686,0,1,0.30475363348512846,0.27118021734782854,0.7248632,True Negative
1,0.366076,0,0,0.30475363348512846,0.3698771621315865,0.633924,False Negative
0,0.28812268,0,1,0.30475363348512846,0.28627905197328285,0.71187735,True Negative
0,0.23804839,0,1,0.30475363348512846,0.22538763740096823,0.7619516,True Negative
1,0.7320211,1,1,0.30475363348512846,0.7353785362358328,0.7320211,True Positive
1,0.7875074,1,1,0.30475363348512846,0.8860840061509154,0.7875074,True Positive
0,0.41081062,0,1,0.2653792791671143,0.39720427323490926,0.5891894,True Negative
0,0.18486369,0,1,0.30475363348512846,0.1261432170727847,0.8151363,True Negative
0,0.41388738,0,1,0.30475363348512846,0.41719276256421006,0.5861126,True Negative
0,0.25612617,0,1,0.30475363348512846,0.24825107813605904,0.74387383,True Negative
0,0.39533523,0,1,0.30475363348512846,0.3990770096368116,0.6046648,True Negative
1,0.4341057,1,1,0.30475363348512846,0.43666718897779155,0.5658943,True Positive
1,0.78960216,1,1,0.3619534853946448,0.8969773283178186,0.78960216,True Positive
0,0.6822291,1,0,0.30475363348512846,0.678726312081124,0.6822291,False Positive
1,0.4870133,1,1,0.30475363348512846,0.48680306679739976,0.51298666,True Positive
0,0.39102006,0,1,0.16940275038985123,0.33637785993005626,0.60897994,True Negative
0,0.33078513,0,1,0.30475363348512846,0.33329193630271,0.66921484,True Negative
0,0.76117444,1,0,0.30475363348512846,0.792240508801048,0.76117444,False Positive
0,0.75787103,1,0,0.30475363348512846,0.7809879579454975,0.75787103,False Positive
0,0.44694787,1,0,0.30475363348512846,0.44892334587566546,0.5530521,False Positive
1,0.3686855,0,0,0.30475363348512846,0.37251803460494365,0.6313145,False Negative
1,0.776517,1,1,0.30475363348512846,0.845965916214625,0.776517,True Positive
0,0.45627195,1,0,0.16940275038985123,0.3993335426138173,0.54372805,False Positive
1,0.59336543,1,1,0.30475363348512846,0.5879056554512275,0.59336543,True Positive
0,0.33256322,0,1,0.30475363348512846,0.3351785786011879,0.6674368,True Negative
1,0.25113922,0,0,0.20774148655584407,0.20016451900307614,0.7488608,False Negative
0,0.21154603,0,1,0.30475363348512846,0.1895846145038547,0.78845394,True Negative
1,0.7857027,1,1,0.16940275038985123,0.8721140801243689,0.7857027,True Positive
1,0.5578586,1,1,0.30475363348512846,0.5537025057997108,0.5578586,True Positive
1,0.7934792,1,1,0.30475363348512846,0.9085191333492434,0.7934792,True Positive
1,0.7873279,1,1,0.30475363348512846,0.8854168053548525,0.7873279,True Positive
0,0.17000519,0,1,0.30475363348512846,0.08762561649702143,0.8299948,True Negative
1,0.7629927,1,1,0.30475363348512846,0.7984794275068163,0.7629927,True Positive
0,0.39725897,0,1,0.30475363348512846,0.4009681795342827,0.602741,True Negative
1,0.78159803,1,1,0.30475363348512846,0.8643319318721113,0.78159803,True Positive
1,0.76712275,1,1,0.30475363348512846,0.8127753840042511,0.76712275,True Positive
1,0.7756668,1,1,0.2653792791671143,0.8408038277935308,0.7756668,True Positive
1,0.3639442,0,0,0.30475363348512846,0.3677138782070361,0.6360558,False Negative
1,0.7750281,1,1,0.30475363348512846,0.8406407114245618,0.7750281,True Positive
0,0.7758513,1,0,0.30475363348512846,0.8435819188064625,0.7758513,False Positive
0,0.47839996,1,0,0.30475363348512846,0.47868966493237847,0.5216,False Positive
1,0.7860121,1,1,0.30475363348512846,0.8805386969089057,0.7860121,True Positive
0,0.5191313,1,0,0.30475363348512846,0.5170314982297368,0.5191313,False Positive
1,0.7830281,1,1,0.30475363348512846,0.8695565878902934,0.7830281,True Positive
1,0.6360079,1,1,0.30475363348512846,0.6302850104178885,0.6360079,True Positive
1,0.5383109,1,1,0.30475363348512846,0.5351377046624933,0.5383109,True Positive
0,0.35580972,0,1,0.30475363348512846,0.3594083371396633,0.6441903,True Negative
1,0.22433859,0,0,0.3619534853946448,0.23194090055304512,0.7756614,False Negative
0,0.7706741,1,0,0.3619534853946448,0.8287669137279404,0.7706741,False Positive
1,0.7716828,1,1,0.3619534853946448,0.8318430271830451,0.7716828,True Positive
1,0.7904916,1,1,0.30475363348512846,0.8972363533915442,0.7904916,True Positive
0,0.24684195,0,1,0.30475363348512846,0.23664957789798316,0.75315803,True Negative
1,0.7915906,1,1,0.30475363348512846,0.9013728613627798,0.7915906,True Positive
0,0.23703717,0,1,0.3619534853946448,0.24877361282388152,0.7629628,True Negative
0,0.21181725,0,1,0.30475363348512846,0.18996691345396075,0.78818274,True Negative
1,0.771166,1,1,0.3619534853946448,0.830019691866965,0.771166,True Positive
1,0.77089477,1,1,0.16940275038985123,0.8187058797533875,0.77089477,True Positive
1,0.3365956,0,0,0.3619534853946448,0.36413783152102414,0.6634044,False Negative
1,0.35318947,0,0,0.30475363348512846,0.35671515334692244,0.64681053,False Negative
0,0.20968036,0,1,0.30475363348512846,0.18547107163521565,0.7903196,True Negative
0,0.6237687,1,0,0.30475363348512846,0.6179362109866774,0.6237687,False Positive
1,0.72833747,1,1,0.1972360207388138,0.684554356864266,0.72833747,True Positive
1,0.46393523,1,1,0.30475363348512846,0.46503476739386235,0.53606474,True Positive
0,0.7796893,1,0,0.30475363348512846,0.8573970249224113,0.7796893,False Positive
1,0.6093743,1,1,0.30475363348512846,0.6036141225550198,0.6093743,True Positive
1,0.60115135,1,1,0.30475363348512846,0.5955188160815184,0.60115135,True Positive
1,0.7732745,1,1,0.3619534853946448,0.837477460092575,0.7732745,True Positive
1,0.78890777,1,1,0.30475363348512846,0.8913031473958393,0.78890777,True Positive
1,0.6292956,1,1,0.3619534853946448,0.6481909530401594,0.6292956,True Positive
0,0.30043194,0,1,0.1972360207388138,0.2537945474063034,0.69956803,True Negative
0,0.45635697,1,0,0.30475363348512846,0.45785937365505186,0.543643,False Positive
0,0.29195383,0,1,0.30475363348512846,0.2906551457344578,0.7080462,True Negative
1,0.72795045,1,1,0.1972360207388138,0.6840944919448346,0.72795045,True Positive
1,0.37096888,0,0,0.30475363348512846,0.3748224323637506,0.6290311,False Negative
0,0.18486369,0,1,0.30475363348512846,0.1261432170727847,0.8151363,True Negative
0,0.3295853,0,1,0.3619534853946448,0.35671515334692244,0.6704147,True Negative
0,0.6360079,1,0,0.30475363348512846,0.6302850104178885,0.6360079,False Positive
1,0.7903207,1,1,0.30475363348512846,0.896594584069327,0.7903207,True Positive
1,0.77975124,1,1,0.3619534853946448,0.8606983190366853,0.77975124,True Positive
0,0.22968534,0,1,0.3619534853946448,0.23910768303349134,0.7703147,True Negative
1,0.24684195,0,0,0.30475363348512846,0.23664957789798316,0.75315803,False Negative
0,0.24684195,0,1,0.30475363348512846,0.23664957789798316,0.75315803,True Negative
0,0.46748278,1,0,0.20774148655584407,0.42649777525993854,0.5325172,False Positive
0,0.7321328,1,0,0.30475363348512846,0.735512581451116,0.7321328,False Positive
1,0.2219008,0,0,0.30475363348512846,0.2039338288019795,0.7780992,False Negative
1,0.7646062,1,1,0.30475363348512846,0.8040436857206018,0.7646062,True Positive
0,0.24983774,0,1,0.30475363348512846,0.24042433104897462,0.75016224,True Negative
1,0.48251355,1,1,0.30475363348512846,0.48256570378473373,0.51748645,True Positive
1,0.4827299,1,1,0.30475363348512846,0.482769480623766,0.5172701,True Positive
1,0.5640448,1,1,0.30475363348512846,0.5596104450432369,0.5640448,True Positive
1,0.752708,1,1,0.30475363348512846,0.7704911473516528,0.752708,True Positive
1,0.3903466,0,0,0.3619534853946448,0.41885683177927235,0.6096534,False Negative
0,0.51715577,1,0,0.16940275038985123,0.45672519216375845,0.51715577,False Positive
0,0.5765699,1,0,0.30475363348512846,0.5716325350729748,0.5765699,False Positive
1,0.7821195,1,1,0.30475363348512846,0.866234154216549,0.7821195,True Positive
0,0.18136333,0,1,0.30475363348512846,0.11729354689851229,0.81863666,True Negative
0,0.19303773,0,1,0.30475363348512846,0.14631651582446553,0.80696225,True Negative
1,0.77709097,1,1,0.16940275038985123,0.8407446719764624,0.77709097,True Positive
0,0.35701114,0,1,0.30475363348512846,0.3606402136217175,0.64298886,True Negative
1,0.76244295,1,1,0.3619534853946448,0.8124870884964928,0.76244295,True Positive
0,0.303927,0,1,0.3619534853946448,0.32881890219116494,0.696073,True Negative
1,0.75961524,1,1,0.3619534853946448,0.8069845074061526,0.75961524,True Positive
1,0.4985306,1,1,0.3619534853946448,0.5223405083957318,0.5014694,True Positive
1,0.7530762,1,1,0.30475363348512846,0.771191409102137,0.7530762,True Positive
1,0.7399125,1,1,0.30475363348512846,0.746569769015574,0.7399125,True Positive
0,0.5390357,1,0,0.16940275038985123,0.47737854095539545,0.5390357,False Positive
1,0.6926876,1,1,0.30475363348512846,0.6901758567813464,0.6926876,True Positive
0,0.74364483,1,0,0.30475363348512846,0.7534658730028518,0.74364483,False Positive
1,0.78512293,1,1,0.30475363348512846,0.877254701409454,0.78512293,True Positive
0,0.17953727,0,1,0.30475363348512846,0.11262414514550347,0.8204627,True Negative
0,0.198096,0,1,0.3619534853946448,0.194854801617379,0.80190396,True Negative
0,0.26521298,0,1,0.30475363348512846,0.2593417876295768,0.734787,True Negative
0,0.41260678,0,1,0.30475363348512846,0.41595057435917693,0.5873932,True Negative
0,0.74261475,1,0,0.30475363348512846,0.7515560982397991,0.74261475,False Positive
1,0.36640358,0,0,0.2653792791671143,0.35320706605684454,0.6335964,False Negative
0,0.52588755,1,0,0.3619534853946448,0.5480999721045984,0.52588755,False Positive
1,0.77066505,1,1,0.30475363348512846,0.825178042621224,0.77066505,True Positive
0,0.17276292,0,1,0.30475363348512846,0.09496938135848451,0.82723707,True Negative
1,0.6398729,1,1,0.30475363348512846,0.6342208220541976,0.6398729,True Positive
0,0.35082757,0,1,0.30475363348512846,0.3542796510037133,0.6491724,True Negative
1,0.7935964,1,1,0.30475363348512846,0.9089642001882838,0.7935964,True Positive
0,0.16082019,0,1,0.3619534853946448,0.10030139929645628,0.8391798,True Negative
1,0.5184351,1,1,0.30475363348512846,0.5163755266047652,0.5184351,True Positive
0,0.27505392,0,1,0.30475363348512846,0.2710824062396875,0.7249461,True Negative
0,0.16958283,0,1,0.3619534853946448,0.12433448707454119,0.83041716,True Negative
1,0.24684195,0,0,0.30475363348512846,0.23664957789798316,0.75315803,False Negative
0,0.39725897,0,1,0.30475363348512846,0.4009681795342827,0.602741,True Negative
0,0.40154004,0,1,0.30475363348512846,0.4051658543011942,0.59845996,True Negative
0,0.47611713,1,0,0.30475363348512846,0.47653748433326065,0.52388287,False Positive
1,0.5155034,1,1,0.30475363348512846,0.5136141974324927,0.5155034,True Positive
1,0.77525836,1,1,0.30475363348512846,0.8414625773286251,0.77525836,True Positive
0,0.29903302,0,1,0.20774148655584407,0.2567632789793126,0.70096695,True Negative
0,0.605891,1,0,0.30475363348512846,0.600177767864143,0.605891,False Positive
0,0.71763605,1,0,0.30475363348512846,0.7184121799750509,0.71763605,False Positive
1,0.771166,1,1,0.3619534853946448,0.830019691866965,0.771166,True Positive
0,0.7350571,1,0,0.30475363348512846,0.7390319782559096,0.7350571,False Positive
1,0.77920985,1,1,0.30475363348512846,0.8556618039336106,0.77920985,True Positive
1,0.6112166,1,1,0.30475363348512846,0.6054360502703958,0.6112166,True Positive
0,0.39569247,0,1,0.30475363348512846,0.39942841919135674,0.60430753,True Negative
1,0.7876747,1,1,0.1972360207388138,0.8809226274029408,0.7876747,True Positive
1,0.7784388,1,1,0.30475363348512846,0.8528770332686765,0.7784388,True Positive
0,0.19500731,0,1,0.3619534853946448,0.1889214816659427,0.8049927,True Negative
0,0.60533607,1,0,0.3619534853946448,0.6243304902785075,0.60533607,False Positive
0,0.18044817,0,1,0.3619534853946448,0.15279992752537452,0.8195518,True Negative
1,0.7820525,1,1,0.20774148655584407,0.8607712213922677,0.7820525,True Positive
0,0.25107753,0,1,0.30475363348512846,0.24197771250708058,0.74892247,True Negative
1,0.4992417,1,1,0.30475363348512846,0.49831040887077593,0.5007583,True Positive
1,0.6063378,1,1,0.30475363348512846,0.600617961875063,0.6063378,True Positive
0,0.26852295,0,1,0.30475363348512846,0.26332093526706546,0.731477,True Negative
0,0.24342611,0,1,0.30475363348512846,0.23230782870649308,0.7565739,True Negative
0,0.27888635,0,1,0.30475363348512846,0.2755836311723214,0.7211137,True Negative
1,0.7759338,1,1,0.3619534853946448,0.8469539769448763,0.7759338,True Positive
0,0.79862887,1,0,0.30475363348512846,0.9282543011508415,0.79862887,False Positive
1,0.43922925,1,1,0.30475363348512846,0.441566116466955,0.56077075,True Positive
1,0.7839833,1,1,0.30475363348512846,0.8730600031251512,0.7839833,True Positive
1,0.8057548,1,1,0.2653792791671143,0.9540781614247438,0.8057548,True Positive
0,0.2390676,0,1,0.16940275038985123,0.15985730809762314,0.7609324,True Negative
1,0.34210184,0,0,0.30475363348512846,0.34521540601691325,0.6578982,False Negative
1,0.55409634,1,1,0.3619534853946448,0.5748172305469108,0.55409634,True Positive
1,0.7766777,1,1,0.30475363348512846,0.8465423561384966,0.7766777,True Positive
0,0.21962905,0,1,0.30475363348512846,0.20082778130544907,0.78037095,True Negative
0,0.60490704,1,0,0.30475363348512846,0.5992089307647854,0.60490704,False Positive
0,0.33256322,0,1,0.30475363348512846,0.3351785786011879,0.6674368,True Negative
0,0.24342611,0,1,0.30475363348512846,0.23230782870649308,0.7565739,True Negative
1,0.7901186,1,1,0.30475363348512846,0.8958361995697363,0.7901186,True Positive
1,0.46640655,1,1,0.30475363348512846,0.46737112386890994,0.5335934,True Positive
0,0.76628983,1,0,0.30475363348512846,0.809878064002646,0.76628983,False Positive
0,0.25951144,0,1,0.30475363348512846,0.2524122932842429,0.7404885,True Negative
0,0.32161865,0,1,0.30475363348512846,0.3234823768852437,0.6783813,True Negative
1,0.28936768,0,0,0.30475363348512846,0.2877049216894158,0.7106323,False Negative
0,0.45810512,1,0,0.30475363348512846,0.4595161821124058,0.5418949,False Positive
0,0.34592816,0,1,0.3238188371042879,0.35743587927391446,0.6540718,True Negative
1,0.4753791,1,1,0.3619534853946448,0.5005407117961369,0.5246209,True Positive
1,0.7564473,1,1,0.30475363348512846,0.7776369629387839,0.7564473,True Positive
0,0.46689183,1,0,0.30475363348512846,0.4678297451788215,0.5331082,False Positive
0,0.1838936,0,1,0.30475363348512846,0.12370368391863377,0.8161064,True Negative
0,0.3934335,0,1,0.30475363348512846,0.39720427323490926,0.6065665,True Negative
0,0.18275553,0,1,0.30475363348512846,0.12082910779031769,0.81724447,True Negative
1,0.78538793,1,1,0.2653792791671143,0.8761143863382784,0.78538793,True Positive
0,0.19031549,0,1,0.30475363348512846,0.1396720255472616,0.8096845,True Negative
0,0.61654603,1,0,0.16940275038985123,0.5522792081844223,0.61654603,False Positive
0,0.24684195,0,1,0.30475363348512846,0.23664957789798316,0.75315803,True Negative
0,0.7717421,1,0,0.30475363348512846,0.8289756376431884,0.7717421,False Positive
1,0.76990527,1,1,0.30475363348512846,0.822506476630644,0.76990527,True Positive
1,0.76267874,1,1,0.3619534853946448,0.8129480016967378,0.76267874,True Positive
0,0.33874643,0,1,0.30475363348512846,0.34170058436750506,0.6612536,True Negative
0,0.28576443,0,1,0.30475363348512846,0.2835681863477535,0.71423554,True Negative
0,0.60132766,1,0,0.2653792791671143,0.5786898686997984,0.60132766,False Positive
0,0.28467274,0,1,0.30475363348512846,0.2823086968571595,0.71532726,True Negative
1,0.5004189,1,1,0.30475363348512846,0.49941786633830043,0.5004189,True Positive
1,0.7742312,1,1,0.30475363348512846,0.8378007950680547,0.7742312,True Positive
0,0.23251961,0,1,0.30475363348512846,0.21816006093452,0.7674804,True Negative
1,0.7627864,1,1,0.30475363348512846,0.7977699682057354,0.7627864,True Positive
0,0.40661603,0,1,0.30475363348512846,0.4101239328394963,0.59338397,True Negative
1,0.7646062,1,1,0.30475363348512846,0.8040436857206018,0.7646062,True Positive
0,0.25337484,0,1,0.3619534853946448,0.26954170286162876,0.7466252,True Negative
1,0.30415878,0,0,0.30475363348512846,0.30437725787302594,0.6958412,False Negative
1,0.769662,1,1,0.30475363348512846,0.8216524539786749,0.769662,True Positive
1,0.77509636,1,1,0.30475363348512846,0.8408843382477837,0.77509636,True Positive
1,0.7415887,1,1,0.3619534853946448,0.772893826717554,0.7415887,True Positive
0,0.30738765,0,1,0.16940275038985123,0.24950971924228985,0.69261235,True Negative
1,0.78169525,1,1,0.30475363348512846,0.864686423371129,0.78169525,True Positive
0,0.2620785,0,1,0.30475363348512846,0.25554422024418794,0.7379215,True Negative
0,0.2074111,0,1,0.30475363348512846,0.18027168684751232,0.7925889,True Negative
0,0.75974905,1,0,0.30475363348512846,0.7873721243807669,0.75974905,False Positive
1,0.7735778,1,1,0.30475363348512846,0.8354774603150996,0.7735778,True Positive
1,0.76859605,1,1,0.30475363348512846,0.8179175886314611,0.76859605,True Positive
0,0.5169508,1,0,0.30475363348512846,0.5149773384843003,0.5169508,False Positive
0,0.5378151,1,0,0.3619534853946448,0.5593677626823756,0.5378151,False Positive
1,0.5530313,1,1,0.30475363348512846,0.5491044076277445,0.5530313,True Positive
0,0.7719569,1,0,0.3619534853946448,0.8328114663565268,0.7719569,False Positive
1,0.6332492,1,1,0.30475363348512846,0.6274867583762493,0.6332492,True Positive
1,0.3065286,0,0,0.3619534853946448,0.3317043274619161,0.69347143,False Negative
1,0.7761212,1,1,0.3619534853946448,0.8476247552571584,0.7761212,True Positive
1,0.7603353,1,1,0.30475363348512846,0.7893720788365324,0.7603353,True Positive
1,0.7540953,1,1,0.30475363348512846,0.7731337359810057,0.7540953,True Positive
0,0.54876375,1,0,0.30475363348512846,0.545047470953889,0.54876375,False Positive
1,0.7822112,1,1,0.2653792791671143,0.8644509758445773,0.7822112,True Positive
0,0.21678042,0,1,0.1972360207388138,0.13034619746341022,0.7832196,True Negative
0,0.55543053,1,0,0.16940275038985123,0.4929433248009562,0.55543053,False Positive
1,0.7824834,1,1,0.3619534853946448,0.8706405136954635,0.7824834,True Positive
0,0.18486369,0,1,0.30475363348512846,0.1261432170727847,0.8151363,True Negative
0,0.56717765,1,0,0.30475363348512846,0.5626095702488977,0.56717765,False Positive
0,0.23936439,0,1,0.30475363348512846,0.2270908527414603,0.7606356,True Negative
1,0.6553297,1,1,0.30475363348512846,0.6501528938405203,0.6553297,True Positive
1,0.6641215,1,1,0.30475363348512846,0.6593647220292417,0.6641215,True Positive
0,0.21579395,0,1,0.30475363348512846,0.1955314085884119,0.78420603,True Negative
1,0.78807473,1,1,0.3619534853946448,0.8912722298033348,0.78807473,True Positive
0,0.381697,0,1,0.30475363348512846,0.38557373364375797,0.618303,True Negative
0,0.34783596,0,1,0.30475363348512846,0.3511840090326832,0.65216404,True Negative
0,0.36283877,0,1,0.3238188371042879,0.3748224323637506,0.63716125,True Negative
1,0.4970959,1,1,0.30475363348512846,0.4962915882569151,0.50290406,True Positive
0,0.24684195,0,1,0.30475363348512846,0.23664957789798316,0.75315803,True Negative
1,0.27513686,0,0,0.30475363348512846,0.27118021734782854,0.7248632,False Negative
1,0.76419884,1,1,0.30475363348512846,0.8026365888292127,0.76419884,True Positive
0,0.29688343,0,1,0.30475363348512846,0.2962366320388479,0.70311654,True Negative
1,0.45652732,1,1,0.30475363348512846,0.4580207990331042,0.54347265,True Positive
1,0.26170805,0,0,0.30475363348512846,0.255093486481234,0.738292,False Negative
0,0.15952435,0,1,0.3619534853946448,0.0966584035711867,0.8404757,True Negative
0,0.2176738,0,1,0.30475363348512846,0.19813593315955003,0.7823262,True Negative
0,0.35245016,0,1,0.3619534853946448,0.3806527514338368,0.64754987,True Negative
1,0.2917264,0,0,0.30475363348512846,0.29039634359116817,0.7082736,False Negative
1,0.32730132,0,0,0.3619534853946448,0.3542796510037133,0.6726987,False Negative
1,0.40194783,0,0,0.30475363348512846,0.4055649237658219,0.59805214,False Negative
1,0.7684825,1,1,0.30475363348512846,0.817520431419,0.7684825,True Positive
0,0.56537664,1,0,0.3619534853946448,0.5855839979740829,0.56537664,False Positive
0,0.55054176,1,0,0.1972360207388138,0.5003102165040129,0.55054176,False Positive
0,0.771166,1,0,0.3619534853946448,0.830019691866965,0.771166,False Positive
0,0.77440953,1,0,0.30475363348512846,0.8384356075932714,0.77440953,False Positive
1,0.7627226,1,1,0.30475363348512846,0.7975505556578633,0.7627226,True Positive
0,0.2358941,0,1,0.30475363348512846,0.22258536315316357,0.7641059,True Negative
0,0.7576162,1,0,0.30475363348512846,0.7801243229617729,0.7576162,False Positive
0,0.28255188,0,1,0.30475363348512846,0.27985350395463743,0.7174481,True Negative
1,0.77778333,1,1,0.16940275038985123,0.8432341402338648,0.77778333,True Positive
1,0.7772266,1,1,0.3619534853946448,0.8515898347526921,0.7772266,True Positive
0,0.17269276,0,1,0.30475363348512846,0.09478368882476432,0.8273072,True Negative
0,0.61747885,1,0,0.30475363348512846,0.6116528538731141,0.61747885,False Positive
0,0.19835274,0,1,0.30475363348512846,0.15908698667921062,0.80164725,True Negative
1,0.76930135,1,1,0.30475363348512846,0.8203874250071775,0.76930135,True Positive
0,0.5570755,1,0,0.16940275038985123,0.4945107242930808,0.5570755,False Positive
0,0.260255,0,1,0.30475363348512846,0.2533215542681718,0.739745,True Negative
0,0.23814265,0,1,0.16940275038985123,0.1579319410301052,0.76185733,True Negative
0,0.37344432,0,1,0.30475363348512846,0.37731412294413447,0.6265557,True Negative
0,0.36448148,0,1,0.30475363348512846,0.36825960870977026,0.63551855,True Negative
0,0.22282146,0,1,0.30475363348512846,0.2051860790334487,0.7771785,True Negative
0,0.56499565,1,0,0.30475363348512846,0.5605202182559802,0.56499565,False Positive
0,0.19029659,0,1,0.30475363348512846,0.13962568793842006,0.8097034,True Negative
1,0.7791752,1,1,0.3619534853946448,0.858613492803537,0.7791752,True Positive
0,0.27513686,0,1,0.30475363348512846,0.27118021734782854,0.7248632,True Negative
0,0.3870882,0,1,0.30475363348512846,0.39093239637743515,0.6129118,True Negative
0,0.19254704,0,1,0.30475363348512846,0.1451241566429071,0.807453,True Negative
1,0.7797514,1,1,0.30475363348512846,0.8576220791723982,0.7797514,True Positive
1,0.76762235,1,1,0.30475363348512846,0.8145165769850896,0.76762235,True Positive
0,0.49179575,1,0,0.30475363348512846,0.4913044469905986,0.5082042,False Positive
0,0.2689885,0,1,0.30475363348512846,0.26387806510062145,0.7310115,True Negative
0,0.22312924,0,1,0.16940275038985123,0.1259266234159814,0.7768707,True Negative
0,0.26436853,0,1,0.2653792791671143,0.24131952130856876,0.73563147,True Negative
1,0.55655426,1,1,0.30475363348512846,0.5524591496867515,0.55655426,True Positive
1,0.7706476,1,1,0.30475363348512846,0.8251164029732078,0.7706476,True Positive
0,0.3611146,0,1,0.3619534853946448,0.38953325648796333,0.6388854,True Negative
0,0.22784145,0,1,0.3619534853946448,0.23664957789798316,0.77215856,True Negative
0,0.21181725,0,1,0.30475363348512846,0.18996691345396075,0.78818274,True Negative
0,0.6868565,1,0,0.30475363348512846,0.683766530882201,0.6868565,False Positive
1,0.76906073,1,1,0.30475363348512846,0.8195443824256449,0.76906073,True Positive
0,0.19031549,0,1,0.30475363348512846,0.1396720255472616,0.8096845,True Negative
0,0.5811652,1,0,0.30475363348512846,0.5760662771553061,0.5811652,False Positive
0,0.6641318,1,0,0.30475363348512846,0.6593756315049402,0.6641318,False Positive
0,0.35318947,0,1,0.30475363348512846,0.35671515334692244,0.64681053,True Negative
0,0.27051198,0,1,0.3619534853946448,0.29039634359116817,0.729488,True Negative
1,0.17173876,0,0,0.3619534853946448,0.13009487935541364,0.82826126,False Negative
0,0.22712417,0,1,0.30475363348512846,0.21099036746236277,0.77287585,True Negative
1,0.7799621,1,1,0.3619534853946448,0.8614626940038397,0.7799621,True Positive
0,0.54796946,1,0,0.30475363348512846,0.5442930869813576,0.54796946,False Positive
0,0.39347324,0,1,0.3619534853946448,0.4219426637866683,0.60652673,True Negative
0,0.57464504,1,0,0.30475363348512846,0.5697793368910179,0.57464504,False Positive
1,0.7886093,1,1,0.30475363348512846,0.8901887100678066,0.7886093,True Positive
0,0.20877647,0,1,0.30475363348512846,0.1834050831533114,0.7912235,True Negative
1,0.47018045,1,1,0.30475363348512846,0.47093598740116915,0.52981955,True Positive
1,0.77742183,1,1,0.30475363348512846,0.8492143806170226,0.77742183,True Positive
0,0.366076,0,1,0.30475363348512846,0.3698771621315865,0.633924,True Negative
1,0.78513753,1,1,0.30475363348512846,0.877308406321763,0.78513753,True Positive
0,0.44446817,1,0,0.2653792791671143,0.42956054455431875,0.55553186,False Positive
1,0.537356,1,1,0.30475363348512846,0.5342342111447166,0.537356,True Positive
0,0.3400914,0,1,0.30475363348512846,0.3431114272211928,0.6599086,True Negative
1,0.5909816,1,1,0.30475363348512846,0.5855839979740829,0.5909816,True Positive
0,0.19615158,0,1,0.30475363348512846,0.15383006090081036,0.8038484,True Negative
0,0.52202106,1,0,0.30475363348512846,0.5197548105602141,0.52202106,False Positive
0,0.30904806,0,1,0.30475363348512846,0.30978649421113674,0.69095194,True Negative
1,0.762115,1,1,0.30475363348512846,0.7954638894296311,0.762115,True Positive
0,0.311334,0,1,0.16940275038985123,0.2538540559687348,0.688666,True Negative
1,0.74978125,1,1,0.20774148655584407,0.7486453835551737,0.74978125,True Positive
0,0.37096888,0,1,0.30475363348512846,0.3748224323637506,0.6290311,True Negative
1,0.7744072,1,1,0.30475363348512846,0.8384272718399424,0.7744072,True Positive
1,0.66256654,1,1,0.3619534853946448,0.6824261504675342,0.66256654,True Positive
1,0.7807875,1,1,0.30475363348512846,0.8613819506495431,0.7807875,True Positive
1,0.23261482,0,0,0.16940275038985123,0.14631651582446553,0.7673852,False Negative
0,0.7685993,1,0,0.30475363348512846,0.8179289307338857,0.7685993,False Positive
1,0.4175832,0,0,0.30475363348512846,0.42077145049314857,0.5824168,False Negative
0,0.17480583,0,1,0.30475363348512846,0.10034997693094352,0.8251942,True Negative
0,0.3582335,0,1,0.3619534853946448,0.38659092530686795,0.6417665,True Negative
0,0.41438285,0,1,0.1972360207388138,0.3712464558216155,0.5856172,True Negative
0,0.271124,0,1,0.30475363348512846,0.2664260574228349,0.728876,True Negative
1,0.576326,1,1,0.30475363348512846,0.5713976593732821,0.576326,True Positive
1,0.7853097,1,1,0.30475363348512846,0.8779435261005265,0.7853097,True Positive
0,0.17478731,0,1,0.30475363348512846,0.10030139929645628,0.8252127,True Negative
1,0.76982915,1,1,0.30475363348512846,0.8222391834823198,0.76982915,True Positive
0,0.54266316,1,0,0.30475363348512846,0.5392594374937753,0.54266316,False Positive
1,0.39386898,0,0,0.30475363348512846,0.3976333968075997,0.606131,False Negative
1,0.77063024,1,1,0.1972360207388138,0.8192718231134102,0.77063024,True Positive
0,0.7260295,1,0,0.3619534853946448,0.7529438847321894,0.7260295,False Positive
0,0.6096911,1,0,0.3619534853946448,0.6286263791905576,0.6096911,False Positive
0,0.29903302,0,1,0.20774148655584407,0.2567632789793126,0.70096695,True Negative
1,0.8038921,1,1,0.30475363348512846,0.9488184902034728,0.8038921,True Positive
0,0.21792324,0,1,0.30475363348512846,0.19848030084153828,0.7820768,True Negative
0,0.38119745,0,1,0.3619534853946448,0.40977496805895924,0.61880255,True Negative
1,0.3504198,0,0,0.30475363348512846,0.3538584042302665,0.64958024,False Negative
0,0.3129574,0,1,0.30475363348512846,0.31407756753809885,0.6870426,True Negative
1,0.31589803,0,0,0.30475363348512846,0.31728610421431513,0.68410194,False Negative
0,0.23936439,0,1,0.30475363348512846,0.2270908527414603,0.7606356,True Negative
0,0.75373214,1,0,0.3619534853946448,0.7956760550821803,0.75373214,False Positive
0,0.48440108,1,0,0.20774148655584407,0.4424530957585644,0.5155989,False Positive
0,0.2546606,0,1,0.30475363348512846,0.2464384448518504,0.7453394,True Negative
1,0.806898,1,1,0.30475363348512846,0.9607507825619742,0.806898,True Positive
0,0.28890213,0,1,0.30475363348512846,0.2871721814888846,0.71109784,True Negative
0,0.19544165,0,1,0.3619534853946448,0.18996691345396075,0.80455834,True Negative
1,0.762115,1,1,0.30475363348512846,0.7954638894296311,0.762115,True Positive
0,0.2070354,0,1,0.30475363348512846,0.17940693423991008,0.7929646,True Negative
0,0.58070666,1,0,0.30475363348512846,0.5756232229475462,0.58070666,False Positive
0,0.37294286,0,1,0.30475363348512846,0.37680996530929345,0.62705714,True Negative
0,0.37337062,0,1,0.30475363348512846,0.37723999792070684,0.62662935,True Negative
1,0.426668,1,1,0.3619534853946448,0.4542304561000035,0.573332,True Positive
1,0.790197,1,1,0.3619534853946448,0.8992075618948194,0.790197,True Positive
0,0.29124132,0,1,0.30475363348512846,0.28984385676810853,0.7087587,True Negative
0,0.48829088,1,0,0.16940275038985123,0.42956054455431875,0.5117091,False Positive
1,0.6720699,1,1,0.30475363348512846,0.6677958482170534,0.6720699,True Positive
0,0.2454588,0,1,0.30475363348512846,0.2348964587175511,0.7545412,True Negative
1,0.17954516,0,0,0.30475363348512846,0.11264436760851385,0.82045484,False Negative
1,0.4273831,1,1,0.3619534853946448,0.45491786664858014,0.57261693,True Positive
1,0.7946548,1,1,0.2653792791671143,0.910873688290735,0.7946548,True Positive
1,0.47700912,1,1,0.30475363348512846,0.47737854095539545,0.5229909,True Positive
1,0.35318947,0,0,0.30475363348512846,0.35671515334692244,0.64681053,False Negative
1,0.55132675,1,1,0.30475363348512846,0.5474831075488034,0.55132675,True Positive
1,0.24342611,0,0,0.30475363348512846,0.23230782870649308,0.7565739,False Negative
0,0.19000916,0,1,0.30475363348512846,0.1389198118564278,0.8099908,True Negative
1,0.7758272,1,1,0.30475363348512846,0.8434957038052593,0.7758272,True Positive
0,0.24684195,0,1,0.30475363348512846,0.23664957789798316,0.75315803,True Negative
0,0.20251319,0,1,0.30475363348512846,0.16890474347748885,0.7974868,True Negative
0,0.77103335,1,0,0.30475363348512846,0.826475164471368,0.77103335,False Positive
0,0.20563217,0,1,0.30475363348512846,0.17616656448555454,0.79436785,True Negative
1,0.7709688,1,1,0.30475363348512846,0.82624751500458,0.7709688,True Positive
1,0.77362096,1,1,0.3619534853946448,0.8387076856516226,0.77362096,True Positive
0,0.303927,0,1,0.3619534853946448,0.32881890219116494,0.696073,True Negative
1,0.7637207,1,1,0.3619534853946448,0.8149882877427779,0.7637207,True Positive
1,0.6343738,1,1,0.30475363348512846,0.6286263791905576,0.6343738,True Positive
1,0.2731503,0,0,0.3619534853946448,0.293531337343091,0.7268497,False Negative
1,0.772796,1,1,0.30475363348512846,0.8327037841576705,0.772796,True Positive
1,0.77125,1,1,0.1972360207388138,0.8214552666415635,0.77125,True Positive
1,0.20931455,0,0,0.30475363348512846,0.18463574131610053,0.7906854,False Negative
0,0.24342611,0,1,0.30475363348512846,0.23230782870649308,0.7565739,True Negative
0,0.43286833,1,0,0.30475363348512846,0.4354820830304221,0.56713164,False Positive
1,0.37096888,0,0,0.30475363348512846,0.3748224323637506,0.6290311,False Negative
1,0.47920436,1,1,0.30475363348512846,0.4794478212841256,0.52079564,True Positive
0,0.24684195,0,1,0.30475363348512846,0.23664957789798316,0.75315803,True Negative
0,0.5435163,1,0,0.3619534853946448,0.5647673266890942,0.5435163,False Positive
0,0.2454588,0,1,0.30475363348512846,0.2348964587175511,0.7545412,True Negative
1,0.64609694,1,1,0.30475363348512846,0.6405981804430271,0.64609694,True Positive
1,0.7733333,1,1,0.30475363348512846,0.8346092522337827,0.7733333,True Positive
0,0.31103116,0,1,0.2653792791671143,0.2949649177664862,0.68896884,True Negative
0,0.1922894,0,1,0.30475363348512846,0.14449714385278062,0.8077106,True Negative
0,0.1613564,0,1,0.30475363348512846,0.06396011922560041,0.8386436,True Negative
0,0.28104663,0,1,0.1972360207388138,0.23167756047136448,0.7189534,True Negative
1,0.37191075,0,0,0.20774148655584407,0.3338809280440347,0.62808925,False Negative
0,0.35318947,0,1,0.30475363348512846,0.35671515334692244,0.64681053,True Negative
0,0.6309643,1,0,0.30475363348512846,0.6251757968621083,0.6309643,False Positive
1,0.6674476,1,1,0.30475363348512846,0.6628805037133403,0.6674476,True Positive
1,0.77307224,1,1,0.30475363348512846,0.8336829455840391,0.77307224,True Positive
1,0.7693191,1,1,0.3619534853946448,0.8260592611189972,0.7693191,True Positive
1,0.4388593,1,1,0.30475363348512846,0.4412128380353366,0.56114066,True Positive
1,0.7787758,1,1,0.3619534853946448,0.8571702969296665,0.7787758,True Positive
0,0.31345484,0,1,0.3619534853946448,0.3393206846637804,0.68654513,True Negative
0,0.27864996,0,1,0.30475363348512846,0.2753071157641411,0.7213501,True Negative
1,0.7713405,1,1,0.30475363348512846,0.8275579080954439,0.7713405,True Positive
1,0.7653625,1,1,0.30475363348512846,0.8066609790366215,0.7653625,True Positive
1,0.26199582,0,0,0.30475363348512846,0.25544364084790727,0.7380042,False Negative
0,0.17844807,0,1,0.3619534853946448,0.1476630948132906,0.8215519,True Negative
0,0.4722196,1,0,0.1972360207388138,0.4264342149243899,0.5277804,False Positive
1,0.74678475,1,1,0.30475363348512846,0.7593183874415345,0.74678475,True Positive
0,0.7644214,1,0,0.30475363348512846,0.8034052989763529,0.7644214,False Positive
0,0.6166918,1,0,0.30475363348512846,0.6108694486882948,0.6166918,False Positive
0,0.22784145,0,1,0.3619534853946448,0.23664957789798316,0.77215856,True Negative
1,0.2987277,0,0,0.30475363348512846,0.2983109199180939,0.7012723,False Negative
1,0.77341104,1,1,0.3619534853946448,0.8379622582934108,0.77341104,True Positive
1,0.7539446,1,1,0.16940275038985123,0.7604671233012418,0.7539446,True Positive
1,0.5770232,1,1,0.30475363348512846,0.572069353156988,0.5770232,True Positive
0,0.21449137,0,1,0.30475363348512846,0.19371700958503835,0.78550863,True Negative
1,0.3010659,0,0,0.2653792791671143,0.28392818794649377,0.6989341,False Negative
1,0.17296997,0,0,0.3619534853946448,0.13335880254127594,0.82703006,False Negative
1,0.69060874,1,1,0.30475363348512846,0.6878832001755149,0.69060874,True Positive
1,0.73729295,1,1,0.30475363348512846,0.741768144914145,0.73729295,True Positive
1,0.7886754,1,1,0.30475363348512846,0.8904353662348722,0.7886754,True Positive
0,0.3468136,0,1,0.3619534853946448,0.3748224323637506,0.65318644,True Negative
0,0.24611902,0,1,0.30475363348512846,0.2357340892966818,0.753881,True Negative
1,0.78583086,1,1,0.3619534853946448,0.8829457308098597,0.78583086,True Positive
1,0.20943296,0,0,0.30475363348512846,0.184906258118393,0.79056704,False Negative
0,0.25635263,0,1,0.30475363348512846,0.24853058383528853,0.74364734,True Negative
1,0.3501428,0,0,0.30475363348512846,0.3535722041025286,0.64985716,False Negative
1,0.7704381,1,1,0.30475363348512846,0.8243792463332411,0.7704381,True Positive
0,0.28786948,0,1,0.16940275038985123,0.22754344345318192,0.71213055,True Negative
0,0.37294286,0,1,0.30475363348512846,0.37680996530929345,0.62705714,True Negative
0,0.1857721,0,1,0.30475363348512846,0.12841865248431472,0.8142279,True Negative
0,0.25619075,0,1,0.30475363348512846,0.24833083760849173,0.7438092,True Negative
0,0.7678318,1,0,0.30475363348512846,0.8152471741642796,0.7678318,False Positive
1,0.7824623,1,1,0.3619534853946448,0.8705634414026898,0.7824623,True Positive
0,0.25344747,0,1,0.30475363348512846,0.24493283214696088,0.7465525,True Negative
1,0.79049385,1,1,0.30475363348512846,0.8972449077899656,0.79049385,True Positive
0,0.30489227,0,1,0.30475363348512846,0.30519184631333257,0.6951077,True Negative
0,0.39388824,0,1,0.30475363348512846,0.39765237085952876,0.60611176,True Negative
1,0.4063393,0,0,0.30475363348512846,0.4098540751301738,0.5936607,False Negative
0,0.40610865,0,1,0.16940275038985123,0.3511840090326832,0.5938914,True Negative
1,0.7924307,1,1,0.30475363348512846,0.9045458525072783,0.7924307,True Positive
1,0.72060597,1,1,0.3619534853946448,0.746569769015574,0.72060597,True Positive
0,0.20017648,0,1,0.3619534853946448,0.19792310750022277,0.7998235,True Negative
0,0.26308212,0,1,0.30475363348512846,0.2567632789793126,0.73691785,True Negative
0,0.31897938,0,1,0.30475363348512846,0.32063103326345394,0.6810206,True Negative
0,0.17747949,0,1,0.30475363348512846,0.10731743292118086,0.8225205,True Negative
0,0.2565497,0,1,0.30475363348512846,0.24877361282388152,0.7434503,True Negative
0,0.3348831,0,1,0.3619534853946448,0.36233175008815116,0.6651169,True Negative
1,0.72074866,1,1,0.30475363348512846,0.7220372277368536,0.72074866,True Positive
1,0.7523645,1,1,0.3619534853946448,0.7930734798596317,0.7523645,True Positive
0,0.7694808,1,0,0.30475363348512846,0.8210167717708468,0.7694808,False Positive
1,0.6510636,1,1,0.30475363348512846,0.6457234912564244,0.6510636,True Positive
0,0.38556013,0,1,0.1972360207388138,0.3429897115125408,0.61443985,True Negative
0,0.6616261,1,0,0.30475363348512846,0.6567383472822778,0.6616261,False Positive
0,0.74640477,1,0,0.30475363348512846,0.758607691339689,0.74640477,False Positive
0,0.24684195,0,1,0.30475363348512846,0.23664957789798316,0.75315803,True Negative
0,0.41011447,0,1,0.30475363348512846,0.41352968462069223,0.58988553,True Negative
1,0.67882717,1,1,0.30475363348512846,0.6750459470130293,0.67882717,True Positive
1,0.78016096,1,1,0.30475363348512846,0.8591067193054435,0.78016096,True Positive
0,0.3948338,0,1,0.30475363348512846,0.39858354470928986,0.6051662,True Negative
1,0.66751206,1,1,0.3619534853946448,0.6876479237213307,0.66751206,True Positive
0,0.28913954,0,1,0.30475363348512846,0.287443907822361,0.7108605,True Negative
1,0.5113264,1,1,0.30475363348512846,0.5096815580387953,0.5113264,True Positive
0,0.22914162,0,1,0.16940275038985123,0.1389198118564278,0.7708584,True Negative
0,0.24879001,0,1,0.30475363348512846,0.23910768303349134,0.75121,True Negative
1,0.6183107,1,1,0.30475363348512846,0.6124815181498316,0.6183107,True Positive
0,0.30043194,0,1,0.1972360207388138,0.2537945474063034,0.69956803,True Negative
0,0.43021026,1,0,0.30475363348512846,0.43293356424812585,0.56978977,False Positive
0,0.6309643,1,0,0.30475363348512846,0.6251757968621083,0.6309643,False Positive
1,0.7486371,1,1,0.30475363348512846,0.7627933461515415,0.7486371,True Positive
1,0.5252335,1,1,0.3619534853946448,0.5474831075488034,0.5252335,True Positive
1,0.78556347,1,1,0.30475363348512846,0.8788804831235377,0.78556347,True Positive
1,0.80273163,1,1,0.16940275038985123,0.9369680778537623,0.80273163,True Positive
0,0.2767599,0,1,0.2653792791671143,0.2560887943291417,0.72324014,True Negative
1,0.35165682,0,0,0.30475363348512846,0.35513560193761157,0.6483432,False Negative
0,0.22712417,0,1,0.30475363348512846,0.21099036746236277,0.77287585,True Negative
1,0.4342664,1,1,0.30475363348512846,0.4368210388632538,0.5657336,True Positive
1,0.24589479,0,0,0.3619534853946448,0.2601489907743368,0.7541052,False Negative
0,0.5807836,1,0,0.3619534853946448,0.6003967800295795,0.5807836,False Positive
1,0.46425316,1,1,0.1972360207388138,0.41890876795308746,0.5357468,True Positive
1,0.69699204,1,1,0.16940275038985123,0.6365053821682715,0.69699204,True Positive
1,0.49694782,1,1,0.2653792791671143,0.4791501958202543,0.5030522,True Positive
0,0.25362155,0,1,0.30475363348512846,0.2451492032556367,0.7463784,True Negative
1,0.7942144,1,1,0.30475363348512846,0.9113141649501999,0.7942144,True Positive
0,0.21481137,0,1,0.16940275038985123,0.10753236913574107,0.7851886,True Negative
1,0.76501447,1,1,0.3619534853946448,0.8175304455111807,0.76501447,True Positive
1,0.6639251,1,1,0.30475363348512846,0.6591576118286121,0.6639251,True Positive
0,0.44490716,1,0,0.3619534853946448,0.4716799111331493,0.5550928,False Positive
1,0.3325205,0,0,0.3619534853946448,0.3598325114490404,0.6674795,False Negative
0,0.7127187,1,0,0.30475363348512846,0.7127342345787403,0.7127187,False Positive
1,0.3026377,0,0,0.3619534853946448,0.3273837378723264,0.6973623,False Negative
1,0.23135342,0,0,0.3619534853946448,0.24131952130856876,0.7686466,False Negative
1,0.7962994,1,1,0.30475363348512846,0.91928116143973,0.7962994,True Positive
1,0.3836478,0,0,0.30475363348512846,0.3875160125473446,0.6163522,False Negative
0,0.5905419,1,0,0.30475363348512846,0.5851562223211676,0.5905419,False Positive
1,0.78704005,1,1,0.30475363348512846,0.8843477856402069,0.78704005,True Positive
1,0.5199297,1,1,0.30475363348512846,0.5177837705352069,0.5199297,True Positive
1,0.2565497,0,0,0.30475363348512846,0.24877361282388152,0.7434503,False Negative
0,0.39195767,0,1,0.20774148655584407,0.3538584042302665,0.60804236,True Negative
1,0.7852125,1,1,0.30475363348512846,0.8775851362137198,0.7852125,True Positive
1,0.3953482,0,0,0.30475363348512846,0.3990897512996082,0.6046518,False Negative
1,0.6641215,1,1,0.30475363348512846,0.6593647220292417,0.6641215,True Positive
0,0.5810126,1,0,0.3619534853946448,0.600617961875063,0.5810126,False Positive
0,0.25556323,0,1,0.30475363348512846,0.24755565962698853,0.74443674,True Negative
0,0.6812972,1,0,0.30475363348512846,0.6777160633577283,0.6812972,False Positive
0,0.7877335,1,0,0.30475363348512846,0.8869249113510808,0.7877335,False Positive
0,0.6027442,1,0,0.30475363348512846,0.5970825388329368,0.6027442,False Positive
1,0.35784882,0,0,0.30475363348512846,0.36149809992349835,0.6421512,False Negative
0,0.41446623,0,1,0.3619534853946448,0.4424530957585644,0.58553374,True Negative
0,0.2465536,0,1,0.30475363348512846,0.236284673063531,0.7534464,True Negative
1,0.33460772,0,0,0.30475363348512846,0.3373417377781055,0.6653923,False Negative
0,0.27388054,0,1,0.2508911477913881,0.2464384448518504,0.72611946,True Negative
0,0.26544762,0,1,0.30475363348512846,0.2596248577530326,0.7345524,True Negative
0,0.69463587,1,0,0.30475363348512846,0.6923322386997085,0.69463587,False Positive
0,0.67255914,1,0,0.30475363348512846,0.6683181396688278,0.67255914,False Positive
0,0.2273022,0,1,0.30475363348512846,0.21122880691628085,0.7726978,True Negative
1,0.33938748,0,0,0.16940275038985123,0.28392818794649377,0.6606125,False Negative
1,0.70153093,1,1,0.3619534853946448,0.7247263160470834,0.70153093,True Positive
0,0.27714932,0,1,0.30475363348512846,0.2735482498386507,0.7228507,True Negative
1,0.77622056,1,1,0.30475363348512846,0.8449036910055449,0.77622056,True Positive
0,0.23193264,0,1,0.30475363348512846,0.21738574310196493,0.76806736,True Negative
1,0.7737948,1,1,0.3619534853946448,0.8393254079006969,0.7737948,True Positive
1,0.7808788,1,1,0.30475363348512846,0.8617136244007771,0.7808788,True Positive
1,0.55288357,1,1,0.30475363348512846,0.548963838388142,0.55288357,True Positive
0,0.17148861,0,1,0.3619534853946448,0.12942946217041243,0.82851136,True Negative
0,0.7817677,1,0,0.30475363348512846,0.8649506688311498,0.7817677,False Positive
1,0.77421296,1,1,0.30475363348512846,0.8377357170159019,0.77421296,True Positive
1,0.24342611,0,0,0.30475363348512846,0.23230782870649308,0.7565739,False Negative
0,0.19392331,0,1,0.30475363348512846,0.14846271036276193,0.8060767,True Negative
0,0.24239236,0,1,0.30475363348512846,0.23098571568943657,0.75760764,True Negative
1,0.75633645,1,1,0.30475363348512846,0.7774239523903576,0.75633645,True Positive
0,0.48383594,1,0,0.30475363348512846,0.48381118968410963,0.51616406,False Positive
1,0.78931165,1,1,0.2653792791671143,0.8906949976876339,0.78931165,True Positive
1,0.3953482,0,0,0.30475363348512846,0.3990897512996082,0.6046518,False Negative
1,0.39569247,0,0,0.30475363348512846,0.39942841919135674,0.60430753,False Negative
0,0.576563,1,0,0.30475363348512846,0.5716259454942711,0.576563,False Positive
1,0.5269642,1,1,0.16940275038985123,0.46597131088003846,0.5269642,True Positive
0,0.4834167,1,0,0.30475363348512846,0.4834163652813349,0.5165833,False Positive
0,0.22145055,0,1,0.2653792791671143,0.18574991703624522,0.77854943,True Negative
0,0.77259296,1,0,0.2653792791671143,0.8298665440811073,0.77259296,False Positive
0,0.25988838,0,1,0.30475363348512846,0.25287340922846074,0.7401116,True Negative
1,0.76849526,1,1,0.30475363348512846,0.8175650651583957,0.76849526,True Positive
1,0.7910158,1,1,0.30475363348512846,0.8992075618948194,0.7910158,True Positive
0,0.26666632,0,1,0.30475363348512846,0.2610928146402436,0.7333337,True Negative
1,0.7852901,1,1,0.3619534853946448,0.8809484891764152,0.7852901,True Positive
1,0.7076541,1,1,0.30475363348512846,0.706946538345559,0.7076541,True Positive
1,0.45635697,1,1,0.30475363348512846,0.45785937365505186,0.543643,True Positive
0,0.19154803,0,1,0.3619534853946448,0.18053128685617204,0.80845195,True Negative
0,0.52415216,1,0,0.30475363348512846,0.521764063291452,0.52415216,False Positive
1,0.77237415,1,1,0.30475363348512846,0.8312102154739173,0.77237415,True Positive
1,0.24267334,0,0,0.3619534853946448,0.25604461235932413,0.75732666,False Negative
0,0.24684195,0,1,0.30475363348512846,0.23664957789798316,0.75315803,True Negative
0,0.2163691,0,1,0.1972360207388138,0.12942946217041243,0.7836309,True Negative
1,0.73818207,1,1,0.16940275038985123,0.7086908917915928,0.73818207,True Positive
1,0.3906946,0,0,0.30475363348512846,0.39450154108048185,0.6093054,False Negative
1,0.23529534,0,0,0.30475363348512846,0.22180337479818873,0.76470464,False Negative
0,0.20194831,0,1,0.30475363348512846,0.16758069613478518,0.7980517,True Negative
1,0.7812792,1,1,0.30475363348512846,0.8631705969790093,0.7812792,True Positive
1,0.7928963,1,1,0.30475363348512846,0.9063083362711081,0.7928963,True Positive
1,0.68554634,1,1,0.16940275038985123,0.6238901531835671,0.68554634,True Positive
0,0.43712756,1,0,0.3619534853946448,0.464257342286645,0.5628724,False Positive
0,0.5625003,1,0,0.30475363348512846,0.5581337412052091,0.5625003,False Positive
0,0.42669842,1,0,0.30475363348512846,0.42956054455431875,0.57330155,False Positive
1,0.21367927,0,0,0.3619534853946448,0.21728094302614953,0.78632075,False Negative
0,0.27011535,0,1,0.30475363348512846,0.26522416491791884,0.7298846,True Negative
0,0.45810512,1,0,0.30475363348512846,0.4595161821124058,0.5418949,False Positive
1,0.7823704,1,1,0.30475363348512846,0.8671505110283441,0.7823704,True Positive
0,0.78601456,1,0,0.30475363348512846,0.8805478777122311,0.78601456,False Positive
0,0.5906929,1,0,0.3619534853946448,0.6100021904207212,0.5906929,False Positive
0,0.35104412,0,1,0.30475363348512846,0.3545032763716162,0.6489559,True Negative
0,0.17611414,0,1,0.3619534853946448,0.14161167492872265,0.82388586,True Negative
1,0.7654308,1,1,0.16940275038985123,0.7996168165456337,0.7654308,True Positive
0,0.474678,1,0,0.3619534853946448,0.49987945664334044,0.52532196,False Positive
0,0.62380457,1,0,0.1972360207388138,0.5715455661692705,0.62380457,False Positive
1,0.7498824,1,1,0.30475363348512846,0.7651393522087518,0.7498824,True Positive
1,0.77748895,1,1,0.30475363348512846,0.8494558239572086,0.77748895,True Positive
1,0.7926748,1,1,0.16940275038985123,0.8981885889270833,0.7926748,True Positive
1,0.46940994,1,1,0.30475363348512846,0.470208478852208,0.53059006,True Positive
0,0.27513686,0,1,0.30475363348512846,0.27118021734782854,0.7248632,True Negative
0,0.77675045,1,0,0.30475363348512846,0.846803179876567,0.77675045,False Positive
1,0.7623188,1,1,0.3619534853946448,0.8122445207147284,0.7623188,True Positive
1,0.28727168,0,0,0.30475363348512846,0.2853023245394429,0.7127283,False Negative
0,0.18945293,0,1,0.30475363348512846,0.13755159678817377,0.81054705,True Negative
1,0.3538225,0,0,0.16940275038985123,0.298921418793449,0.64617753,False Negative
0,0.4907224,1,0,0.30475363348512846,0.49029435063998505,0.5092776,False Positive
1,0.7953785,1,1,0.30475363348512846,0.9157549763059561,0.7953785,True Positive
0,0.1700056,0,1,0.30475363348512846,0.0876266862020383,0.8299944,True Negative
1,0.17188545,0,0,0.30475363348512846,0.09264281116081523,0.82811457,False Negative
0,0.27513686,0,1,0.30475363348512846,0.27118021734782854,0.7248632,True Negative
0,0.39962524,0,1,0.3619534853946448,0.4279894335175614,0.60037476,True Negative
1,0.643836,1,1,0.30475363348512846,0.6382758025319216,0.643836,True Positive
0,0.7724442,1,0,0.30475363348512846,0.8314579991801959,0.7724442,False Positive
1,0.79685026,1,1,0.1972360207388138,0.9156124045402441,0.79685026,True Positive
1,0.7646482,1,1,0.2653792791671143,0.8020709311954374,0.7646482,True Positive
0,0.3836478,0,1,0.30475363348512846,0.3875160125473446,0.6163522,True Negative
1,0.7821305,1,1,0.30475363348512846,0.8662743017387277,0.7821305,True Positive
1,0.7738591,1,1,0.16940275038985123,0.8291960646438281,0.7738591,True Positive
1,0.7830583,1,1,0.3619534853946448,0.8727439735415183,0.7830583,True Positive
1,0.77083313,1,1,0.30475363348512846,0.8257696457435763,0.77083313,True Positive
1,0.79309756,1,1,0.16940275038985123,0.8997903593285511,0.79309756,True Positive
1,0.7850128,1,1,0.30475363348512846,0.876848551208486,0.7850128,True Positive
1,0.41911736,0,0,0.3619534853946448,0.44695355981150725,0.58088267,False Negative
0,0.2837807,0,1,0.30475363348512846,0.2812773659815351,0.7162193,True Negative
0,0.21905191,0,1,0.30475363348512846,0.20003501822601796,0.7809481,True Negative
1,0.17296997,0,0,0.3619534853946448,0.13335880254127594,0.82703006,False Negative
1,0.79179955,1,1,0.3619534853946448,0.9052382170218317,0.79179955,True Positive
0,0.7722757,1,0,0.30475363348512846,0.8308615769621903,0.7722757,False Positive
0,0.77999955,1,0,0.30475363348512846,0.8585213560888821,0.77999955,False Positive
0,0.54375744,1,0,0.30475363348512846,0.5402966994953812,0.54375744,False Positive
1,0.27864996,0,0,0.30475363348512846,0.2753071157641411,0.7213501,False Negative
0,0.42276,1,0,0.30475363348512846,0.42576931770572607,0.57724,False Positive
1,0.7742936,1,1,0.1972360207388138,0.8322390042343903,0.7742936,True Positive
0,0.76591486,1,0,0.30475363348512846,0.8085762149505688,0.76591486,False Positive
1,0.24342611,0,0,0.30475363348512846,0.23230782870649308,0.7565739,False Negative
1,0.58957815,1,1,0.30475363348512846,0.5842191009531048,0.58957815,True Positive
1,0.66864,1,1,0.1972360207388138,0.6177185156672436,0.66864,True Positive
1,0.5578586,1,1,0.30475363348512846,0.5537025057997108,0.5578586,True Positive
1,0.41951427,0,0,0.3619534853946448,0.4473369518600165,0.5804857,False Negative
1,0.7862424,1,1,0.30475363348512846,0.8813909751749459,0.7862424,True Positive
0,0.22714359,0,1,0.30475363348512846,0.21101638058013847,0.7728564,True Negative
1,0.8007586,1,1,0.3619534853946448,0.939603357821199,0.8007586,True Positive
0,0.193579,0,1,0.3619534853946448,0.18547107163521565,0.806421,True Negative
0,0.3619308,0,1,0.2653792791671143,0.348663678963872,0.6380692,True Negative
1,0.19380122,0,0,0.30475363348512846,0.1481672565274377,0.8061988,False Negative
1,0.2541262,0,0,0.30475363348512846,0.24577577461248887,0.7458738,False Negative
0,0.18576905,0,1,0.30475363348512846,0.1284109766472026,0.8142309,True Negative
1,0.7848693,1,1,0.20774148655584407,0.8711012794845487,0.7848693,True Positive
0,0.38271818,0,1,0.30475363348512846,0.38659092530686795,0.6172818,True Negative
1,0.76311994,1,1,0.3619534853946448,0.8138112031793505,0.76311994,True Positive
1,0.5184351,1,1,0.30475363348512846,0.5163755266047652,0.5184351,True Positive
0,0.3766122,0,1,0.30475363348512846,0.38049306852475484,0.6233878,True Negative
0,0.3820871,0,1,0.30475363348512846,0.385962442790061,0.6179129,True Negative
0,0.19024767,0,1,0.30475363348512846,0.13950561939025696,0.80975235,True Negative
0,0.16172487,0,1,0.3619534853946448,0.10283074216522083,0.83827513,True Negative
0,0.60585976,1,0,0.30475363348512846,0.6001470877540696,0.60585976,False Positive
0,0.28255188,0,1,0.30475363348512846,0.27985350395463743,0.7174481,True Negative
0,0.24684195,0,1,0.30475363348512846,0.23664957789798316,0.75315803,True Negative
1,0.24432628,0,0,0.16940275038985123,0.17070803489614222,0.7556737,False Negative
0,0.271124,0,1,0.30475363348512846,0.2664260574228349,0.728876,True Negative
0,0.25469494,0,1,0.3619534853946448,0.27118021734782854,0.74530506,True Negative
1,0.7693639,1,1,0.30475363348512846,0.820606676698738,0.7693639,True Positive
1,0.33235973,0,0,0.3619534853946448,0.35966215654391503,0.66764027,False Negative
1,0.7780521,1,1,0.3619534853946448,0.8545598490078901,0.7780521,True Positive
0,0.3724626,0,1,0.30475363348512846,0.37632677564161604,0.62753737,True Negative
1,0.78099114,1,1,0.30475363348512846,0.8621222095193812,0.78099114,True Positive
1,0.7850844,1,1,0.3619534853946448,0.8801897609347437,0.7850844,True Positive
0,0.20601286,0,1,0.30475363348512846,0.17704722293559502,0.79398715,True Negative
1,0.329167,0,0,0.30475363348512846,0.33157053637621725,0.670833,False Negative
1,0.77729285,1,1,0.30475363348512846,0.8487509888946343,0.77729285,True Positive
0,0.25619075,0,1,0.30475363348512846,0.24833083760849173,0.7438092,True Negative
1,0.3328812,0,0,0.3619534853946448,0.36021468987051813,0.6671188,False Negative
0,0.45670837,1,0,0.3619534853946448,0.48289167768395,0.5432916,False Positive
1,0.76349944,1,1,0.3619534853946448,0.8145545735295822,0.76349944,True Positive
1,0.58989775,1,1,0.3238188371042879,0.5927622519461334,0.58989775,True Positive
0,0.18654436,0,1,0.30475363348512846,0.13034619746341022,0.81345564,True Negative
0,0.2841772,0,1,0.30475363348512846,0.28173605772877564,0.7158228,True Negative
0,0.3295853,0,1,0.3619534853946448,0.35671515334692244,0.6704147,True Negative
0,0.21772142,0,1,0.2653792791671143,0.17752054389794872,0.7822786,True Negative
1,0.42541116,1,1,0.16940275038985123,0.3698771621315865,0.57458884,True Positive
0,0.25095177,0,1,0.30475363348512846,0.24182039305851213,0.74904823,True Negative
1,0.8011267,1,1,0.3619534853946448,0.941039684992601,0.8011267,True Positive
0,0.25415236,0,1,0.3619534853946448,0.2705074590294816,0.74584764,True Negative
0,0.19376433,0,1,0.30475363348512846,0.14807795787355005,0.8062357,True Negative
0,0.78530073,1,0,0.30475363348512846,0.8779106107986901,0.78530073,False Positive
0,0.7807511,1,0,0.30475363348512846,0.8612496180390277,0.7807511,False Positive
1,0.7805063,1,1,0.30475363348512846,0.8603601836049622,0.7805063,True Positive
0,0.24684195,0,1,0.30475363348512846,0.23664957789798316,0.75315803,True Negative
0,0.4139906,0,1,0.30475363348512846,0.41729283933334493,0.5860094,True Negative
1,0.7860942,1,1,0.30475363348512846,0.8808425406052336,0.7860942,True Positive
1,0.7841686,1,1,0.3619534853946448,0.876817833483693,0.7841686,True Positive
0,0.31940705,0,1,0.30475363348512846,0.32109394192049084,0.68059295,True Negative
1,0.25360596,0,0,0.30475363348512846,0.24512978242952865,0.74639404,False Negative
0,0.35318947,0,1,0.30475363348512846,0.35671515334692244,0.64681053,True Negative
0,0.43044642,1,0,0.3619534853946448,0.45785937365505186,0.5695536,False Positive
1,0.6171863,1,1,0.2653792791671143,0.5943595083205893,0.6171863,True Positive
0,0.551965,1,0,0.30475363348512846,0.5480900636575734,0.551965,False Positive
0,0.78852934,1,0,0.30475363348512846,0.889889930671022,0.78852934,False Positive
0,0.78624225,1,0,0.30475363348512846,0.8813904393162124,0.78624225,False Positive
1,0.78201646,1,1,0.30475363348512846,0.8658580174478899,0.78201646,True Positive
1,0.56270987,1,1,0.30475363348512846,0.5583340703378249,0.56270987,True Positive
0,0.21449137,0,1,0.30475363348512846,0.19371700958503835,0.78550863,True Negative
0,0.563498,1,0,0.30475363348512846,0.559087574758444,0.563498,False Positive
0,0.17642854,0,1,0.30475363348512846,0.10458860248133958,0.82357144,True Negative
0,0.22012113,0,1,0.16940275038985123,0.11933224773867986,0.77987885,True Negative
1,0.7691113,1,1,0.30475363348512846,0.8197214425486519,0.7691113,True Positive
1,0.7785016,1,1,0.30475363348512846,0.8531034012275651,0.7785016,True Positive
1,0.6063378,1,1,0.30475363348512846,0.600617961875063,0.6063378,True Positive
0,0.34036592,0,1,0.2653792791671143,0.32639702340626725,0.6596341,True Negative
1,0.6577752,1,1,0.3619534853946448,0.677402925723504,0.6577752,True Positive
0,0.22236535,0,1,0.1972360207388138,0.14267177192748465,0.7776346,True Negative
1,0.45726892,1,1,0.30475363348512846,0.45872376199726805,0.54273105,True Positive
1,0.77164066,1,1,0.3619534853946448,0.8316944806493987,0.77164066,True Positive
1,0.762115,1,1,0.30475363348512846,0.7954638894296311,0.762115,True Positive
1,0.5811652,1,1,0.30475363348512846,0.5760662771553061,0.5811652,True Positive
1,0.78937274,1,1,0.30475363348512846,0.8930415053331989,0.78937274,True Positive
1,0.23973992,0,0,0.3619534853946448,0.25227495691134433,0.7602601,False Negative
0,0.21265544,0,1,0.30475363348512846,0.19114609700467994,0.7873446,True Negative
0,0.7672947,1,0,0.16940275038985123,0.8060934250540038,0.7672947,False Positive
0,0.27513686,0,1,0.30475363348512846,0.27118021734782854,0.7248632,True Negative
0,0.17630318,0,1,0.30475363348512846,0.10426228435921552,0.82369685,True Negative
0,0.20877647,0,1,0.30475363348512846,0.1834050831533114,0.7912235,True Negative
1,0.7715503,1,1,0.30475363348512846,0.8282983000907891,0.7715503,True Positive
1,0.7710211,1,1,0.30475363348512846,0.8264320446851052,0.7710211,True Positive
0,0.3088088,0,1,0.30475363348512846,0.3095228863320867,0.6911912,True Negative
1,0.79925925,1,1,0.30475363348512846,0.9306958422629952,0.79925925,True Positive
1,0.78549385,1,1,0.30475363348512846,0.8786233576829606,0.78549385,True Positive
1,0.7654782,1,1,0.30475363348512846,0.8070619959557174,0.7654782,True Positive
1,0.7770165,1,1,0.30475363348512846,0.8477582422243471,0.7770165,True Positive
1,0.35724208,0,0,0.3619534853946448,0.38557602657380885,0.6427579,False Negative
1,0.5745138,1,1,0.30475363348512846,0.5696530348534777,0.5745138,True Positive
0,0.7753589,1,0,0.30475363348512846,0.8418215985974795,0.7753589,False Positive
1,0.47488648,1,1,0.30475363348512846,0.475376945556236,0.5251135,True Positive
1,0.31149083,0,0,0.30475363348512846,0.3124712763388155,0.68850917,False Negative
1,0.78271353,1,1,0.30475363348512846,0.8684051639998355,0.78271353,True Positive
0,0.35784882,0,1,0.30475363348512846,0.36149809992349835,0.6421512,True Negative
0,0.6499428,1,0,0.30475363348512846,0.6445640002080454,0.6499428,False Positive
1,0.77672523,1,1,0.30475363348512846,0.8467127265083401,0.77672523,True Positive
1,0.7720417,1,1,0.30475363348512846,0.8300339964451863,0.7720417,True Positive
0,0.2789144,0,1,0.30475363348512846,0.2756164738353442,0.7210856,True Negative
1,0.23757163,0,0,0.30475363348512846,0.22476896308119743,0.7624284,False Negative
0,0.1976735,0,1,0.30475363348512846,0.1574695417331339,0.8023265,True Negative
0,0.27513686,0,1,0.30475363348512846,0.27118021734782854,0.7248632,True Negative
1,0.36114633,0,0,0.30475363348512846,0.36486643304551664,0.63885367,False Negative
1,0.76800644,1,1,0.16940275038985123,0.8085762149505688,0.76800644,True Positive
0,0.21991158,0,1,0.30475363348512846,0.2012153217874833,0.7800884,True Negative
0,0.18867588,0,1,0.30475363348512846,0.13563499445868074,0.8113241,True Negative
0,0.51639944,1,0,0.30475363348512846,0.5144580705695384,0.51639944,False Positive
0,0.22943348,0,1,0.3619534853946448,0.23877274031374351,0.7705665,True Negative
1,0.47355187,1,1,0.30475363348512846,0.47411793354412063,0.52644813,True Positive
0,0.21127896,0,1,0.30475363348512846,0.1891089113879493,0.788721,True Negative
0,0.2454588,0,1,0.30475363348512846,0.2348964587175511,0.7545412,True Negative
1,0.5807588,1,1,0.30475363348512846,0.5756735503255401,0.5807588,True Positive
1,0.7584126,1,1,0.30475363348512846,0.7828253799358177,0.7584126,True Positive
0,0.3553175,0,1,0.16940275038985123,0.30045788295616643,0.6446825,True Negative
1,0.48077783,1,1,0.3619534853946448,0.5056297288333502,0.51922214,True Positive
0,0.26136693,0,1,0.30475363348512846,0.25467809950035947,0.73863304,True Negative
1,0.59666646,1,1,0.30475363348512846,0.5911275639467872,0.59666646,True Positive
1,0.764793,1,1,0.30475363348512846,0.8046896916875403,0.764793,True Positive
1,0.20702904,0,0,0.30475363348512846,0.17939232328417926,0.79297096,False Negative
0,0.27101472,0,1,0.30475363348512846,0.26629595951929985,0.7289853,True Negative
0,0.36047247,0,1,0.30475363348512846,0.36417920103802826,0.63952756,True Negative
1,0.6312854,1,1,0.30475363348512846,0.6255001292639393,0.6312854,True Positive
1,0.7031188,1,1,0.3619534853946448,0.7265126842228434,0.7031188,True Positive
0,0.7764607,1,0,0.3619534853946448,0.8488411241185748,0.7764607,False Positive
0,0.7983611,1,0,0.30475363348512846,0.9272190593799099,0.7983611,False Positive
0,0.20104003,0,1,0.30475363348512846,0.16544585842302104,0.79896,True Negative
0,0.6017841,1,0,0.2653792791671143,0.5791378285114662,0.6017841,False Positive
0,0.1998365,0,1,0.30475363348512846,0.1626059190955259,0.8001635,True Negative
1,0.7580599,1,1,0.30475363348512846,0.781628539016375,0.7580599,True Positive
1,0.20752396,0,0,0.30475363348512846,0.18053128685617204,0.79247606,False Negative
1,0.76988804,1,1,0.3619534853946448,0.8271948360582607,0.76988804,True Positive
1,0.7574325,1,1,0.30475363348512846,0.7795320527277078,0.7574325,True Positive
0,0.72468984,1,0,0.30475363348512846,0.7266630720578203,0.72468984,False Positive
0,0.35318947,0,1,0.30475363348512846,0.35671515334692244,0.64681053,True Negative
0,0.21905191,0,1,0.30475363348512846,0.20003501822601796,0.7809481,True Negative
1,0.76098204,1,1,0.30475363348512846,0.7915818583539893,0.76098204,True Positive
0,0.27469924,0,1,0.30475363348512846,0.2706639148148176,0.7253008,True Negative
0,0.74780303,1,0,0.30475363348512846,0.7612266352600989,0.74780303,False Positive
1,0.78053236,1,1,0.3619534853946448,0.8635318376905451,0.78053236,True Positive
0,0.18352148,0,1,0.30475363348512846,0.1227653347305838,0.8164785,True Negative
0,0.37096888,0,1,0.30475363348512846,0.3748224323637506,0.6290311,True Negative
0,0.1857721,0,1,0.30475363348512846,0.12841865248431472,0.8142279,True Negative
1,0.793315,1,1,0.30475363348512846,0.9078960384744318,0.793315,True Positive
1,0.7723995,1,1,0.16940275038985123,0.8240188033363139,0.7723995,True Positive
1,0.78906626,1,1,0.30475363348512846,0.8918952900017987,0.78906626,True Positive
1,0.76930135,1,1,0.30475363348512846,0.8203874250071775,0.76930135,True Positive
1,0.7578813,1,1,0.30475363348512846,0.7810226862834145,0.7578813,True Positive
1,0.5166033,1,1,0.30475363348512846,0.5146500324239905,0.5166033,True Positive
0,0.5242697,1,0,0.30475363348512846,0.5218748558831363,0.5242697,False Positive
0,0.2048041,0,1,0.3619534853946448,0.20466332241915502,0.79519594,True Negative
0,0.7705637,1,0,0.3619534853946448,0.8285458900705054,0.7705637,False Positive
1,0.77945167,1,1,0.30475363348512846,0.856536600777702,0.77945167,True Positive
0,0.39569247,0,1,0.30475363348512846,0.39942841919135674,0.60430753,True Negative
1,0.3825341,0,0,0.2508911477913881,0.3631495412322733,0.6174659,False Negative
1,0.78901803,1,1,0.3619534853946448,0.8947921499086793,0.78901803,True Positive
0,0.76399267,1,0,0.30475363348512846,0.8019250868280936,0.76399267,False Positive
1,0.78555727,1,1,0.30475363348512846,0.8788576769956525,0.78555727,True Positive
1,0.764761,1,1,0.30475363348512846,0.8045791074872604,0.764761,True Positive
0,0.37096888,0,1,0.30475363348512846,0.3748224323637506,0.6290311,True Negative
0,0.5578586,1,0,0.30475363348512846,0.5537025057997108,0.5578586,False Positive
1,0.37673804,0,0,0.3619534853946448,0.40531832624681247,0.6232619,False Negative
1,0.75425285,1,1,0.3619534853946448,0.796669463079202,0.75425285,True Positive
0,0.29311264,0,1,0.1972360207388138,0.24554543449596725,0.70688736,True Negative
0,0.27897248,0,1,0.30475363348512846,0.2756843801719336,0.7210275,True Negative
0,0.806497,1,0,0.2653792791671143,0.9570327170128666,0.806497,False Positive
0,0.29556033,0,1,0.30475363348512846,0.2947438973154672,0.70443964,True Negative
1,0.4739908,1,1,0.30475363348512846,0.47453206376059276,0.5260092,True Positive
0,0.3713322,0,1,0.16940275038985123,0.31674338555173187,0.62866783,True Negative
1,0.47700912,1,1,0.30475363348512846,0.47737854095539545,0.5229909,True Positive
0,0.19938065,0,1,0.3619534853946448,0.19675221432958095,0.80061936,True Negative
0,0.7490605,1,0,0.2653792791671143,0.7493582091889283,0.7490605,False Positive
1,0.29233426,0,0,0.30475363348512846,0.2910878222049688,0.70766574,False Negative
1,0.76617634,1,1,0.30475363348512846,0.8094840989192618,0.76617634,True Positive
1,0.7920464,1,1,0.30475363348512846,0.9030934487220004,0.7920464,True Positive
0,0.3292926,0,1,0.30475363348512846,0.3317043274619161,0.6707074,True Negative
0,0.26443565,0,1,0.30475363348512846,0.2584027053976808,0.73556435,True Negative
1,0.7500603,1,1,0.2653792791671143,0.7526716535091323,0.7500603,True Positive
0,0.57922995,1,0,0.30475363348512846,0.5741974831587032,0.57922995,False Positive
1,0.7684983,1,1,0.30475363348512846,0.8175757682581485,0.7684983,True Positive
1,0.78797317,1,1,0.30475363348512846,0.887816905019437,0.78797317,True Positive
1,0.37096888,0,0,0.30475363348512846,0.3748224323637506,0.6290311,False Negative
0,0.1952394,0,1,0.30475363348512846,0.1516383920572594,0.8047606,True Negative
0,0.34894395,0,1,0.16940275038985123,0.2938867730217447,0.65105605,True Negative
0,0.7532448,1,0,0.20774148655584407,0.7601849509936939,0.7532448,False Positive
0,0.7687388,1,0,0.30475363348512846,0.8184171248359232,0.7687388,False Positive
0,0.4716737,1,0,0.30475363348512846,0.47234561990280727,0.5283263,False Positive
1,0.7798223,1,1,0.30475363348512846,0.8578787958764885,0.7798223,True Positive
0,0.3386519,0,1,0.30475363348512846,0.341601324961325,0.6613481,True Negative
0,0.17776,0,1,0.30475363348512846,0.10804368377229193,0.82224,True Negative
1,0.7842715,1,1,0.30475363348512846,0.8741190205034086,0.7842715,True Positive
0,0.35784817,0,1,0.2653792791671143,0.3444953812014758,0.64215183,True Negative
1,0.766538,1,1,0.30475363348512846,0.8107407413340357,0.766538,True Positive
1,0.649621,1,1,0.30475363348512846,0.6442313036665421,0.649621,True Positive
1,0.7802857,1,1,0.30475363348512846,0.8595593822938121,0.7802857,True Positive
1,0.7657511,1,1,0.30475363348512846,0.8080082379079537,0.7657511,True Positive
0,0.3073701,0,1,0.30475363348512846,0.3079354685850581,0.69262993,True Negative
0,0.47273728,1,0,0.30475363348512846,0.47334936139992817,0.5272627,False Positive
1,0.7811424,1,1,0.30475363348512846,0.8626726509619469,0.7811424,True Positive
1,0.4805993,1,1,0.30475363348512846,0.4807623093026811,0.5194007,True Positive
0,0.18572706,0,1,0.30475363348512846,0.128306036109434,0.81427294,True Negative
0,0.37096888,0,1,0.30475363348512846,0.3748224323637506,0.6290311,True Negative
0,0.26493692,0,1,0.30475363348512846,0.2590084499516673,0.7350631,True Negative
0,0.21265544,0,1,0.30475363348512846,0.19114609700467994,0.7873446,True Negative
1,0.55505973,1,1,0.30475363348512846,0.5510353550113692,0.55505973,True Positive
1,0.7848636,1,1,0.30475363348512846,0.8762988012858561,0.7848636,True Positive
1,0.77278703,1,1,0.30475363348512846,0.8326720185958939,0.77278703,True Positive
1,0.7743321,1,1,0.30475363348512846,0.838159924225689,0.7743321,True Positive
0,0.3729139,0,1,0.3619534853946448,0.40147999754140684,0.6270861,True Negative
0,0.22712474,0,1,0.30475363348512846,0.210991126560176,0.77287525,True Negative
0,0.23473983,0,1,0.3619534853946448,0.24577577461248887,0.76526016,True Negative
0,0.43900838,1,0,0.3619534853946448,0.4660543953851979,0.56099164,False Positive
1,0.76875514,1,1,0.30475363348512846,0.8184741780016991,0.76875514,True Positive
0,0.60377705,1,0,0.30475363348512846,0.598097506761693,0.60377705,False Positive
1,0.36440903,0,0,0.2653792791671143,0.3511840090326832,0.635591,False Negative
0,0.30654636,0,1,0.1972360207388138,0.2605980924853573,0.69345367,True Negative
1,0.7795303,1,1,0.30475363348512846,0.8568212174935704,0.7795303,True Positive
0,0.24414115,0,1,0.3619534853946448,0.2579192600247681,0.75585884,True Negative
0,0.1857721,0,1,0.30475363348512846,0.12841865248431472,0.8142279,True Negative
0,0.2010135,0,1,0.30475363348512846,0.16538335843764942,0.7989865,True Negative
1,0.5306784,1,1,0.3619534853946448,0.5526217764894993,0.5306784,True Positive
0,0.35318947,0,1,0.30475363348512846,0.35671515334692244,0.64681053,True Negative
0,0.33084723,0,1,0.30475363348512846,0.3333578865012852,0.66915274,True Negative
1,0.7850056,1,1,0.16940275038985123,0.8695412017478795,0.7850056,True Positive
0,0.24112943,0,1,0.30475363348512846,0.22936528399559156,0.7588706,True Negative
0,0.17789742,0,1,0.30475363348512846,0.10839914869469383,0.82210255,True Negative
0,0.35568413,0,1,0.30475363348512846,0.3592794876723538,0.64431584,True Negative
1,0.7873279,1,1,0.30475363348512846,0.8854168053548525,0.7873279,True Positive
1,0.19430248,0,0,0.30475363348512846,0.14937933020622812,0.8056975,False Negative
0,0.7829504,1,0,0.30475363348512846,0.8692719062336739,0.7829504,False Positive
1,0.22054288,0,0,0.30475363348512846,0.20207993088865842,0.7794571,False Negative
0,0.24657932,0,1,0.3619534853946448,0.2610164313053783,0.7534207,True Negative
1,0.7699011,1,1,0.30475363348512846,0.8224918715586704,0.7699011,True Positive
1,0.30334124,0,0,0.30475363348512846,0.3034680349358289,0.69665873,False Negative
1,0.23598526,0,0,0.3619534853946448,0.24740351826810938,0.7640147,False Negative
0,0.7672688,1,0,0.30475363348512846,0.8132838805968983,0.7672688,False Positive
0,0.3934335,0,1,0.30475363348512846,0.39720427323490926,0.6065665,True Negative
0,0.7797034,1,0,0.16940275038985123,0.8501671139715751,0.7797034,False Positive
0,0.19024767,0,1,0.30475363348512846,0.13950561939025696,0.80975235,True Negative
0,0.19024847,0,1,0.30475363348512846,0.13950759798945747,0.8097515,True Negative
1,0.44381282,1,1,0.30475363348512846,0.4459382241117673,0.55618715,True Positive
0,0.7480844,1,0,0.16940275038985123,0.7409685689772921,0.7480844,False Positive
1,0.610029,1,1,0.30475363348512846,0.6042611785751386,0.610029,True Positive
1,0.2256004,0,0,0.3619534853946448,0.23364300318960943,0.7743996,False Negative
1,0.27995223,0,0,0.3619534853946448,0.30152795028282675,0.7200478,False Negative
0,0.41022053,0,1,0.30475363348512846,0.4136328069833797,0.5897795,True Negative
1,0.6360079,1,1,0.30475363348512846,0.6302850104178885,0.6360079,True Positive
0,0.22589475,0,1,0.16940275038985123,0.13193345367503112,0.77410525,True Negative
1,0.61770153,1,1,0.16940275038985123,0.5534294141475488,0.61770153,True Positive
0,0.78684676,1,0,0.30475363348512846,0.8836305283499793,0.78684676,False Positive
1,0.75039756,1,1,0.30475363348512846,0.7661120346874495,0.75039756,True Positive
0,0.7670668,1,0,0.30475363348512846,0.8125804122453685,0.7670668,False Positive
0,0.24852397,0,1,0.30475363348512846,0.23877274031374351,0.75147605,True Negative
0,0.35318947,0,1,0.30475363348512846,0.35671515334692244,0.64681053,True Negative
1,0.22892162,0,0,0.3619534853946448,0.2380912308554315,0.77107835,False Negative
0,0.5348518,1,0,0.30475363348512846,0.531865893610387,0.5348518,False Positive
0,0.3864519,0,1,0.30475363348512846,0.3903013448519227,0.6135481,True Negative
0,0.35580972,0,1,0.30475363348512846,0.3594083371396633,0.6441903,True Negative
0,0.54796946,1,0,0.30475363348512846,0.5442930869813576,0.54796946,False Positive
1,0.7593781,1,1,0.30475363348512846,0.7861083349639841,0.7593781,True Positive
0,0.24684195,0,1,0.30475363348512846,0.23664957789798316,0.75315803,True Negative
1,0.29497355,0,0,0.3238188371042879,0.30231308486210323,0.70502645,False Negative
1,0.7800221,1,1,0.30475363348512846,0.8586029862512784,0.7800221,True Positive
0,0.17062487,0,1,0.3619534853946448,0.12712586703600706,0.82937515,True Negative
1,0.77032065,1,1,0.30475363348512846,0.8239662247713939,0.77032065,True Positive
0,0.178884,0,1,0.30475363348512846,0.11094464932344794,0.821116,True Negative
0,0.4110799,0,1,0.30475363348512846,0.41446800139508133,0.5889201,True Negative
1,0.47700912,1,1,0.30475363348512846,0.47737854095539545,0.5229909,True Positive
1,0.7759706,1,1,0.30475363348512846,0.8440087505915269,0.7759706,True Positive
1,0.42669842,1,1,0.30475363348512846,0.42956054455431875,0.57330155,True Positive
1,0.7921827,1,1,0.20774148655584407,0.8983896559896514,0.7921827,True Positive
1,0.78626925,1,1,0.30475363348512846,0.881490454967336,0.78626925,True Positive
0,0.5168711,1,0,0.30475363348512846,0.5149022184551719,0.5168711,False Positive
1,0.71370417,1,1,0.3619534853946448,0.7385666213064199,0.71370417,True Positive
0,0.59790266,1,0,0.30475363348512846,0.5923363554819653,0.59790266,False Positive
0,0.21530752,0,1,0.30475363348512846,0.194854801617379,0.78469247,True Negative
0,0.28274667,0,1,0.30475363348512846,0.2800794773601175,0.7172533,True Negative
0,0.17659521,0,1,0.30475363348512846,0.10502226734692195,0.8234048,True Negative
0,0.41382033,0,1,0.2508911477913881,0.39386969764526814,0.5861797,True Negative
1,0.6376976,1,1,0.30475363348512846,0.6320034008340495,0.6376976,True Positive
1,0.48359144,1,1,0.30475363348512846,0.4835809393047578,0.51640856,True Positive
1,0.40661603,0,0,0.30475363348512846,0.4101239328394963,0.59338397,False Negative
1,0.77273405,1,1,0.30475363348512846,0.8324842620299482,0.77273405,True Positive
0,0.40610865,0,1,0.16940275038985123,0.3511840090326832,0.5938914,True Negative
0,0.39032936,0,1,0.30475363348512846,0.3941406319409151,0.60967064,True Negative
0,0.25786212,0,1,0.20774148655584407,0.20849903703490388,0.7421379,True Negative
0,0.44528124,1,0,0.30475363348512846,0.4473369518600165,0.55471873,False Positive
0,0.5390357,1,0,0.16940275038985123,0.47737854095539545,0.5390357,False Positive
1,0.7794764,1,1,0.30475363348512846,0.8566263010842385,0.7794764,True Positive
1,0.76928926,1,1,0.30475363348512846,0.8203450750795995,0.76928926,True Positive
0,0.763466,1,0,0.30475363348512846,0.8001092237847558,0.763466,False Positive
1,0.7805122,1,1,0.30475363348512846,0.8603814053581471,0.7805122,True Positive
1,0.46518266,1,1,0.30475363348512846,0.4662142686336051,0.53481734,True Positive
0,0.4388593,1,0,0.30475363348512846,0.4412128380353366,0.56114066,False Positive
0,0.37959632,0,1,0.16940275038985123,0.32503279897125065,0.62040365,True Negative
1,0.78424054,1,1,0.30475363348512846,0.8740054971375981,0.78424054,True Positive
1,0.54638606,1,1,0.3619534853946448,0.5674892134043322,0.54638606,True Positive
0,0.5261191,1,0,0.3619534853946448,0.5483184167545188,0.5261191,False Positive
0,0.77075607,1,0,0.3238188371042879,0.8265238490811903,0.77075607,False Positive
0,0.25469494,0,1,0.3619534853946448,0.27118021734782854,0.74530506,True Negative
1,0.78890824,1,1,0.30475363348512846,0.8913047466665301,0.78890824,True Positive
0,0.15338236,0,1,0.30475363348512846,0.0412152475239058,0.84661764,True Negative
1,0.35580972,0,0,0.30475363348512846,0.3594083371396633,0.6441903,False Negative
0,0.1857721,0,1,0.30475363348512846,0.12841865248431472,0.8142279,True Negative
1,0.765853,1,1,0.30475363348512846,0.8083616715019226,0.765853,True Positive
1,0.76766145,1,1,0.30475363348512846,0.8146528884321815,0.76766145,True Positive
1,0.4888296,1,1,0.16940275038985123,0.4300676808595138,0.5111704,True Positive
1,0.29179603,0,0,0.3619534853946448,0.31517477648512504,0.708204,False Negative
1,0.7915599,1,1,0.3619534853946448,0.9043341727753339,0.7915599,True Positive
0,0.651636,1,0,0.16940275038985123,0.5878710720122527,0.651636,False Positive
0,0.24083541,0,1,0.1972360207388138,0.18193673052444373,0.7591646,True Negative
0,0.5709287,1,0,0.16940275038985123,0.5077619979527854,0.5709287,False Positive
0,0.19031549,0,1,0.30475363348512846,0.1396720255472616,0.8096845,True Negative
0,0.27880496,0,1,0.2508911477913881,0.25223034964557456,0.72119504,True Negative
1,0.7997273,1,1,0.30475363348512846,0.9325124106245555,0.7997273,True Positive
1,0.44564104,1,1,0.30475363348512846,0.4476795141637759,0.55435896,True Positive
0,0.3836478,0,1,0.30475363348512846,0.3875160125473446,0.6163522,True Negative
0,0.26308212,0,1,0.30475363348512846,0.2567632789793126,0.73691785,True Negative
0,0.26350215,0,1,0.30475363348512846,0.25727261186078004,0.7364979,True Negative
0,0.33935142,0,1,0.30475363348512846,0.3423355429171048,0.6606486,True Negative
0,0.3879372,0,1,0.30475363348512846,0.39177367050950834,0.6120628,True Negative
1,0.7887446,1,1,0.30475363348512846,0.8906936575936091,0.7887446,True Positive
0,0.50113803,1,0,0.30475363348512846,0.50009448026347,0.50113803,False Positive
0,0.27994156,0,1,0.30475363348512846,0.276816315109537,0.72005844,True Negative
0,0.42694116,1,0,0.2653792791671143,0.41279184141813136,0.57305884,False Positive
0,0.22784145,0,1,0.3619534853946448,0.23664957789798316,0.77215856,True Negative
1,0.79167277,1,1,0.30475363348512846,0.9016830822617455,0.79167277,True Positive
1,0.6309643,1,1,0.30475363348512846,0.6251757968621083,0.6309643,True Positive
0,0.21294485,0,1,0.1972360207388138,0.12174789786618742,0.78705513,True Negative
1,0.79285544,1,1,0.30475363348512846,0.9061536572230469,0.79285544,True Positive
0,0.22784145,0,1,0.3619534853946448,0.23664957789798316,0.77215856,True Negative
1,0.4471162,1,1,0.30475363348512846,0.44908352684693326,0.5528838,True Positive
1,0.27888635,0,0,0.30475363348512846,0.2755836311723214,0.7211137,False Negative
1,0.78840166,1,1,0.30475363348512846,0.8894138974994138,0.78840166,True Positive
0,0.34271398,0,1,0.30475363348512846,0.3458548337018103,0.65728605,True Negative
1,0.59914064,1,1,0.30475363348512846,0.593548117859614,0.59914064,True Positive
0,0.2662579,0,1,0.3619534853946448,0.28530054064092397,0.7337421,True Negative
0,0.6360079,1,0,0.30475363348512846,0.6302850104178885,0.6360079,False Positive
1,0.79230416,1,1,0.30475363348512846,0.9040672236545577,0.79230416,True Positive
1,0.35946387,0,0,0.30475363348512846,0.3631495412322733,0.6405361,False Negative
0,0.73534095,1,0,0.30475363348512846,0.7393749009628958,0.73534095,False Positive
0,0.46758133,1,0,0.30475363348512846,0.4684812073848511,0.53241867,False Positive
1,0.76244295,1,1,0.3619534853946448,0.8124870884964928,0.76244295,True Positive
0,0.5102129,1,0,0.30475363348512846,0.5086335644326313,0.5102129,False Positive
0,0.42132372,1,0,0.3619534853946448,0.44908352684693326,0.5786763,False Positive
0,0.25941494,0,1,0.2508911477913881,0.22903601602171172,0.7405851,True Negative
0,0.19068967,0,1,0.30475363348512846,0.1405896202265574,0.8093103,True Negative
1,0.7721757,1,1,0.2508911477913881,0.8276106893291011,0.7721757,True Positive
0,0.35946387,0,1,0.30475363348512846,0.3631495412322733,0.6405361,True Negative
0,0.1952394,0,1,0.30475363348512846,0.1516383920572594,0.8047606,True Negative
1,0.39066422,0,0,0.30475363348512846,0.39447153396034135,0.6093358,False Negative
0,0.22268717,0,1,0.30475363348512846,0.2050036719216413,0.7773128,True Negative
0,0.26865542,0,1,0.30475363348512846,0.26347946912327785,0.7313446,True Negative
1,0.7967584,1,1,0.16940275038985123,0.9137623349557397,0.7967584,True Positive
1,0.78288627,1,1,0.30475363348512846,0.8690370639109001,0.78288627,True Positive
0,0.24199758,0,1,0.3619534853946448,0.25517901923585196,0.7580024,True Negative
0,0.21530752,0,1,0.30475363348512846,0.194854801617379,0.78469247,True Negative
1,0.4190277,0,0,0.30475363348512846,0.42216776132594463,0.5809723,False Negative
1,0.7780115,1,1,0.30475363348512846,0.8513367680073347,0.7780115,True Positive
1,0.7601019,1,1,0.3619534853946448,0.8079282979178329,0.7601019,True Positive
0,0.4124003,0,1,0.30475363348512846,0.4157501989448812,0.5875997,True Negative
0,0.4175832,0,1,0.30475363348512846,0.42077145049314857,0.5824168,True Negative
0,0.1711092,0,1,0.3619534853946448,0.12841865248431472,0.8288908,True Negative
0,0.22532919,0,1,0.30475363348512846,0.20857856159114394,0.77467084,True Negative
1,0.7306799,1,1,0.3619534853946448,0.7584723189429607,0.7306799,True Positive
0,0.76127666,1,0,0.30475363348512846,0.7925902925497019,0.76127666,False Positive
0,0.3250466,0,1,0.16940275038985123,0.26872232326619466,0.6749534,True Negative
1,0.7659373,1,1,0.30475363348512846,0.8086542775040142,0.7659373,True Positive
1,0.50793195,1,1,0.30475363348512846,0.5064868108807346,0.50793195,True Positive
0,0.57351387,1,0,0.1972360207388138,0.5222645378591643,0.57351387,False Positive
0,0.4730999,1,0,0.20774148655584407,0.4318011583949375,0.5269001,False Positive
1,0.5358466,1,1,0.3619534853946448,0.5575057224119742,0.5358466,True Positive
1,0.74985707,1,1,0.3619534853946448,0.7883266476442816,0.74985707,True Positive
1,0.78428733,1,1,0.30475363348512846,0.8741774920325028,0.78428733,True Positive
1,0.7626827,1,1,0.30475363348512846,0.797413553551015,0.7626827,True Positive
0,0.22283286,0,1,0.30475363348512846,0.20520155951306873,0.77716714,True Negative
0,0.18613663,0,1,0.30475363348512846,0.12932929190569933,0.8138634,True Negative
0,0.21449137,0,1,0.30475363348512846,0.19371700958503835,0.78550863,True Negative
0,0.18038821,0,1,0.30475363348512846,0.11480469503924105,0.8196118,True Negative
0,0.19222175,0,1,0.30475363348512846,0.14433239689868393,0.80777824,True Negative
0,0.17776,0,1,0.30475363348512846,0.10804368377229193,0.82224,True Negative
0,0.27513686,0,1,0.30475363348512846,0.27118021734782854,0.7248632,True Negative
0,0.46744502,1,0,0.30475363348512846,0.46835244970440365,0.532555,False Positive
1,0.5296954,1,1,0.16940275038985123,0.46854913476940746,0.5296954,True Positive
1,0.7659802,1,1,0.30475363348512846,0.8088029912300649,0.7659802,True Positive
0,0.2811256,0,1,0.30475363348512846,0.27819613242955804,0.7188744,True Negative
1,0.37096888,0,0,0.30475363348512846,0.3748224323637506,0.6290311,False Negative
1,0.7642971,1,1,0.30475363348512846,0.8029759805144554,0.7642971,True Positive
0,0.2530072,0,1,0.3619534853946448,0.2690844274646725,0.7469928,True Negative
1,0.7857895,1,1,0.30475363348512846,0.8797155803507553,0.7857895,True Positive
1,0.35784882,0,0,0.30475363348512846,0.36149809992349835,0.6421512,False Negative
1,0.20752396,0,0,0.30475363348512846,0.18053128685617204,0.79247606,False Negative
1,0.47410747,1,1,0.3619534853946448,0.49934131602843357,0.5258925,True Positive
1,0.7693855,1,1,0.30475363348512846,0.8206825111189393,0.7693855,True Positive
1,0.77080977,1,1,0.30475363348512846,0.825687660041757,0.77080977,True Positive
1,0.62715197,1,1,0.3619534853946448,0.6460322300317323,0.62715197,True Positive
0,0.45810512,1,0,0.30475363348512846,0.4595161821124058,0.5418949,False Positive
1,0.24220403,0,0,0.3619534853946448,0.25544364084790727,0.757796,False Negative
1,0.7662875,1,1,0.30475363348512846,0.8098701183262682,0.7662875,True Positive
1,0.7717287,1,1,0.30475363348512846,0.8289283271495407,0.7717287,True Positive
1,0.39633447,0,0,0.3619534853946448,0.42475895246870055,0.60366553,False Negative
0,0.17920868,0,1,0.30475363348512846,0.11177996195823008,0.8207913,True Negative
1,0.3562232,0,0,0.30475363348512846,0.3598325114490404,0.6437768,False Negative
1,0.76529944,1,1,0.30475363348512846,0.8064425476020689,0.76529944,True Positive
1,0.76930135,1,1,0.30475363348512846,0.8203874250071775,0.76930135,True Positive
1,0.4642498,1,1,0.30475363348512846,0.4653322332952126,0.5357502,True Positive
0,0.6243972,1,0,0.30475363348512846,0.6185662583550448,0.6243972,False Positive
0,0.55878997,1,0,0.3619534853946448,0.5792901102350282,0.55878997,False Positive
0,0.4411674,1,0,0.16940275038985123,0.3849708487044215,0.5588326,False Positive
0,0.30368254,0,1,0.30475363348512846,0.30384783306946955,0.69631743,True Negative
0,0.3927826,0,1,0.3619534853946448,0.421261766776881,0.60721743,True Negative
0,0.367586,0,1,0.30475363348512846,0.37140622909271664,0.632414,True Negative
0,0.1989451,0,1,0.30475363348512846,0.16049419266903203,0.8010549,True Negative
1,0.5649117,1,1,0.30475363348512846,0.5604398950094042,0.5649117,True Positive
1,0.78129613,1,1,0.30475363348512846,0.8632323007665157,0.78129613,True Positive
0,0.4261559,1,0,0.30475363348512846,0.42903882317458225,0.5738441,False Positive
0,0.20563217,0,1,0.30475363348512846,0.17616656448555454,0.79436785,True Negative
0,0.6360079,1,0,0.30475363348512846,0.6302850104178885,0.6360079,False Positive
1,0.2049355,0,0,0.30475363348512846,0.1745516058991416,0.7950645,False Negative
1,0.7673365,1,1,0.30475363348512846,0.8135200656434015,0.7673365,True Positive
0,0.3858113,0,1,0.16940275038985123,0.33122053725007394,0.6141887,True Negative
1,0.7806049,1,1,0.16940275038985123,0.8534373900051776,0.7806049,True Positive
0,0.23937583,0,1,0.30475363348512846,0.22710568848492263,0.7606242,True Negative
0,0.5426868,1,0,0.30475363348512846,0.5392818192701881,0.5426868,False Positive
1,0.7715099,1,1,0.1972360207388138,0.8223719700515111,0.7715099,True Positive
1,0.59158635,1,1,0.30475363348512846,0.5861725631062346,0.59158635,True Positive
1,0.33548027,0,0,0.16940275038985123,0.27981770083762725,0.6645197,False Negative
1,0.61624086,1,1,0.3619534853946448,0.6351200378756829,0.61624086,True Positive
0,0.3295853,0,1,0.3619534853946448,0.35671515334692244,0.6704147,True Negative
1,0.6405624,1,1,0.30475363348512846,0.6349249046956879,0.6405624,True Positive
0,0.19895758,0,1,0.30475363348512846,0.16052384497227146,0.80104244,True Negative
1,0.7766939,1,1,0.30475363348512846,0.8466002951026825,0.7766939,True Positive
1,0.776483,1,1,0.30475363348512846,0.8458440187426509,0.776483,True Positive
0,0.75354886,1,0,0.30475363348512846,0.7720916220637444,0.75354886,False Positive
0,0.24159475,0,1,0.30475363348512846,0.22996300217649895,0.75840527,True Negative
1,0.7674242,1,1,0.3619534853946448,0.8222913178115069,0.7674242,True Positive
1,0.52500737,1,1,0.30475363348512846,0.5225705389448865,0.52500737,True Positive
0,0.41364238,0,1,0.30475363348512846,0.4169552331136625,0.5863576,True Negative
1,0.21024412,0,0,0.30475363348512846,0.18675628144673373,0.7897559,False Negative
1,0.78431547,1,1,0.30475363348512846,0.8742809878492042,0.78431547,True Positive
1,0.782372,1,1,0.30475363348512846,0.8671565608819092,0.782372,True Positive
1,0.7856878,1,1,0.30475363348512846,0.8793398277360263,0.7856878,True Positive
1,0.56899667,1,1,0.30475363348512846,0.5643532541038635,0.56899667,True Positive
1,0.4834167,1,1,0.30475363348512846,0.4834163652813349,0.5165833,True Positive
1,0.50286204,1,1,0.3619534853946448,0.5264156628980404,0.50286204,True Positive
0,0.2210291,0,1,0.30475363348512846,0.20274469569108672,0.7789709,True Negative
1,0.20211984,0,0,0.3619534853946448,0.20076763589849317,0.7978802,False Negative
1,0.55013585,1,1,0.30475363348512846,0.5463510431011993,0.55013585,True Positive
1,0.78165394,1,1,0.30475363348512846,0.8645359379420435,0.78165394,True Positive
0,0.2753823,0,1,0.30475363348512846,0.27146959700607975,0.7246177,True Negative
0,0.30658215,0,1,0.30475363348512846,0.3070644194117361,0.69341785,True Negative
0,0.7615682,1,0,0.20774148655584407,0.7883701066349255,0.7615682,False Positive
0,0.271124,0,1,0.30475363348512846,0.2664260574228349,0.728876,True Negative
1,0.23694128,0,0,0.30475363348512846,0.2239496975525387,0.7630587,False Negative
1,0.35318947,0,0,0.30475363348512846,0.35671515334692244,0.64681053,False Negative
0,0.27016708,0,1,0.30475363348512846,0.26528586538286303,0.7298329,True Negative
1,0.75657344,1,1,0.3619534853946448,0.8011143844324694,0.75657344,True Positive
1,0.7873714,1,1,0.30475363348512846,0.8855784173440419,0.7873714,True Positive
1,0.5985653,1,1,0.30475363348512846,0.5929847948583953,0.5985653,True Positive
0,0.38354003,0,1,0.30475363348512846,0.3874088254618524,0.61645997,True Negative
1,0.7254345,1,1,0.3619534853946448,0.7522407808992234,0.7254345,True Positive
1,0.7791682,1,1,0.30475363348512846,0.8555113004155633,0.7791682,True Positive
0,0.37624282,0,1,0.1972360207388138,0.33369634584467633,0.6237572,True Negative
0,0.35318947,0,1,0.30475363348512846,0.35671515334692244,0.64681053,True Negative
1,0.79022217,1,1,0.30475363348512846,0.896224769172306,0.79022217,True Positive
1,0.7699759,1,1,0.30475363348512846,0.8227546642100163,0.7699759,True Positive
1,0.4098445,0,0,0.3619534853946448,0.4379663629830906,0.5901555,False Negative
1,0.8020102,1,1,0.30475363348512846,0.9414183074211082,0.8020102,True Positive
0,0.28516796,0,1,0.1972360207388138,0.23645374533933367,0.71483207,True Negative
1,0.8013626,1,1,0.30475363348512846,0.9388842780488466,0.8013626,True Positive
1,0.7823045,1,1,0.30475363348512846,0.866910157870984,0.7823045,True Positive
1,0.5910111,1,1,0.3619534853946448,0.6103118765710046,0.5910111,True Positive
0,0.48988885,1,0,0.30475363348512846,0.4895098483418684,0.51011115,False Positive
0,0.6168904,1,0,0.16940275038985123,0.5526217764894993,0.6168904,False Positive
1,0.6235515,1,1,0.30475363348512846,0.6177185156672436,0.6235515,True Positive
0,0.25851798,0,1,0.16940275038985123,0.1927495991871388,0.741482,True Negative
0,0.1952394,0,1,0.30475363348512846,0.1516383920572594,0.8047606,True Negative
1,0.7742896,1,1,0.30475363348512846,0.8380085599808479,0.7742896,True Positive
1,0.4624885,1,1,0.30475363348512846,0.4636662428433017,0.53751147,True Positive
0,0.29587105,0,1,0.16940275038985123,0.23664957789798316,0.704129,True Negative
1,0.78215665,1,1,0.30475363348512846,0.8663697416554056,0.78215665,True Positive
1,0.8001815,1,1,0.3619534853946448,0.9373552289198617,0.8001815,True Positive
0,0.20563217,0,1,0.30475363348512846,0.17616656448555454,0.79436785,True Negative
0,0.21151239,0,1,0.30475363348512846,0.18953717293213562,0.7884876,True Negative
0,0.46211967,1,0,0.30475363348512846,0.4633172629882809,0.5378803,False Positive
0,0.7802857,1,0,0.30475363348512846,0.8595593822938121,0.7802857,False Positive
1,0.59611654,1,1,0.30475363348512846,0.5905902774399239,0.59611654,True Positive
1,0.7918278,1,1,0.30475363348512846,0.9022679635757599,0.7918278,True Positive
0,0.4038888,0,1,0.16940275038985123,0.3490173184944532,0.5961112,True Negative
1,0.27938244,0,0,0.30475363348512846,0.2761635577882978,0.72061753,False Negative
1,0.47018045,1,1,0.30475363348512846,0.47093598740116915,0.52981955,True Positive
0,0.26600212,0,1,0.30475363348512846,0.2602933173340836,0.7339979,True Negative
1,0.22461018,0,0,0.3619534853946448,0.23230782870649308,0.7753898,False Negative
0,0.76154387,1,0,0.30475363348512846,0.7935054504678555,0.76154387,False Positive
1,0.5985653,1,1,0.30475363348512846,0.5929847948583953,0.5985653,True Positive
1,0.24684195,0,0,0.30475363348512846,0.23664957789798316,0.75315803,False Negative
0,0.35318947,0,1,0.30475363348512846,0.35671515334692244,0.64681053,True Negative
0,0.71909446,1,0,0.30475363348512846,0.7201076221612341,0.71909446,False Positive
0,0.26493692,0,1,0.30475363348512846,0.2590084499516673,0.7350631,True Negative
1,0.6237687,1,1,0.30475363348512846,0.6179362109866774,0.6237687,True Positive
0,0.26111835,0,1,0.30475363348512846,0.25437514597815297,0.73888165,True Negative
0,0.6096911,1,0,0.3619534853946448,0.6286263791905576,0.6096911,False Positive
0,0.2987277,0,1,0.30475363348512846,0.2983109199180939,0.7012723,True Negative
0,0.20740286,0,1,0.3619534853946448,0.20839894420678617,0.7925972,True Negative
1,0.38424832,0,0,0.30475363348512846,0.38811317897956565,0.6157517,False Negative
0,0.2219008,0,1,0.30475363348512846,0.2039338288019795,0.7780992,True Negative
1,0.772884,1,1,0.3619534853946448,0.836092669448884,0.772884,True Positive
1,0.7684824,1,1,0.30475363348512846,0.8175200650357907,0.7684824,True Positive
0,0.42206955,1,0,0.30475363348512846,0.425103659836466,0.57793045,False Positive
0,0.27129927,0,1,0.30475363348512846,0.26663463051890696,0.72870076,True Negative
0,0.7730493,1,0,0.30475363348512846,0.8336016705663577,0.7730493,False Positive
0,0.5035963,1,0,0.30475363348512846,0.5024072707518922,0.5035963,False Positive
1,0.20978501,0,0,0.3619534853946448,0.21179298532704693,0.790215,False Negative
1,0.58384347,1,1,0.30475363348512846,0.5786564839680172,0.58384347,True Positive
0,0.61672103,1,0,0.3619534853946448,0.6355976734321234,0.61672103,False Positive
1,0.5984818,1,1,0.30475363348512846,0.5929030818409294,0.5984818,True Positive
0,0.6103629,1,0,0.3619534853946448,0.6292904920174349,0.6103629,False Positive
1,0.7839398,1,1,0.30475363348512846,0.8729001704907715,0.7839398,True Positive
0,0.37119263,0,1,0.30475363348512846,0.3750479162400936,0.62880737,True Negative
0,0.21530752,0,1,0.30475363348512846,0.194854801617379,0.78469247,True Negative
1,0.7668659,1,1,0.3619534853946448,0.8211851931906488,0.7668659,True Positive
0,0.7720056,1,0,0.30475363348512846,0.8299067234693178,0.7720056,False Positive
0,0.35318947,0,1,0.30475363348512846,0.35671515334692244,0.64681053,True Negative
0,0.52984786,1,0,0.16940275038985123,0.4686930973199104,0.52984786,False Positive
1,0.76946306,1,1,0.30475363348512846,0.8209545160866188,0.76946306,True Positive
1,0.73615474,1,1,0.30475363348512846,0.7403592852911822,0.73615474,True Positive
0,0.24342611,0,1,0.30475363348512846,0.23230782870649308,0.7565739,True Negative
1,0.23473983,0,0,0.3619534853946448,0.24577577461248887,0.76526016,False Negative
0,0.22236535,0,1,0.1972360207388138,0.14267177192748465,0.7776346,True Negative
0,0.26781544,0,1,0.3619534853946448,0.2871721814888846,0.7321845,True Negative
0,0.24342611,0,1,0.30475363348512846,0.23230782870649308,0.7565739,True Negative
1,0.7609704,1,1,0.30475363348512846,0.7915422739527285,0.7609704,True Positive
1,0.78159803,1,1,0.30475363348512846,0.8643319318721113,0.78159803,True Positive
1,0.49993238,1,1,0.30475363348512846,0.4989601652771822,0.5000676,True Positive
1,0.6365648,1,1,0.30475363348512846,0.6308510071094067,0.6365648,True Positive
0,0.36158237,0,1,0.30475363348512846,0.3653108272119698,0.6384176,True Negative
0,0.45681074,1,0,0.3619534853946448,0.4829886900507273,0.5431893,False Positive
1,0.35318947,0,0,0.30475363348512846,0.35671515334692244,0.64681053,False Negative
1,0.19874959,0,0,0.3619534853946448,0.19582129756165528,0.8012504,False Negative
1,0.7813734,1,1,0.30475363348512846,0.8635136285696666,0.7813734,True Positive
0,0.2792677,0,1,0.3619534853946448,0.3007286640773771,0.72073233,True Negative
1,0.7589377,1,1,0.30475363348512846,0.7846098429021853,0.7589377,True Positive
1,0.51129615,1,1,0.30475363348512846,0.5096531574596924,0.51129615,True Positive
0,0.52998924,1,0,0.30475363348512846,0.5272718266557507,0.52998924,False Positive
0,0.34039643,0,1,0.30475363348512846,0.34343109594951926,0.6596036,True Negative
0,0.40661603,0,1,0.30475363348512846,0.4101239328394963,0.59338397,True Negative
1,0.6930843,1,1,0.30475363348512846,0.6906143071697602,0.6930843,True Positive
0,0.34206608,0,1,0.3619534853946448,0.3698771621315865,0.65793395,True Negative
1,0.7857555,1,1,0.30475363348512846,0.879589949956596,0.7857555,True Positive
0,0.18822981,0,1,0.30475363348512846,0.13453199278099576,0.8117702,True Negative
1,0.7793007,1,1,0.30475363348512846,0.8559903683527356,0.7793007,True Positive
1,0.76327276,1,1,0.20774148655584407,0.7942248004300947,0.76327276,True Positive
0,0.46056408,1,0,0.3619534853946448,0.4865441571757113,0.5394359,False Positive
0,0.7716743,1,0,0.16940275038985123,0.8214552666415635,0.7716743,False Positive
1,0.7646823,1,1,0.30475363348512846,0.8043068843663534,0.7646823,True Positive
0,0.27513686,0,1,0.30475363348512846,0.27118021734782854,0.7248632,True Negative
0,0.6025548,1,0,0.30475363348512846,0.5968963980778655,0.6025548,False Positive
1,0.7193318,1,1,0.3238188371042879,0.7286164745130567,0.7193318,True Positive
0,0.29529697,0,1,0.30475363348512846,0.29444626564387116,0.70470303,True Negative
0,0.39257267,0,1,0.16940275038985123,0.3379103426070321,0.60742736,True Negative
1,0.5188694,1,1,0.3619534853946448,0.5414838536356613,0.5188694,True Positive
0,0.17710109,0,1,0.30475363348512846,0.10633639490248815,0.8228989,True Negative
1,0.77156806,1,1,0.2653792791671143,0.8262429469618194,0.77156806,True Positive
0,0.30547637,0,1,0.30475363348512846,0.3058397303765664,0.69452363,True Negative
0,0.3073099,0,1,0.30475363348512846,0.3078689951173605,0.69269013,True Negative
1,0.6330682,1,1,0.30475363348512846,0.6273035472698633,0.6330682,True Positive
0,0.5410042,1,0,0.30475363348512846,0.5376876673674256,0.5410042,False Positive
0,0.6918862,1,0,0.30475363348512846,0.6892909979483116,0.6918862,False Positive
0,0.5679475,1,0,0.30475363348512846,0.5633473216161068,0.5679475,False Positive
0,0.31146654,0,1,0.3619534853946448,0.3371438390597474,0.6885334,True Negative
0,0.18852212,0,1,0.30475363348512846,0.13525499250485615,0.8114779,True Negative
1,0.765587,1,1,0.3619534853946448,0.818658419233714,0.765587,True Positive
1,0.42506516,1,1,0.30475363348512846,0.4279894335175614,0.57493484,True Positive
1,0.5978364,1,1,0.30475363348512846,0.5922715732436191,0.5978364,True Positive
0,0.30230454,0,1,0.30475363348512846,0.30231308486210323,0.6976955,True Negative
0,0.6015748,1,0,0.3619534853946448,0.6206334918099465,0.6015748,False Positive
1,0.63259256,1,1,0.30475363348512846,0.6268219972951309,0.63259256,True Positive
1,0.77772987,1,1,0.30475363348512846,0.8503224750343154,0.77772987,True Positive
0,0.17971939,0,1,0.30475363348512846,0.1130915142631412,0.8202806,True Negative
1,0.76644397,1,1,0.30475363348512846,0.8104138823651136,0.76644397,True Positive
1,0.5446569,1,1,0.30475363348512846,0.5411496299412825,0.5446569,True Positive
0,0.7451118,1,0,0.30475363348512846,0.7561943227264825,0.7451118,False Positive
0,0.21691732,0,1,0.2653792791671143,0.17573279189260313,0.78308266,True Negative
0,0.31206518,0,1,0.3619534853946448,0.3378000466073015,0.6879348,True Negative
0,0.19793594,0,1,0.30475363348512846,0.1580949511429537,0.80206406,True Negative
1,0.49822176,1,1,0.30475363348512846,0.4973507880013859,0.50177824,True Positive
0,0.17984967,0,1,0.30475363348512846,0.11342564423943094,0.8201503,True Negative
1,0.7721641,1,1,0.3619534853946448,0.8335440849662094,0.7721641,True Positive
1,0.53521013,1,1,0.30475363348512846,0.5322046113068692,0.53521013,True Positive
1,0.61545205,1,1,0.30475363348512846,0.6096365254334057,0.61545205,True Positive
0,0.1903182,0,1,0.3619534853946448,0.17752054389794872,0.8096818,True Negative
1,0.3557064,0,0,0.30475363348512846,0.35930231321576894,0.6442936,False Negative
1,0.7664837,1,1,0.30475363348512846,0.8105519886420716,0.7664837,True Positive
1,0.7715065,1,1,0.30475363348512846,0.8281436117452897,0.7715065,True Positive
0,0.7696058,1,0,0.30475363348512846,0.8214552666415635,0.7696058,False Positive
0,0.42106187,1,0,0.30475363348512846,0.424131678638374,0.5789381,False Positive
0,0.52028286,1,0,0.30475363348512846,0.5181165460384027,0.52028286,False Positive
0,0.24342611,0,1,0.30475363348512846,0.23230782870649308,0.7565739,True Negative
0,0.2546606,0,1,0.30475363348512846,0.2464384448518504,0.7453394,True Negative
1,0.797922,1,1,0.30475363348512846,0.9255233506895435,0.797922,True Positive
1,0.76545584,1,1,0.30475363348512846,0.8069845074061526,0.76545584,True Positive
0,0.21958522,0,1,0.30475363348512846,0.20076763589849317,0.78041476,True Negative
0,0.19529615,0,1,0.30475363348512846,0.15177499409248235,0.80470383,True Negative
1,0.8049102,1,1,0.30475363348512846,0.9528443930500832,0.8049102,True Positive
1,0.7792838,1,1,0.1972360207388138,0.8501456734716756,0.7792838,True Positive
1,0.7522358,1,1,0.30475363348512846,0.7695937847055291,0.7522358,True Positive
0,0.30241838,0,1,0.30475363348512846,0.3024400520015987,0.69758165,True Negative
0,0.3836478,0,1,0.30475363348512846,0.3875160125473446,0.6163522,True Negative
0,0.48764476,1,0,0.30475363348512846,0.4873975111431343,0.5123552,False Positive
0,0.4520342,1,0,0.16940275038985123,0.39531280024392074,0.54796576,False Positive
1,0.26911786,0,0,0.30475363348512846,0.26403276917666385,0.73088217,False Negative
1,0.4388593,1,1,0.30475363348512846,0.4412128380353366,0.56114066,True Positive
1,0.77150583,1,1,0.30475363348512846,0.8281413904232663,0.77150583,True Positive
0,0.36150602,0,1,0.30475363348512846,0.36523304781627147,0.638494,True Negative
1,0.7830236,1,1,0.30475363348512846,0.8695401202256355,0.7830236,True Positive
0,0.39962524,0,1,0.3619534853946448,0.4279894335175614,0.60037476,True Negative
1,0.7687423,1,1,0.30475363348512846,0.8184294148514472,0.7687423,True Positive
1,0.27513686,0,0,0.30475363348512846,0.27118021734782854,0.7248632,False Negative
0,0.36983398,0,1,0.30475363348512846,0.3736777787890169,0.63016605,True Negative
1,0.7876612,1,1,0.30475363348512846,0.886655783613218,0.7876612,True Positive
1,0.3870882,0,0,0.30475363348512846,0.39093239637743515,0.6129118,False Negative
1,0.5843406,1,1,0.30475363348512846,0.5791378285114662,0.5843406,True Positive
1,0.40131196,0,0,0.30475363348512846,0.4049425939421784,0.598688,False Negative
1,0.26847538,0,0,0.20774148655584407,0.22137356768853472,0.7315246,False Negative
0,0.21922617,0,1,0.30475363348512846,0.20027458479306906,0.7807738,True Negative
1,0.5367162,1,1,0.30475363348512846,0.5336290102123946,0.5367162,True Positive
0,0.24342611,0,1,0.30475363348512846,0.23230782870649308,0.7565739,True Negative
0,0.5605978,1,0,0.30475363348512846,0.5563162318393016,0.5605978,False Positive
0,0.21449137,0,1,0.30475363348512846,0.19371700958503835,0.78550863,True Negative
0,0.31199875,0,1,0.3619534853946448,0.3377272414643659,0.6880013,True Negative
1,0.76745933,1,1,0.30475363348512846,0.813948148636907,0.76745933,True Positive
0,0.31661877,0,1,0.16940275038985123,0.2596248577530326,0.6833812,True Negative
0,0.24091947,0,1,0.3619534853946448,0.2537945474063034,0.7590805,True Negative
0,0.25923482,0,1,0.30475363348512846,0.2520735580642509,0.7407652,True Negative
0,0.366076,0,1,0.30475363348512846,0.3698771621315865,0.633924,True Negative
1,0.2649346,0,0,0.30475363348512846,0.25900566796039937,0.7350654,False Negative
0,0.33107403,0,1,0.1972360207388138,0.2871721814888846,0.668926,True Negative
0,0.2799759,0,1,0.30475363348512846,0.2768563951885649,0.7200241,True Negative
0,0.30309135,0,1,0.1972360207388138,0.2567632789793126,0.69690865,True Negative
0,0.576563,1,0,0.30475363348512846,0.5716259454942711,0.576563,False Positive
1,0.7799572,1,1,0.30475363348512846,0.8583677199283752,0.7799572,True Positive
1,0.7657281,1,1,0.30475363348512846,0.8079282979178329,0.7657281,True Positive
0,0.39725897,0,1,0.30475363348512846,0.4009681795342827,0.602741,True Negative
0,0.3934335,0,1,0.30475363348512846,0.39720427323490926,0.6065665,True Negative
0,0.2738634,0,1,0.30475363348512846,0.2696762177113298,0.72613657,True Negative
1,0.7818968,1,1,0.2653792791671143,0.8633033361110485,0.7818968,True Positive
1,0.7751647,1,1,0.3619534853946448,0.8442052727727725,0.7751647,True Positive
1,0.7973543,1,1,0.30475363348512846,0.9233349683457597,0.7973543,True Positive
1,0.7928862,1,1,0.16940275038985123,0.8989891975082437,0.7928862,True Positive
0,0.75096416,1,0,0.1972360207388138,0.7520094086592667,0.75096416,False Positive
0,0.7688757,1,0,0.16940275038985123,0.8116154793223421,0.7688757,False Positive
0,0.20115697,0,1,0.30475363348512846,0.1657210620434185,0.798843,True Negative
0,0.7696058,1,0,0.30475363348512846,0.8214552666415635,0.7696058,False Positive
0,0.19544165,0,1,0.3619534853946448,0.18996691345396075,0.80455834,True Negative
1,0.5679561,1,1,0.3619534853946448,0.5880547478518848,0.5679561,True Positive
0,0.18941629,0,1,0.30475363348512846,0.13746139371088162,0.8105837,True Negative
0,0.768146,1,0,0.3619534853946448,0.8237240528627217,0.768146,False Positive
0,0.28909555,0,1,0.30475363348512846,0.2873935840542922,0.7109045,True Negative
1,0.7714197,1,1,0.30475363348512846,0.827837513489436,0.7714197,True Positive
0,0.1607004,0,1,0.30475363348512846,0.06212377999522092,0.8392996,True Negative
0,0.35946387,0,1,0.30475363348512846,0.3631495412322733,0.6405361,True Negative
1,0.7845335,1,1,0.3619534853946448,0.8781600567364563,0.7845335,True Positive
0,0.3257491,0,1,0.30475363348512846,0.32792022011101585,0.6742509,True Negative
1,0.7884465,1,1,0.1972360207388138,0.883797364754794,0.7884465,True Positive
0,0.62900877,1,0,0.16940275038985123,0.5647574370001992,0.62900877,False Positive
1,0.32441008,0,0,0.3619534853946448,0.3511840090326832,0.6755899,False Negative
1,0.29688343,0,0,0.30475363348512846,0.2962366320388479,0.70311654,False Negative
1,0.56199884,1,1,0.30475363348512846,0.5576545366217266,0.56199884,True Positive
0,0.40881297,0,1,0.30475363348512846,0.4122637347339722,0.591187,True Negative
0,0.3932246,0,1,0.3619534853946448,0.42169755506185863,0.6067754,True Negative
1,0.57464504,1,1,0.30475363348512846,0.5697793368910179,0.57464504,True Positive
1,0.3295853,0,0,0.3619534853946448,0.35671515334692244,0.6704147,False Negative
0,0.19905864,0,1,0.30475363348512846,0.16076356865139982,0.80094135,True Negative
0,0.44084316,1,0,0.30475363348512846,0.4431066954160235,0.55915684,False Positive
0,0.21722357,0,1,0.30475363348512846,0.1975136629034402,0.7827764,True Negative
0,0.36983904,0,1,0.30475363348512846,0.373682931755188,0.6301609,True Negative
0,0.3779378,0,1,0.30475363348512846,0.3818201592055581,0.6220622,True Negative
1,0.76863736,1,1,0.30475363348512846,0.8180622025249583,0.76863736,True Positive
0,0.18354595,0,1,0.30475363348512846,0.12282706775410031,0.81645405,True Negative
1,0.7912881,1,1,0.30475363348512846,0.9002327006580576,0.7912881,True Positive
0,0.18486369,0,1,0.30475363348512846,0.1261432170727847,0.8151363,True Negative
1,0.76358825,1,1,0.30475363348512846,0.8005302967803731,0.76358825,True Positive
0,0.24684195,0,1,0.30475363348512846,0.23664957789798316,0.75315803,True Negative
0,0.52611357,1,0,0.20774148655584407,0.4817236763738418,0.52611357,False Positive
1,0.3970866,0,0,0.30475363348512846,0.4007988770031513,0.6029134,False Negative
1,0.7655724,1,1,0.16940275038985123,0.8001076824864934,0.7655724,True Positive
1,0.78624225,1,1,0.30475363348512846,0.8813904393162124,0.78624225,True Positive
0,0.2585033,0,1,0.30475363348512846,0.25117679250163394,0.7414967,True Negative
0,0.30275553,0,1,0.30475363348512846,0.3028158553203687,0.69724447,True Negative
0,0.23703717,0,1,0.3619534853946448,0.24877361282388152,0.7629628,True Negative
0,0.54822457,1,0,0.30475363348512846,0.5445352501288265,0.54822457,False Positive
1,0.48131108,1,1,0.30475363348512846,0.4814329421515014,0.5186889,True Positive
1,0.5580057,1,1,0.30475363348512846,0.553842850131763,0.5580057,True Positive
1,0.77762693,1,1,0.30475363348512846,0.8499521998345704,0.77762693,True Positive
0,0.27513686,0,1,0.30475363348512846,0.27118021734782854,0.7248632,True Negative
1,0.77135736,1,1,0.30475363348512846,0.8276175253483455,0.77135736,True Positive
0,0.33323777,0,1,0.30475363348512846,0.33589299484747914,0.66676223,True Negative
0,0.34783596,0,1,0.30475363348512846,0.3511840090326832,0.65216404,True Negative
1,0.7657238,1,1,0.3619534853946448,0.8189284349263719,0.7657238,True Positive
0,0.6560209,1,0,0.16940275038985123,0.5924277512190941,0.6560209,False Positive
1,0.79282844,1,1,0.30475363348512846,0.906051464856399,0.79282844,True Positive
1,0.7788286,1,1,0.30475363348512846,0.8542840183109638,0.7788286,True Positive
0,0.18646084,0,1,0.2653792791671143,0.10408907773467838,0.81353915,True Negative
1,0.5578586,1,1,0.30475363348512846,0.5537025057997108,0.5578586,True Positive
0,0.18609826,0,1,0.3619534853946448,0.16707541518205266,0.8139017,True Negative
0,0.19825412,0,1,0.30475363348512846,0.1588524328076625,0.8017459,True Negative
1,0.7945329,1,1,0.1972360207388138,0.9067436668748701,0.7945329,True Positive
0,0.2219532,0,1,0.30475363348512846,0.20400517436827928,0.7780468,True Negative
0,0.24533148,0,1,0.30475363348512846,0.23473470358380213,0.75466853,True Negative
1,0.7728738,1,1,0.2653792791671143,0.8308615769621903,0.7728738,True Positive
0,0.41334808,0,1,0.30475363348512846,0.4166698075375611,0.5866519,True Negative
1,0.22461018,0,0,0.3619534853946448,0.23230782870649308,0.7753898,False Negative
1,0.7859422,1,1,0.16940275038985123,0.8729990461243299,0.7859422,True Positive
1,0.2541262,0,0,0.30475363348512846,0.24577577461248887,0.7458738,False Negative
0,0.17017317,0,1,0.3619534853946448,0.1259175369572347,0.82982683,True Negative
0,0.22784145,0,1,0.3619534853946448,0.23664957789798316,0.77215856,True Negative
1,0.59058094,1,1,0.30475363348512846,0.5851941917873236,0.59058094,True Positive
0,0.2000301,0,1,0.30475363348512846,0.16306360209083362,0.7999699,True Negative
0,0.2669272,0,1,0.30475363348512846,0.2614064572251604,0.73307276,True Negative
0,0.22641234,0,1,0.3619534853946448,0.23473470358380213,0.77358764,True Negative
0,0.34039643,0,1,0.30475363348512846,0.34343109594951926,0.6596036,True Negative
1,0.6645598,1,1,0.2653792791671143,0.6428249340733367,0.6645598,True Positive
0,0.39520934,0,1,0.30475363348512846,0.3989531272214447,0.6047907,True Negative
1,0.7775532,1,1,0.3619534853946448,0.8527637457920165,0.7775532,True Positive
1,0.2541262,0,0,0.30475363348512846,0.24577577461248887,0.7458738,False Negative
0,0.1857721,0,1,0.30475363348512846,0.12841865248431472,0.8142279,True Negative
0,0.46504653,1,0,0.2653792791671143,0.44908352684693326,0.5349535,False Positive
0,0.2565497,0,1,0.30475363348512846,0.24877361282388152,0.7434503,True Negative
1,0.32690716,0,0,0.3619534853946448,0.3538584042302665,0.67309284,False Negative
1,0.21449137,0,0,0.30475363348512846,0.19371700958503835,0.78550863,False Negative
0,0.21181725,0,1,0.30475363348512846,0.18996691345396075,0.78818274,True Negative
0,0.25834718,0,1,0.3619534853946448,0.2756843801719336,0.74165285,True Negative
0,0.51131207,1,0,0.16940275038985123,0.4512228948186112,0.51131207,False Positive
1,0.509676,1,1,0.30475363348512846,0.5081281690135964,0.509676,True Positive
0,0.20170256,0,1,0.2653792791671143,0.14095474764338656,0.7982974,True Negative
1,0.7709688,1,1,0.30475363348512846,0.82624751500458,0.7709688,True Positive
0,0.7753782,1,0,0.1972360207388138,0.8361068931920967,0.7753782,False Positive
0,0.20103967,0,1,0.30475363348512846,0.16544498408714897,0.7989603,True Negative
1,0.7710055,1,1,0.30475363348512846,0.8263769081340049,0.7710055,True Positive
1,0.5618431,1,1,0.30475363348512846,0.5575057224119742,0.5618431,True Positive
0,0.4768778,1,0,0.30475363348512846,0.4772547489263545,0.5231222,False Positive
0,0.2289669,0,1,0.30475363348512846,0.213452373186237,0.7710331,True Negative
1,0.77252716,1,1,0.30475363348512846,0.8317516056112156,0.77252716,True Positive
1,0.78396046,1,1,0.3619534853946448,0.8760529288648659,0.78396046,True Positive
1,0.7780063,1,1,0.30475363348512846,0.8513179829054484,0.7780063,True Positive
1,0.5383109,1,1,0.30475363348512846,0.5351377046624933,0.5383109,True Positive
0,0.7472739,1,0,0.30475363348512846,0.7602345494680204,0.7472739,False Positive
0,0.5673043,1,0,0.2653792791671143,0.5457288590048042,0.5673043,False Positive
0,0.68586063,1,0,0.1972360207388138,0.636251744686732,0.68586063,False Positive
1,0.25003946,0,0,0.30475363348512846,0.2406774463274685,0.74996054,False Negative
0,0.22968534,0,1,0.3619534853946448,0.23910768303349134,0.7703147,True Negative
0,0.17789635,0,1,0.30475363348512846,0.10839635121270555,0.8221036,True Negative
1,0.8083807,1,1,0.3619534853946448,0.9697655296258544,0.8083807,True Positive
1,0.78896433,1,1,0.30475363348512846,0.8915143463096209,0.78896433,True Positive
0,0.5487988,1,0,0.3619534853946448,0.5697798223119618,0.5487988,False Positive
1,0.6254562,1,1,0.16940275038985123,0.5611837339387112,0.6254562,True Positive
1,0.7680156,1,1,0.1972360207388138,0.8101052709859717,0.7680156,True Positive
1,0.77125,1,1,0.1972360207388138,0.8214552666415635,0.77125,True Positive
1,0.2000301,0,0,0.30475363348512846,0.16306360209083362,0.7999699,False Negative
1,0.55272543,1,1,0.1972360207388138,0.5023867428107708,0.55272543,True Positive
0,0.19298756,0,1,0.3619534853946448,0.18403654560953023,0.80701244,True Negative
0,0.17510521,0,1,0.3619534853946448,0.13897612793985303,0.8248948,True Negative
1,0.7746194,1,1,0.30475363348512846,0.8391832998705451,0.7746194,True Positive
1,0.7823615,1,1,0.30475363348512846,0.8671182422960589,0.7823615,True Positive
1,0.7760763,1,1,0.30475363348512846,0.8443872464270212,0.7760763,True Positive
0,0.76737124,1,0,0.30475363348512846,0.8136410110147003,0.76737124,False Positive
1,0.77695405,1,1,0.30475363348512846,0.8475338442254473,0.77695405,True Positive
1,0.18350825,0,0,0.3619534853946448,0.1605737943127998,0.8164917,False Negative
0,0.42538086,1,0,0.3619534853946448,0.45299240873846064,0.5746192,False Positive
0,0.7979876,1,0,0.30475363348512846,0.9257762187636394,0.7979876,False Positive
0,0.7408587,1,0,0.30475363348512846,0.7483117921011042,0.7408587,False Positive
1,0.3582335,0,0,0.3619534853946448,0.38659092530686795,0.6417665,False Negative
1,0.76430875,1,1,0.30475363348512846,0.803016139467548,0.76430875,True Positive
1,0.7865993,1,1,0.30475363348512846,0.8827130182523084,0.7865993,True Positive
1,0.3295853,0,0,0.3619534853946448,0.35671515334692244,0.6704147,False Negative
1,0.7452949,1,1,0.3619534853946448,0.7797705486345851,0.7452949,True Positive
1,0.36240432,0,0,0.3619534853946448,0.3908470561911049,0.63759565,False Negative
1,0.76825964,1,1,0.3619534853946448,0.8239499124167153,0.76825964,True Positive
1,0.76760876,1,1,0.3619534853946448,0.8226573885716834,0.76760876,True Positive
0,0.24684195,0,1,0.30475363348512846,0.23664957789798316,0.75315803,True Negative
0,0.20200793,0,1,0.30475363348512846,0.16772049668965905,0.79799205,True Negative
1,0.78506345,1,1,0.30475363348512846,0.8770354562264534,0.78506345,True Positive
0,0.45003775,1,0,0.30475363348512846,0.4518615420325055,0.5499623,False Positive
1,0.7834984,1,1,0.30475363348512846,0.8712801595329118,0.7834984,True Positive
0,0.25410965,0,1,0.30475363348512846,0.24575526415808382,0.7458904,True Negative
0,0.19572245,0,1,0.30475363348512846,0.15279992752537452,0.80427754,True Negative
0,0.48106214,1,0,0.1972360207388138,0.4347717598585369,0.5189378,False Positive
0,0.24098298,0,1,0.30475363348512846,0.22917701938244803,0.759017,True Negative
0,0.7653196,1,0,0.30475363348512846,0.8065123384073123,0.7653196,False Positive
1,0.5188843,1,1,0.30475363348512846,0.5167987452309113,0.5188843,True Positive
0,0.18492956,0,1,0.30475363348512846,0.12630850752408387,0.81507045,True Negative
0,0.39725897,0,1,0.30475363348512846,0.4009681795342827,0.602741,True Negative
0,0.2537979,0,1,0.30475363348512846,0.24536822070706282,0.7462021,True Negative
1,0.40661603,0,0,0.30475363348512846,0.4101239328394963,0.59338397,False Negative
1,0.7718999,1,1,0.30475363348512846,0.8295329008556575,0.7718999,True Positive
1,0.7838002,1,1,0.30475363348512846,0.8723876013065845,0.7838002,True Positive
0,0.50683737,1,0,0.30475363348512846,0.5054568853307427,0.50683737,False Positive
1,0.45003775,1,1,0.30475363348512846,0.4518615420325055,0.5499623,True Positive
1,0.7575753,1,1,0.30475363348512846,0.77998548529559,0.7575753,True Positive
0,0.79780865,1,0,0.30475363348512846,0.9250858164688021,0.79780865,False Positive
0,0.30455726,0,1,0.30475363348512846,0.3048199538263435,0.69544274,True Negative
0,0.46212214,1,0,0.30475363348512846,0.4633196196088053,0.53787786,False Positive
1,0.6134254,1,1,0.30475363348512846,0.6076244726046477,0.6134254,True Positive
0,0.27051198,0,1,0.3619534853946448,0.29039634359116817,0.729488,True Negative
0,0.24684195,0,1,0.30475363348512846,0.23664957789798316,0.75315803,True Negative
0,0.18809503,0,1,0.3619534853946448,0.17204021758364463,0.81190497,True Negative
0,0.79195344,1,0,0.30475363348512846,0.9027420635541112,0.79195344,False Positive
1,0.34501767,0,0,0.3619534853946448,0.3729555210270824,0.6549823,False Negative
1,0.57464504,1,1,0.30475363348512846,0.5697793368910179,0.57464504,True Positive
0,0.53934586,1,0,0.30475363348512846,0.5361174396545829,0.53934586,False Positive
1,0.64666593,1,1,0.30475363348512846,0.6411835911702507,0.64666593,True Positive
1,0.7788908,1,1,0.3619534853946448,0.8575856041919993,0.7788908,True Positive
1,0.24684195,0,0,0.30475363348512846,0.23664957789798316,0.75315803,False Negative
1,0.63724965,1,1,0.30475363348512846,0.6315475555156899,0.63724965,True Positive
0,0.42669842,1,0,0.30475363348512846,0.42956054455431875,0.57330155,False Positive
0,0.19215249,0,1,0.3238188371042879,0.15677675316067627,0.8078475,True Negative
0,0.22446513,0,1,0.30475363348512846,0.20741271149348312,0.77553487,True Negative
1,0.3468136,0,0,0.3619534853946448,0.3748224323637506,0.65318644,False Negative
1,0.75327647,1,1,0.30475363348512846,0.7715726855544741,0.75327647,True Positive
0,0.33341295,0,1,0.30475363348512846,0.3360783928365756,0.66658705,True Negative
0,0.21190053,0,1,0.3619534853946448,0.21478340332593304,0.78809947,True Negative
1,0.5540763,1,1,0.30475363348512846,0.5500989624508973,0.5540763,True Positive
1,0.7463812,1,1,0.16940275038985123,0.7353583999264559,0.7463812,True Positive
0,0.51640224,1,0,0.30475363348512846,0.514460661793098,0.51640224,False Positive
1,0.80000603,1,1,0.1972360207388138,0.9278120614770357,0.80000603,True Positive
0,0.3959269,0,1,0.30475363348512846,0.3996590168801842,0.6040731,True Negative
0,0.20103967,0,1,0.30475363348512846,0.16544498408714897,0.7989603,True Negative
0,0.44257545,1,0,0.30475363348512846,0.44475885887688366,0.55742455,False Positive
1,0.801412,1,1,0.30475363348512846,0.939077343623327,0.801412,True Positive
1,0.35731053,0,0,0.30475363348512846,0.36094696553752803,0.64268947,False Negative
0,0.21445827,0,1,0.3619534853946448,0.21837001922837365,0.7855417,True Negative
1,0.21449137,0,0,0.30475363348512846,0.19371700958503835,0.78550863,False Negative
1,0.76671886,1,1,0.3619534853946448,0.8208941786306228,0.76671886,True Positive
0,0.19990924,0,1,0.30475363348512846,0.1627779031768731,0.8000908,True Negative
0,0.3667226,0,1,0.30475363348512846,0.37053226107239695,0.6332774,True Negative
1,0.7736248,1,1,0.2653792791671143,0.8335261333508832,0.7736248,True Positive
1,0.3836478,0,0,0.30475363348512846,0.3875160125473446,0.6163522,False Negative
0,0.37677157,0,1,0.30475363348512846,0.3806527514338368,0.62322843,True Negative
0,0.2599424,0,1,0.30475363348512846,0.2529394601803948,0.7400576,True Negative
1,0.25055173,0,0,0.30475363348512846,0.24131952130856876,0.7494483,False Negative
1,0.7619264,1,1,0.30475363348512846,0.7948166710383512,0.7619264,True Positive
0,0.2669272,0,1,0.30475363348512846,0.2614064572251604,0.73307276,True Negative
0,0.18852212,0,1,0.30475363348512846,0.13525499250485615,0.8114779,True Negative
0,0.3870882,0,1,0.30475363348512846,0.39093239637743515,0.6129118,True Negative
1,0.576326,1,1,0.30475363348512846,0.5713976593732821,0.576326,True Positive
0,0.6405624,1,0,0.30475363348512846,0.6349249046956879,0.6405624,False Positive
0,0.21530752,0,1,0.30475363348512846,0.194854801617379,0.78469247,True Negative
1,0.7576797,1,1,0.30475363348512846,0.7803393050003836,0.7576797,True Positive
0,0.28624973,0,1,0.30475363348512846,0.2841271208966969,0.71375024,True Negative
1,0.7738368,1,1,0.3619534853946448,0.8394747592644963,0.7738368,True Positive
0,0.260255,0,1,0.30475363348512846,0.2533215542681718,0.739745,True Negative
0,0.21112406,0,1,0.30475363348512846,0.1887573391887991,0.78887594,True Negative
1,0.34161094,0,0,0.30475363348512846,0.3447022048152974,0.6583891,False Negative
1,0.24983774,0,0,0.30475363348512846,0.24042433104897462,0.75016224,False Negative
0,0.16436392,0,1,0.3619534853946448,0.11014429737343709,0.8356361,True Negative
0,0.26177832,0,1,0.30475363348512846,0.25517901923585196,0.73822165,True Negative
1,0.26638082,0,0,0.30475363348512846,0.2607492712467906,0.7336192,False Negative
0,0.19990924,0,1,0.30475363348512846,0.1627779031768731,0.8000908,True Negative
1,0.7700921,1,1,0.30475363348512846,0.8231629742113998,0.7700921,True Positive
1,0.24996711,0,0,0.3619534853946448,0.26528586538286303,0.7500329,False Negative
0,0.1857721,0,1,0.30475363348512846,0.12841865248431472,0.8142279,True Negative
1,0.75393313,1,1,0.30475363348512846,0.7728242843896759,0.75393313,True Positive
0,0.24684195,0,1,0.30475363348512846,0.23664957789798316,0.75315803,True Negative
0,0.78640735,1,0,0.30475363348512846,0.8820017441412353,0.78640735,False Positive
1,0.740023,1,1,0.3619534853946448,0.7700081349802574,0.740023,True Positive
1,0.7745349,1,1,0.3619534853946448,0.8419591417131904,0.7745349,True Positive
1,0.21489933,0,0,0.1972360207388138,0.1261432170727847,0.7851007,False Negative
1,0.45991158,1,1,0.3619534853946448,0.4859263797772316,0.5400884,True Positive
1,0.78624225,1,1,0.30475363348512846,0.8813904393162124,0.78624225,True Positive
1,0.77182496,1,1,0.30475363348512846,0.8292682348603883,0.77182496,True Positive
0,0.25394058,0,1,0.30475363348512846,0.24554543449596725,0.7460594,True Negative
0,0.39744428,0,1,0.30475363348512846,0.40115021373837506,0.60255575,True Negative
0,0.3597228,0,1,0.3619534853946448,0.38811317897956565,0.6402772,True Negative
0,0.26177832,0,1,0.30475363348512846,0.25517901923585196,0.73822165,True Negative
1,0.5180905,1,1,0.30475363348512846,0.5160509608841026,0.5180905,True Positive
1,0.7604144,1,1,0.30475363348512846,0.7896421831623097,0.7604144,True Positive
0,0.3907169,0,1,0.16940275038985123,0.3360783928365756,0.6092831,True Negative
0,0.51524127,1,0,0.30475363348512846,0.5133673673802738,0.51524127,False Positive
1,0.30796534,0,0,0.3619534853946448,0.33329193630271,0.69203466,False Negative
0,0.24635626,0,1,0.30475363348512846,0.23603474151389126,0.75364375,True Negative
0,0.5485542,1,0,0.30475363348512846,0.544848296863087,0.5485542,False Positive
1,0.77185893,1,1,0.1972360207388138,0.8236045649759484,0.77185893,True Positive
1,0.38271818,0,0,0.30475363348512846,0.38659092530686795,0.6172818,False Negative
1,0.36233392,0,0,0.3619534853946448,0.3907754301391192,0.6376661,False Negative
1,0.771114,1,1,0.3619534853946448,0.8298361857088005,0.771114,True Positive
1,0.78484005,1,1,0.30475363348512846,0.876212053983621,0.78484005,True Positive
0,0.46083754,1,0,0.3619534853946448,0.48680306679739976,0.53916246,False Positive
1,0.7762428,1,1,0.30475363348512846,0.844983131780242,0.7762428,True Positive
0,0.26634243,0,1,0.30475363348512846,0.26070307859873676,0.7336576,True Negative
0,0.654794,1,0,0.30475363348512846,0.6495952770582966,0.654794,False Positive
1,0.7720376,1,1,0.30475363348512846,0.830019691866965,0.7720376,True Positive
1,0.78516155,1,1,0.30475363348512846,0.877396976802778,0.78516155,True Positive
1,0.28607693,0,0,0.30475363348512846,0.28392818794649377,0.7139231,False Negative
1,0.3778077,0,0,0.30475363348512846,0.3816900372888263,0.62219226,False Negative
1,0.33410847,0,0,0.30475363348512846,0.33681413171851377,0.6658915,False Negative
1,0.28158844,0,0,0.1972360207388138,0.23230782870649308,0.71841156,False Negative
1,0.7747669,1,1,0.30475363348512846,0.839708984811235,0.7747669,True Positive
0,0.7925284,1,0,0.30475363348512846,0.904915541488561,0.7925284,False Positive
1,0.3108488,0,0,0.16940275038985123,0.2533215542681718,0.68915117,False Negative
1,0.37096888,0,0,0.30475363348512846,0.3748224323637506,0.6290311,False Negative
1,0.24052481,0,0,0.3619534853946448,0.2532866929441217,0.7594752,False Negative
0,0.182835,0,1,0.3619534853946448,0.15887216794115308,0.817165,True Negative
0,0.6063378,1,0,0.30475363348512846,0.600617961875063,0.6063378,False Positive
1,0.7799578,1,1,0.30475363348512846,0.8583698441024494,0.7799578,True Positive
0,0.2185513,0,1,0.30475363348512846,0.19934613266202822,0.7814487,True Negative
1,0.25964665,0,0,0.30475363348512846,0.2525777381733737,0.74035335,False Negative
0,0.25988838,0,1,0.30475363348512846,0.25287340922846074,0.7401116,True Negative
1,0.79433423,1,1,0.30475363348512846,0.9117705465140896,0.79433423,True Positive
1,0.7676562,1,1,0.3619534853946448,0.8227514676437483,0.7676562,True Positive
0,0.7702178,1,0,0.30475363348512846,0.8236045649759484,0.7702178,False Positive
0,0.35118297,0,1,0.30475363348512846,0.3546465860250231,0.64881706,True Negative
0,0.25469494,0,1,0.3619534853946448,0.27118021734782854,0.74530506,True Negative
0,0.16321634,0,1,0.30475363348512846,0.06913381642346947,0.83678365,True Negative
1,0.53378606,1,1,0.30475363348512846,0.5308585168742703,0.53378606,True Positive
0,0.27261442,0,1,0.2508911477913881,0.24493883612343093,0.7273856,True Negative
0,0.33869326,0,1,0.30475363348512846,0.3416447137814739,0.66130674,True Negative
1,0.23757163,0,0,0.30475363348512846,0.22476896308119743,0.7624284,False Negative
1,0.7602439,1,1,0.3619534853946448,0.8082039791716805,0.7602439,True Positive
1,0.7766847,1,1,0.30475363348512846,0.8465673413115483,0.7766847,True Positive
0,0.4985306,1,0,0.3619534853946448,0.5223405083957318,0.5014694,False Positive
1,0.19100471,0,0,0.3619534853946448,0.17920304848628274,0.8089953,False Negative
1,0.7776879,1,1,0.3619534853946448,0.8532485877435082,0.7776879,True Positive
0,0.48936936,1,0,0.30475363348512846,0.4890209192783429,0.5106306,False Positive
1,0.7863847,1,1,0.3619534853946448,0.8849948133622,0.7863847,True Positive
0,0.24684195,0,1,0.30475363348512846,0.23664957789798316,0.75315803,True Negative
1,0.2669272,0,0,0.30475363348512846,0.2614064572251604,0.73307276,False Negative
1,0.772307,1,1,0.30475363348512846,0.8309724534451822,0.772307,True Positive
1,0.7591552,1,1,0.3619534853946448,0.8060934250540038,0.7591552,True Positive
1,0.6557026,1,1,0.30475363348512846,0.6505412821744654,0.6557026,True Positive
0,0.38271818,0,1,0.30475363348512846,0.38659092530686795,0.6172818,True Negative
0,0.77627397,1,0,0.30475363348512846,0.8450948729086443,0.77627397,False Positive
0,0.35115117,0,1,0.30475363348512846,0.35461377300823627,0.64884883,True Negative
0,0.77798307,1,0,0.30475363348512846,0.8512344385238239,0.77798307,False Positive
0,0.53203654,1,0,0.30475363348512846,0.5292052959625136,0.53203654,False Positive
1,0.7576985,1,1,0.30475363348512846,0.7804030035571208,0.7576985,True Positive
0,0.26177832,0,1,0.30475363348512846,0.25517901923585196,0.73822165,True Negative
1,0.7925145,1,1,0.30475363348512846,0.9048628583761944,0.7925145,True Positive
0,0.46107742,1,0,0.30475363348512846,0.4623309150515201,0.53892255,False Positive
1,0.53779966,1,1,0.30475363348512846,0.534653952617226,0.53779966,True Positive
0,0.29789436,0,1,0.30475363348512846,0.29737455391032425,0.70210564,True Negative
1,0.78950924,1,1,0.30475363348512846,0.8935524368038471,0.78950924,True Positive
1,0.59402525,1,1,0.3619534853946448,0.6132481868438715,0.59402525,True Positive
1,0.78263974,1,1,0.30475363348512846,0.8681354090149275,0.78263974,True Positive
1,0.21265544,0,0,0.30475363348512846,0.19114609700467994,0.7873446,False Negative
1,0.7654695,1,1,0.30475363348512846,0.8070318313178735,0.7654695,True Positive
0,0.20602134,0,1,0.3619534853946448,0.2064174422454157,0.7939787,True Negative
1,0.6992729,1,1,0.16940275038985123,0.6390508915251449,0.6992729,True Positive
0,0.20647505,0,1,0.30475363348512846,0.17811490243499833,0.793525,True Negative
1,0.77675045,1,1,0.30475363348512846,0.846803179876567,0.77675045,True Positive
0,0.76909506,1,0,0.16940275038985123,0.8123834193409912,0.76909506,False Positive
0,0.78599155,1,0,0.16940275038985123,0.8731818463594908,0.78599155,False Positive
1,0.7852648,1,1,0.30475363348512846,0.8777780247230598,0.7852648,True Positive
0,0.5041555,1,0,0.3619534853946448,0.527632593117253,0.5041555,False Positive
1,0.43278027,1,1,0.30475363348512846,0.43539775143603376,0.56721973,True Positive
1,0.25394058,0,0,0.30475363348512846,0.24554543449596725,0.7460594,False Negative
0,0.6237687,1,0,0.30475363348512846,0.6179362109866774,0.6237687,False Positive
1,0.7702557,1,1,0.30475363348512846,0.82373792152253,0.7702557,True Positive
1,0.26522753,0,0,0.30475363348512846,0.2593593226558938,0.73477244,False Negative
0,0.24879001,0,1,0.30475363348512846,0.23910768303349134,0.75121,True Negative
1,0.5832442,1,1,0.30475363348512846,0.578076475096448,0.5832442,True Positive
0,0.57417536,1,0,0.30475363348512846,0.5693273473769228,0.57417536,False Positive
0,0.24879001,0,1,0.30475363348512846,0.23910768303349134,0.75121,True Negative
0,0.565137,1,0,0.30475363348512846,0.5606554689142065,0.565137,False Positive
0,0.2830195,0,1,0.30475363348512846,0.2803958351444254,0.71698046,True Negative
0,0.32478267,0,1,0.30475363348512846,0.3268845502215125,0.67521733,True Negative
0,0.49718267,1,0,0.30475363348512846,0.4963732116444449,0.50281733,False Positive
1,0.77259237,1,1,0.30475363348512846,0.8319826024044856,0.77259237,True Positive
1,0.28727168,0,0,0.30475363348512846,0.2853023245394429,0.7127283,False Negative
1,0.76263803,1,1,0.30475363348512846,0.7972600442848833,0.76263803,True Positive
0,0.23930731,0,1,0.16940275038985123,0.16035547365587638,0.7606927,True Negative
1,0.47700912,1,1,0.30475363348512846,0.47737854095539545,0.5229909,True Positive
0,0.27374968,0,1,0.30475363348512846,0.26954170286162876,0.7262503,True Negative
0,0.24684195,0,1,0.30475363348512846,0.23664957789798316,0.75315803,True Negative
1,0.27513686,0,0,0.30475363348512846,0.27118021734782854,0.7248632,False Negative
1,0.3402635,0,0,0.30475363348512846,0.3432917701397486,0.6597365,False Negative
1,0.66857994,1,1,0.30475363348512846,0.664081423770268,0.66857994,True Positive
0,0.2746803,0,1,0.30475363348512846,0.27064152094821375,0.72531974,True Negative
0,0.7427307,1,0,0.1972360207388138,0.724913705104334,0.7427307,False Positive
0,0.33220807,0,1,0.30475363348512846,0.33480219851063797,0.66779196,True Negative
0,0.21261406,0,1,0.30475363348512846,0.19108789954292246,0.78738594,True Negative
0,0.40661603,0,1,0.30475363348512846,0.4101239328394963,0.59338397,True Negative
0,0.6281452,1,0,0.30475363348512846,0.6223326694639365,0.6281452,False Positive
1,0.771166,1,1,0.3619534853946448,0.830019691866965,0.771166,True Positive
0,0.6220052,1,0,0.3619534853946448,0.6408696175245951,0.6220052,False Positive
0,0.2219008,0,1,0.30475363348512846,0.2039338288019795,0.7780992,True Negative
0,0.1880886,0,1,0.30475363348512846,0.1341824102991181,0.8119114,True Negative
1,0.6860838,1,1,0.30475363348512846,0.6829220037079365,0.6860838,True Positive
1,0.31134,0,0,0.3619534853946448,0.33700506113301554,0.68866,False Negative
1,0.57413447,1,1,0.30475363348512846,0.5692880553308745,0.57413447,True Positive
0,0.68485284,1,0,0.30475363348512846,0.68157914670177,0.68485284,False Positive
0,0.24635626,0,1,0.30475363348512846,0.23603474151389126,0.75364375,True Negative
1,0.7599733,1,1,0.30475363348512846,0.7881367039315559,0.7599733,True Positive
1,0.20497672,0,0,0.30475363348512846,0.1746473191906366,0.79502326,False Negative
1,0.7832043,1,1,0.3619534853946448,0.8732789412241642,0.7832043,True Positive
1,0.7423436,1,1,0.2653792791671143,0.7350600698877049,0.7423436,True Positive
1,0.3816993,0,0,0.30475363348512846,0.38557602657380885,0.6183007,False Negative
1,0.76545584,1,1,0.30475363348512846,0.8069845074061526,0.76545584,True Positive
1,0.77348936,1,1,0.30475363348512846,0.8351633266159101,0.77348936,True Positive
0,0.7828714,1,0,0.30475363348512846,0.8689828169484131,0.7828714,False Positive
0,0.7917583,1,0,0.30475363348512846,0.9020056177642263,0.7917583,False Positive
1,0.6661603,1,1,0.30475363348512846,0.6615176545860556,0.6661603,True Positive
1,0.23185328,0,0,0.30475363348512846,0.21728094302614953,0.76814675,False Negative
1,0.71854377,1,1,0.30475363348512846,0.7194668600772566,0.71854377,True Positive
0,0.17999436,0,1,0.3619534853946448,0.1516383920572594,0.82000566,True Negative
0,0.20330548,0,1,0.16940275038985123,0.0812128042923964,0.7966945,True Negative
1,0.42808607,1,1,0.16940275038985123,0.3724489838768804,0.57191396,True Positive
0,0.24896955,0,1,0.3619534853946448,0.26403276917666385,0.75103045,True Negative
1,0.3582335,0,0,0.3619534853946448,0.38659092530686795,0.6417665,False Negative
1,0.7798236,1,1,0.30475363348512846,0.8578834932491161,0.7798236,True Positive
1,0.24342611,0,0,0.30475363348512846,0.23230782870649308,0.7565739,False Negative
0,0.24172807,0,1,0.30475363348512846,0.23013409018478506,0.75827193,True Negative
0,0.5553544,1,0,0.30475363348512846,0.5513160396367769,0.5553544,False Positive
1,0.26634243,0,0,0.30475363348512846,0.26070307859873676,0.7336576,False Negative
1,0.3239557,0,0,0.3619534853946448,0.3506962031273268,0.6760443,False Negative
1,0.7604785,1,1,0.16940275038985123,0.7825800824715754,0.7604785,True Positive
1,0.55505973,1,1,0.30475363348512846,0.5510353550113692,0.55505973,True Positive
0,0.22647539,0,1,0.16940275038985123,0.13318801294213714,0.77352464,True Negative
0,0.44257545,1,0,0.30475363348512846,0.44475885887688366,0.55742455,False Positive
1,0.7732597,1,1,0.30475363348512846,0.8343480976843823,0.7732597,True Positive
0,0.50923306,1,0,0.16940275038985123,0.44926613546035754,0.50923306,False Positive
0,0.49950692,1,0,0.30475363348512846,0.4985598891711664,0.50049305,False Positive
1,0.76859605,1,1,0.30475363348512846,0.8179175886314611,0.76859605,True Positive
1,0.387085,0,0,0.1972360207388138,0.3445025450614217,0.61291504,False Negative
0,0.4300876,1,0,0.3619534853946448,0.4575150734324039,0.56991243,False Positive
0,0.7422658,1,0,0.30475363348512846,0.750910339158608,0.7422658,False Positive
0,0.2669272,0,1,0.30475363348512846,0.2614064572251604,0.73307276,True Negative
0,0.45145044,1,0,0.30475363348512846,0.45320363828060917,0.54854953,False Positive
0,0.6030552,1,0,0.30475363348512846,0.5973880579233537,0.6030552,False Positive
0,0.2917264,0,1,0.30475363348512846,0.29039634359116817,0.7082736,True Negative
0,0.18764573,0,1,0.30475363348512846,0.13308474077514346,0.81235427,True Negative
1,0.3208593,0,0,0.30475363348512846,0.3226633127607196,0.6791407,False Negative
1,0.7789893,1,1,0.30475363348512846,0.8548644826751893,0.7789893,True Positive
1,0.7745217,1,1,0.30475363348512846,0.838835216418588,0.7745217,True Positive
0,0.24172807,0,1,0.30475363348512846,0.23013409018478506,0.75827193,True Negative
1,0.78720427,1,1,0.30475363348512846,0.8849575799909952,0.78720427,True Positive
1,0.63336027,1,1,0.30475363348512846,0.6275992224749297,0.63336027,True Positive
1,0.58626235,1,1,0.30475363348512846,0.5810000475434457,0.58626235,True Positive
1,0.7536161,1,1,0.1972360207388138,0.7608633293326211,0.7536161,True Positive
0,0.37389314,0,1,0.30475363348512846,0.3777651753610705,0.62610686,True Negative
1,0.7654462,1,1,0.3619534853946448,0.8183808116527135,0.7654462,True Positive
1,0.7646511,1,1,0.16940275038985123,0.7969181961653476,0.7646511,True Positive
0,0.76786524,1,0,0.30475363348512846,0.8153639376657094,0.76786524,False Positive
0,0.43031582,1,0,0.3619534853946448,0.4577340442978528,0.56968415,False Positive
0,0.5014274,1,0,0.30475363348512846,0.500366673499583,0.5014274,False Positive
0,0.2945193,0,1,0.30475363348512846,0.2935666411718339,0.7054807,True Negative
0,0.28335598,0,1,0.16940275038985123,0.22234045664130908,0.71664405,True Negative
0,0.6485733,1,0,0.30475363348512846,0.643149362926793,0.6485733,False Positive
1,0.7724689,1,1,0.30475363348512846,0.8315454758535606,0.7724689,True Positive
1,0.77551544,1,1,0.30475363348512846,0.8423808377394324,0.77551544,True Positive
0,0.7809693,1,0,0.1972360207388138,0.8562593286220839,0.7809693,False Positive
1,0.76401794,1,1,0.1972360207388138,0.796228404485502,0.76401794,True Positive
1,0.40729222,0,0,0.3619534853946448,0.4354820830304221,0.59270775,False Negative
0,0.39569247,0,1,0.30475363348512846,0.39942841919135674,0.60430753,True Negative
1,0.8005767,1,1,0.2653792791671143,0.9336989113414628,0.8005767,True Positive
0,0.45616123,1,0,0.30475363348512846,0.457673750400188,0.54383874,False Positive
0,0.20688552,0,1,0.30475363348512846,0.1790616399863789,0.7931145,True Negative
0,0.17710109,0,1,0.30475363348512846,0.10633639490248815,0.8228989,True Negative
1,0.23770826,0,0,0.3619534853946448,0.2496455330977492,0.7622917,False Negative
1,0.6000616,1,1,0.30475363348512846,0.5944504437939525,0.6000616,True Positive
0,0.54528797,1,0,0.30475363348512846,0.5417481545544705,0.54528797,False Positive
1,0.26177832,0,0,0.30475363348512846,0.25517901923585196,0.73822165,False Negative
0,0.7003801,1,0,0.30475363348512846,0.6987357749111666,0.7003801,False Positive
0,0.24684195,0,1,0.30475363348512846,0.23664957789798316,0.75315803,True Negative
1,0.24684195,0,0,0.30475363348512846,0.23664957789798316,0.75315803,False Negative
1,0.5505275,1,1,0.30475363348512846,0.546723332979263,0.5505275,True Positive
1,0.79059345,1,1,0.30475363348512846,0.8976192081471575,0.79059345,True Positive
1,0.7742312,1,1,0.30475363348512846,0.8378007950680547,0.7742312,True Positive
1,0.2837807,0,0,0.30475363348512846,0.2812773659815351,0.7162193,False Negative
1,0.7765485,1,1,0.30475363348512846,0.8460788581988393,0.7765485,True Positive
1,0.77056634,1,1,0.30475363348512846,0.8248303585190264,0.77056634,True Positive
1,0.61045134,1,1,0.30475363348512846,0.604678859206005,0.61045134,True Positive
1,0.26253986,0,0,0.30475363348512846,0.2561049941351035,0.73746014,False Negative
1,0.76632524,1,1,0.3619534853946448,0.8201158595361732,0.76632524,True Positive
1,0.7654782,1,1,0.30475363348512846,0.8070619959557174,0.7654782,True Positive
0,0.33084723,0,1,0.30475363348512846,0.3333578865012852,0.66915274,True Negative
1,0.5487858,1,1,0.3619534853946448,0.5697675640525559,0.5487858,True Positive
0,0.22287866,0,1,0.3619534853946448,0.22996300217649895,0.7771213,True Negative
0,0.18654436,0,1,0.30475363348512846,0.13034619746341022,0.81345564,True Negative
1,0.5624422,1,1,0.30475363348512846,0.5580782548777641,0.5624422,True Positive
0,0.26170805,0,1,0.30475363348512846,0.255093486481234,0.738292,True Negative
1,0.788032,1,1,0.30475363348512846,0.8880361513296066,0.788032,True Positive
0,0.26860857,0,1,0.30475363348512846,0.2634234094067763,0.73139143,True Negative
0,0.66864,1,0,0.1972360207388138,0.6177185156672436,0.66864,False Positive
0,0.24452065,0,1,0.3619534853946448,0.2584027053976808,0.75547934,True Negative
0,0.28255188,0,1,0.30475363348512846,0.27985350395463743,0.7174481,True Negative
0,0.3934335,0,1,0.30475363348512846,0.39720427323490926,0.6065665,True Negative
0,0.46612266,1,0,0.3619534853946448,0.4918020331450824,0.5338774,False Positive
1,0.37096888,0,0,0.30475363348512846,0.3748224323637506,0.6290311,False Negative
1,0.45145044,1,1,0.30475363348512846,0.45320363828060917,0.54854953,True Positive
0,0.32558367,0,1,0.16940275038985123,0.26929784976384147,0.6744163,True Negative
1,0.76013607,1,1,0.30475363348512846,0.7886920020660755,0.76013607,True Positive
1,0.5943435,1,1,0.30475363348512846,0.5888593806422227,0.5943435,True Positive
1,0.25213942,0,0,0.30475363348512846,0.24330405442884243,0.74786055,False Negative
1,0.7790832,1,1,0.30475363348512846,0.8552040714161682,0.7790832,True Positive
0,0.7687638,1,0,0.30475363348512846,0.8185045848889289,0.7687638,False Positive
0,0.19700962,0,1,0.30475363348512846,0.15588453321621804,0.8029904,True Negative
0,0.5618431,1,0,0.30475363348512846,0.5575057224119742,0.5618431,False Positive
1,0.79243755,1,1,0.30475363348512846,0.9045716751922697,0.79243755,True Positive
1,0.75954187,1,1,0.30475363348512846,0.7866661727228318,0.75954187,True Positive
1,0.3779398,0,0,0.30475363348512846,0.38182217414356723,0.6220602,False Negative
0,0.5678184,1,0,0.30475363348512846,0.5632235925211887,0.5678184,False Positive
1,0.37096888,0,0,0.30475363348512846,0.3748224323637506,0.6290311,False Negative
0,0.3647912,0,1,0.3619534853946448,0.39327323305976275,0.6352088,True Negative
0,0.20909916,0,1,0.30475363348512846,0.18414340795833012,0.7909008,True Negative
1,0.7847969,1,1,0.30475363348512846,0.8760529288648659,0.7847969,True Positive
1,0.35318947,0,0,0.30475363348512846,0.35671515334692244,0.64681053,False Negative
1,0.7772991,1,1,0.30475363348512846,0.8487733156988969,0.7772991,True Positive
0,0.7725669,1,0,0.3619534853946448,0.8349693852897354,0.7725669,False Positive
1,0.7546154,1,1,0.3619534853946448,0.7973621702394932,0.7546154,True Positive
0,0.59746456,1,0,0.16940275038985123,0.5334627019324704,0.59746456,False Positive
1,0.7707911,1,1,0.30475363348512846,0.8256216985803057,0.7707911,True Positive
1,0.4826881,1,1,0.3619534853946448,0.5074292953874102,0.51731193,True Positive
1,0.56270164,1,1,0.30475363348512846,0.5583261865046553,0.56270164,True Positive
0,0.26443565,0,1,0.30475363348512846,0.2584027053976808,0.73556435,True Negative
0,0.38577554,0,1,0.30475363348512846,0.38963023551426507,0.61422443,True Negative
0,0.2649346,0,1,0.30475363348512846,0.25900566796039937,0.7350654,True Negative
1,0.7849288,1,1,0.3619534853946448,0.8796160621906024,0.7849288,True Positive
0,0.16713597,0,1,0.30475363348512846,0.07988372606180566,0.83286405,True Negative
0,0.78318954,1,0,0.30475363348512846,0.8701477735113293,0.78318954,False Positive
0,0.198096,0,1,0.3619534853946448,0.194854801617379,0.80190396,True Negative
1,0.7791929,1,1,0.30475363348512846,0.8556008312069798,0.7791929,True Positive
0,0.37096888,0,1,0.30475363348512846,0.3748224323637506,0.6290311,True Negative
1,0.5489911,1,1,0.30475363348512846,0.5452633540120844,0.5489911,True Positive
1,0.7047574,1,1,0.3619534853946448,0.7283619692220674,0.7047574,True Positive
1,0.29703152,0,0,0.30475363348512846,0.2964034542651301,0.7029685,False Negative
0,0.33699366,0,1,0.16940275038985123,0.281412591853154,0.6630063,True Negative
0,0.20877647,0,1,0.30475363348512846,0.1834050831533114,0.7912235,True Negative
0,0.58824646,1,0,0.3619534853946448,0.6076244726046477,0.58824646,False Positive
1,0.62584955,1,1,0.30475363348512846,0.6200239034379268,0.62584955,True Positive
1,0.7798156,1,1,0.2653792791671143,0.8557366348400247,0.7798156,True Positive
1,0.40122896,0,0,0.3619534853946448,0.42956054455431875,0.59877104,False Negative
0,0.20931455,0,1,0.30475363348512846,0.18463574131610053,0.7906854,True Negative
0,0.22916795,0,1,0.16940275038985123,0.13897612793985303,0.77083206,True Negative
0,0.41907054,0,1,0.2653792791671143,0.4052071200411476,0.58092946,True Negative
1,0.78092676,1,1,0.30475363348512846,0.8618882466469,0.78092676,True Positive
0,0.50435877,1,0,0.30475363348512846,0.5031246482160014,0.50435877,False Positive
0,0.656034,1,0,0.3619534853946448,0.6755858212259027,0.656034,False Positive
1,0.17317343,0,0,0.3619534853946448,0.1338964604938491,0.8268266,False Negative
0,0.35318947,0,1,0.30475363348512846,0.35671515334692244,0.64681053,True Negative
1,0.6042378,1,1,0.3619534853946448,0.6232497781584336,0.6042378,True Positive
1,0.79026896,1,1,0.1972360207388138,0.890616803340092,0.79026896,True Positive
0,0.18552026,0,1,0.30475363348512846,0.12778863979177965,0.8144797,True Negative
1,0.77255297,1,1,0.30475363348512846,0.8318430271830451,0.77255297,True Positive
1,0.6063378,1,1,0.30475363348512846,0.600617961875063,0.6063378,True Positive
0,0.21530752,0,1,0.30475363348512846,0.194854801617379,0.78469247,True Negative
1,0.78369206,1,1,0.3619534853946448,0.8750676145619446,0.78369206,True Positive
1,0.41817233,0,0,0.3619534853946448,0.4460403358442835,0.58182764,False Negative
1,0.44108182,1,1,0.16940275038985123,0.38488914527315554,0.5589182,True Positive
0,0.7146486,1,0,0.30475363348512846,0.7149556159130147,0.7146486,False Positive
1,0.21449137,0,0,0.30475363348512846,0.19371700958503835,0.78550863,False Negative
0,0.45396024,1,0,0.30475363348512846,0.4555862086406067,0.54603976,False Positive
1,0.71951735,1,1,0.3619534853946448,0.7452994513360058,0.71951735,True Positive
1,0.766191,1,1,0.30475363348512846,0.8095348954676108,0.766191,True Positive
1,0.576563,1,1,0.30475363348512846,0.5716259454942711,0.576563,True Positive
0,0.24810997,0,1,0.30475363348512846,0.23825103309092371,0.75189006,True Negative
1,0.76731706,1,1,0.16940275038985123,0.8061711854156604,0.76731706,True Positive
1,0.7770152,1,1,0.30475363348512846,0.8477535456393124,0.7770152,True Positive
0,0.35318947,0,1,0.30475363348512846,0.35671515334692244,0.64681053,True Negative
1,0.76931083,1,1,0.30475363348512846,0.8204208449920778,0.76931083,True Positive
0,0.34716836,0,1,0.3619534853946448,0.3751907095600821,0.6528317,True Negative
1,0.26308212,0,0,0.30475363348512846,0.2567632789793126,0.73691785,False Negative
1,0.74605936,1,1,0.16940275038985123,0.7343008352582469,0.74605936,True Positive
0,0.19003205,0,1,0.30475363348512846,0.13897612793985303,0.80996794,True Negative
1,0.78835195,1,1,0.3619534853946448,0.8923053810782985,0.78835195,True Positive
0,0.5634762,1,0,0.3619534853946448,0.5837658570576721,0.5634762,False Positive
1,0.79803544,1,1,0.30475363348512846,0.9259612119792787,0.79803544,True Positive
1,0.15761596,0,0,0.3619534853946448,0.09124947258633939,0.84238404,False Negative
0,0.4579967,1,0,0.16940275038985123,0.4009681795342827,0.5420033,False Positive
1,0.7735922,1,1,0.30475363348512846,0.8355285435512695,0.7735922,True Positive
1,0.7799635,1,1,0.16940275038985123,0.8511099136455017,0.7799635,True Positive
0,0.24684195,0,1,0.30475363348512846,0.23664957789798316,0.75315803,True Negative
0,0.24989235,0,1,0.30475363348512846,0.24049291899539194,0.75010765,True Negative
1,0.7748646,1,1,0.3619534853946448,0.8431344464987534,0.7748646,True Positive
1,0.7690475,1,1,0.3619534853946448,0.8255178215392434,0.7690475,True Positive
1,0.25055173,0,0,0.30475363348512846,0.24131952130856876,0.7494483,False Negative
0,0.20067611,0,1,0.30475363348512846,0.16458843073921003,0.7993239,True Negative
1,0.7856848,1,1,0.30475363348512846,0.8793288715345152,0.7856848,True Positive
0,0.7814503,1,0,0.30475363348512846,0.8637934725654306,0.7814503,False Positive
1,0.7682481,1,1,0.30475363348512846,0.8167008684605842,0.7682481,True Positive
0,0.366076,0,1,0.30475363348512846,0.3698771621315865,0.633924,True Negative
0,0.40661603,0,1,0.30475363348512846,0.4101239328394963,0.59338397,True Negative
0,0.73473454,1,0,0.30475363348512846,0.7386424489308021,0.73473454,False Positive
1,0.25988838,0,0,0.30475363348512846,0.25287340922846074,0.7401116,False Negative
1,0.19152415,0,0,0.3619534853946448,0.18047295030776567,0.80847585,False Negative
0,0.2669272,0,1,0.30475363348512846,0.2614064572251604,0.73307276,True Negative
1,0.78784513,1,1,0.30475363348512846,0.8873402229443628,0.78784513,True Positive
1,0.7680097,1,1,0.30475363348512846,0.8158682992428273,0.7680097,True Positive
0,0.1857721,0,1,0.30475363348512846,0.12841865248431472,0.8142279,True Negative
0,0.6237687,1,0,0.30475363348512846,0.6179362109866774,0.6237687,False Positive
1,0.7878377,1,1,0.30475363348512846,0.88731265817455,0.7878377,True Positive
0,0.24684195,0,1,0.30475363348512846,0.23664957789798316,0.75315803,True Negative
0,0.1959877,0,1,0.30475363348512846,0.15343684921507714,0.8040123,True Negative
0,0.3562232,0,1,0.30475363348512846,0.3598325114490404,0.6437768,True Negative
1,0.76484716,1,1,0.30475363348512846,0.8048770617949871,0.76484716,True Positive
0,0.23473832,0,1,0.30475363348512846,0.22107462335383582,0.76526165,True Negative
1,0.20434959,0,0,0.30475363348512846,0.1731903308389584,0.7956504,False Negative
0,0.27477682,0,1,0.30475363348512846,0.2707554402231344,0.7252232,True Negative
1,0.779375,1,1,0.30475363348512846,0.8562593286220839,0.779375,True Positive
1,0.6738464,1,1,0.3619534853946448,0.6943935781736957,0.6738464,True Positive
0,0.38793862,0,1,0.3619534853946448,0.4164742726778012,0.6120614,True Negative
0,0.4187941,0,1,0.3619534853946448,0.4466412255917371,0.5812059,True Negative
0,0.43221292,1,0,0.30475363348512846,0.4348540263764133,0.56778705,False Positive
0,0.18613663,0,1,0.30475363348512846,0.12932929190569933,0.8138634,True Negative
1,0.23669685,0,0,0.3619534853946448,0.24833083760849173,0.76330316,False Negative
1,0.51486444,1,1,0.30475363348512846,0.5130125213822876,0.51486444,True Positive
0,0.33731833,0,1,0.30475363348512846,0.3401994656076105,0.6626817,True Negative
1,0.54477453,1,1,0.3619534853946448,0.5659603531910509,0.54477453,True Positive
0,0.1597818,0,1,0.30475363348512846,0.05954219853948423,0.8402182,True Negative
1,0.77045333,1,1,0.30475363348512846,0.8244327028793554,0.77045333,True Positive
1,0.6061944,1,1,0.3619534853946448,0.6251757968621083,0.6061944,True Positive
0,0.26809525,0,1,0.30475363348512846,0.2628085112768833,0.73190475,True Negative
1,0.76884294,1,1,0.30475363348512846,0.818781657164266,0.76884294,True Positive
1,0.7853588,1,1,0.3619534853946448,0.8812018498083785,0.7853588,True Positive
1,0.77797544,1,1,0.30475363348512846,0.8512067587675309,0.77797544,True Positive
1,0.7727931,1,1,0.30475363348512846,0.832693667251681,0.7727931,True Positive
0,0.17588837,0,1,0.2653792791671143,0.07713210132307834,0.82411164,True Negative
0,0.42506516,1,0,0.30475363348512846,0.4279894335175614,0.57493484,False Positive
1,0.27101472,0,0,0.30475363348512846,0.26629595951929985,0.7289853,False Negative
0,0.78247917,1,0,0.30475363348512846,0.867548113436774,0.78247917,False Positive
1,0.43525392,1,1,0.30475363348512846,0.4377662246339555,0.5647461,True Positive
1,0.7709688,1,1,0.30475363348512846,0.82624751500458,0.7709688,True Positive
1,0.7841269,1,1,0.30475363348512846,0.8735875737885873,0.7841269,True Positive
0,0.7730613,1,0,0.3619534853946448,0.8367211116145139,0.7730613,False Positive
1,0.7563381,1,1,0.30475363348512846,0.7774272545068605,0.7563381,True Positive
0,0.74985707,1,0,0.3619534853946448,0.7883266476442816,0.74985707,False Positive
0,0.42699918,1,0,0.3238188371042879,0.4380821668423308,0.5730008,False Positive
1,0.77116394,1,1,0.3619534853946448,0.8300124551868022,0.77116394,True Positive
0,0.18229643,0,1,0.30475363348512846,0.11966552462688619,0.8177036,True Negative
1,0.53256136,1,1,0.30475363348512846,0.5297011793293815,0.53256136,True Positive
1,0.7676919,1,1,0.30475363348512846,0.8147591312797625,0.7676919,True Positive
0,0.42231613,1,0,0.30475363348512846,0.4253413924802906,0.57768387,False Positive
0,0.26822174,0,1,0.30475363348512846,0.2629601034836071,0.73177826,True Negative
1,0.78551584,1,1,0.30475363348512846,0.8787047932003353,0.78551584,True Positive
1,0.2484027,0,0,0.16940275038985123,0.17901083272269905,0.7515973,False Negative
0,0.44084316,1,0,0.30475363348512846,0.4431066954160235,0.55915684,False Positive
1,0.30455726,0,0,0.30475363348512846,0.3048199538263435,0.69544274,False Negative
0,0.7807363,1,0,0.30475363348512846,0.8611959604896452,0.7807363,False Positive
0,0.2633469,0,1,0.30475363348512846,0.25708441536898585,0.7366531,True Negative
0,0.24852397,0,1,0.30475363348512846,0.23877274031374351,0.75147605,True Negative
0,0.14848217,0,1,0.3619534853946448,0.06459609505708443,0.8515178,True Negative
0,0.34424955,0,1,0.30475363348512846,0.3474564238280189,0.65575045,True Negative
1,0.79485697,1,1,0.30475363348512846,0.913763138019188,0.79485697,True Positive
0,0.35318947,0,1,0.30475363348512846,0.35671515334692244,0.64681053,True Negative
1,0.28325015,0,0,0.20774148655584407,0.23877274031374351,0.71674985,False Negative
1,0.773198,1,1,0.30475363348512846,0.834129293640279,0.773198,True Positive
0,0.25273034,0,1,0.30475363348512846,0.24404054362643418,0.74726963,True Negative
1,0.5614853,1,1,0.30475363348512846,0.5571638970590764,0.5614853,True Positive
1,0.7831793,1,1,0.2653792791671143,0.8679923605975749,0.7831793,True Positive
1,0.7843899,1,1,0.30475363348512846,0.8745547872204152,0.7843899,True Positive
1,0.19425057,0,0,0.30475363348512846,0.1492538743718196,0.8057494,False Negative
1,0.20216694,0,0,0.30475363348512846,0.1680934798378128,0.7978331,False Negative
0,0.35318947,0,1,0.30475363348512846,0.35671515334692244,0.64681053,True Negative
1,0.45003775,1,1,0.30475363348512846,0.4518615420325055,0.5499623,True Positive
1,0.49312943,1,1,0.3619534853946448,0.5172586824149227,0.50687057,True Positive
0,0.20383611,0,1,0.30475363348512846,0.17199487564622962,0.7961639,True Negative
1,0.78532696,1,1,0.30475363348512846,0.8780072115469336,0.78532696,True Positive
1,0.47433993,1,1,0.2653792791671143,0.45785937365505186,0.52566004,True Positive
0,0.35784882,0,1,0.30475363348512846,0.36149809992349835,0.6421512,True Negative
1,0.2669272,0,0,0.30475363348512846,0.2614064572251604,0.73307276,False Negative
1,0.7742896,1,1,0.3619534853946448,0.8410858127510368,0.7742896,True Positive
0,0.3697566,0,1,0.3619534853946448,0.3982989046208734,0.6302434,True Negative
1,0.7749476,1,1,0.30475363348512846,0.8403532896903624,0.7749476,True Positive
1,0.7777143,1,1,0.30475363348512846,0.8502666923322619,0.7777143,True Positive
1,0.7653954,1,1,0.30475363348512846,0.8067750283801594,0.7653954,True Positive
1,0.79096514,1,1,0.3619534853946448,0.9020938165612581,0.79096514,True Positive
1,0.337831,0,0,0.30475363348512846,0.3407386635535173,0.662169,False Negative
0,0.22054288,0,1,0.30475363348512846,0.20207993088865842,0.7794571,True Negative
0,0.24983774,0,1,0.30475363348512846,0.24042433104897462,0.75016224,True Negative
1,0.55550754,1,1,0.30475363348512846,0.5514618648592308,0.55550754,True Positive
0,0.35245016,0,1,0.3619534853946448,0.3806527514338368,0.64754987,True Negative
0,0.30155462,0,1,0.30475363348512846,0.3014763068370944,0.6984454,True Negative
0,0.3292926,0,1,0.30475363348512846,0.3317043274619161,0.6707074,True Negative
1,0.22530971,0,0,0.30475363348512846,0.20855227470790055,0.7746903,False Negative
0,0.5610625,1,0,0.30475363348512846,0.556760070124752,0.5610625,False Positive
0,0.20563217,0,1,0.30475363348512846,0.17616656448555454,0.79436785,True Negative
1,0.7698405,1,1,0.30475363348512846,0.8222788291606221,0.7698405,True Positive
0,0.769413,1,0,0.30475363348512846,0.8207788434202719,0.769413,False Positive
0,0.26308212,0,1,0.30475363348512846,0.2567632789793126,0.73691785,True Negative
1,0.76349944,1,1,0.3619534853946448,0.8145545735295822,0.76349944,True Positive
1,0.76882046,1,1,0.30475363348512846,0.8187029916806113,0.76882046,True Positive
0,0.45635697,1,0,0.30475363348512846,0.45785937365505186,0.543643,False Positive
