Recall,Precision,Threshold
1.0,0.49610983981693363,0.1549891233444214
1.0,0.49633699633699635,0.15790678560733795
1.0,0.49656436097114065,0.1590033918619156
1.0,0.49679193400549954,0.1592317521572113
0.9990774907749077,0.4965612104539202,0.16018518805503845
0.9990774907749077,0.49678899082568806,0.16085833311080933
0.9990774907749077,0.49701698026617713,0.16093076765537262
0.9990774907749077,0.4972451790633609,0.1612776517868042
0.9990774907749077,0.49747358750574183,0.1614500880241394
0.9990774907749077,0.4977022058823529,0.16157646477222443
0.9990774907749077,0.4979310344827586,0.16242074966430664
0.9990774907749077,0.4981600735970561,0.16295930743217468
0.9990774907749077,0.49838932351587667,0.16418634355068207
0.9990774907749077,0.4986187845303867,0.16443827748298645
0.9981549815498155,0.49838783970520495,0.16535478830337524
0.9981549815498155,0.4986175115207373,0.16546742618083954
0.9981549815498155,0.4988473951129553,0.16546760499477386
0.9981549815498155,0.49907749077490776,0.1659199297428131
0.9981549815498155,0.4993077988001846,0.16625288128852844
0.9981549815498155,0.4995383194829178,0.1663019061088562
0.9972324723247232,0.49930715935334874,0.16650734841823578
0.9972324723247232,0.49953789279112754,0.16665902733802795
0.9972324723247232,0.49976883957466484,0.16669003665447235
0.9972324723247232,0.5,0.16677998006343842
0.9972324723247232,0.5002313743637204,0.1669933944940567
0.9972324723247232,0.500462962962963,0.16713401675224304
0.996309963099631,0.5002315886984715,0.16758222877979279
0.996309963099631,0.5004633920296571,0.16759037971496582
0.996309963099631,0.5006954102920723,0.1676117181777954
0.996309963099631,0.5009276437847866,0.16782508790493011
0.9944649446494465,0.500464252553389,0.16793912649154663
0.9935424354243543,0.5002322340919647,0.16824747622013092
0.9935424354243543,0.5009302325581395,0.16830237209796906
0.9935424354243543,0.5011633317822243,0.16837535798549652
0.9935424354243543,0.5013966480446927,0.1685209721326828
0.9935424354243543,0.5016301816488123,0.16859667003154755
0.9935424354243543,0.5020979020979021,0.16876202821731567
0.9935424354243543,0.5023320895522388,0.16881266236305237
0.9935424354243543,0.5025664955669622,0.1688845157623291
0.9935424354243543,0.5030359645025689,0.16894403100013733
0.9935424354243543,0.5032710280373832,0.16894452273845673
0.9935424354243543,0.5035063113604488,0.16901975870132446
0.9935424354243543,0.5037418147801683,0.16937457025051117
0.9935424354243543,0.5039775386055217,0.16951586306095123
0.9935424354243543,0.5042134831460674,0.1695765107870102
0.9935424354243543,0.5044496487119438,0.16958262026309967
0.9935424354243543,0.5046860356138707,0.16965679824352264
0.9935424354243543,0.5049226441631505,0.16965878009796143
0.9935424354243543,0.5051594746716698,0.16966219246387482
0.992619926199262,0.5049272641952135,0.16973793506622314
0.992619926199262,0.5051643192488263,0.16979454457759857
0.992619926199262,0.5054015969938939,0.17002835869789124
0.992619926199262,0.5056390977443609,0.17027102410793304
0.992619926199262,0.5058768218147626,0.17045095562934875
0.992619926199262,0.5061147695202258,0.17085450887680054
0.992619926199262,0.5063529411764706,0.1710527390241623
0.992619926199262,0.5065913370998116,0.17106278240680695
0.992619926199262,0.5068299576071597,0.17138300836086273
0.992619926199262,0.5070688030160226,0.17139354348182678
0.992619926199262,0.5073078736445074,0.17154325544834137
0.992619926199262,0.5075471698113208,0.17191892862319946
0.992619926199262,0.5077866918357716,0.17196042835712433
0.992619926199262,0.5087470449172576,0.17198869585990906
0.992619926199262,0.5089877010406811,0.17230546474456787
0.992619926199262,0.5092285849503077,0.1724175363779068
0.992619926199262,0.509469696969697,0.17244026064872742
0.992619926199262,0.5097110374230223,0.17244194447994232
0.9916974169741697,0.5111745126010461,0.17263935506343842
0.9916974169741697,0.5116611137553546,0.1728142946958542
0.9916974169741697,0.5119047619047619,0.1728600412607193
0.9916974169741697,0.5123927550047664,0.17299188673496246
0.9907749077490775,0.5121602288984263,0.17311039566993713
0.9907749077490775,0.5124045801526718,0.1734342873096466
0.9907749077490775,0.5126491646778043,0.17345544695854187
0.9907749077490775,0.5128939828080229,0.17369453608989716
0.9907749077490775,0.5131390348781654,0.1737707406282425
0.9907749077490775,0.5133843212237094,0.17392843961715698
0.9907749077490775,0.5138755980861244,0.17401134967803955
0.9907749077490775,0.5141215892771661,0.17434163391590118
0.9907749077490775,0.514367816091954,0.17441034317016602
0.9907749077490775,0.5146142788691902,0.17443007230758667
0.9907749077490775,0.5148609779482263,0.17472946643829346
0.9907749077490775,0.5151079136690647,0.17474180459976196
0.9907749077490775,0.5153550863723608,0.17485778033733368
0.9907749077490775,0.515850144092219,0.1748582273721695
0.9907749077490775,0.5160980297933686,0.17488409578800201
0.9907749077490775,0.5163461538461539,0.17489422857761383
0.9907749077490775,0.5170919595570534,0.17509542405605316
0.9907749077490775,0.5173410404624278,0.17522653937339783
0.9907749077490775,0.5178399228543876,0.175917848944664
0.9907749077490775,0.5183397683397684,0.17595410346984863
0.9907749077490775,0.5185900531144375,0.17609217762947083
0.9907749077490775,0.518840579710145,0.1763550341129303
0.9907749077490775,0.5190913484775254,0.1765792816877365
0.9898523985239852,0.5188588007736944,0.17670421302318573
0.9898523985239852,0.5191098209966134,0.17674389481544495
0.9898523985239852,0.5193610842207164,0.1767636239528656
0.988929889298893,0.5191283292978208,0.17682893574237823
0.988929889298893,0.5193798449612403,0.1770038902759552
0.9880073800738007,0.5191468734852157,0.17703165113925934
0.9870848708487084,0.518913676042677,0.1770593822002411
0.9870848708487084,0.5191654536632703,0.17710135877132416
0.9870848708487084,0.5194174757281553,0.17753197252750397
0.9870848708487084,0.5204280155642024,0.17756225168704987
0.9870848708487084,0.5206812652068127,0.17762921750545502
0.9861623616236163,0.5204479065238559,0.17776411771774292
0.9861623616236163,0.5207014125669751,0.17778965830802917
0.9861623616236163,0.5209551656920078,0.17793111503124237
0.9861623616236163,0.5212091662603608,0.1780184507369995
0.9861623616236163,0.5214634146341464,0.17847542464733124
0.9861623616236163,0.5217179111761835,0.17855320870876312
0.9861623616236163,0.52197265625,0.17886638641357422
0.9861623616236163,0.5222276502198339,0.17907609045505524
0.9861623616236163,0.5224828934506354,0.17933028936386108
0.9861623616236163,0.5227383863080685,0.17940908670425415
0.9861623616236163,0.5229941291585127,0.17954596877098083
0.9861623616236163,0.5232501223690651,0.17956757545471191
0.9861623616236163,0.5237628613424792,0.17996542155742645
0.9861623616236163,0.5240196078431373,0.17998018860816956
0.9861623616236163,0.5242766061794998,0.18009966611862183
0.9861623616236163,0.5245338567222767,0.18102006614208221
0.9861623616236163,0.5247913598429063,0.18110617995262146
0.9861623616236163,0.5253071253071253,0.18124927580356598
0.985239852398524,0.5253320216428923,0.18138596415519714
0.985239852398524,0.5255905511811023,0.18182997405529022
0.985239852398524,0.5258493353028065,0.1819678544998169
0.985239852398524,0.5261083743842364,0.1820145696401596
0.985239852398524,0.5263676688023657,0.1821923851966858
0.985239852398524,0.5266272189349113,0.18241451680660248
0.985239852398524,0.5268870251603355,0.18244552612304688
0.985239852398524,0.5276679841897233,0.18244600296020508
0.985239852398524,0.5279288185862581,0.18258464336395264
0.985239852398524,0.5281899109792285,0.18275265395641327
0.985239852398524,0.5284512617516082,0.18352364003658295
0.985239852398524,0.5287128712871287,0.18359439074993134
0.985239852398524,0.5289747399702823,0.18378320336341858
0.9843173431734318,0.5287413280475719,0.18419446051120758
0.9843173431734318,0.5290034705007437,0.18502090871334076
0.9843173431734318,0.529265873015873,0.18533506989479065
0.9843173431734318,0.5297914597815293,0.18538618087768555
0.9843173431734318,0.5300546448087432,0.18576747179031372
0.9843173431734318,0.5303180914512923,0.18581892549991608
0.9833948339483395,0.5300845350571854,0.18613116443157196
0.9833948339483395,0.5303482587064676,0.18637877702713013
0.9824723247232472,0.5301144848183176,0.18641729652881622
0.9824723247232472,0.5303784860557769,0.18658451735973358
0.9824723247232472,0.5306427503736921,0.18707677721977234
0.981549815498155,0.5304087736789631,0.18712592124938965
0.9806273062730627,0.5301745635910224,0.1872066855430603
0.9806273062730627,0.530439121756487,0.18780560791492462
0.9806273062730627,0.5307039440838742,0.18790744245052338
0.9806273062730627,0.5317658829414708,0.18828946352005005
0.9806273062730627,0.5320320320320321,0.18836161494255066
0.9806273062730627,0.5322984476715072,0.18884362280368805
0.9806273062730627,0.5328320802005012,0.18891336023807526
0.9806273062730627,0.533099297893681,0.1893736869096756
0.9806273062730627,0.5333667837431009,0.18940365314483643
0.9806273062730627,0.5336345381526104,0.1895039677619934
0.9806273062730627,0.5339025615268709,0.18957515060901642
0.9797047970479705,0.5336683417085427,0.1895827203989029
0.9797047970479705,0.5339366515837104,0.1900733858346939
0.9797047970479705,0.53420523138833,0.1902385801076889
0.977859778597786,0.5337361530715005,0.19061101973056793
0.9769372693726938,0.5335012594458438,0.1906154751777649
0.9769372693726938,0.5337701612903226,0.190848246216774
0.9769372693726938,0.5340393343419062,0.19145438075065613
0.9769372693726938,0.5343087790110999,0.19154898822307587
0.9760147601476015,0.5340737001514386,0.19159217178821564
0.9760147601476015,0.5343434343434343,0.19191452860832214
0.9760147601476015,0.5346134411318848,0.1919250190258026
0.9760147601476015,0.5348837209302325,0.1920747011899948
0.9760147601476015,0.5356962025316455,0.19239051640033722
0.9760147601476015,0.53596757852077,0.19258704781532288
0.9760147601476015,0.5362392295995946,0.19261494278907776
0.9760147601476015,0.5365111561866126,0.19295312464237213
0.9750922509225092,0.5365482233502538,0.19315451383590698
0.974169741697417,0.5363128491620112,0.19329719245433807
0.9732472324723247,0.5360772357723578,0.19357548654079437
0.9732472324723247,0.5363497712252161,0.19368749856948853
0.9732472324723247,0.5366225839267549,0.19419993460178375
0.9732472324723247,0.5368956743002544,0.194536030292511
0.9723247232472325,0.5366598778004074,0.19484597444534302
0.9714022140221402,0.5364238410596026,0.19527487456798553
0.9714022140221402,0.536697247706422,0.19603872299194336
0.9714022140221402,0.5369709331973483,0.19630363583564758
0.9714022140221402,0.5375191424196019,0.196373850107193
0.9714022140221402,0.5377936670071501,0.1966267079114914
0.9714022140221402,0.5380684721512519,0.1966625303030014
0.9714022140221402,0.5383435582822086,0.19674475491046906
0.9714022140221402,0.5386189258312021,0.19695129990577698
0.9714022140221402,0.5397232188621219,0.19707271456718445
0.9714022140221402,0.54,0.19725382328033447
0.9714022140221402,0.5402770651616213,0.1977999359369278
0.9714022140221402,0.5405544147843943,0.19784405827522278
0.9704797047970479,0.5408740359897172,0.1979203075170517
0.9704797047970479,0.5411522633744856,0.19875045120716095
0.9704797047970479,0.5417095777548918,0.19978411495685577
0.9695571955719557,0.5414734672849046,0.1998010128736496
0.9658671586715867,0.5419254658385093,0.20015199482440948
0.9649446494464945,0.5416882444329363,0.20067168772220612
0.9649446494464945,0.5430944963655244,0.2011907994747162
0.9649446494464945,0.5433766233766234,0.20166350901126862
0.9649446494464945,0.5436590436590436,0.20196714997291565
0.9640221402214022,0.5434217368694748,0.20260946452617645
0.9640221402214022,0.5437044745057232,0.202666237950325
0.9640221402214022,0.5442708333333334,0.20271745324134827
0.9640221402214022,0.5445544554455446,0.20319847762584686
0.9640221402214022,0.5448383733055265,0.20344729721546173
0.9630996309963099,0.5446009389671361,0.203465074300766
0.9630996309963099,0.5448851774530271,0.2041364461183548
0.9630996309963099,0.5451697127937337,0.20420172810554504
0.9630996309963099,0.5454545454545454,0.20467178523540497
0.9630996309963099,0.5460251046025104,0.2048582136631012
0.9630996309963099,0.5463108320251178,0.20515358448028564
0.9630996309963099,0.5465968586387434,0.20524226129055023
0.9630996309963099,0.5468831849135674,0.20528912544250488
0.9630996309963099,0.5471698113207547,0.2055818885564804
0.9630996309963099,0.5474567383324593,0.20559144020080566
0.9630996309963099,0.5477439664218258,0.20560769736766815
0.9621771217712177,0.5475065616797901,0.2062670737504959
0.9612546125461254,0.5475564897530215,0.20638947188854218
0.9612546125461254,0.5478443743427971,0.2067876011133194
0.9612546125461254,0.5481325618095739,0.20747968554496765
0.9603321033210332,0.5478947368421052,0.20772120356559753
0.959409594095941,0.5482340537691092,0.20777732133865356
0.959409594095941,0.5488126649076517,0.20856384932994843
0.959409594095941,0.5491024287222809,0.2087077647447586
0.959409594095941,0.5493924986793449,0.20871996879577637
0.959409594095941,0.5496828752642706,0.20903582870960236
0.9584870848708487,0.5494447382337387,0.2091815322637558
0.9584870848708487,0.5497354497354497,0.20983080565929413
0.9584870848708487,0.5500264690312334,0.21047040820121765
0.9584870848708487,0.5503177966101694,0.21069683134555817
0.9584870848708487,0.5506094329623742,0.2114098072052002
0.9575645756457565,0.5503711558854719,0.21143166720867157
0.9575645756457565,0.5506631299734748,0.21159137785434723
0.9575645756457565,0.5509554140127388,0.21215733885765076
0.9575645756457565,0.5512480084970791,0.21241889894008636
0.9575645756457565,0.5515409139213603,0.21344679594039917
0.9566420664206642,0.5518893028206493,0.2134474366903305
0.9566420664206642,0.5521831735889244,0.21346862614154816
0.9566420664206642,0.552477357485349,0.2136467844247818
0.9566420664206642,0.552771855010661,0.21381601691246033
0.9566420664206642,0.5530666666666667,0.2155182659626007
0.9566420664206642,0.5533617929562433,0.21667908132076263
0.955719557195572,0.5531233315536572,0.21772301197052002
0.9547970479704797,0.5528846153846154,0.21801067888736725
0.9547970479704797,0.5531801175841796,0.21842706203460693
0.9538745387453874,0.5529411764705883,0.2187683880329132
0.9529520295202952,0.5527019796682718,0.21885783970355988
0.9529520295202952,0.5529978586723768,0.2192244976758957
0.9529520295202952,0.5532940546331012,0.21951964497566223
0.9529520295202952,0.5535905680600214,0.22018370032310486
0.9529520295202952,0.5538873994638069,0.22032132744789124
0.9529520295202952,0.5541845493562232,0.22136683762073517
0.9520295202952029,0.5539452495974235,0.222004696726799
0.9520295202952029,0.5542427497314716,0.22202353179454803
0.9520295202952029,0.5548387096774193,0.22227050364017487
0.9511070110701108,0.5545992469069392,0.22230571508407593
0.9511070110701108,0.5548977395048439,0.22265277802944183
0.9501845018450185,0.5546580506192784,0.22309260070323944
0.9501845018450185,0.5549568965517241,0.22332943975925446
0.9501845018450185,0.555256064690027,0.22411426901817322
0.9501845018450185,0.5555555555555556,0.22435355186462402
0.9501845018450185,0.5558553696708041,0.2245134562253952
0.9492619926199262,0.5556155507559395,0.2246413379907608
0.9492619926199262,0.5559157212317666,0.22472058236598969
0.9492619926199262,0.5562162162162162,0.2251306027173996
0.9492619926199262,0.5565170362358032,0.22522659599781036
0.9474169741697417,0.556036816459123,0.22566305100917816
0.9464944649446494,0.5557963163596966,0.22576619684696198
0.9464944649446494,0.5563991323210412,0.22602997720241547
0.9455719557195572,0.5561584373304395,0.2272564321756363
0.9455719557195572,0.5567626290059751,0.22726942598819733
0.9455719557195572,0.5570652173913043,0.2288852035999298
0.9455719557195572,0.5573681348559,0.22909116744995117
0.9455719557195572,0.5576713819368879,0.2292572408914566
0.9455719557195572,0.557974959172564,0.22940637171268463
0.9455719557195572,0.5582788671023965,0.22978511452674866
0.9455719557195572,0.55858310626703,0.22991366684436798
0.9455719557195572,0.5588876772082879,0.22993634641170502
0.9455719557195572,0.5594978165938864,0.23069028556346893
0.9455719557195572,0.559803386127799,0.23142877221107483
0.9455719557195572,0.5601092896174863,0.23186412453651428
0.9418819188191881,0.5616061606160616,0.23247548937797546
0.9418819188191881,0.561915244909191,0.23399434983730316
0.940959409594096,0.5616740088105727,0.23402968049049377
0.940959409594096,0.5619834710743802,0.23417451977729797
0.940959409594096,0.5622932745314223,0.23417454957962036
0.940959409594096,0.5629139072847682,0.23424258828163147
0.9400369003690037,0.5626725565985643,0.2343585193157196
0.9400369003690037,0.5629834254143646,0.2343762218952179
0.9400369003690037,0.5632946379215036,0.2345714569091797
0.9381918819188192,0.5628112894299945,0.2349255383014679
0.9381918819188192,0.5631229235880398,0.23519547283649445
0.9381918819188192,0.5637472283813747,0.2354200929403305
0.9381918819188192,0.5640599001663894,0.2357482612133026
0.933579335793358,0.5707839819514946,0.23577074706554413
0.9326568265682657,0.5705417607223476,0.23632170259952545
0.9326568265682657,0.5708639186900056,0.23670397698879242
0.9326568265682657,0.5711864406779661,0.23675449192523956
0.9326568265682657,0.5715093273035613,0.23689168691635132
0.9326568265682657,0.5721561969439728,0.23719222843647003
0.9326568265682657,0.572480181200453,0.23766393959522247
0.9326568265682657,0.5731292517006803,0.2378162145614624
0.9326568265682657,0.5734543391945547,0.2379671186208725
0.9326568265682657,0.5747583854462763,0.2383451610803604
0.9326568265682657,0.5750853242320819,0.23848681151866913
0.9317343173431735,0.5764840182648402,0.23854556679725647
0.9317343173431735,0.5768132495716733,0.23856961727142334
0.9317343173431735,0.5771428571428572,0.23916153609752655
0.9308118081180812,0.5775615340583858,0.23922383785247803
0.9308118081180812,0.5778923253150057,0.23939161002635956
0.9298892988929889,0.5776504297994269,0.23943845927715302
0.9298892988929889,0.5779816513761468,0.23979681730270386
0.9289667896678967,0.5777395295467584,0.2399759441614151
0.9271217712177122,0.5772544514646755,0.24041777849197388
0.9271217712177122,0.5775862068965517,0.240432471036911
0.9271217712177122,0.5779183438757907,0.24057596921920776
0.9271217712177122,0.5782508630609896,0.24069905281066895
0.9271217712177122,0.5789170506912442,0.2407233566045761
0.9271217712177122,0.5795847750865052,0.24178816378116608
0.9261992619926199,0.5793421811886902,0.24214577674865723
0.9261992619926199,0.5796766743648961,0.24246308207511902
0.9261992619926199,0.5800115540150202,0.24274803698062897
0.9252767527675276,0.5797687861271676,0.24275583028793335
0.9252767527675276,0.5801041064198958,0.2432824969291687
0.9252767527675276,0.5804398148148148,0.24346360564231873
0.9243542435424354,0.5801968731905037,0.24348145723342896
0.9243542435424354,0.5805330243337196,0.24368298053741455
0.9243542435424354,0.5808695652173913,0.243846133351326
0.9234317343173432,0.5809634358676726,0.2440394014120102
0.9234317343173432,0.5813008130081301,0.2440582662820816
0.9206642066420664,0.580908032596042,0.2446693480014801
0.9206642066420664,0.5815850815850816,0.2457018941640854
0.9206642066420664,0.5819241982507288,0.2463461309671402
0.9206642066420664,0.5822637106184364,0.24642008543014526
0.9206642066420664,0.5829439252336449,0.24660536646842957
0.9206642066420664,0.5832846288720047,0.24683091044425964
0.9197416974169742,0.5837236533957846,0.24693958461284637
0.9188191881918819,0.5838218053927315,0.2470853626728058
0.9188191881918819,0.5841642228739002,0.24741989374160767
0.9188191881918819,0.5845070422535211,0.2476813644170761
0.9188191881918819,0.5848502642395772,0.2486063838005066
0.9178966789667896,0.5846063454759107,0.24906879663467407
0.9178966789667896,0.5849500293944738,0.24914729595184326
0.9178966789667896,0.5852941176470589,0.24955928325653076
0.9169741697416974,0.585394581861013,0.24962686002254486
0.9160516605166051,0.5851502651738362,0.24990731477737427
0.9160516605166051,0.5854952830188679,0.25001516938209534
0.9160516605166051,0.5861865407319953,0.2502245604991913
0.9160516605166051,0.5865327820437094,0.25037962198257446
0.915129151291513,0.5862884160756501,0.2506568729877472
0.9142066420664207,0.5870853080568721,0.2507188022136688
0.9142066420664207,0.5874333135743924,0.2509145140647888
0.9132841328413284,0.5871886120996441,0.25107744336128235
0.9132841328413284,0.5882352941176471,0.2520681321620941
0.9132841328413284,0.5885850178359097,0.2523534595966339
0.9132841328413284,0.5889351576442594,0.2523541748523712
0.9123616236162362,0.5886904761904762,0.25274500250816345
0.9114391143911439,0.5887961859356377,0.25282570719718933
0.9114391143911439,0.5891472868217055,0.2528257369995117
0.9105166051660517,0.589605734767025,0.25307542085647583
0.9095940959409594,0.5893604303646145,0.2531752586364746
0.9095940959409594,0.5897129186602871,0.25363948941230774
0.9086715867158671,0.5894673847995212,0.2537582516670227
0.9077490774907749,0.5892215568862276,0.2544437050819397
0.9049815498154982,0.5895432692307693,0.25450268387794495
0.9040590405904059,0.5892964521948286,0.2546931803226471
0.9031365313653137,0.589049338146811,0.25477859377861023
0.9022140221402214,0.5895117540687161,0.254974901676178
0.9022140221402214,0.5898673100120627,0.25522318482398987
0.9022140221402214,0.5902232951116475,0.25598907470703125
0.9022140221402214,0.5909365558912387,0.25651755928993225
0.9012915129151291,0.5910465819721719,0.25652000308036804
0.9012915129151291,0.5917625681405209,0.2566717267036438
0.9012915129151291,0.5921212121212122,0.2568124234676361
0.9012915129151291,0.5924802910855064,0.25682786107063293
0.9003690036900369,0.5922330097087378,0.25694918632507324
0.8994464944649446,0.5919854280510018,0.2570610046386719
0.8994464944649446,0.5923450789793439,0.25758010149002075
0.8985239852398524,0.59209726443769,0.2576484978199005
0.8985239852398524,0.5924574209245742,0.25800907611846924
0.8966789667896679,0.5923217550274223,0.25804975628852844
0.8957564575645757,0.5920731707317073,0.2583358585834503
0.8957564575645757,0.5924344112263575,0.2583523392677307
0.8957564575645757,0.5927960927960928,0.258628785610199
0.8939114391143912,0.5941140404659718,0.25874507427215576
0.8929889298892989,0.5938650306748466,0.2595546245574951
0.8929889298892989,0.5942295887047269,0.25986698269844055
0.8929889298892989,0.5945945945945946,0.2600010931491852
0.8929889298892989,0.594960049170252,0.2600654065608978
0.8929889298892989,0.5953259532595326,0.26032042503356934
0.8929889298892989,0.5956923076923077,0.26041120290756226
0.8929889298892989,0.5960591133004927,0.26046085357666016
0.8929889298892989,0.596426370918053,0.26058515906333923
0.8929889298892989,0.5967940813810111,0.2608112096786499
0.8929889298892989,0.5971622455274522,0.2608140707015991
0.8929889298892989,0.5975308641975309,0.26095128059387207
0.8920664206642066,0.5972822730080296,0.2619158625602722
0.8911439114391144,0.5970333745364648,0.26200926303863525
0.8911439114391144,0.5974025974025974,0.2620641589164734
0.8911439114391144,0.5977722772277227,0.26250478625297546
0.8902214022140221,0.5975232198142415,0.262838214635849
0.8902214022140221,0.5978934324659232,0.2629634737968445
0.8892988929889298,0.598014888337469,0.2630794048309326
0.8892988929889298,0.5991298943443132,0.2632654011249542
0.8892988929889298,0.599502487562189,0.2636469602584839
0.8883763837638377,0.5992532669570628,0.26549839973449707
0.8874538745387454,0.5990037359900373,0.26586654782295227
0.8874538745387454,0.5993769470404985,0.2659872770309448
0.8874538745387454,0.5997506234413965,0.2660617232322693
0.8874538745387454,0.6001247660636307,0.26661062240600586
0.8874538745387454,0.6004993757802747,0.266854852437973
0.8874538745387454,0.6008744534665834,0.2668750286102295
0.8874538745387454,0.60125,0.2669574022293091
0.8874538745387454,0.6016260162601627,0.26725175976753235
0.8874538745387454,0.6020025031289111,0.267339825630188
0.8846863468634686,0.6050473186119874,0.2674082815647125
0.8837638376383764,0.6047979797979798,0.2676005959510803
0.8837638376383764,0.6051800379027164,0.2693268060684204
0.8837638376383764,0.6055625790139064,0.2695998251438141
0.8837638376383764,0.6059456040480709,0.27059346437454224
0.8837638376383764,0.6063291139240506,0.2714144289493561
0.8828413284132841,0.6064638783269962,0.271516352891922
0.8828413284132841,0.6068484464172479,0.271700382232666
0.8819188191881919,0.606984126984127,0.2717176377773285
0.8819188191881919,0.6073697585768743,0.2717343866825104
0.8819188191881919,0.6077558804831532,0.27180466055870056
0.8819188191881919,0.6081424936386769,0.2720136046409607
0.8819188191881919,0.6085295989815405,0.2723007798194885
0.8809963099630996,0.60828025477707,0.2729775607585907
0.8809963099630996,0.6086679413639261,0.27301913499832153
0.8809963099630996,0.6090561224489796,0.2730655372142792
0.8809963099630996,0.6094447989789407,0.27333611249923706
0.8809963099630996,0.6098339719029374,0.273799866437912
0.8809963099630996,0.6110044785668586,0.27441155910491943
0.8809963099630996,0.6113956466069143,0.27449896931648254
0.8800738007380073,0.6111467008327995,0.27585840225219727
0.8800738007380073,0.6115384615384616,0.2761402130126953
0.8800738007380073,0.6127167630057804,0.2763764262199402
0.8800738007380073,0.6131105398457584,0.27670732140541077
0.8800738007380073,0.6135048231511254,0.27763065695762634
0.8791512915129152,0.6140463917525774,0.27791720628738403
0.8791512915129152,0.6144422952933591,0.27811187505722046
0.8791512915129152,0.6148387096774194,0.2787133455276489
0.8791512915129152,0.6152356358941252,0.27874767780303955
0.8791512915129152,0.6160310277957337,0.280038982629776
0.8791512915129152,0.6164294954721863,0.28041863441467285
0.8782287822878229,0.6161812297734628,0.2806285619735718
0.8782287822878229,0.616580310880829,0.281870573759079
0.8763837638376384,0.6160830090791181,0.2829686105251312
0.8763837638376384,0.6168831168831169,0.28403547406196594
0.8763837638376384,0.6172839506172839,0.2843003571033478
0.8763837638376384,0.6176853055916776,0.2843606173992157
0.8763837638376384,0.6180871828236825,0.2846730649471283
0.8754612546125461,0.6178385416666666,0.2854125201702118
0.8745387453874539,0.6175895765472312,0.28663527965545654
0.8745387453874539,0.6179921773142112,0.28702205419540405
0.8745387453874539,0.6183953033268101,0.28724154829978943
0.8745387453874539,0.618798955613577,0.28772398829460144
0.8745387453874539,0.6192031352057479,0.2879071831703186
0.8736162361623616,0.6193590582079791,0.28821930289268494
0.8736162361623616,0.6197643979057592,0.288241446018219
0.8736162361623616,0.6201702685003274,0.28874170780181885
0.8726937269372693,0.6199213630406291,0.29046037793159485
0.8726937269372693,0.620327868852459,0.2904626429080963
0.8717712177121771,0.6200787401574803,0.2911992371082306
0.8708487084870848,0.6198292843072882,0.2917446792125702
0.8708487084870848,0.6202365308804205,0.2928147315979004
0.8708487084870848,0.6206443129520053,0.2928459048271179
0.8708487084870848,0.6210526315789474,0.29314810037612915
0.8708487084870848,0.6214614878209348,0.2931954562664032
0.8708487084870848,0.621870882740448,0.2953339219093323
0.8699261992619927,0.6220316622691293,0.29557350277900696
0.8690036900369004,0.6217821782178218,0.2969701588153839
0.8690036900369004,0.6221928665785997,0.29698216915130615
0.8690036900369004,0.623015873015873,0.2983204424381256
0.8680811808118081,0.6231788079470199,0.3011816442012787
0.8671586715867159,0.6229290921139827,0.30291128158569336
0.8671586715867159,0.623342175066313,0.30413153767585754
0.8671586715867159,0.6237558062375581,0.3043169379234314
0.8671586715867159,0.6241699867197875,0.3048660457134247
0.8671586715867159,0.6245847176079734,0.305113822221756
0.8662361623616236,0.6243351063829787,0.3058203458786011
0.8653136531365314,0.6240851630073186,0.30637678503990173
0.8653136531365314,0.6245006657789614,0.3067561388015747
0.8643911439114391,0.6242504996668887,0.30676329135894775
0.8643911439114391,0.6246666666666667,0.30715346336364746
0.8634686346863468,0.6244162775183456,0.3078037202358246
0.8625461254612546,0.6245824983299934,0.3083505928516388
0.8625461254612546,0.625,0.3093045651912689
0.8625461254612546,0.6254180602006689,0.3107265532016754
0.8616236162361623,0.6251673360107095,0.310818612575531
0.8616236162361623,0.6255860683188211,0.31111231446266174
0.8616236162361623,0.6260053619302949,0.3118264079093933
0.8607011070110702,0.6257545271629779,0.3122348189353943
0.8607011070110702,0.6261744966442953,0.3123062252998352
0.8607011070110702,0.6265950302216252,0.31356045603752136
0.8597785977859779,0.6263440860215054,0.31401345133781433
0.8597785977859779,0.6267652992602556,0.3142974078655243
0.8597785977859779,0.6271870794078062,0.31532564759254456
0.8588560885608856,0.6269360269360269,0.3159705698490143
0.8588560885608856,0.6273584905660378,0.31719768047332764
0.8579335793357934,0.6271072151045178,0.318939745426178
0.8579335793357934,0.6275303643724697,0.32243460416793823
0.8570110701107011,0.6272788656313302,0.3233571946620941
0.8570110701107011,0.6277027027027027,0.3235687017440796
0.8560885608856088,0.6274509803921569,0.32609933614730835
0.8560885608856088,0.6278755074424899,0.32660815119743347
0.8560885608856088,0.6283006093432634,0.32833635807037354
0.8551660516605166,0.6280487804878049,0.32896679639816284
0.8551660516605166,0.6284745762711864,0.3292401134967804
0.8551660516605166,0.6289009497964722,0.33048298954963684
0.8551660516605166,0.6293279022403259,0.3317374587059021
0.8542435424354243,0.6290760869565217,0.33300769329071045
0.8542435424354243,0.6295037389530931,0.33415892720222473
0.8542435424354243,0.6299319727891156,0.3354550004005432
0.8542435424354243,0.630360789652825,0.3370710611343384
0.8533210332103321,0.6301089918256131,0.3372567594051361
0.8523985239852399,0.6298568507157464,0.33809545636177063
0.8523985239852399,0.6302864938608458,0.3382320702075958
0.8514760147601476,0.6300341296928328,0.3383008539676666
0.8505535055350554,0.6297814207650273,0.3383818566799164
0.8505535055350554,0.6306429548563611,0.33867642283439636
0.8505535055350554,0.6315068493150685,0.3401612937450409
0.8505535055350554,0.6319396847155586,0.3402353525161743
0.8505535055350554,0.6328071379547014,0.3405928313732147
0.8505535055350554,0.6332417582417582,0.34091079235076904
0.8505535055350554,0.6336769759450172,0.34185829758644104
0.8505535055350554,0.6341127922971114,0.3419152796268463
0.8496309963099631,0.6338609772883689,0.34228184819221497
0.8496309963099631,0.6347346657477602,0.3425401747226715
0.8496309963099631,0.6351724137931034,0.34308645129203796
0.8496309963099631,0.6356107660455487,0.3432954251766205
0.8496309963099631,0.636049723756906,0.3436330258846283
0.8496309963099631,0.6364892881824464,0.3437036871910095
0.8487084870848709,0.636237897648686,0.3440971374511719
0.8477859778597786,0.6359861591695501,0.34412527084350586
0.8468634686346863,0.6357340720221607,0.34472090005874634
0.8459409594095941,0.6354816354816355,0.3458065986633301
0.8459409594095941,0.6359223300970874,0.34790366888046265
0.8450184501845018,0.6356696738376127,0.34795570373535156
0.8450184501845018,0.6361111111111111,0.3479943573474884
0.8450184501845018,0.6365531619179986,0.34806111454963684
0.8450184501845018,0.6369958275382476,0.3485676348209381
0.8440959409594095,0.6367432150313153,0.3486720621585846
0.8440959409594095,0.6371866295264624,0.3487233519554138
0.8440959409594095,0.6376306620209059,0.3488060534000397
0.8440959409594095,0.6380753138075314,0.34954771399497986
0.8440959409594095,0.6385205861828332,0.3495970368385315
0.8440959409594095,0.6389664804469274,0.349618524312973
0.8431734317343174,0.6387141858839972,0.3496605455875397
0.8431734317343174,0.6391608391608392,0.350374311208725
0.8431734317343174,0.6396081175647306,0.35038286447525024
0.8431734317343174,0.6400560224089635,0.35053500533103943
0.8431734317343174,0.6405045550105115,0.35126638412475586
0.8431734317343174,0.6409537166900421,0.351471871137619
0.8422509225092251,0.6407017543859649,0.35163068771362305
0.8422509225092251,0.6416022487702038,0.353081077337265
0.8413284132841329,0.6413502109704642,0.35366740822792053
0.8404059040590406,0.64109781843772,0.35439857840538025
0.8404059040590406,0.6415492957746479,0.3544589579105377
0.8404059040590406,0.6420014094432699,0.3551328480243683
0.8404059040590406,0.6424541607898449,0.35623297095298767
0.8404059040590406,0.6429075511644319,0.3568057715892792
0.8404059040590406,0.6438162544169611,0.3580240309238434
0.8394833948339483,0.6435643564356436,0.35877710580825806
0.8385608856088561,0.643312101910828,0.3597499430179596
0.8385608856088561,0.6437677053824362,0.3603523075580597
0.8376383763837638,0.6435152374202693,0.36051857471466064
0.8376383763837638,0.6444286728176012,0.3611193895339966
0.8367158671586716,0.6441761363636364,0.3632761538028717
0.8357933579335793,0.6439232409381663,0.36359140276908875
0.834870848708487,0.6436699857752489,0.3636072278022766
0.8339483394833949,0.6434163701067616,0.36409473419189453
0.8339483394833949,0.6438746438746439,0.36415597796440125
0.8330258302583026,0.6436208125445474,0.36435362696647644
0.8330258302583026,0.6440798858773181,0.3644816279411316
0.8330258302583026,0.6445396145610278,0.3645196557044983
0.8330258302583026,0.645,0.365086168050766
0.8321033210332104,0.6447462473195139,0.3669188618659973
0.8265682656826568,0.6506899055918663,0.36725783348083496
0.8256457564575646,0.6504360465116279,0.36774739623069763
0.8247232472324724,0.6501818181818182,0.36897727847099304
0.8247232472324724,0.6506550218340611,0.36915165185928345
0.8247232472324724,0.651128914785142,0.36990228295326233
0.8247232472324724,0.6516034985422741,0.36992892622947693
0.8238007380073801,0.6513493800145879,0.3700524866580963
0.8228782287822878,0.652046783625731,0.3705470561981201
0.8219557195571956,0.6522693997071742,0.3705833852291107
0.8201107011070111,0.6531961792799412,0.3709578812122345
0.8191881918819188,0.6529411764705882,0.3714894652366638
0.8191881918819188,0.6534216335540839,0.37184765934944153
0.8182656826568265,0.6531664212076583,0.3724915087223053
0.816420664206642,0.6536189069423929,0.3726368546485901
0.8154981549815498,0.6533628972653363,0.3739818334579468
0.8154981549815498,0.6538461538461539,0.374026894569397
0.8145756457564576,0.6535899333826795,0.3742263913154602
0.8136531365313653,0.6533333333333333,0.37442368268966675
0.8127306273062731,0.6550185873605948,0.3746739625930786
0.8118081180811808,0.6547619047619048,0.37563034892082214
0.8118081180811808,0.6552494415487714,0.37643662095069885
0.8108856088560885,0.6549925484351714,0.3766762614250183
0.8099630996309963,0.6547352721849367,0.3768669664859772
0.8099630996309963,0.655223880597015,0.37695831060409546
0.8099630996309963,0.655713218820015,0.3771573007106781
0.8099630996309963,0.656203288490284,0.3773292303085327
0.809040590405904,0.655946148092745,0.37736791372299194
0.809040590405904,0.656437125748503,0.37887921929359436
0.809040590405904,0.6569288389513108,0.37928101420402527
0.8081180811808119,0.656671664167916,0.37978437542915344
0.8071955719557196,0.6564141035258815,0.38018956780433655
0.8062730627306273,0.6561561561561562,0.38042736053466797
0.8062730627306273,0.6566491359879789,0.3823355436325073
0.8053505535055351,0.6578749058025621,0.38310936093330383
0.8053505535055351,0.6583710407239819,0.38414266705513
0.8053505535055351,0.6588679245283019,0.3845180869102478
0.8044280442804428,0.6586102719033232,0.38545864820480347
0.8035055350553506,0.6583522297808012,0.38606011867523193
0.8035055350553506,0.6588502269288956,0.38683319091796875
0.8035055350553506,0.6593489780469342,0.3868393003940582
0.8035055350553506,0.6598484848484848,0.3881916403770447
0.7970479704797048,0.6610558530986993,0.3884594142436981
0.7970479704797048,0.6615620214395099,0.38943856954574585
0.7970479704797048,0.6620689655172414,0.38971468806266785
0.7961254612546126,0.6618098159509203,0.3899795413017273
0.7961254612546126,0.6623177283192633,0.39055442810058594
0.7961254612546126,0.6633358954650269,0.39106637239456177
0.7961254612546126,0.6638461538461539,0.39115461707115173
0.7961254612546126,0.6643571978444958,0.3916918635368347
0.7961254612546126,0.6648690292758089,0.3919370770454407
0.7952029520295203,0.6651234567901234,0.39237603545188904
0.7952029520295203,0.6656370656370656,0.3931780159473419
0.7952029520295203,0.6661514683153014,0.39413976669311523
0.794280442804428,0.665893271461717,0.39423200488090515
0.794280442804428,0.6664086687306502,0.39494654536247253
0.794280442804428,0.6669248644461657,0.39513736963272095
0.794280442804428,0.6674418604651163,0.3963775932788849
0.7933579335793358,0.6671838634600465,0.3965332806110382
0.7933579335793358,0.6677018633540373,0.396535724401474
0.7924354243542435,0.6674436674436675,0.3989061415195465
0.7924354243542435,0.6684824902723735,0.4010330140590668
0.7924354243542435,0.6690031152647975,0.40103578567504883
0.7915129151291513,0.6687451286048324,0.40149998664855957
0.7915129151291513,0.6692667706708268,0.4022552967071533
0.7896678966789668,0.6697965571205008,0.40323901176452637
0.7896678966789668,0.6703210649960846,0.4033680260181427
0.7878228782287823,0.6713836477987422,0.40408676862716675
0.7869003690036901,0.6716535433070866,0.4048231244087219
0.7859778597785978,0.6713947990543735,0.40591466426849365
0.7859778597785978,0.6719242902208202,0.40596404671669006
0.7859778597785978,0.6724546172059984,0.40604639053344727
0.7841328413284133,0.6724683544303798,0.40672412514686584
0.7841328413284133,0.6730007917656373,0.4074524939060211
0.7841328413284133,0.6735340729001584,0.4074857234954834
0.783210332103321,0.6743447180301827,0.40788334608078003
0.783210332103321,0.6748807631160573,0.4083517789840698
0.7822878228782287,0.6746221161495625,0.4085017144680023
0.7822878228782287,0.6751592356687898,0.40959933400154114
0.7822878228782287,0.6756972111553785,0.4105551838874817
0.7822878228782287,0.6762360446570973,0.41110214591026306
0.7813653136531366,0.6759776536312849,0.41118884086608887
0.7804428044280443,0.6757188498402555,0.4113644063472748
0.7804428044280443,0.6762589928057554,0.41176509857177734
0.7795202952029521,0.676,0.41180145740509033
0.7785977859778598,0.6757405924739792,0.41242626309394836
0.7785977859778598,0.6762820512820513,0.41245004534721375
0.7785977859778598,0.6768243785084203,0.41412901878356934
0.7785977859778598,0.6773675762439807,0.41507863998413086
0.7785977859778598,0.679549114331723,0.41559967398643494
0.7776752767527675,0.6792908944399678,0.4156227111816406
0.7776752767527675,0.6798387096774193,0.41675400733947754
0.7776752767527675,0.6803874092009685,0.41720324754714966
0.7776752767527675,0.6809369951534734,0.41735386848449707
0.7776752767527675,0.6814874696847211,0.41736936569213867
0.775830258302583,0.6809716599190283,0.41778120398521423
0.7749077490774908,0.6829268292682927,0.41806167364120483
0.7749077490774908,0.6834825061025224,0.41944894194602966
0.7739852398523985,0.6832247557003257,0.41965511441230774
0.7739852398523985,0.6854575163398693,0.4198767840862274
0.7739852398523985,0.6860179885527392,0.42023882269859314
0.7739852398523985,0.6865793780687398,0.4202389717102051
0.7730627306273062,0.6863226863226863,0.4219858646392822
0.772140221402214,0.6860655737704918,0.42217981815338135
0.772140221402214,0.6866283839212469,0.42411884665489197
0.772140221402214,0.687192118226601,0.4245024621486664
0.7712177121771218,0.6869350862777321,0.4247751832008362
0.7712177121771218,0.6875,0.4252628684043884
0.7702952029520295,0.6872427983539094,0.42881301045417786
0.7693726937269373,0.6869851729818781,0.43051275610923767
0.768450184501845,0.686727122835944,0.4308435916900635
0.768450184501845,0.6872937293729373,0.43084365129470825
0.7666051660516605,0.6884838442419221,0.4314574599266052
0.7666051660516605,0.6890547263681592,0.4327484369277954
0.7666051660516605,0.6896265560165975,0.43346908688545227
0.7666051660516605,0.6901993355481728,0.43414464592933655
0.7656826568265682,0.6899418121363259,0.4342794418334961
0.7656826568265682,0.6905158069883528,0.4343617558479309
0.764760147601476,0.6902581182348043,0.4347081780433655
0.764760147601476,0.6908333333333333,0.4350242614746094
0.764760147601476,0.6914095079232694,0.43515101075172424
0.764760147601476,0.6919866444073456,0.43617767095565796
0.764760147601476,0.6925647451963242,0.4377549886703491
0.764760147601476,0.6931438127090301,0.4380015730857849
0.764760147601476,0.693723849372385,0.43888700008392334
0.764760147601476,0.6943048576214406,0.4392384886741638
0.764760147601476,0.6948868398994132,0.43953102827072144
0.764760147601476,0.6954697986577181,0.43965429067611694
0.764760147601476,0.6960537363560033,0.4425264000892639
0.764760147601476,0.6966386554621848,0.44394370913505554
0.7638376383763837,0.696969696969697,0.4448648989200592
0.7638376383763837,0.6975568660488627,0.44489338994026184
0.7638376383763837,0.6981450252951096,0.4454672634601593
0.7629151291512916,0.6978902953586498,0.44553041458129883
0.7619926199261993,0.6976351351351351,0.4456677734851837
0.761070110701107,0.6973795435333897,0.44809502363204956
0.761070110701107,0.6979695431472082,0.4484395682811737
0.761070110701107,0.6985605419136325,0.44897860288619995
0.761070110701107,0.6991525423728814,0.44928178191185
0.761070110701107,0.6997455470737913,0.4492972493171692
0.761070110701107,0.700339558573854,0.44959136843681335
0.761070110701107,0.7009345794392523,0.4501208961009979
0.761070110701107,0.701530612244898,0.45113083720207214
0.761070110701107,0.7021276595744681,0.4520609974861145
0.7601476014760148,0.7018739352640545,0.45213136076927185
0.7601476014760148,0.7024722932651322,0.4527684152126312
0.7592250922509225,0.7022184300341296,0.4528699219226837
0.757380073800738,0.7023096663815227,0.45316800475120544
0.757380073800738,0.7029109589041096,0.4541703760623932
0.757380073800738,0.7035132819194516,0.45481711626052856
0.7564575645756457,0.7044673539518901,0.4567735195159912
0.7564575645756457,0.7056798623063684,0.4568752348423004
0.7555350553505535,0.7054263565891473,0.45872339606285095
0.7546125461254612,0.7051724137931035,0.45873406529426575
0.7546125461254612,0.7057808455565142,0.45900213718414307
0.7546125461254612,0.7063903281519862,0.4613875150680542
0.7546125461254612,0.7070008643042351,0.462063193321228
0.753690036900369,0.7067474048442907,0.46216800808906555
0.753690036900369,0.7073593073593074,0.4630865752696991
0.7527675276752768,0.707105719237435,0.4636412262916565
0.7518450184501845,0.7068516912402428,0.4638325273990631
0.7509225092250923,0.7065972222222222,0.46500805020332336
0.75,0.7063423110338836,0.46608343720436096
0.7490774907749077,0.7060869565217391,0.4667068421840668
0.7490774907749077,0.7067014795474326,0.4691758155822754
0.7481549815498155,0.7064459930313589,0.46926775574684143
0.7481549815498155,0.7070619006102877,0.46929776668548584
0.746309963099631,0.7071678321678322,0.4695189297199249
0.7453874538745388,0.7069116360454943,0.4697035849094391
0.7444649446494465,0.7066549912434326,0.46993961930274963
0.7444649446494465,0.7072743207712533,0.47005215287208557
0.7444649446494465,0.7085162423178226,0.47017088532447815
0.7444649446494465,0.7091388400702988,0.47062405943870544
0.7444649446494465,0.710387323943662,0.4710323214530945
0.7435424354243543,0.7101321585903083,0.4713379740715027
0.7435424354243543,0.7107583774250441,0.47151660919189453
0.7435424354243543,0.7113857016769638,0.47154784202575684
0.7435424354243543,0.7120141342756183,0.4716547429561615
0.742619926199262,0.7117595048629531,0.4721168875694275
0.742619926199262,0.7123893805309734,0.47221022844314575
0.742619926199262,0.7130203720106288,0.4722817540168762
0.7416974169741697,0.7127659574468085,0.47279003262519836
0.7407749077490775,0.712511091393079,0.47299817204475403
0.7407749077490775,0.7131438721136767,0.47300297021865845
0.7407749077490775,0.7137777777777777,0.47310635447502136
0.7398523985239852,0.7135231316725978,0.47323915362358093
0.738929889298893,0.7132680320569902,0.4732459783554077
0.738929889298893,0.713903743315508,0.47352272272109985
0.7370848708487084,0.7146690518783542,0.47384417057037354
0.7370848708487084,0.7153088630259624,0.47412237524986267
0.7361623616236163,0.715695067264574,0.4742184281349182
0.7361623616236163,0.7163375224416517,0.4743034839630127
0.7361623616236163,0.7169811320754716,0.4751870334148407
0.7361623616236163,0.7176258992805755,0.4751984775066376
0.7361623616236163,0.7182718271827183,0.47562751173973083
0.735239852398524,0.718018018018018,0.4756961166858673
0.735239852398524,0.7186654643823264,0.4758657217025757
0.7343173431734318,0.7184115523465704,0.4761790931224823
0.7343173431734318,0.7190605239385727,0.476275771856308
0.7333948339483395,0.720108695652174,0.47635987401008606
0.7324723247232472,0.7198549410698096,0.4766865670681
0.731549815498155,0.7196007259528131,0.47672608494758606
0.7306273062730627,0.7193460490463215,0.476765900850296
0.7306273062730627,0.72,0.4768418073654175
0.7306273062730627,0.7206551410373067,0.47688525915145874
0.7306273062730627,0.7213114754098361,0.477138876914978
0.7306273062730627,0.7232876712328767,0.47727829217910767
0.7306273062730627,0.7239488117001828,0.4786055386066437
0.7306273062730627,0.7246111619396157,0.47911956906318665
0.7306273062730627,0.7252747252747253,0.47912079095840454
0.7306273062730627,0.7259395050412466,0.47930142283439636
0.7297047970479705,0.7256880733944954,0.47945845127105713
0.7297047970479705,0.7263544536271809,0.47983041405677795
0.7287822878228782,0.7261029411764706,0.48001474142074585
0.727859778597786,0.7258509659613616,0.4801698327064514
0.7269372693726938,0.7255985267034991,0.48026227951049805
0.7269372693726938,0.7262672811059908,0.4805029630661011
0.7260147601476015,0.7260147601476015,0.4806295931339264
0.7250922509225092,0.7257617728531855,0.4812327027320862
0.724169741697417,0.7255083179297597,0.4814717769622803
0.724169741697417,0.7261794634597595,0.48174431920051575
0.724169741697417,0.7268518518518519,0.4818114638328552
0.724169741697417,0.7275254865616312,0.48228076100349426
0.7232472324723247,0.7272727272727273,0.4827120900154114
0.7223247232472325,0.7270194986072424,0.482882022857666
0.7223247232472325,0.7276951672862454,0.48309147357940674
0.7204797047970479,0.7271880819366853,0.48367613554000854
0.7195571955719557,0.7269338303821062,0.48375403881073
0.7195571955719557,0.7276119402985075,0.483826607465744
0.7195571955719557,0.7282913165266106,0.48435014486312866
0.7195571955719557,0.7289719626168224,0.48475098609924316
0.7186346863468634,0.7287184284377923,0.4849669933319092
0.7177121771217713,0.7284644194756554,0.4854077100753784
0.716789667896679,0.7282099343955014,0.48561781644821167
0.716789667896679,0.7288930581613509,0.48601311445236206
0.716789667896679,0.7295774647887324,0.4863872826099396
0.716789667896679,0.7302631578947368,0.4863959848880768
0.7158671586715867,0.7300094073377235,0.4864518642425537
0.7121771217712177,0.728989612842304,0.4871359169483185
0.7121771217712177,0.7296786389413988,0.48753148317337036
0.7112546125461254,0.7294228949858089,0.4877876341342926
0.7103321033210332,0.7291666666666666,0.4882173240184784
0.709409594095941,0.728909952606635,0.48845720291137695
0.709409594095941,0.7302943969610636,0.4885672628879547
0.7084870848708487,0.7300380228136882,0.48873069882392883
0.7084870848708487,0.730732635585157,0.4887813329696655
0.7084870848708487,0.7314285714285714,0.48915839195251465
0.7075645756457565,0.7311725452812202,0.48926472663879395
0.7066420664206642,0.7309160305343512,0.48960232734680176
0.705719557195572,0.731357552581262,0.4896881878376007
0.7047970479704797,0.7311004784688995,0.4897328317165375
0.7047970479704797,0.7318007662835249,0.4898083508014679
0.7047970479704797,0.7325023969319271,0.49005481600761414
0.7038745387453874,0.7322456813819578,0.49031439423561096
0.7029520295202952,0.7319884726224783,0.49063676595687866
0.7029520295202952,0.7326923076923076,0.4907718896865845
0.7029520295202952,0.7333974975938402,0.49077191948890686
0.7020295202952029,0.733140655105973,0.49136975407600403
0.7011070110701108,0.7328833172613307,0.4916800856590271
0.7011070110701108,0.7335907335907336,0.49252739548683167
0.7011070110701108,0.7342995169082126,0.4927825927734375
0.7011070110701108,0.7350096711798839,0.49319207668304443
0.7011070110701108,0.7357212003872217,0.4933811128139496
0.7011070110701108,0.7364341085271318,0.4937193691730499
0.7011070110701108,0.7371483996120272,0.49632278084754944
0.7001845018450185,0.7368932038834951,0.49636539816856384
0.7001845018450185,0.7376093294460642,0.4968757629394531
0.6992619926199262,0.7373540856031129,0.496890127658844
0.6992619926199262,0.7380720545277507,0.4971650242805481
0.698339483394834,0.7378167641325536,0.4973168671131134
0.6974169741697417,0.7375609756097561,0.4973767399787903
0.6964944649446494,0.7373046875,0.4975069761276245
0.6964944649446494,0.7380254154447703,0.4975978434085846
0.6964944649446494,0.738747553816047,0.49771592020988464
0.6955719557195572,0.7384916748285995,0.4977394938468933
0.6955719557195572,0.7392156862745098,0.49782270193099976
0.6955719557195572,0.7399411187438666,0.49794304370880127
0.6946494464944649,0.7396856581532416,0.4979548752307892
0.6937269372693727,0.7394296951819076,0.4983081519603729
0.6937269372693727,0.7401574803149606,0.49845024943351746
0.6937269372693727,0.7408866995073892,0.49849849939346313
0.6937269372693727,0.7416173570019724,0.49942663311958313
0.6928044280442804,0.7413622902270484,0.499515563249588
0.6928044280442804,0.7420948616600791,0.4995449483394623
0.6928044280442804,0.7428288822947576,0.49989014863967896
0.6928044280442804,0.7435643564356436,0.5005998611450195
0.6918819188191881,0.7433102081268583,0.5006290674209595
0.690959409594096,0.7430555555555556,0.5011076927185059
0.690959409594096,0.7437934458788481,0.5015394687652588
0.6900369003690037,0.7435387673956262,0.5016454458236694
0.6891143911439115,0.7432835820895523,0.5025023221969604
0.6881918819188192,0.7430278884462151,0.5027661919593811
0.6881918819188192,0.7437686939182453,0.5031595230102539
0.6881918819188192,0.7445109780439122,0.5032984614372253
0.6872693726937269,0.7442557442557443,0.5033133029937744
0.6863468634686347,0.744,0.5034416317939758
0.6863468634686347,0.7447447447447447,0.504920482635498
0.6863468634686347,0.7454909819639278,0.5050522089004517
0.6854243542435424,0.7452357071213641,0.5052374601364136
0.6854243542435424,0.7459839357429718,0.505366325378418
0.6845018450184502,0.7457286432160805,0.5058068037033081
0.6845018450184502,0.7464788732394366,0.5058082342147827
0.6845018450184502,0.7472306143001007,0.5059070587158203
0.683579335793358,0.7469758064516129,0.5060386657714844
0.683579335793358,0.7477295660948536,0.5060778856277466
0.683579335793358,0.7484848484848485,0.5066383481025696
0.6826568265682657,0.7482305358948432,0.5066707730293274
0.6817343173431735,0.7479757085020243,0.5068077445030212
0.6798892988929889,0.7474645030425964,0.5070286393165588
0.6789667896678967,0.7472081218274111,0.5071501731872559
0.6789667896678967,0.7479674796747967,0.5075427889823914
0.6780442804428044,0.7477110885045778,0.5076438188552856
0.6780442804428044,0.7484725050916496,0.5077164769172668
0.6780442804428044,0.7492354740061162,0.5085716247558594
0.6780442804428044,0.75,0.509323239326477
0.6771217712177122,0.7505112474437627,0.509620189666748
0.6771217712177122,0.7512794268167861,0.5096780061721802
0.6771217712177122,0.7520491803278688,0.5100411176681519
0.6761992619926199,0.7517948717948718,0.511005163192749
0.6761992619926199,0.7525667351129364,0.5111918449401855
0.6761992619926199,0.7533401849948612,0.5114498734474182
0.6752767527675276,0.7530864197530864,0.5120848417282104
0.6752767527675276,0.7538619979402678,0.5124515295028687
0.6743542435424354,0.7536082474226804,0.5124943256378174
0.6743542435424354,0.7543859649122807,0.5135030746459961
0.6743542435424354,0.7551652892561983,0.5137617588043213
0.6734317343173432,0.7549120992761117,0.514365553855896
0.672509225092251,0.7546583850931677,0.5148910284042358
0.672509225092251,0.755440414507772,0.5150676965713501
0.6715867158671587,0.7551867219917012,0.5158106088638306
0.6706642066420664,0.754932502596054,0.516126275062561
0.6697416974169742,0.7546777546777547,0.516345202922821
0.6688191881918819,0.7544224765868887,0.5165974497795105
0.6660516605166051,0.7536534446764092,0.5166771411895752
0.665129151291513,0.7533960292580982,0.5167797207832336
0.665129151291513,0.75418410041841,0.5171083807945251
0.665129151291513,0.7549738219895288,0.5179271697998047
0.665129151291513,0.7557651991614256,0.5181493759155273
0.6642066420664207,0.7555089192025184,0.5187466144561768
0.6642066420664207,0.7563025210084033,0.5187582969665527
0.6642066420664207,0.7570977917981072,0.5192873477935791
0.6642066420664207,0.7578947368421053,0.5193091630935669
0.6632841328413284,0.7576396206533192,0.5197319984436035
0.6623616236162362,0.7573839662447257,0.5200440287590027
0.6623616236162362,0.7581837381203802,0.5213704109191895
0.6623616236162362,0.7597883597883598,0.521496593952179
0.6623616236162362,0.760593220338983,0.5216597318649292
0.6623616236162362,0.7613997879109226,0.5217635035514832
0.6623616236162362,0.7622080679405521,0.5218759775161743
0.6605166051660517,0.7617021276595745,0.52243572473526
0.6595940959409594,0.7614483493077743,0.5224427580833435
0.6586715867158671,0.7611940298507462,0.5225294828414917
0.6586715867158671,0.7620064034151548,0.5226367115974426
0.6577490774907749,0.7617521367521367,0.5227571725845337
0.6577490774907749,0.7625668449197861,0.5228709578514099
0.6577490774907749,0.7633832976445396,0.523032546043396
0.6568265682656826,0.7631296891747053,0.523043155670166
0.6559040590405905,0.7628755364806867,0.5233487486839294
0.6559040590405905,0.7636949516648764,0.5238039493560791
0.6549815498154982,0.7634408602150538,0.5238771438598633
0.6540590405904059,0.7631862217438106,0.5241286754608154
0.6540590405904059,0.7640086206896551,0.5243951678276062
0.6531365313653137,0.7637540453074434,0.5248828530311584
0.6512915129151291,0.7632432432432432,0.5250290632247925
0.6512915129151291,0.7640692640692641,0.5251049995422363
0.6503690036900369,0.7638136511375948,0.5251124501228333
0.6494464944649446,0.7635574837310195,0.5256242752075195
0.6485239852398524,0.7633007600434311,0.5258898138999939
0.6485239852398524,0.7641304347826087,0.5262717008590698
0.6457564575645757,0.7641921397379913,0.5263447761535645
0.6448339483394834,0.7639344262295082,0.526929497718811
0.6448339483394834,0.7647702407002188,0.5276323556900024
0.6448339483394834,0.7656078860898138,0.5276551842689514
0.6439114391143912,0.7653508771929824,0.5278633236885071
0.6439114391143912,0.7661909989023051,0.5280734300613403
0.6429889298892989,0.765934065934066,0.5282514095306396
0.6420664206642066,0.7665198237885462,0.5283288359642029
0.6411439114391144,0.7662624035281147,0.528549313545227
0.6402214022140221,0.7660044150110376,0.5285781621932983
0.6402214022140221,0.7668508287292818,0.5286242961883545
0.6402214022140221,0.7676991150442478,0.528678297996521
0.6392988929889298,0.7674418604651163,0.5286824703216553
0.6383763837638377,0.7671840354767184,0.5290745496749878
0.6383763837638377,0.7680355160932297,0.5293465852737427
0.6374538745387454,0.7677777777777778,0.5295929908752441
0.6374538745387454,0.7686318131256952,0.5297781229019165
0.6365313653136532,0.7683741648106904,0.5298198461532593
0.6365313653136532,0.7692307692307693,0.5298902988433838
0.6365313653136532,0.7700892857142857,0.5309066772460938
0.6365313653136532,0.770949720670391,0.5312260389328003
0.6365313653136532,0.7718120805369127,0.5312904119491577
0.6365313653136532,0.7726763717805151,0.53143310546875
0.6365313653136532,0.773542600896861,0.531813383102417
0.6346863468634686,0.7730337078651686,0.5320534110069275
0.6337638376383764,0.7727784026996626,0.5328482389450073
0.6328413284132841,0.7725225225225225,0.5332292914390564
0.6319188191881919,0.7722660653889515,0.5340323448181152
0.6309963099630996,0.7720090293453724,0.534038782119751
0.6309963099630996,0.7728813559322034,0.5353571176528931
0.6300738007380073,0.7726244343891403,0.5353871583938599
0.6300738007380073,0.7734994337485843,0.5356360077857971
0.6291512915129152,0.7732426303854876,0.5357325077056885
0.6273062730627307,0.7736063708759955,0.535796046257019
0.6263837638376384,0.7733485193621867,0.536655604839325
0.6254612546125461,0.7730900798175598,0.5369688868522644
0.6236162361623616,0.7725714285714286,0.5370175242424011
0.6236162361623616,0.7734553775743707,0.5371432900428772
0.6226937269372693,0.7749712973593571,0.5371482968330383
0.6226937269372693,0.7758620689655172,0.5371687412261963
0.6217712177121771,0.7756041426927502,0.537377655506134
0.6208487084870848,0.7753456221198156,0.5374819040298462
0.6199261992619927,0.7759815242494227,0.5389773845672607
0.6190036900369004,0.7766203703703703,0.5391068458557129
0.6190036900369004,0.7775202780996524,0.5392327308654785
0.6190036900369004,0.7784222737819025,0.5401949882507324
0.6190036900369004,0.7793263646922184,0.5402334332466125
0.6180811808118081,0.7790697674418605,0.5405331254005432
0.6171586715867159,0.7797202797202797,0.5408726930618286
0.6162361623616236,0.779463243873979,0.541299045085907
0.6162361623616236,0.780373831775701,0.5414941310882568
0.6153136531365314,0.7801169590643274,0.5418689250946045
0.6143911439114391,0.7798594847775175,0.5420665740966797
0.6134686346863468,0.779601406799531,0.5422416925430298
0.6134686346863468,0.7805164319248826,0.5425088405609131
0.6125461254612546,0.7802585193889542,0.5428758263587952
0.6116236162361623,0.78,0.5429919362068176
0.6107011070110702,0.7797408716136631,0.54367595911026
0.6097785977859779,0.7794811320754716,0.5442951917648315
0.6088560885608856,0.7792207792207793,0.5444588661193848
0.6088560885608856,0.7801418439716312,0.5447770953178406
0.6088560885608856,0.7810650887573964,0.5455272793769836
0.6079335793357934,0.7808056872037915,0.5466606616973877
0.6079335793357934,0.7817319098457889,0.5467472076416016
0.6070110701107011,0.7814726840855107,0.5470016598701477
0.6070110701107011,0.7824019024970273,0.5474605560302734
0.6070110701107011,0.7833333333333333,0.5474894046783447
0.6060885608856088,0.7830750893921334,0.5477861166000366
0.6051660516605166,0.7828162291169452,0.5482339859008789
0.6042435424354243,0.7825567502986858,0.549552321434021
0.6033210332103321,0.7822966507177034,0.550277590751648
0.6023985239852399,0.7820359281437126,0.5513015389442444
0.6014760147601476,0.7817745803357314,0.5516127347946167
0.6005535055350554,0.7815126050420168,0.552030622959137
0.5996309963099631,0.78125,0.5527186989784241
0.5987084870848709,0.7809867629362214,0.5529201626777649
0.5977859778597786,0.7807228915662651,0.5529705286026001
0.5977859778597786,0.781664656212304,0.553238034248352
0.5977859778597786,0.782608695652174,0.5534099340438843
0.5977859778597786,0.7835550181378477,0.5534111261367798
0.5968634686346863,0.7832929782082324,0.5534746050834656
0.5950184501845018,0.7827669902912622,0.5539124011993408
0.5940959409594095,0.7825030376670717,0.554613471031189
0.5931734317343174,0.7822384428223844,0.5553829073905945
0.5931734317343174,0.7831912302070646,0.5554433465003967
0.5922509225092251,0.7829268292682927,0.5560257434844971
0.5922509225092251,0.7838827838827839,0.5565128326416016
0.5922509225092251,0.784841075794621,0.5566573143005371
0.5922509225092251,0.7858017135862914,0.5568944215774536
0.5922509225092251,0.7867647058823529,0.5574449300765991
0.5922509225092251,0.7877300613496933,0.5583071112632751
0.5922509225092251,0.7886977886977887,0.5588493347167969
0.5922509225092251,0.7896678966789668,0.5590345859527588
0.5922509225092251,0.7906403940886699,0.5590583682060242
0.5922509225092251,0.7916152897657214,0.5593996047973633
0.5894833948339483,0.79182156133829,0.5596586465835571
0.5885608856088561,0.7915632754342432,0.5606920719146729
0.5885608856088561,0.7925465838509317,0.5609319806098938
0.5876383763837638,0.7922885572139303,0.5617207288742065
0.5867158671586716,0.7920298879202988,0.5622216463088989
0.5857933579335793,0.7917705735660848,0.5625449419021606
0.584870848708487,0.7915106117353309,0.5631308555603027
0.5839483394833949,0.79125,0.5632050037384033
0.5830258302583026,0.7909887359198998,0.5648233890533447
0.5821033210332104,0.7907268170426065,0.566378116607666
0.5811808118081181,0.7904642409033877,0.5668438673019409
0.5811808118081181,0.7914572864321608,0.5673301219940186
0.5811808118081181,0.7924528301886793,0.5679348111152649
0.5811808118081181,0.7934508816120907,0.5685741901397705
0.5802583025830258,0.7931904161412359,0.5689102411270142
0.5802583025830258,0.7941919191919192,0.5709270238876343
0.5793357933579336,0.7939317319848294,0.5717594623565674
0.5793357933579336,0.7949367088607595,0.5724102854728699
0.5784132841328413,0.7946768060836502,0.5726096630096436
0.577490774907749,0.7944162436548223,0.5727772116661072
0.5765682656826568,0.7982120051085568,0.5732620358467102
0.5765682656826568,0.7992327365728901,0.5743830800056458
0.5756457564575646,0.7989756722151088,0.5750643014907837
0.5756457564575646,0.8010269576379975,0.5755746364593506
0.5756457564575646,0.8020565552699229,0.576215386390686
0.5756457564575646,0.803088803088803,0.5765025615692139
0.5747232472324724,0.8028350515463918,0.5773150324821472
0.5747232472324724,0.8038709677419354,0.5788740515708923
0.5738007380073801,0.805699481865285,0.5791770815849304
0.5728782287822878,0.8054474708171206,0.5796740055084229
0.5719557195571956,0.8051948051948052,0.5800470113754272
0.5710332103321033,0.8049414824447334,0.5804113745689392
0.5701107011070111,0.8046875,0.5804128646850586
0.5701107011070111,0.8057366362451108,0.5808607935905457
0.5691881918819188,0.8054830287206266,0.5810317397117615
0.5682656826568265,0.8052287581699347,0.5811367034912109
0.5673431734317343,0.8049738219895288,0.5815708637237549
0.5673431734317343,0.8060288335517694,0.582094669342041
0.566420664206642,0.8068331143232589,0.5836403369903564
0.5645756457564576,0.8105960264900662,0.5841673612594604
0.5636531365313653,0.8103448275862069,0.5844452381134033
0.5636531365313653,0.8114209827357237,0.5848157405853271
0.5627306273062731,0.8111702127659575,0.5852398872375488
0.5618081180811808,0.810918774966711,0.5873012542724609
0.5608856088560885,0.8106666666666666,0.5879552364349365
0.5599630996309963,0.8114973262032086,0.5883830785751343
0.559040590405904,0.8112449799196787,0.5900263786315918
0.5581180811808119,0.8109919571045576,0.5910630226135254
0.5571955719557196,0.810738255033557,0.5932127237319946
0.5562730627306273,0.8104838709677419,0.5937540531158447
0.5553505535055351,0.8102288021534321,0.5955700874328613
0.5553505535055351,0.8113207547169812,0.5965684652328491
0.5544280442804428,0.8110661268556005,0.5968753099441528
0.5544280442804428,0.8121621621621622,0.5979441404342651
0.5535055350553506,0.8119079837618404,0.5982239246368408
0.5525830258302583,0.8127544097693351,0.5984928607940674
0.551660516605166,0.8125,0.6015064716339111
0.551660516605166,0.8136054421768707,0.6020186543464661
0.5507380073800738,0.8133514986376021,0.6023752689361572
0.5498154981549815,0.8130968622100955,0.6031255722045898
0.5488929889298892,0.8128415300546448,0.6048060655593872
0.5479704797047971,0.8125854993160054,0.6079068183898926
0.5470479704797048,0.8123287671232877,0.6080501079559326
0.5470479704797048,0.813443072702332,0.6102578043937683
0.5461254612546126,0.8131868131868132,0.610446572303772
0.544280442804428,0.8126721763085399,0.6104564666748047
0.544280442804428,0.8137931034482758,0.6105945706367493
0.5433579335793358,0.81353591160221,0.6115039587020874
0.5433579335793358,0.8146611341632088,0.6124070882797241
0.5424354243542435,0.814404432132964,0.6131571531295776
0.5415129151291513,0.8141470180305131,0.6136461496353149
0.540590405904059,0.8138888888888889,0.614736795425415
0.5396678966789668,0.8136300417246175,0.615171492099762
0.5396678966789668,0.8147632311977716,0.6177138090133667
0.5387453874538746,0.8145048814504882,0.6181029081344604
0.5378228782287823,0.8142458100558659,0.6185753345489502
0.5378228782287823,0.8153846153846154,0.6190022826194763
0.5378228782287823,0.8165266106442577,0.6207199096679688
0.5369003690036901,0.8162692847124825,0.6220275163650513
0.5359778597785978,0.8160112359550562,0.6224286556243896
0.5350553505535055,0.8157524613220816,0.624318540096283
0.5341328413284133,0.8154929577464789,0.6246404051780701
0.533210332103321,0.8152327221438646,0.6264179348945618
0.5322878228782287,0.8149717514124294,0.6270368099212646
0.5322878228782287,0.8161244695898161,0.6274651288986206
0.5313653136531366,0.8158640226628895,0.6279418468475342
0.5313653136531366,0.8170212765957446,0.6284851431846619
0.5304428044280443,0.8167613636363636,0.6304928064346313
0.5304428044280443,0.817923186344239,0.6316910982131958
0.5295202952029521,0.8176638176638177,0.6324437856674194
0.5295202952029521,0.818830242510699,0.6361038088798523
0.5285977859778598,0.8185714285714286,0.6361861228942871
0.5285977859778598,0.8197424892703863,0.6373518705368042
0.5285977859778598,0.8209169054441261,0.6381353735923767
0.5276752767527675,0.8206599713055954,0.6385233402252197
0.5267527675276753,0.8204022988505747,0.640041708946228
0.5267527675276753,0.8215827338129497,0.6456764936447144
0.5267527675276753,0.8227665706051873,0.65284264087677
0.525830258302583,0.8225108225108225,0.6552010774612427
0.5249077490774908,0.8222543352601156,0.6567460894584656
0.5239852398523985,0.8219971056439942,0.6575671434402466
0.5230627306273062,0.8217391304347826,0.6578527688980103
0.5230627306273062,0.8229317851959361,0.6579639315605164
0.522140221402214,0.8226744186046512,0.6583421230316162
0.5212177121771218,0.8224163027656477,0.6597665548324585
0.5212177121771218,0.8236151603498543,0.6627340912818909
0.5212177121771218,0.8248175182481752,0.6636370420455933
0.5202952029520295,0.8245614035087719,0.6641849875450134
0.5202952029520295,0.8257686676427526,0.6658325791358948
0.5193726937269373,0.8255131964809385,0.6670842170715332
0.518450184501845,0.8252569750367107,0.6671611070632935
0.5175276752767528,0.825,0.6697657108306885
0.5175276752767528,0.8262150220913107,0.6722842454910278
0.5166051660516605,0.8259587020648967,0.6727901101112366
0.5156826568265682,0.8257016248153619,0.673861026763916
0.514760147601476,0.8254437869822485,0.6771116256713867
0.5138376383763837,0.8251851851851851,0.6772239208221436
0.5138376383763837,0.8264094955489614,0.6782066226005554
0.5129151291512916,0.826151560178306,0.6786196827888489
0.5119926199261993,0.8258928571428571,0.6792071461677551
0.5119926199261993,0.827123695976155,0.6798405647277832
0.5119926199261993,0.8283582089552238,0.6801654100418091
0.5119926199261993,0.8295964125560538,0.6804512739181519
0.5119926199261993,0.8308383233532934,0.6812711358070374
0.511070110701107,0.8305847076461769,0.6824424266815186
0.5101476014760148,0.8303303303303303,0.683806300163269
0.5092250922509225,0.8300751879699249,0.6842365264892578
0.5083025830258303,0.8298192771084337,0.6846219301223755
0.5083025830258303,0.8310708898944194,0.6854737997055054
0.507380073800738,0.8308157099697885,0.6864172220230103
0.5064575645756457,0.8305597579425114,0.6878526210784912
0.5064575645756457,0.8318181818181818,0.6879110336303711
0.5064575645756457,0.8330804248861912,0.689987063407898
0.5064575645756457,0.8343465045592705,0.6901248693466187
0.5064575645756457,0.8356164383561644,0.6905162334442139
0.5064575645756457,0.836890243902439,0.6913493871688843
0.5055350553505535,0.8366412213740458,0.6920782327651978
0.5055350553505535,0.8379204892966361,0.6932873129844666
0.5046125461254612,0.8376722817764165,0.6935469508171082
0.503690036900369,0.8374233128834356,0.6941244602203369
0.5027675276752768,0.837173579109063,0.6943022608757019
0.5027675276752768,0.8384615384615385,0.695634126663208
0.5018450184501845,0.8382126348228043,0.696262001991272
0.5018450184501845,0.8395061728395061,0.6967158913612366
0.5009225092250923,0.839258114374034,0.6968377828598022
0.5,0.8390092879256966,0.6971670389175415
0.5,0.8403100775193798,0.6971777677536011
0.5,0.8416149068322981,0.697579026222229
0.5,0.8429237947122862,0.6978241205215454
0.5,0.8442367601246106,0.6983805894851685
0.5,0.8455538221528861,0.6996439695358276
0.49907749077490776,0.8453125,0.6998345851898193
0.4981549815498155,0.8450704225352113,0.6998414993286133
0.49723247232472323,0.8448275862068966,0.7001985907554626
0.496309963099631,0.8445839874411303,0.7011855840682983
0.49538745387453875,0.8443396226415094,0.7015300989151001
0.4944649446494465,0.8440944881889764,0.7023100852966309
0.4935424354243542,0.8438485804416404,0.7032012939453125
0.492619926199262,0.8436018957345972,0.7044919729232788
0.492619926199262,0.8449367088607594,0.7050925493240356
0.49169741697416974,0.8446909667194928,0.7058072090148926
0.4907749077490775,0.8444444444444444,0.7063641548156738
0.48985239852398527,0.8441971383147854,0.7065684199333191
0.488929889298893,0.8439490445859873,0.7066671848297119
0.48800738007380073,0.8437001594896332,0.707079291343689
0.48800738007380073,0.8450479233226837,0.7076539397239685
0.4870848708487085,0.8448,0.7076605558395386
0.48616236162361626,0.844551282051282,0.7079058289527893
0.48523985239852396,0.8443017656500803,0.7080108523368835
0.4843173431734317,0.8454106280193237,0.7092080116271973
0.4833948339483395,0.8451612903225807,0.7093547582626343
0.4833948339483395,0.8465266558966075,0.7112942337989807
0.48247232472324725,0.8462783171521036,0.7112968564033508
0.48154981549815495,0.8474025974025974,0.7114617824554443
0.4806273062730627,0.8471544715447155,0.7117576599121094
0.4797047970479705,0.8469055374592834,0.7119271755218506
0.4797047970479705,0.8482871125611745,0.712950587272644
0.47878228782287824,0.8480392156862745,0.7131987810134888
0.477859778597786,0.8477905073649754,0.7133061289787292
0.4769372693726937,0.8475409836065574,0.7134149670600891
0.4769372693726937,0.8489326765188834,0.7135833501815796
0.47601476014760147,0.8486842105263158,0.7136332988739014
0.47509225092250923,0.8484349258649094,0.7137998342514038
0.47509225092250923,0.8498349834983498,0.7140912413597107
0.47509225092250923,0.8512396694214877,0.7141183614730835
0.474169741697417,0.8509933774834437,0.7145770788192749
0.4732472324723247,0.8507462686567164,0.7145922183990479
0.47232472324723246,0.8504983388704319,0.7151181697845459
0.4714022140221402,0.8502495840266223,0.715526819229126
0.470479704797048,0.85,0.7169169187545776
0.46955719557195574,0.8497495826377296,0.7180389165878296
0.46863468634686345,0.8494983277591973,0.7180810570716858
0.4677121771217712,0.8492462311557789,0.7185136675834656
0.466789667896679,0.8489932885906041,0.7190605401992798
0.466789667896679,0.8504201680672269,0.7192733287811279
0.46586715867158673,0.8501683501683501,0.7196521759033203
0.46494464944649444,0.8499156829679595,0.7200131416320801
0.4640221402214022,0.8496621621621622,0.7200813889503479
0.46309963099630996,0.8494077834179357,0.7206064462661743
0.4621771217712177,0.8491525423728814,0.7208148241043091
0.4612546125461255,0.8488964346349746,0.721886396408081
0.4603321033210332,0.8486394557823129,0.7222779989242554
0.45940959409594095,0.848381601362862,0.7223083972930908
0.4584870848708487,0.8481228668941979,0.7225714921951294
0.4566420664206642,0.8476027397260274,0.7228145003318787
0.4566420664206642,0.8490566037735849,0.7230830192565918
0.4566420664206642,0.8505154639175257,0.723296046257019
0.45571955719557194,0.8502581755593803,0.7235074639320374
0.4547970479704797,0.85,0.7237848043441772
0.4547970479704797,0.8514680483592401,0.7240627408027649
0.4547970479704797,0.8529411764705882,0.7247884273529053
0.45387453874538747,0.8526863084922011,0.7252829074859619
0.4511070110701107,0.8519163763066202,0.7257236242294312
0.4492619926199262,0.8513986013986014,0.7265946865081787
0.4483394833948339,0.851138353765324,0.7266523838043213
0.4474169741697417,0.8508771929824561,0.7266550064086914
0.44649446494464945,0.8506151142355008,0.7267693281173706
0.4455719557195572,0.8503521126760564,0.7267793416976929
0.4437269372693727,0.8498233215547704,0.726873517036438
0.44280442804428044,0.8495575221238938,0.7270404100418091
0.4418819188191882,0.849290780141844,0.7270594835281372
0.44095940959409596,0.8490230905861457,0.7271299362182617
0.44003690036900367,0.8487544483985765,0.7275797128677368
0.43911439114391143,0.8484848484848485,0.7275940179824829
0.4381918819188192,0.8482142857142857,0.7277858853340149
0.43726937269372695,0.8479427549194991,0.7280307412147522
0.43634686346863466,0.8476702508960573,0.7282805442810059
0.4354243542435424,0.8473967684021544,0.7283499240875244
0.4345018450184502,0.8471223021582733,0.728350043296814
0.43357933579335795,0.8468468468468469,0.7284670472145081
0.4326568265682657,0.8465703971119134,0.728678822517395
0.4317343173431734,0.8462929475587704,0.7288160920143127
0.4317343173431734,0.8478260869565217,0.7291349768638611
0.4308118081180812,0.8475499092558983,0.7301894426345825
0.4308118081180812,0.8490909090909091,0.7305477857589722
0.42988929889298894,0.848816029143898,0.7305604815483093
0.4289667896678967,0.8485401459854015,0.7306008338928223
0.4280442804428044,0.8482632541133455,0.7307263612747192
0.42712177121771217,0.847985347985348,0.7309821844100952
0.4252767527675277,0.8474264705882353,0.7310124635696411
0.42435424354243545,0.8471454880294659,0.7312418222427368
0.42343173431734316,0.8468634686346863,0.731305718421936
0.42343173431734316,0.8484288354898336,0.7313146591186523
0.42343173431734316,0.85,0.7313538789749146
0.4225092250922509,0.849721706864564,0.7313616871833801
0.4215867158671587,0.8494423791821561,0.7314507961273193
0.42066420664206644,0.8491620111731844,0.7316540479660034
0.41974169741697415,0.8488805970149254,0.7317862510681152
0.41789667896678967,0.848314606741573,0.7319841384887695
0.41697416974169743,0.8480300187617261,0.7321888208389282
0.4160516605166052,0.8477443609022557,0.7322719097137451
0.4151291512915129,0.847457627118644,0.7324126362800598
0.41420664206642066,0.8471698113207548,0.7325466871261597
0.4132841328413284,0.8468809073724007,0.7325668931007385
0.4123616236162362,0.8465909090909091,0.7327346801757812
0.4123616236162362,0.8481973434535104,0.733130693435669
0.4114391143911439,0.8479087452471483,0.7333489060401917
0.41051660516605165,0.8476190476190476,0.7335870265960693
0.4095940959409594,0.8473282442748091,0.7336392402648926
0.4095940959409594,0.8489483747609943,0.7336840033531189
0.4086715867158672,0.8486590038314177,0.7337505221366882
0.4077490774907749,0.8483685220729367,0.7338359355926514
0.40682656826568264,0.8480769230769231,0.7339606881141663
0.4059040590405904,0.8477842003853564,0.7339926958084106
0.4040590405904059,0.8471953578336557,0.7340281009674072
0.40313653136531363,0.8468992248062015,0.7340506315231323
0.40129151291512916,0.8463035019455253,0.7340947389602661
0.40129151291512916,0.847953216374269,0.7341771125793457
0.4003690036900369,0.84765625,0.7344508767127991
0.3994464944649446,0.8473581213307241,0.7344799041748047
0.3994464944649446,0.8490196078431372,0.7345211505889893
0.3985239852398524,0.8487229862475442,0.7345947027206421
0.3985239852398524,0.8503937007874016,0.7346064448356628
0.39760147601476015,0.8500986193293886,0.7346370220184326
0.3966789667896679,0.849802371541502,0.7346984148025513
0.39575645756457567,0.8495049504950495,0.7347581386566162
0.3948339483394834,0.8492063492063492,0.7348737120628357
0.39391143911439114,0.8489065606361829,0.7350219488143921
0.3929889298892989,0.848605577689243,0.7351821660995483
0.3929889298892989,0.8502994011976048,0.7352403402328491
0.39206642066420666,0.85,0.7352473735809326
0.39206642066420666,0.8517034068136272,0.7353513240814209
0.39114391143911437,0.8514056224899599,0.7354159355163574
0.39022140221402213,0.8511066398390342,0.7358590364456177
0.3892988929889299,0.8508064516129032,0.7358968257904053
0.38837638376383765,0.8505050505050505,0.7361464500427246
0.3874538745387454,0.8502024291497976,0.7361524105072021
0.3874538745387454,0.8519269776876268,0.7365511655807495
0.3865313653136531,0.8516260162601627,0.7365835905075073
0.3856088560885609,0.8513238289205702,0.7366538047790527
0.38468634686346864,0.8510204081632653,0.736794114112854
0.3837638376383764,0.8507157464212679,0.7369860410690308
0.3828413284132841,0.8504098360655737,0.7374259829521179
0.38191881918819187,0.8501026694045175,0.7376372814178467
0.38099630996309963,0.8497942386831275,0.7378287315368652
0.3800738007380074,0.8494845360824742,0.7381592392921448
0.3800738007380074,0.8512396694214877,0.7381716966629028
0.37915129151291516,0.8509316770186336,0.7383036017417908
0.37822878228782286,0.8506224066390041,0.7386800050735474
0.37822878228782286,0.8523908523908524,0.7388291358947754
0.37822878228782286,0.8541666666666666,0.738854706287384
0.3773062730627306,0.8538622129436325,0.7389441728591919
0.3773062730627306,0.8556485355648535,0.7389926314353943
0.3773062730627306,0.8574423480083857,0.7390027642250061
0.3773062730627306,0.8592436974789915,0.7391711473464966
0.3763837638376384,0.8589473684210527,0.7391748428344727
0.37546125461254615,0.8586497890295358,0.7395910024642944
0.37453874538745385,0.8583509513742071,0.7396915555000305
0.3736162361623616,0.8580508474576272,0.7397699952125549
0.3726937269372694,0.8577494692144374,0.7397823333740234
0.37177121771217714,0.8574468085106383,0.7398170828819275
0.37177121771217714,0.8592750533049041,0.7399123907089233
0.37084870848708484,0.8589743589743589,0.7399177551269531
0.36808118081180813,0.8599137931034483,0.7401299476623535
0.36808118081180813,0.8617710583153347,0.7402159571647644
0.36808118081180813,0.8636363636363636,0.7402555346488953
0.3662361623616236,0.8630434782608696,0.740271806716919
0.36531365313653136,0.8627450980392157,0.740587592124939
0.3643911439114391,0.8624454148471615,0.7407083511352539
0.3634686346863469,0.862144420131291,0.7409393787384033
0.3625461254612546,0.8618421052631579,0.7409869432449341
0.3625461254612546,0.8637362637362638,0.7411510944366455
0.36162361623616235,0.8634361233480177,0.7412000894546509
0.3607011070110701,0.8631346578366446,0.741260290145874
0.35977859778597787,0.8628318584070797,0.7413164377212524
0.35885608856088563,0.8625277161862528,0.741801917552948
0.35793357933579334,0.8622222222222222,0.7418022155761719
0.3570110701107011,0.8619153674832962,0.7418349981307983
0.35608856088560886,0.8616071428571429,0.7418428063392639
0.3551660516605166,0.8612975391498882,0.741971492767334
0.3551660516605166,0.8632286995515696,0.7420936226844788
0.3533210332103321,0.8626126126126126,0.7421019673347473
0.3533210332103321,0.8645598194130926,0.742199718952179
0.35239852398523985,0.8642533936651584,0.7424598932266235
0.35239852398523985,0.8662131519274376,0.7424688935279846
0.3514760147601476,0.865909090909091,0.7425017356872559
0.3505535055350554,0.8656036446469249,0.7425087094306946
0.3496309963099631,0.865296803652968,0.7425239682197571
0.3496309963099631,0.8672768878718535,0.7426693439483643
0.34870848708487084,0.8669724770642202,0.7427269816398621
0.3477859778597786,0.8666666666666667,0.7428224086761475
0.34686346863468637,0.8663594470046083,0.7432851195335388
0.3459409594095941,0.8660508083140878,0.7434146404266357
0.34501845018450183,0.8657407407407407,0.7435517311096191
0.34501845018450183,0.8677494199535963,0.7438702583312988
0.3440959409594096,0.8674418604651163,0.7439011931419373
0.3413284132841328,0.8665105386416861,0.7439256906509399
0.3404059040590406,0.8661971830985915,0.7440612316131592
0.33948339483394835,0.8658823529411764,0.7441166639328003
0.3385608856088561,0.8655660377358491,0.7441869378089905
0.3385608856088561,0.8676122931442081,0.7443150281906128
0.3376383763837638,0.8672985781990521,0.744356632232666
0.3376383763837638,0.8693586698337292,0.7443718314170837
0.3367158671586716,0.8690476190476191,0.7446186542510986
0.33579335793357934,0.8687350835322196,0.7446218729019165
0.33579335793357934,0.8729016786570744,0.7447157502174377
0.33579335793357934,0.875,0.7447410821914673
0.3348708487084871,0.8746987951807229,0.7448298931121826
0.3348708487084871,0.8768115942028986,0.7450955510139465
0.3339483394833948,0.8765133171912833,0.745119571685791
0.33302583025830257,0.8762135922330098,0.7451364994049072
0.33210332103321033,0.8759124087591241,0.7452481985092163
0.3311808118081181,0.875609756097561,0.7452569603919983
0.33025830258302585,0.8753056234718827,0.7453804612159729
0.32933579335793356,0.875,0.7454067468643188
0.3284132841328413,0.8746928746928747,0.7455499172210693
0.3274907749077491,0.874384236453202,0.7456473112106323
0.32656826568265684,0.8740740740740741,0.7456530332565308
0.32564575645756455,0.8737623762376238,0.7456718683242798
0.3247232472324723,0.8734491315136477,0.7457329630851746
0.3238007380073801,0.8731343283582089,0.7459193468093872
0.3238007380073801,0.8753117206982544,0.7459996342658997
0.3219557195571956,0.87468671679198,0.7461372017860413
0.32011070110701106,0.8740554156171285,0.7462742924690247
0.3191881918819188,0.8737373737373737,0.7463858723640442
0.3182656826568266,0.8734177215189873,0.7464180588722229
0.3173431734317343,0.8730964467005076,0.7466307282447815
0.31642066420664205,0.8727735368956743,0.7466573715209961
0.3154981549815498,0.8724489795918368,0.7467223405838013
0.3145756457564576,0.8721227621483376,0.7468292713165283
0.31365313653136534,0.8717948717948718,0.7468305230140686
0.31273062730627305,0.87146529562982,0.7468663454055786
0.3118081180811808,0.8711340206185567,0.7470871210098267
0.31088560885608857,0.8708010335917312,0.7471191883087158
0.30996309963099633,0.8704663212435233,0.7471222877502441
0.30904059040590404,0.8701298701298701,0.747158944606781
0.3081180811808118,0.8697916666666666,0.7473909258842468
0.3053505535055351,0.868766404199475,0.7474098801612854
0.3053505535055351,0.8710526315789474,0.7474315166473389
0.3053505535055351,0.8733509234828496,0.7474537491798401
0.3044280442804428,0.873015873015873,0.7474805116653442
0.30350553505535055,0.8726790450928382,0.7475013732910156
0.30350553505535055,0.875,0.747673749923706
0.3025830258302583,0.8746666666666667,0.747892439365387
0.3016605166051661,0.8743315508021391,0.7479962110519409
0.3007380073800738,0.8739946380697051,0.7480263710021973
0.29981549815498154,0.8736559139784946,0.7480552196502686
0.2988929889298893,0.8733153638814016,0.7481021881103516
0.29797047970479706,0.8729729729729729,0.7481618523597717
0.29704797047970477,0.8726287262872628,0.7483090162277222
0.29612546125461253,0.8722826086956522,0.7483100295066833
0.2952029520295203,0.8719346049046321,0.7483848929405212
0.29428044280442806,0.8715846994535519,0.7484526634216309
0.2933579335793358,0.8712328767123287,0.748626708984375
0.2924354243542435,0.8708791208791209,0.7486897706985474
0.2915129151291513,0.8705234159779615,0.7487126588821411
0.2915129151291513,0.8729281767955801,0.7488541603088379
0.29059040590405905,0.8725761772853186,0.7489820718765259
0.2896678966789668,0.8722222222222222,0.7491626739501953
0.2896678966789668,0.8746518105849582,0.7491816878318787
0.2887453874538745,0.8743016759776536,0.7492172718048096
0.2878228782287823,0.8739495798319328,0.7492241859436035
0.28690036900369004,0.8735955056179775,0.7494734525680542
0.2859778597785978,0.8732394366197183,0.7496236562728882
0.2859778597785978,0.8757062146892656,0.7496554851531982
0.28505535055350556,0.8753541076487252,0.7496771216392517
0.28413284132841327,0.875,0.7497918605804443
0.283210332103321,0.8746438746438746,0.7499113082885742
0.283210332103321,0.8771428571428571,0.7499535083770752
0.2822878228782288,0.8767908309455588,0.750052809715271
0.28136531365313655,0.8764367816091954,0.7500969171524048
0.28044280442804426,0.8760806916426513,0.7501641511917114
0.279520295202952,0.8757225433526011,0.7502431869506836
0.2785977859778598,0.8753623188405797,0.7504057288169861
0.27767527675276754,0.875,0.7504961490631104
0.2767527675276753,0.8746355685131195,0.7505065202713013
0.275830258302583,0.8742690058479532,0.7505114078521729
0.27490774907749077,0.873900293255132,0.7509433031082153
0.27490774907749077,0.8764705882352941,0.750982403755188
0.27398523985239853,0.8761061946902655,0.7511968612670898
0.2730627306273063,0.8757396449704142,0.7513020038604736
0.272140221402214,0.8753709198813057,0.7514274716377258
0.27121771217712176,0.875,0.7516148686408997
0.2702952029520295,0.8746268656716418,0.7516934275627136
0.2693726937269373,0.874251497005988,0.751844048500061
0.26845018450184505,0.8738738738738738,0.7518685460090637
0.26752767527675275,0.8734939759036144,0.7522121071815491
0.2666051660516605,0.8731117824773413,0.7523003220558167
0.2666051660516605,0.8757575757575757,0.7526806592941284
0.2656826568265683,0.8753799392097265,0.7526909708976746
0.26476014760147604,0.875,0.752724826335907
0.26383763837638374,0.8746177370030581,0.7529255747795105
0.2629151291512915,0.8742331288343558,0.7529324293136597
0.26199261992619927,0.8738461538461538,0.7529566884040833
0.26014760147601473,0.8730650154798761,0.7529852986335754
0.26014760147601473,0.8757763975155279,0.7530560493469238
0.2592250922509225,0.8753894080996885,0.7531283497810364
0.25830258302583026,0.875,0.75325608253479
0.257380073800738,0.8746081504702194,0.75326007604599
0.257380073800738,0.8773584905660378,0.7534358501434326
0.2564575645756458,0.8769716088328076,0.7534509897232056
0.2555350553505535,0.8765822784810127,0.7535578012466431
0.2555350553505535,0.8793650793650793,0.7536171674728394
0.25461254612546125,0.8789808917197452,0.7538679838180542
0.253690036900369,0.8785942492012779,0.7541751861572266
0.25276752767527677,0.8782051282051282,0.7541830539703369
0.2518450184501845,0.8778135048231511,0.7543120980262756
0.25092250922509224,0.8774193548387097,0.7544281482696533
0.25,0.8770226537216829,0.7545455694198608
0.24907749077490776,0.8766233766233766,0.7547034621238708
0.2481549815498155,0.8762214983713354,0.7548742890357971
0.2481549815498155,0.8790849673202614,0.755039632320404
0.24723247232472326,0.8786885245901639,0.7551401853561401
0.246309963099631,0.8782894736842105,0.7555090188980103
0.24538745387453875,0.8778877887788779,0.7556697130203247
0.2444649446494465,0.8774834437086093,0.7557106018066406
0.2444649446494465,0.8803986710963455,0.7557607293128967
0.24354243542435425,0.88,0.7557865381240845
0.24261992619926198,0.8795986622073578,0.7559130787849426
0.24169741697416974,0.8791946308724832,0.7560457587242126
0.24077490774907748,0.8787878787878788,0.7560925483703613
0.23985239852398524,0.8783783783783784,0.7563373446464539
0.238929889298893,0.8779661016949153,0.7563391923904419
0.23800738007380073,0.8775510204081632,0.7563749551773071
0.2370848708487085,0.8771331058020477,0.7564278244972229
0.2370848708487085,0.8801369863013698,0.7566814422607422
0.23616236162361623,0.8797250859106529,0.7567824721336365
0.235239852398524,0.8793103448275862,0.756840169429779
0.23431734317343172,0.8788927335640139,0.7568470239639282
0.23431734317343172,0.8819444444444444,0.7568936347961426
0.2333948339483395,0.8815331010452961,0.7570304274559021
0.23247232472324722,0.8811188811188811,0.7570849657058716
0.23247232472324722,0.8842105263157894,0.7571128010749817
0.23154981549815498,0.8838028169014085,0.7571245431900024
0.23062730627306274,0.8833922261484098,0.7571401596069336
0.22970479704797048,0.8829787234042553,0.7571932673454285
0.22878228782287824,0.8825622775800712,0.7572360038757324
0.22785977859778597,0.8853046594982079,0.7575811743736267
0.22693726937269373,0.8848920863309353,0.7576054930686951
0.22601476014760147,0.8844765342960289,0.7576848268508911
0.22509225092250923,0.8840579710144928,0.7576870918273926
0.22416974169741696,0.8836363636363637,0.7581552863121033
0.22324723247232472,0.8832116788321168,0.7581658363342285
0.22232472324723246,0.8827838827838828,0.7583736181259155
0.22140221402214022,0.8823529411764706,0.758487343788147
0.22047970479704798,0.8819188191881919,0.7587209939956665
0.21955719557195572,0.8814814814814815,0.7587375044822693
0.21863468634686348,0.8810408921933085,0.758868932723999
0.2177121771217712,0.8805970149253731,0.758895218372345
0.21678966789667897,0.8801498127340824,0.7591903209686279
0.2158671586715867,0.8796992481203008,0.7593109011650085
0.2140221402214022,0.8787878787878788,0.7593238949775696
0.2140221402214022,0.8821292775665399,0.7593631744384766
0.21309963099630996,0.8816793893129771,0.7593719959259033
0.21217712177121772,0.8812260536398467,0.7593738436698914
0.21217712177121772,0.8846153846153846,0.7593847513198853
0.21125461254612546,0.8841698841698842,0.7594380974769592
0.21033210332103322,0.8837209302325582,0.7596601247787476
0.20940959409594095,0.8832684824902723,0.7597287893295288
0.20848708487084872,0.8828125,0.7597568035125732
0.20756457564575645,0.8823529411764706,0.7600947022438049
0.2047970479704797,0.8809523809523809,0.7602007985115051
0.20387453874538744,0.8804780876494024,0.7604472041130066
0.2029520295202952,0.88,0.7607536315917969
0.20202952029520296,0.8795180722891566,0.7607735991477966
0.20202952029520296,0.8830645161290323,0.761025071144104
0.2011070110701107,0.8825910931174089,0.7611837387084961
0.20018450184501846,0.8821138211382114,0.76132732629776
0.1992619926199262,0.8816326530612245,0.7613691687583923
0.19833948339483395,0.8811475409836066,0.7613976001739502
0.1974169741697417,0.8806584362139918,0.7615021467208862
0.19649446494464945,0.8801652892561983,0.761551022529602
0.19557195571955718,0.8796680497925311,0.761676549911499
0.19464944649446494,0.8791666666666667,0.7618059515953064
0.1937269372693727,0.8786610878661087,0.761847734451294
0.19280442804428044,0.8781512605042017,0.7618998289108276
0.1918819188191882,0.8776371308016878,0.7619386315345764
0.19095940959409594,0.8771186440677966,0.762089192867279
0.1900369003690037,0.8765957446808511,0.7621314525604248
0.18911439114391143,0.8760683760683761,0.76220703125
0.18911439114391143,0.8798283261802575,0.7623118162155151
0.1881918819188192,0.8793103448275862,0.7624308466911316
0.18726937269372693,0.8787878787878788,0.7624314427375793
0.1863468634686347,0.8782608695652174,0.762433648109436
0.18542435424354242,0.8777292576419214,0.7626590132713318
0.18450184501845018,0.8771929824561403,0.7626599669456482
0.18357933579335795,0.8766519823788547,0.7627304196357727
0.18357933579335795,0.8805309734513275,0.7627684473991394
0.18265682656826568,0.88,0.7630026340484619
0.18173431734317344,0.8794642857142857,0.763213038444519
0.18081180811808117,0.8828828828828829,0.7632891535758972
0.17988929889298894,0.8823529411764706,0.7633283138275146
0.17896678966789667,0.8818181818181818,0.7634645104408264
0.17804428044280443,0.8812785388127854,0.7635848522186279
0.17712177121771217,0.8807339449541285,0.7635946869850159
0.17619926199261993,0.880184331797235,0.7636891007423401
0.1752767527675277,0.8796296296296297,0.7637391090393066
0.17435424354243542,0.8790697674418605,0.7638217806816101
0.17343173431734318,0.8785046728971962,0.7638238668441772
0.17343173431734318,0.8826291079812206,0.7638643383979797
0.17250922509225092,0.8820754716981132,0.7639725208282471
0.17250922509225092,0.8862559241706162,0.7639973759651184
0.17250922509225092,0.8904761904761904,0.7640586495399475
0.17158671586715868,0.8899521531100478,0.7642123699188232
0.16974169741697417,0.8888888888888888,0.7642931938171387
0.1688191881918819,0.8883495145631068,0.7644015550613403
0.16789667896678967,0.8878048780487805,0.7644748687744141
0.1669741697416974,0.8872549019607843,0.7646561861038208
0.16605166051660517,0.8866995073891626,0.7648865580558777
0.16512915129151293,0.8861386138613861,0.7649150490760803
0.16420664206642066,0.8855721393034826,0.7650450468063354
0.16328413284132842,0.885,0.765174388885498
0.16328413284132842,0.8894472361809045,0.7653988599777222
0.16236162361623616,0.8888888888888888,0.7654229998588562
0.16051660516605165,0.8877551020408163,0.7654566764831543
0.1595940959409594,0.8871794871794871,0.7654601335525513
0.15867158671586715,0.8865979381443299,0.7655171155929565
0.1577490774907749,0.8860103626943006,0.7655865550041199
0.15682656826568267,0.8854166666666666,0.7657084465026855
0.15682656826568267,0.8900523560209425,0.7657774686813354
0.1559040590405904,0.8894736842105263,0.7659260034561157
0.15498154981549817,0.8888888888888888,0.7659912109375
0.15498154981549817,0.8936170212765957,0.7661266326904297
0.1540590405904059,0.893048128342246,0.7662997841835022
0.15313653136531366,0.8924731182795699,0.7663182616233826
0.1522140221402214,0.8918918918918919,0.766362190246582
0.15129151291512916,0.8913043478260869,0.766610860824585
0.1503690036900369,0.8907103825136612,0.7667065262794495
0.14944649446494465,0.8901098901098901,0.7667213678359985
0.14852398523985239,0.8895027624309392,0.766724169254303
0.14760147601476015,0.8888888888888888,0.7669041156768799
0.14760147601476015,0.8938547486033519,0.7671738862991333
0.1466789667896679,0.8932584269662921,0.7672977447509766
0.14575645756457564,0.8926553672316384,0.767562747001648
0.14575645756457564,0.8977272727272727,0.7675876617431641
0.1448339483394834,0.8971428571428571,0.7676953077316284
0.1448339483394834,0.9022988505747126,0.7678182125091553
0.14391143911439114,0.9017341040462428,0.7678258419036865
0.1429889298892989,0.9011627906976745,0.7680397033691406
0.14206642066420663,0.9005847953216374,0.7680833339691162
0.1411439114391144,0.9,0.7680966258049011
0.1411439114391144,0.9053254437869822,0.7685537338256836
0.14022140221402213,0.9047619047619048,0.7686147093772888
0.1392988929889299,0.9041916167664671,0.7686595916748047
0.13837638376383765,0.9036144578313253,0.7691205739974976
0.13745387453874539,0.9030303030303031,0.7691875696182251
0.13653136531365315,0.9024390243902439,0.7692726254463196
0.13560885608856088,0.901840490797546,0.7693389058113098
0.13468634686346864,0.9012345679012346,0.7693544626235962
0.13376383763837638,0.9006211180124224,0.7694274187088013
0.13284132841328414,0.9,0.7695744037628174
0.13191881918819187,0.89937106918239,0.7696678638458252
0.13099630996309963,0.8987341772151899,0.7698583006858826
0.13007380073800737,0.8980891719745223,0.7698656320571899
0.12915129151291513,0.8974358974358975,0.7699099779129028
0.1282287822878229,0.896774193548387,0.7699366211891174
0.12730627306273062,0.8961038961038961,0.7699837684631348
0.12638376383763839,0.8954248366013072,0.7701083421707153
0.12546125461254612,0.8947368421052632,0.7705814838409424
0.12453874538745388,0.8940397350993378,0.7707895040512085
0.12361623616236163,0.8933333333333333,0.7707995176315308
0.12269372693726938,0.8926174496644296,0.7708616852760315
0.12177121771217712,0.8918918918918919,0.770901083946228
0.12084870848708487,0.891156462585034,0.7711349129676819
0.11992619926199262,0.8904109589041096,0.7711505889892578
0.11900369003690037,0.8896551724137931,0.7712353467941284
0.11808118081180811,0.8888888888888888,0.7713348269462585
0.11715867158671586,0.8881118881118881,0.7713591456413269
0.11623616236162361,0.8873239436619719,0.7713993191719055
0.11531365313653137,0.8865248226950354,0.7714845538139343
0.11439114391143912,0.8857142857142857,0.7715638875961304
0.11346863468634687,0.8848920863309353,0.7715719938278198
0.11254612546125461,0.8840579710144928,0.7716320753097534
0.11254612546125461,0.8905109489051095,0.7716469764709473
0.11162361623616236,0.8897058823529411,0.7716758251190186
0.11070110701107011,0.8888888888888888,0.7719547748565674
0.10977859778597786,0.8880597014925373,0.7719916105270386
0.1088560885608856,0.8872180451127819,0.772060751914978
0.10793357933579335,0.8863636363636364,0.772071123123169
0.1070110701107011,0.8854961832061069,0.7722421884536743
0.10608856088560886,0.8846153846153846,0.77227383852005
0.10516605166051661,0.8837209302325582,0.7722787857055664
0.10424354243542436,0.8828125,0.772315263748169
0.1033210332103321,0.8818897637795275,0.7723478078842163
0.10239852398523985,0.8809523809523809,0.7723918557167053
0.1014760147601476,0.88,0.7724486589431763
0.10055350553505535,0.8790322580645161,0.7728203535079956
0.0996309963099631,0.8780487804878049,0.7728245258331299
0.0996309963099631,0.8852459016393442,0.7729567289352417
0.09870848708487084,0.8842975206611571,0.772957444190979
0.09778597785977859,0.8833333333333333,0.7731283903121948
0.09686346863468635,0.8823529411764706,0.773204505443573
0.09501845018450185,0.8879310344827587,0.7732047438621521
0.0940959409594096,0.8869565217391304,0.7732495665550232
0.09317343173431734,0.8859649122807017,0.7733802199363708
0.09225092250922509,0.8849557522123894,0.7734482288360596
0.09132841328413284,0.8839285714285714,0.7734799385070801
0.09132841328413284,0.8918918918918919,0.7738001346588135
0.09040590405904059,0.8909090909090909,0.7738706469535828
0.08948339483394833,0.8899082568807339,0.7740116715431213
0.08856088560885608,0.8888888888888888,0.7742127180099487
0.08856088560885608,0.897196261682243,0.7745348215103149
0.08763837638376384,0.8962264150943396,0.7748084664344788
0.08671586715867159,0.8952380952380953,0.7749801278114319
0.08579335793357934,0.8942307692307693,0.775014340877533
0.08394833948339483,0.8921568627450981,0.7750867605209351
0.08302583025830258,0.8910891089108911,0.7752228379249573
0.08210332103321033,0.89,0.7753132581710815
0.08118081180811808,0.8888888888888888,0.7755692005157471
0.08025830258302583,0.8877551020408163,0.7755812406539917
0.07933579335793357,0.8865979381443299,0.7756896018981934
0.07933579335793357,0.8958333333333334,0.7757745981216431
0.07841328413284133,0.8947368421052632,0.775862991809845
0.07749077490774908,0.8936170212765957,0.7758753299713135
0.07656826568265683,0.8924731182795699,0.7759395837783813
0.07564575645756458,0.8913043478260869,0.7760883569717407
0.07472324723247233,0.8901098901098901,0.7761143445968628
0.07380073800738007,0.8888888888888888,0.7761862277984619
0.07287822878228782,0.8876404494382022,0.7767823338508606
0.07195571955719557,0.8863636363636364,0.7768008708953857
0.07103321033210332,0.8850574712643678,0.7768700122833252
0.07011070110701106,0.8837209302325582,0.7770130038261414
0.07011070110701106,0.8941176470588236,0.77714604139328
0.06918819188191883,0.8928571428571429,0.7772557735443115
0.06826568265682657,0.891566265060241,0.7773707509040833
0.06734317343173432,0.8902439024390244,0.777641773223877
0.06642066420664207,0.8888888888888888,0.7776424884796143
0.06549815498154982,0.8875,0.7777356505393982
0.06457564575645756,0.8860759493670886,0.7779048681259155
0.06365313653136531,0.8846153846153846,0.7784134745597839
0.06273062730627306,0.8831168831168831,0.7785751223564148
0.061808118081180814,0.881578947368421,0.7786399126052856
0.06088560885608856,0.88,0.7795636653900146
0.05996309963099631,0.8783783783783784,0.7796501517295837
0.05904059040590406,0.8767123287671232,0.7798217535018921
0.058118081180811805,0.875,0.7799848318099976
0.05719557195571956,0.8732394366197183,0.780127763748169
0.05627306273062731,0.8714285714285714,0.780149519443512
0.055350553505535055,0.8695652173913043,0.7802678346633911
0.0544280442804428,0.8676470588235294,0.7802716493606567
0.05350553505535055,0.8656716417910447,0.7804365158081055
0.052583025830258305,0.8636363636363636,0.7811353802680969
0.05166051660516605,0.8615384615384616,0.7814803123474121
0.0507380073800738,0.859375,0.7815855741500854
0.04981549815498155,0.8571428571428571,0.7819188833236694
0.048892988929889296,0.8548387096774194,0.7820125818252563
0.04797047970479705,0.8524590163934426,0.7820854783058167
0.0470479704797048,0.85,0.7821218371391296
0.046125461254612546,0.847457627118644,0.7822214365005493
0.045202952029520294,0.8448275862068966,0.7823625802993774
0.045202952029520294,0.8596491228070176,0.7824380397796631
0.04428044280442804,0.8571428571428571,0.7824773788452148
0.043357933579335796,0.8545454545454545,0.7826847434043884
0.043357933579335796,0.8703703703703703,0.7828383445739746
0.042435424354243544,0.8679245283018868,0.7832635641098022
0.04151291512915129,0.8653846153846154,0.7834123969078064
0.04059040590405904,0.8627450980392157,0.7834724187850952
0.03966789667896679,0.86,0.783483624458313
0.03874538745387454,0.8571428571428571,0.7836105823516846
0.03782287822878229,0.8541666666666666,0.7836335301399231
0.03782287822878229,0.8723404255319149,0.7840347290039062
0.03690036900369004,0.8695652173913043,0.7841282486915588
0.035977859778597784,0.8666666666666667,0.7841727137565613
0.03505535055350553,0.8636363636363636,0.7842400074005127
0.03413284132841329,0.8604651162790697,0.7846682667732239
0.033210332103321034,0.8571428571428571,0.7846686840057373
0.03228782287822878,0.8536585365853658,0.7849297523498535
0.03136531365313653,0.85,0.7851999998092651
0.03044280442804428,0.8461538461538461,0.7853093147277832
0.02952029520295203,0.8421052631578947,0.7853929400444031
0.02859778597785978,0.8378378378378378,0.7856401205062866
0.027675276752767528,0.8333333333333334,0.7858196496963501
0.026752767527675275,0.8285714285714286,0.786031186580658
0.025830258302583026,0.8235294117647058,0.7862589955329895
0.024907749077490774,0.8181818181818182,0.7864093780517578
0.023985239852398525,0.8125,0.7866063117980957
0.023062730627306273,0.8064516129032258,0.7874648571014404
0.02214022140221402,0.8,0.7875484824180603
0.02214022140221402,0.8275862068965517,0.7883205413818359
0.021217712177121772,0.8214285714285714,0.7891833782196045
0.02029520295202952,0.8148148148148148,0.7892974615097046
0.01937269372693727,0.8076923076923077,0.7898291945457458
0.01845018450184502,0.8,0.7912536263465881
0.017527675276752766,0.7916666666666666,0.7915537357330322
0.016605166051660517,0.782608695652174,0.7921158671379089
0.015682656826568265,0.7727272727272727,0.7922953963279724
0.015682656826568265,0.8095238095238095,0.7924803495407104
0.014760147601476014,0.8,0.7925872802734375
0.014760147601476014,0.8421052631578947,0.7926654815673828
0.013837638376383764,0.8333333333333334,0.7931963205337524
0.013837638376383764,0.8823529411764706,0.7935277819633484
0.012915129151291513,0.875,0.7936325669288635
0.012915129151291513,0.9333333333333333,0.7944164276123047
0.011992619926199263,0.9285714285714286,0.7946585416793823
0.01107011070110701,0.9230769230769231,0.795419454574585
0.01014760147601476,0.9166666666666666,0.7980719804763794
0.00922509225092251,0.9090909090909091,0.7981519103050232
0.008302583025830259,0.9,0.7991196513175964
0.007380073800738007,0.8888888888888888,0.799588680267334
0.006457564575645757,0.875,0.8005131483078003
0.005535055350553505,0.8571428571428571,0.8011021018028259
0.004612546125461255,0.8333333333333334,0.8021559715270996
0.0036900369003690036,0.8,0.8028402924537659
0.0027675276752767526,0.75,0.80379319190979
0.0018450184501845018,0.6666666666666666,0.804039716720581
0.0018450184501845018,1.0,0.806978702545166
0.0009225092250922509,1.0,0.812606930732727
0.0,1.0,
