Recall,Precision,Threshold
1.0,0.49610983981693363,0.14848217368125916
1.0,0.49633699633699635,0.15338236093521118
1.0,0.49656436097114065,0.1571180820465088
1.0,0.49679193400549954,0.15761595964431763
0.9990774907749077,0.4965612104539202,0.1595243513584137
0.9990774907749077,0.49678899082568806,0.1597817987203598
0.9990774907749077,0.49701698026617713,0.16070039570331573
0.9990774907749077,0.4972451790633609,0.16082018613815308
0.9990774907749077,0.49747358750574183,0.16135640442371368
0.9990774907749077,0.4977022058823529,0.16172486543655396
0.9990774907749077,0.4979310344827586,0.16321633756160736
0.9990774907749077,0.4981600735970561,0.16436392068862915
0.9990774907749077,0.49838932351587667,0.16713596880435944
0.9990774907749077,0.4986187845303867,0.16769857704639435
0.9981549815498155,0.49838783970520495,0.16958282887935638
0.9981549815498155,0.4986175115207373,0.1697520911693573
0.9981549815498155,0.4988473951129553,0.1700051873922348
0.9981549815498155,0.49907749077490776,0.17000560462474823
0.9981549815498155,0.4993077988001846,0.17017316818237305
0.9981549815498155,0.4995383194829178,0.17062486708164215
0.9981549815498155,0.4997690531177829,0.17110919952392578
0.9981549815498155,0.5,0.17148861289024353
0.9981549815498155,0.5002311604253352,0.17173875868320465
0.9972324723247232,0.5,0.1718854457139969
0.996309963099631,0.4997686256362795,0.17258954048156738
0.996309963099631,0.5,0.17269276082515717
0.996309963099631,0.5002315886984715,0.1727629154920578
0.996309963099631,0.5004633920296571,0.1729699671268463
0.9944649446494465,0.5,0.1731734275817871
0.9935424354243543,0.4997679814385151,0.17478731274604797
0.9935424354243543,0.5,0.17480583488941193
0.9935424354243543,0.5002322340919647,0.17510521411895752
0.9935424354243543,0.5004646840148699,0.17588837444782257
0.9935424354243543,0.500697350069735,0.17611414194107056
0.9935424354243543,0.5009302325581395,0.1763031780719757
0.9935424354243543,0.5016301816488123,0.17642854154109955
0.9935424354243543,0.5018639328984157,0.17659521102905273
0.9935424354243543,0.5020979020979021,0.17710109055042267
0.9935424354243543,0.5025664955669622,0.17747949063777924
0.9935424354243543,0.5028011204481793,0.17759540677070618
0.9935424354243543,0.5030359645025689,0.17776000499725342
0.9935424354243543,0.5035063113604488,0.17789635062217712
0.9935424354243543,0.5037418147801683,0.17789742350578308
0.9935424354243543,0.5039775386055217,0.17844806611537933
0.9935424354243543,0.5042134831460674,0.17888399958610535
0.9935424354243543,0.5044496487119438,0.1792086809873581
0.9935424354243543,0.5046860356138707,0.17934803664684296
0.9935424354243543,0.5049226441631505,0.1795327067375183
0.9935424354243543,0.5051594746716698,0.17953726649284363
0.9935424354243543,0.5053965274519006,0.17954516410827637
0.992619926199262,0.5051643192488263,0.17971938848495483
0.992619926199262,0.5054015969938939,0.17984966933727264
0.992619926199262,0.5056390977443609,0.1799943596124649
0.992619926199262,0.5058768218147626,0.1803882122039795
0.992619926199262,0.5061147695202258,0.18044817447662354
0.992619926199262,0.5063529411764706,0.18094788491725922
0.992619926199262,0.5065913370998116,0.1813633292913437
0.992619926199262,0.5068299576071597,0.18229642510414124
0.992619926199262,0.5070688030160226,0.18275552988052368
0.992619926199262,0.5073078736445074,0.18283499777317047
0.992619926199262,0.5075471698113208,0.1835082471370697
0.9916974169741697,0.5073147711184521,0.18352147936820984
0.9916974169741697,0.5075542965061378,0.18354594707489014
0.9916974169741697,0.5077940481813887,0.1838936060667038
0.9916974169741697,0.5080340264650284,0.18476711213588715
0.9916974169741697,0.508274231678487,0.18486368656158447
0.9916974169741697,0.5092373282804358,0.18492956459522247
0.9916974169741697,0.509478672985782,0.1855202615261078
0.9916974169741697,0.5097202465623518,0.185727059841156
0.9916974169741697,0.5099620493358634,0.18576905131340027
0.9916974169741697,0.5102040816326531,0.185772106051445
0.9907749077490775,0.5116722248689852,0.18609826266765594
0.9907749077490775,0.5119161105815062,0.1861366331577301
0.9907749077490775,0.5124045801526718,0.18617595732212067
0.9907749077490775,0.5126491646778043,0.18646083772182465
0.9907749077490775,0.5128939828080229,0.18654435873031616
0.9907749077490775,0.5133843212237094,0.18678805232048035
0.9898523985239852,0.5131516021042564,0.18764573335647583
0.9898523985239852,0.5133971291866029,0.18808859586715698
0.9898523985239852,0.5136428913355673,0.18809503316879272
0.9898523985239852,0.5138888888888888,0.18822981417179108
0.9898523985239852,0.5141351221849545,0.1885221153497696
0.9898523985239852,0.5146282973621104,0.1886758804321289
0.9898523985239852,0.5148752399232246,0.18928873538970947
0.9898523985239852,0.5151224195871339,0.1894162893295288
0.9898523985239852,0.5153698366954851,0.18945293128490448
0.9898523985239852,0.5156174915905815,0.19000916182994843
0.9898523985239852,0.5158653846153847,0.19003205001354218
0.9898523985239852,0.5161135161135161,0.19024766981601715
0.9898523985239852,0.516610495907559,0.19024847447872162
0.9898523985239852,0.516859344894027,0.19029659032821655
0.9898523985239852,0.5171084337349398,0.19031548500061035
0.9898523985239852,0.5178571428571429,0.19031819701194763
0.9898523985239852,0.5181071945919845,0.19068966805934906
0.9898523985239852,0.5183574879227053,0.1909337043762207
0.9898523985239852,0.5188588007736944,0.1910047084093094
0.988929889298893,0.5186260280599904,0.19152414798736572
0.9880073800738007,0.5183930300096805,0.19154803454875946
0.9880073800738007,0.5186440677966102,0.1921524852514267
0.9880073800738007,0.5188953488372093,0.1922217458486557
0.9880073800738007,0.5193986420950534,0.19228939712047577
0.9880073800738007,0.519650655021834,0.1925470381975174
0.9880073800738007,0.5199029126213592,0.1929875612258911
0.9880073800738007,0.5201554152501214,0.1930377334356308
0.9880073800738007,0.5204081632653061,0.1933431327342987
0.9870848708487084,0.5201750121536218,0.19345663487911224
0.9861623616236163,0.5199416342412452,0.19357900321483612
0.9861623616236163,0.5201946472019465,0.193764328956604
0.9861623616236163,0.5204479065238559,0.19380122423171997
0.985239852398524,0.5202143205065758,0.19392330944538116
0.985239852398524,0.52046783625731,0.19425056874752045
0.9843173431734318,0.5202340321794247,0.1943024843931198
0.9833948339483395,0.52,0.19443295896053314
0.9833948339483395,0.5202537823328452,0.1950073093175888
0.9833948339483395,0.5205078125,0.19523939490318298
0.9833948339483395,0.5215264187866928,0.19529615342617035
0.9833948339483395,0.521781693587861,0.19544164836406708
0.9833948339483395,0.5222929936305732,0.19567452371120453
0.9833948339483395,0.5225490196078432,0.19572244584560394
0.9833948339483395,0.5228052967140755,0.19598770141601562
0.9833948339483395,0.5230618253189402,0.19615158438682556
0.9833948339483395,0.5233186057928326,0.1970096230506897
0.9833948339483395,0.5235756385068763,0.19715580344200134
0.9833948339483395,0.5238329238329238,0.197673499584198
0.9833948339483395,0.5240904621435595,0.19793593883514404
0.9833948339483395,0.5243482538121004,0.19809600710868835
0.9833948339483395,0.5248645987198425,0.19825412333011627
0.9833948339483395,0.5251231527093596,0.19835273921489716
0.9833948339483395,0.5253819615574175,0.19855117797851562
0.9833948339483395,0.5259003453379378,0.1987495869398117
0.9824723247232472,0.5256663376110563,0.19894510507583618
0.9824723247232472,0.5259259259259259,0.19895757734775543
0.9824723247232472,0.5261857707509882,0.1990586370229721
0.9824723247232472,0.5264458724666337,0.19938065111637115
0.9824723247232472,0.526706231454006,0.19983650743961334
0.9824723247232472,0.5269668480950025,0.1999092400074005
0.9824723247232472,0.5274888558692422,0.2000301033258438
0.981549815498155,0.5275161130391671,0.20017647743225098
0.981549815498155,0.5277777777777778,0.20055605471134186
0.9806273062730627,0.5275434243176179,0.2006761133670807
0.9806273062730627,0.5278053624627607,0.2010135054588318
0.9806273062730627,0.5280675608544461,0.20103967189788818
0.9806273062730627,0.5288557213930348,0.20104002952575684
0.9806273062730627,0.5291189646590343,0.20115697383880615
0.9806273062730627,0.5293824701195219,0.20129862427711487
0.9806273062730627,0.5296462381664175,0.2017025649547577
0.9806273062730627,0.5299102691924227,0.20194831490516663
0.9806273062730627,0.5301745635910224,0.2020079344511032
0.9806273062730627,0.530439121756487,0.202119842171669
0.9797047970479705,0.5302046929605592,0.20216694474220276
0.9787822878228782,0.52997002997003,0.202513188123703
0.9787822878228782,0.5302348825587206,0.20330548286437988
0.9787822878228782,0.5305,0.20347268879413605
0.9787822878228782,0.531031031031031,0.2038361132144928
0.9787822878228782,0.5312969454181272,0.2043495923280716
0.977859778597786,0.531062124248497,0.20480409264564514
0.977859778597786,0.531328320802005,0.20493550598621368
0.9769372693726938,0.5310932798395186,0.20497672259807587
0.9760147601476015,0.5308580030105369,0.20524419844150543
0.9760147601476015,0.5311244979919679,0.2055467963218689
0.9760147601476015,0.5313912606730287,0.20563216507434845
0.9760147601476015,0.5324609964771012,0.20601285994052887
0.9760147601476015,0.5327291037260826,0.20602133870124817
0.9760147601476015,0.5329974811083124,0.20647504925727844
0.9760147601476015,0.5332661290322581,0.20688551664352417
0.9760147601476015,0.5335350479072113,0.2070290446281433
0.9750922509225092,0.5332996972754793,0.20703540742397308
0.9750922509225092,0.5335689045936396,0.20740285515785217
0.9750922509225092,0.5338383838383839,0.20741109549999237
0.9750922509225092,0.5341081354219303,0.20752395689487457
0.9732472324723247,0.5336368234699039,0.20877647399902344
0.9732472324723247,0.5344478216818642,0.2090991586446762
0.9732472324723247,0.5347187024835276,0.20931455492973328
0.9723247232472325,0.534753932014206,0.2094329595565796
0.9714022140221402,0.534517766497462,0.20968036353588104
0.9714022140221402,0.5347892331132554,0.20974613726139069
0.9714022140221402,0.5350609756097561,0.20978501439094543
0.9704797047970479,0.5348246059989832,0.21024411916732788
0.9695571955719557,0.534587995930824,0.21112406253814697
0.9695571955719557,0.5348600508905852,0.21127896010875702
0.9695571955719557,0.5354049923586347,0.21151238679885864
0.9695571955719557,0.5356778797145769,0.21154603362083435
0.9695571955719557,0.5359510453850076,0.21181724965572357
0.9695571955719557,0.5370464997445069,0.211900532245636
0.9695571955719557,0.537321063394683,0.2126140594482422
0.9695571955719557,0.5375959079283887,0.2126554399728775
0.9686346863468634,0.5379098360655737,0.2129448503255844
0.9686346863468634,0.5381855458739108,0.2136792689561844
0.9677121771217713,0.5379487179487179,0.21445827186107635
0.9677121771217713,0.5382247306310929,0.21447552740573883
0.966789667896679,0.5379876796714579,0.2144913673400879
0.9630996309963099,0.5384218669417226,0.21481136977672577
0.9630996309963099,0.5386996904024768,0.21489933133125305
0.9621771217712177,0.5384615384615384,0.21511094272136688
0.9621771217712177,0.5387396694214877,0.21530751883983612
0.9621771217712177,0.5401346452615226,0.21579395234584808
0.9621771217712177,0.5404145077720207,0.21636910736560822
0.9621771217712177,0.5406946604458268,0.21639500558376312
0.9621771217712177,0.5409751037344398,0.216780424118042
0.9621771217712177,0.5412558380902958,0.21691732108592987
0.9621771217712177,0.5415368639667705,0.21712248027324677
0.9621771217712177,0.5418181818181819,0.21722356975078583
0.9621771217712177,0.5420997920997921,0.21745158731937408
0.9621771217712177,0.5423816952678107,0.21767379343509674
0.9621771217712177,0.5426638917793964,0.21772141754627228
0.9621771217712177,0.5429463820926601,0.21792323887348175
0.9621771217712177,0.5432291666666667,0.21855129301548004
0.9621771217712177,0.5435122459614382,0.21905191242694855
0.9621771217712177,0.5440792905581638,0.2192261666059494
0.9621771217712177,0.5443632567849687,0.21958522498607635
0.9621771217712177,0.5446475195822454,0.21962904930114746
0.9621771217712177,0.544932079414838,0.2199026346206665
0.9621771217712177,0.5452169367485624,0.2199115753173828
0.9621771217712177,0.5455020920502092,0.2201211303472519
0.9621771217712177,0.5457875457875457,0.22054287791252136
0.9612546125461254,0.5458355159769512,0.2210291028022766
0.9612546125461254,0.5461215932914046,0.2214505523443222
0.9612546125461254,0.5464079706345044,0.2219008058309555
0.9603321033210332,0.5467436974789915,0.22195319831371307
0.9603321033210332,0.5473186119873817,0.2223653495311737
0.9603321033210332,0.5478947368421052,0.22268716990947723
0.9603321033210332,0.5481832543443917,0.2228214591741562
0.9603321033210332,0.5484720758693361,0.22283285856246948
0.9603321033210332,0.5487612018977333,0.22287866473197937
0.9603321033210332,0.5490506329113924,0.2231292426586151
0.9603321033210332,0.5493403693931398,0.22326341271400452
0.9603321033210332,0.5496304118268216,0.2243385910987854
0.959409594095941,0.5493924986793449,0.22446513175964355
0.959409594095941,0.5496828752642706,0.22461017966270447
0.9575645756457565,0.5492063492063493,0.22530971467494965
0.9566420664206642,0.5489677077818952,0.22532919049263
0.9566420664206642,0.5492584745762712,0.22560040652751923
0.955719557195572,0.5490196078431373,0.2258947491645813
0.955719557195572,0.5493107104984093,0.2264123409986496
0.955719557195572,0.5496021220159151,0.22647538781166077
0.955719557195572,0.5498938428874734,0.2271241694688797
0.9547970479704797,0.5502392344497608,0.22712473571300507
0.9547970479704797,0.550531914893617,0.22714358568191528
0.9547970479704797,0.5508249068653539,0.2273021936416626
0.9547970479704797,0.5511182108626198,0.22784145176410675
0.9538745387453874,0.5523504273504274,0.22892162203788757
0.9529520295202952,0.5521111704970604,0.22896690666675568
0.9529520295202952,0.5524064171122994,0.22914162278175354
0.9529520295202952,0.5527019796682718,0.22916795313358307
0.9529520295202952,0.5529978586723768,0.22943347692489624
0.9529520295202952,0.5532940546331012,0.22968533635139465
0.9529520295202952,0.5538873994638069,0.23089882731437683
0.9529520295202952,0.5541845493562232,0.23135341703891754
0.9520295202952029,0.5539452495974235,0.2315504401922226
0.9511070110701108,0.5537056928034372,0.23185327649116516
0.9501845018450185,0.553465878559914,0.2319326400756836
0.9501845018450185,0.553763440860215,0.23251961171627045
0.9501845018450185,0.5540613232920926,0.23261481523513794
0.9492619926199262,0.553821313240043,0.23310840129852295
0.9492619926199262,0.5541195476575121,0.2347383201122284
0.9492619926199262,0.5547169811320755,0.23473982512950897
0.948339483394834,0.5547760388559093,0.2352953404188156
0.9474169741697417,0.5545356371490281,0.2358940988779068
0.9474169741697417,0.5548352242031335,0.23598526418209076
0.9464944649446494,0.5545945945945946,0.23669685423374176
0.9455719557195572,0.5546536796536796,0.2367999106645584
0.9455719557195572,0.5549539794260964,0.23694127798080444
0.9446494464944649,0.5547128927410617,0.23703716695308685
0.9446494464944649,0.5553145336225597,0.2375716269016266
0.9428044280442804,0.5548317046688382,0.23770825564861298
0.9418819188191881,0.55458989679522,0.23804838955402374
0.9418819188191881,0.5551930396954867,0.23814265429973602
0.9418819188191881,0.5554951033732318,0.23828141391277313
0.940959409594096,0.5552531301034295,0.23906759917736053
0.940959409594096,0.5555555555555556,0.23930731415748596
0.940959409594096,0.555858310626703,0.2393643856048584
0.940959409594096,0.5564648117839607,0.23937582969665527
0.940959409594096,0.5567685589519651,0.23973992466926575
0.9400369003690037,0.5565264882577826,0.24052481353282928
0.9391143911439115,0.5562841530054645,0.2408013641834259
0.9391143911439115,0.5565882996172772,0.24083541333675385
0.9391143911439115,0.5568927789934355,0.24091947078704834
0.9391143911439115,0.5571975916803503,0.24098297953605652
0.9391143911439115,0.5575027382256298,0.24112942814826965
0.9391143911439115,0.5578082191780822,0.24126088619232178
0.9391143911439115,0.5581140350877193,0.24159474670886993
0.9391143911439115,0.5584201865057598,0.2417280673980713
0.9391143911439115,0.5590334980779791,0.2419975847005844
0.9391143911439115,0.5593406593406594,0.24220402538776398
0.9381918819188192,0.5590984057174272,0.24239236116409302
0.9381918819188192,0.5594059405940595,0.2426733374595642
0.9372693726937269,0.5591634562465603,0.24323530495166779
0.9372693726937269,0.5594713656387665,0.243426114320755
0.933579335793358,0.5609756097560976,0.24414114654064178
0.933579335793358,0.5612867443150305,0.24432627856731415
0.9326568265682657,0.5610432852386238,0.2445206493139267
0.9326568265682657,0.5613548028872848,0.24533148109912872
0.9326568265682657,0.5616666666666666,0.24545879662036896
0.9326568265682657,0.5626043405676127,0.24563615024089813
0.9326568265682657,0.5629175946547884,0.24589478969573975
0.9317343173431735,0.5626740947075209,0.24611902236938477
0.9317343173431735,0.5629877369007804,0.24633190035820007
0.9308118081180812,0.5627440044617958,0.24635626375675201
0.9308118081180812,0.5633724176437744,0.24655359983444214
0.9308118081180812,0.5636871508379888,0.24657931923866272
0.9308118081180812,0.5640022358859698,0.24684195220470428
0.9261992619926199,0.5707788516202388,0.24810996651649475
0.9261992619926199,0.571103526734926,0.2484026998281479
0.9252767527675276,0.5708594194649972,0.24852396547794342
0.9252767527675276,0.5715099715099715,0.24879001080989838
0.9252767527675276,0.5728155339805825,0.24896955490112305
0.9252767527675276,0.5731428571428572,0.2491217404603958
0.9252767527675276,0.5734705546026301,0.24929751455783844
0.9252767527675276,0.5737986270022883,0.2498377412557602
0.9243542435424354,0.5742120343839542,0.24989235401153564
0.9243542435424354,0.5745412844036697,0.24996711313724518
0.9234317343173432,0.5742971887550201,0.2500394582748413
0.922509225092251,0.574052812858783,0.2505517303943634
0.9206642066420664,0.5735632183908046,0.25095176696777344
0.9206642066420664,0.5738930419781484,0.2510775327682495
0.9206642066420664,0.5742232451093211,0.25113922357559204
0.9197416974169742,0.5739781232009211,0.2521394193172455
0.9188191881918819,0.5737327188940092,0.2527303397655487
0.9188191881918819,0.5740634005763688,0.2530072033405304
0.9188191881918819,0.5743944636678201,0.253374844789505
0.9188191881918819,0.5747259088286208,0.2534474730491638
0.9188191881918819,0.5750577367205543,0.2536059617996216
0.9178966789667896,0.5748122472559214,0.25362154841423035
0.9178966789667896,0.5751445086705202,0.25379788875579834
0.9178966789667896,0.5754771544245229,0.2539405822753906
0.9169741697416974,0.5755645628257093,0.254109650850296
0.9169741697416974,0.5758980301274623,0.2541261911392212
0.9142066420664207,0.575493612078978,0.2541523575782776
0.9142066420664207,0.5758280069726903,0.25435227155685425
0.9142066420664207,0.5761627906976744,0.25466060638427734
0.9142066420664207,0.5768335273573924,0.25469493865966797
0.9142066420664207,0.5778425655976677,0.25556322932243347
0.9142066420664207,0.5781796966161027,0.25612616539001465
0.9142066420664207,0.5785172212492703,0.2561907470226288
0.9142066420664207,0.5791934541203975,0.25635263323783875
0.9142066420664207,0.57953216374269,0.2565496861934662
0.9132841328413284,0.5799648506151143,0.2578621208667755
0.9132841328413284,0.5803048065650644,0.25834718346595764
0.9132841328413284,0.5809859154929577,0.2585032880306244
0.9132841328413284,0.5813270698766883,0.2585179805755615
0.9132841328413284,0.581668625146886,0.25899016857147217
0.9123616236162362,0.5814226925338036,0.25923481583595276
0.9123616236162362,0.581764705882353,0.259414941072464
0.9123616236162362,0.5821071218363744,0.25951144099235535
0.9123616236162362,0.582449941107185,0.2596466541290283
0.9114391143911439,0.582203889216264,0.2598883807659149
0.9105166051660517,0.5829887773183697,0.2599424123764038
0.9105166051660517,0.5833333333333334,0.25996851921081543
0.9105166051660517,0.5836782968657599,0.26025500893592834
0.9105166051660517,0.5847156398104265,0.2611183524131775
0.9105166051660517,0.5850622406639004,0.26136693358421326
0.9105166051660517,0.5854092526690391,0.2613675892353058
0.9095940959409594,0.5851632047477745,0.2617080509662628
0.9086715867158671,0.5852644087938206,0.261778324842453
0.9077490774907749,0.586063132817153,0.2619958221912384
0.9068265682656826,0.5858164481525626,0.26207849383354187
0.9068265682656826,0.5861657722122838,0.2625398635864258
0.9059040590405905,0.5859188544152745,0.2630821168422699
0.9031365313653137,0.5862275449101796,0.26312875747680664
0.9022140221402214,0.5859796285200719,0.26334691047668457
0.9012915129151291,0.5864345738295318,0.2635021507740021
0.9012915129151291,0.5867867867867868,0.2637568712234497
0.9012915129151291,0.5871394230769231,0.26436853408813477
0.9012915129151291,0.5874924834636199,0.26443564891815186
0.9012915129151291,0.588199879590608,0.26493459939956665
0.9003690036900369,0.5883062085593731,0.2649369239807129
0.9003690036900369,0.5890162945081473,0.2652129828929901
0.9003690036900369,0.5893719806763285,0.2652275264263153
0.8994464944649446,0.5891238670694864,0.26544761657714844
0.8994464944649446,0.5894800483675937,0.2660021185874939
0.8994464944649446,0.5898366606170599,0.2662579119205475
0.8994464944649446,0.5901937046004843,0.2662593722343445
0.8985239852398524,0.5899454875832829,0.266342431306839
0.8966789667896679,0.5898058252427184,0.26638081669807434
0.8957564575645757,0.5895567698846388,0.2664662301540375
0.8957564575645757,0.5899149453219927,0.26666632294654846
0.8957564575645757,0.5902735562310031,0.26684635877609253
0.8957564575645757,0.5906326034063261,0.26692721247673035
0.8939114391143912,0.5919364691508857,0.2678154408931732
0.8939114391143912,0.5922982885085575,0.2680952548980713
0.8939114391143912,0.5926605504587156,0.26822173595428467
0.8939114391143912,0.5930232558139535,0.26847538352012634
0.8929889298892989,0.5927740355174526,0.2685229480266571
0.8929889298892989,0.5931372549019608,0.26860857009887695
0.8929889298892989,0.5935009196811772,0.2686554193496704
0.8929889298892989,0.5938650306748466,0.268985778093338
0.8929889298892989,0.5942295887047269,0.2689884901046753
0.8929889298892989,0.5945945945945946,0.2691178619861603
0.8920664206642066,0.5943454210202828,0.27011534571647644
0.8920664206642066,0.5947109471094711,0.2701670825481415
0.8920664206642066,0.5950769230769231,0.2705119848251343
0.8920664206642066,0.5958102279728897,0.2710147202014923
0.8911439114391144,0.5959284392350401,0.271124005317688
0.8911439114391144,0.5970333745364648,0.27129927277565
0.8911439114391144,0.5974025974025974,0.27261441946029663
0.8911439114391144,0.5977722772277227,0.2731502950191498
0.8902214022140221,0.5975232198142415,0.27340295910835266
0.8892988929889298,0.59727385377943,0.2737496793270111
0.8892988929889298,0.5976441413515189,0.27386340498924255
0.8892988929889298,0.598014888337469,0.2738805413246155
0.8892988929889298,0.5983860955927995,0.27445030212402344
0.8892988929889298,0.5987577639751552,0.2746802866458893
0.8892988929889298,0.5991298943443132,0.27469924092292786
0.8892988929889298,0.599502487562189,0.274776816368103
0.8892988929889298,0.5998755444928439,0.2750539183616638
0.8892988929889298,0.6002490660024906,0.2751368582248688
0.8865313653136532,0.6032642812303829,0.27538231015205383
0.8865313653136532,0.6036432160804021,0.2754398584365845
0.8856088560885609,0.6033940917661847,0.27675989270210266
0.8856088560885609,0.6037735849056604,0.2771493196487427
0.8856088560885609,0.604153555695406,0.2786499559879303
0.8846863468634686,0.6042848141146818,0.2788049578666687
0.8846863468634686,0.6046658259773013,0.2788863480091095
0.8837638376383764,0.6047979797979798,0.2789143919944763
0.8837638376383764,0.6051800379027164,0.27897247672080994
0.8837638376383764,0.6055625790139064,0.27926769852638245
0.8837638376383764,0.6059456040480709,0.2793824374675751
0.8828413284132841,0.6056962025316456,0.2799415588378906
0.8828413284132841,0.6060797973400887,0.2799522280693054
0.8819188191881919,0.605830164765526,0.27997589111328125
0.8819188191881919,0.6062143310082435,0.28104662895202637
0.8819188191881919,0.6065989847715736,0.28112560510635376
0.8819188191881919,0.606984126984127,0.28158843517303467
0.8809963099630996,0.6067344345616265,0.28231942653656006
0.8809963099630996,0.607120152574698,0.2825518846511841
0.8809963099630996,0.60828025477707,0.28274667263031006
0.8809963099630996,0.6086679413639261,0.2830195128917694
0.8809963099630996,0.6090561224489796,0.2832501530647278
0.8800738007380073,0.608806636885769,0.2833559811115265
0.8800738007380073,0.6091954022988506,0.28374046087265015
0.8791512915129152,0.6089456869009585,0.28378069400787354
0.8782287822878229,0.6094750320102432,0.2841772139072418
0.8782287822878229,0.6098654708520179,0.28467273712158203
0.8782287822878229,0.6102564102564103,0.28516796231269836
0.8782287822878229,0.6106478511866581,0.2857644259929657
0.8782287822878229,0.6110397946084724,0.28607693314552307
0.8773062730627307,0.6107899807321773,0.28624972701072693
0.8773062730627307,0.6111825192802056,0.2872716784477234
0.8754612546125461,0.6106821106821106,0.28786948323249817
0.8754612546125461,0.6110753380553767,0.28812268376350403
0.8754612546125461,0.6118633139909736,0.2889021337032318
0.8754612546125461,0.6122580645161291,0.28909555077552795
0.8754612546125461,0.6126533247256294,0.2891395390033722
0.8754612546125461,0.6130490956072352,0.28936767578125
0.8745387453874539,0.6127989657401423,0.2910813093185425
0.8745387453874539,0.6131953428201811,0.291241317987442
0.8745387453874539,0.6135922330097088,0.29172641038894653
0.8736162361623616,0.6137394685677252,0.2917960286140442
0.8726937269372693,0.6134889753566797,0.29195383191108704
0.8726937269372693,0.6138870863075925,0.29233425855636597
0.8717712177121771,0.6136363636363636,0.2931126356124878
0.8717712177121771,0.6140350877192983,0.29412272572517395
0.8708487084870848,0.6137841352405722,0.294519305229187
0.8708487084870848,0.6141834743005855,0.29497355222702026
0.8699261992619927,0.6139322916666666,0.29529696702957153
0.8699261992619927,0.6143322475570032,0.2955310344696045
0.8699261992619927,0.6147327249022164,0.2955603301525116
0.8699261992619927,0.6151337247227658,0.2958710491657257
0.8699261992619927,0.6155352480417755,0.2968834340572357
0.8690036900369004,0.615686274509804,0.2970315217971802
0.8680811808118081,0.6154349247874428,0.29789435863494873
0.8680811808118081,0.6158376963350786,0.29872769117355347
0.8671586715867159,0.6159895150720839,0.2990330159664154
0.8671586715867159,0.6167979002624672,0.3004319369792938
0.8671586715867159,0.6176084099868594,0.3010658919811249
0.8662361623616236,0.6173570019723866,0.3015546202659607
0.8662361623616236,0.6177631578947368,0.30230453610420227
0.8662361623616236,0.6181698485845951,0.30241838097572327
0.8662361623616236,0.6185770750988142,0.3026376962661743
0.8653136531365314,0.6183256427158866,0.30275553464889526
0.8653136531365314,0.6187335092348285,0.3030913472175598
0.8653136531365314,0.6191419141914192,0.30334123969078064
0.8643911439114391,0.6188903566710701,0.3036825358867645
0.8643911439114391,0.6192994051553206,0.30391955375671387
0.8643911439114391,0.6197089947089947,0.3039270043373108
0.8643911439114391,0.6205298013245033,0.3041587769985199
0.8634686346863468,0.6202783300198808,0.30455726385116577
0.8625461254612546,0.6204379562043796,0.30489227175712585
0.8625461254612546,0.6208499335989376,0.3054763674736023
0.8625461254612546,0.6212624584717608,0.3063463568687439
0.8616236162361623,0.6210106382978723,0.30652859807014465
0.8607011070110702,0.6207584830339321,0.3065463602542877
0.8607011070110702,0.6211717709720372,0.30658215284347534
0.8607011070110702,0.6215856095936043,0.3073098957538605
0.8607011070110702,0.622,0.3073700964450836
0.8607011070110702,0.6224149432955304,0.30738765001296997
0.8607011070110702,0.62283044058745,0.3077149987220764
0.8607011070110702,0.6232464929859719,0.30796533823013306
0.8597785977859779,0.6229946524064172,0.3088088035583496
0.8597785977859779,0.6234113712374582,0.309048056602478
0.8597785977859779,0.6238286479250335,0.3099142909049988
0.8588560885608856,0.62357669122572,0.31084880232810974
0.8579335793357934,0.6233243967828418,0.31103116273880005
0.8579335793357934,0.6237424547283702,0.3113340139389038
0.8579335793357934,0.6241610738255033,0.31134000420570374
0.8570110701107011,0.6239086635325722,0.3114665448665619
0.8570110701107011,0.6243279569892473,0.31149083375930786
0.8560885608856088,0.6240753194351042,0.31199875473976135
0.8560885608856088,0.6244952893674294,0.3120651841163635
0.8560885608856088,0.6249158249158249,0.31295740604400635
0.8560885608856088,0.6253369272237197,0.31345483660697937
0.8560885608856088,0.6257585974376264,0.31589803099632263
0.8551660516605166,0.6255060728744939,0.31661877036094666
0.8551660516605166,0.6259284267386901,0.3166739344596863
0.8551660516605166,0.6263513513513513,0.3189793825149536
0.8551660516605166,0.6267748478701826,0.31940704584121704
0.8551660516605166,0.6271989174560216,0.32085931301116943
0.8542435424354243,0.6269465132024373,0.3216186463832855
0.8542435424354243,0.6273712737127372,0.3237161338329315
0.8533210332103321,0.6271186440677966,0.3239557147026062
0.8523985239852399,0.6268656716417911,0.324410080909729
0.8514760147601476,0.626612355736592,0.32478266954421997
0.8514760147601476,0.6270380434782609,0.3250465989112854
0.8514760147601476,0.6274643099932019,0.32558366656303406
0.8514760147601476,0.6278911564625851,0.32574909925460815
0.8514760147601476,0.6283185840707964,0.3268166482448578
0.8514760147601476,0.6287465940054496,0.3269071578979492
0.8505535055350554,0.6284935241990457,0.3273013234138489
0.8496309963099631,0.6282401091405184,0.3283487558364868
0.8487084870848709,0.6279863481228669,0.3291670083999634
0.8477859778597786,0.6277322404371585,0.3292925953865051
0.8477859778597786,0.6285909712722298,0.32958531379699707
0.8459409594095941,0.6293754289636239,0.3307851254940033
0.8459409594095941,0.6298076923076923,0.33084723353385925
0.8459409594095941,0.6306740027510316,0.3310740292072296
0.8459409594095941,0.6311080523055747,0.3322080671787262
0.8459409594095941,0.6315426997245179,0.3323597311973572
0.8450184501845018,0.631288766368022,0.3325205147266388
0.8440959409594095,0.6310344827586207,0.33256322145462036
0.8440959409594095,0.6319060773480663,0.33288121223449707
0.8431734317343174,0.6316516931582584,0.33323776721954346
0.8431734317343174,0.632088520055325,0.33341294527053833
0.8431734317343174,0.6325259515570935,0.3336959481239319
0.8431734317343174,0.6329639889196675,0.33408498764038086
0.8422509225092251,0.6327096327096328,0.33410847187042236
0.8413284132841329,0.6324549237170597,0.33460772037506104
0.8404059040590406,0.6321998612074948,0.33488309383392334
0.8404059040590406,0.6326388888888889,0.335480272769928
0.8394833948339483,0.6323835997220292,0.33551764488220215
0.8394833948339483,0.6328233657858137,0.3365955948829651
0.8385608856088561,0.6325678496868476,0.33699366450309753
0.8385608856088561,0.633008356545961,0.3373183310031891
0.8385608856088561,0.6334494773519164,0.3378309905529022
0.8376383763837638,0.6331938633193863,0.3379184603691101
0.8376383763837638,0.633635729239358,0.3386518955230713
0.8376383763837638,0.6340782122905028,0.3386932611465454
0.8376383763837638,0.6345213137665968,0.33874642848968506
0.8376383763837638,0.634965034965035,0.3393514156341553
0.8376383763837638,0.635409377186844,0.3393874764442444
0.8367158671586716,0.6351540616246498,0.34009140729904175
0.8367158671586716,0.6355991590749824,0.3402634859085083
0.8357933579335793,0.635343618513324,0.3403659164905548
0.8357933579335793,0.6357894736842106,0.3403964340686798
0.8357933579335793,0.6366830639494027,0.34161093831062317
0.834870848708487,0.6364275668073136,0.34206607937812805
0.834870848708487,0.6368754398311048,0.3421018421649933
0.8339483394833949,0.6366197183098592,0.34271398186683655
0.8339483394833949,0.6370683579985905,0.34424954652786255
0.8339483394833949,0.6375176304654443,0.345017671585083
0.8330258302583026,0.6372618207480593,0.3459281623363495
0.8330258302583026,0.6377118644067796,0.34637877345085144
0.8321033210332104,0.6374558303886926,0.3468135893344879
0.8311808118081181,0.637650389242746,0.34716835618019104
0.8311808118081181,0.6381019830028328,0.3478359580039978
0.8311808118081181,0.6390070921985815,0.34833863377571106
0.8302583025830258,0.63875088715401,0.34894394874572754
0.8302583025830258,0.6392045454545454,0.35014280676841736
0.8293357933579336,0.6389481165600569,0.3504197895526886
0.8284132841328413,0.6386913229018493,0.35082757472991943
0.8284132841328413,0.6391459074733096,0.3510441184043884
0.8284132841328413,0.6396011396011396,0.35115116834640503
0.8284132841328413,0.6400570206699929,0.3511829674243927
0.8284132841328413,0.6405135520684736,0.35165682435035706
0.827490774907749,0.6402569593147751,0.3524501621723175
0.827490774907749,0.6411722659042173,0.35318946838378906
0.8219557195571956,0.6470588235294118,0.3538224995136261
0.8210332103321033,0.6468023255813954,0.35531750321388245
0.8210332103321033,0.6472727272727272,0.3556841313838959
0.8210332103321033,0.6477438136826783,0.3557063937187195
0.8201107011070111,0.6474872541879096,0.3558097183704376
0.8191881918819188,0.6481751824817519,0.3562231957912445
0.8182656826568265,0.6483918128654971,0.3570111393928528
0.8182656826568265,0.6488661302121433,0.35724207758903503
0.8173431734317343,0.6486090775988287,0.35731053352355957
0.816420664206642,0.6483516483516484,0.3578481674194336
0.816420664206642,0.6488269794721407,0.3578488230705261
0.8145756457564576,0.649264705882353,0.357970267534256
0.8136531365313653,0.6490066225165563,0.3582335114479065
0.8118081180811808,0.6489675516224189,0.3590945899486542
0.8118081180811808,0.6494464944649446,0.3594638705253601
0.8108856088560885,0.6511111111111111,0.3597227931022644
0.8108856088560885,0.6515937731653076,0.36010271310806274
0.8099630996309963,0.6513353115727003,0.3604724705219269
0.8099630996309963,0.651818856718634,0.36111459136009216
0.8099630996309963,0.6523031203566122,0.36114633083343506
0.809040590405904,0.6520446096654275,0.36134663224220276
0.8081180811808119,0.6517857142857143,0.36150601506233215
0.8081180811808119,0.652271034996277,0.36158236861228943
0.8081180811808119,0.6527570789865872,0.361930787563324
0.8081180811808119,0.6532438478747203,0.36233392357826233
0.8071955719557196,0.6529850746268657,0.36240431666374207
0.8062730627306273,0.6527259148618372,0.3628387749195099
0.8062730627306273,0.6532137518684604,0.3639442026615143
0.8053505535055351,0.6529543754674645,0.36440902948379517
0.8044280442804428,0.6526946107784432,0.36448147892951965
0.8044280442804428,0.6531835205992509,0.36479121446609497
0.8044280442804428,0.6536731634182908,0.3660759925842285
0.8035055350553506,0.6548872180451127,0.36640357971191406
0.8025830258302583,0.654627539503386,0.36672261357307434
0.8025830258302583,0.6551204819277109,0.3675859868526459
0.8025830258302583,0.6556141672946496,0.3686855137348175
0.801660516605166,0.6553544494720965,0.3697566092014313
0.801660516605166,0.6558490566037736,0.36983397603034973
0.801660516605166,0.6563444108761329,0.36983904242515564
0.801660516605166,0.6568405139833712,0.37096887826919556
0.7952029520295203,0.6580152671755726,0.3711926341056824
0.7952029520295203,0.6585179526355996,0.37133219838142395
0.7952029520295203,0.6590214067278287,0.3719107508659363
0.794280442804428,0.65876052027544,0.37246260046958923
0.794280442804428,0.6592649310872895,0.3729138970375061
0.794280442804428,0.6597701149425287,0.37294286489486694
0.794280442804428,0.6607828089025326,0.37337061762809753
0.794280442804428,0.6612903225806451,0.3734443187713623
0.794280442804428,0.6617986164488855,0.373893141746521
0.794280442804428,0.6623076923076923,0.37513473629951477
0.794280442804428,0.6628175519630485,0.37624281644821167
0.794280442804428,0.6633281972265023,0.37661218643188477
0.794280442804428,0.6638396299151889,0.376738041639328
0.7933579335793358,0.6635802469135802,0.37677156925201416
0.7933579335793358,0.6640926640926641,0.37780770659446716
0.7924354243542435,0.6638330757341576,0.37793779373168945
0.7924354243542435,0.6643464810518175,0.37793979048728943
0.7915129151291513,0.6640866873065016,0.3795963227748871
0.7915129151291513,0.6646010844306739,0.381197452545166
0.7915129151291513,0.6651162790697674,0.3815475106239319
0.7915129151291513,0.6656322730799069,0.38169699907302856
0.7915129151291513,0.6661490683229814,0.3816992938518524
0.790590405904059,0.6658896658896659,0.3820871114730835
0.790590405904059,0.666407465007776,0.38253408670425415
0.7896678966789668,0.666147859922179,0.38271817564964294
0.7878228782287823,0.6666666666666666,0.3835400342941284
0.7878228782287823,0.6671875,0.3836477994918823
0.7859778597785978,0.668235294117647,0.3842483162879944
0.7850553505535055,0.6684996072270227,0.38556012511253357
0.7850553505535055,0.6690251572327044,0.38577553629875183
0.7850553505535055,0.6695515342250197,0.38581129908561707
0.7850553505535055,0.6700787401574804,0.3864519000053406
0.7850553505535055,0.6706067769897557,0.3870849907398224
0.7841328413284133,0.6703470031545742,0.38708820939064026
0.783210332103321,0.6711462450592885,0.38793718814849854
0.783210332103321,0.6716772151898734,0.38793861865997314
0.783210332103321,0.672209026128266,0.39032936096191406
0.783210332103321,0.6727416798732171,0.39034658670425415
0.7822878228782287,0.6724821570182395,0.3906642198562622
0.7813653136531366,0.6722222222222223,0.39069458842277527
0.7804428044280443,0.6719618745035743,0.39071691036224365
0.7804428044280443,0.6724960254372019,0.3910200595855713
0.7804428044280443,0.6730310262529833,0.39195767045021057
0.7804428044280443,0.6735668789808917,0.39257267117500305
0.7804428044280443,0.6741035856573705,0.392782598733902
0.7804428044280443,0.6746411483253588,0.3932245969772339
0.7804428044280443,0.6751795690343176,0.39343351125717163
0.7804428044280443,0.677341873498799,0.39347323775291443
0.7804428044280443,0.6778846153846154,0.39386898279190063
0.7795202952029521,0.677626303127506,0.3938882350921631
0.7795202952029521,0.6781701444622793,0.3948338031768799
0.7795202952029521,0.678714859437751,0.39520934224128723
0.7795202952029521,0.6792604501607717,0.39533522725105286
0.7795202952029521,0.6798069187449718,0.3953481912612915
0.7776752767527675,0.6792908944399678,0.39569246768951416
0.7767527675276753,0.6812297734627831,0.39592689275741577
0.7767527675276753,0.6817813765182186,0.3963344693183899
0.775830258302583,0.6815235008103727,0.39708659052848816
0.7749077490774908,0.681265206812652,0.3972589671611786
0.7749077490774908,0.6834825061025224,0.3974442780017853
0.7749077490774908,0.6840390879478827,0.39774709939956665
0.7739852398523985,0.6837815810920945,0.39920762181282043
0.7730627306273062,0.6835236541598695,0.3996252417564392
0.7730627306273062,0.684640522875817,0.3997088670730591
0.772140221402214,0.6843826655764513,0.40122896432876587
0.7712177121771218,0.6841243862520459,0.4013119637966156
0.7702952029520295,0.6838656838656839,0.40154004096984863
0.7702952029520295,0.6844262295081968,0.40194782614707947
0.7693726937269373,0.6841673502871206,0.4038887917995453
0.7693726937269373,0.6847290640394089,0.4048214852809906
0.768450184501845,0.6844700082169268,0.40610864758491516
0.768450184501845,0.68559670781893,0.40633928775787354
0.7675276752767528,0.685337726523888,0.4066160321235657
0.7656826568265682,0.6870860927152318,0.4072922170162201
0.764760147601476,0.6868268434134217,0.4082098603248596
0.764760147601476,0.6873963515754561,0.4083032011985779
0.764760147601476,0.6879668049792531,0.4088129699230194
0.764760147601476,0.6885382059800664,0.4098444879055023
0.7638376383763837,0.6882793017456359,0.41011446714401245
0.7638376383763837,0.6888519134775375,0.41022053360939026
0.7638376383763837,0.6894254787676936,0.4108106195926666
0.7638376383763837,0.69,0.41107991337776184
0.7638376383763837,0.6905754795663053,0.4124003052711487
0.7638376383763837,0.6911519198664441,0.41260677576065063
0.7638376383763837,0.6917293233082706,0.41334807872772217
0.7638376383763837,0.6923076923076923,0.41364237666130066
0.7638376383763837,0.6928870292887029,0.4138203263282776
0.7638376383763837,0.6934673366834171,0.4138873815536499
0.7638376383763837,0.694048616932104,0.4139905869960785
0.7638376383763837,0.6946308724832215,0.41438284516334534
0.7638376383763837,0.6952141057934509,0.4144662320613861
0.7638376383763837,0.6957983193277311,0.4175831973552704
0.7629151291512916,0.6961279461279462,0.41774335503578186
0.7629151291512916,0.6967144060657119,0.41817232966423035
0.7619926199261993,0.6964586846543002,0.41879409551620483
0.7619926199261993,0.6970464135021097,0.4189125895500183
0.761070110701107,0.6967905405405406,0.4190276861190796
0.7601476014760148,0.6965342349957735,0.4190705418586731
0.7601476014760148,0.6971235194585449,0.41911736130714417
0.7592250922509225,0.6968670618120237,0.4195142686367035
0.7583025830258303,0.6966101694915254,0.4210618734359741
0.7583025830258303,0.6972010178117048,0.4213237166404724
0.7583025830258303,0.6977928692699491,0.4220695495605469
0.7583025830258303,0.6983857264231096,0.42231613397598267
0.7583025830258303,0.6989795918367347,0.4224438965320587
0.7583025830258303,0.6995744680851064,0.422760009765625
0.7583025830258303,0.7001703577512777,0.42506515979766846
0.7564575645756457,0.7002561912894961,0.4253808557987213
0.7564575645756457,0.7008547008547008,0.4254111647605896
0.7555350553505535,0.7005988023952096,0.4261558949947357
0.7555350553505535,0.7011986301369864,0.4266679883003235
0.7546125461254612,0.700942587832048,0.4266984164714813
0.753690036900369,0.7018900343642611,0.4269411563873291
0.753690036900369,0.702493551160791,0.42699918150901794
0.753690036900369,0.7030981067125646,0.42738309502601624
0.7527675276752768,0.7028423772609819,0.4280860722064972
0.7518450184501845,0.7025862068965517,0.4292200207710266
0.7509225092250923,0.7023295944779983,0.4300875961780548
0.7509225092250923,0.7029360967184801,0.43021026253700256
0.7509225092250923,0.7035436473638721,0.4303158223628998
0.7509225092250923,0.7041522491349481,0.43044641613960266
0.7509225092250923,0.7047619047619048,0.43212729692459106
0.75,0.7045060658578857,0.4322129189968109
0.75,0.7051170858629662,0.43278026580810547
0.7490774907749077,0.7048611111111112,0.4328683316707611
0.7490774907749077,0.7054735013032146,0.43410569429397583
0.7481549815498155,0.7052173913043478,0.4342663884162903
0.7472324723247232,0.7049608355091384,0.43525391817092896
0.746309963099631,0.7047038327526133,0.43712756037712097
0.746309963099631,0.7053182214472538,0.4379977583885193
0.7453874538745388,0.7050610820244329,0.43885931372642517
0.7435424354243543,0.705161854768154,0.4390083849430084
0.7435424354243543,0.7057793345008757,0.43922924995422363
0.742619926199262,0.7055214723926381,0.43978795409202576
0.7416974169741697,0.7052631578947368,0.440502405166626
0.7416974169741697,0.7058823529411765,0.4408431649208069
0.7416974169741697,0.7071240105540897,0.44108182191848755
0.7407749077490775,0.7068661971830986,0.441167414188385
0.7407749077490775,0.707488986784141,0.44120270013809204
0.7407749077490775,0.7081128747795414,0.44257545471191406
0.7407749077490775,0.7093639575971732,0.4438128173351288
0.7398523985239852,0.7091069849690539,0.4444681704044342
0.7398523985239852,0.7097345132743362,0.4447394609451294
0.7398523985239852,0.7103631532329495,0.44490715861320496
0.7398523985239852,0.7109929078014184,0.4452812373638153
0.7398523985239852,0.7116237799467613,0.44564104080200195
0.738929889298893,0.7113676731793961,0.4469478726387024
0.738929889298893,0.712,0.4471161961555481
0.7380073800738007,0.7117437722419929,0.448813796043396
0.7380073800738007,0.7123775601068566,0.45003774762153625
0.7361623616236163,0.7131367292225201,0.4514504373073578
0.735239852398524,0.7135183527305282,0.45203420519828796
0.735239852398524,0.71415770609319,0.45396023988723755
0.735239852398524,0.7147982062780269,0.455160915851593
0.735239852398524,0.7154398563734291,0.456161230802536
0.735239852398524,0.7160826594788859,0.4562719464302063
0.735239852398524,0.716726618705036,0.4563569724559784
0.7343173431734318,0.7177637511271415,0.45652732253074646
0.7333948339483395,0.7175090252707581,0.4567083716392517
0.7333948339483395,0.7181571815718157,0.45681074261665344
0.7333948339483395,0.7188065099457505,0.45726892352104187
0.7324723247232472,0.718552036199095,0.4579966962337494
0.7324723247232472,0.7192028985507246,0.4581051170825958
0.7324723247232472,0.7211625794732062,0.4593863785266876
0.731549815498155,0.7209090909090909,0.459911584854126
0.7306273062730627,0.7206551410373067,0.4605640769004822
0.7306273062730627,0.7213114754098361,0.46083754301071167
0.7297047970479705,0.7217153284671532,0.46107742190361023
0.7297047970479705,0.7223744292237443,0.4621196687221527
0.7297047970479705,0.7230347349177331,0.4621221423149109
0.7297047970479705,0.7236962488563586,0.4624885022640228
0.7287822878228782,0.7234432234432234,0.4639352262020111
0.727859778597786,0.7231897341888176,0.46424978971481323
0.7269372693726938,0.7229357798165138,0.46425315737724304
0.7260147601476015,0.7226813590449954,0.4649256765842438
0.7250922509225092,0.7224264705882353,0.4650465250015259
0.7250922509225092,0.7230910763569457,0.46518266201019287
0.724169741697417,0.7228360957642725,0.46612265706062317
0.724169741697417,0.7235023041474654,0.46640655398368835
0.7232472324723247,0.7232472324723247,0.4668918251991272
0.7232472324723247,0.7239150507848569,0.4674450159072876
0.7232472324723247,0.7245841035120147,0.4674827754497528
0.7232472324723247,0.7252543940795559,0.4675813317298889
0.7232472324723247,0.725925925925926,0.4694099426269531
0.7223247232472325,0.7256719184430028,0.4701804518699646
0.7204797047970479,0.7251624883936861,0.4716736972332001
0.7204797047970479,0.7258364312267658,0.4722195863723755
0.7204797047970479,0.7265116279069768,0.47273728251457214
0.7204797047970479,0.7271880819366853,0.47309988737106323
0.7204797047970479,0.727865796831314,0.473551869392395
0.7195571955719557,0.7276119402985075,0.473990797996521
0.7186346863468634,0.7273576097105509,0.4741074740886688
0.7177121771217713,0.7271028037383177,0.47433993220329285
0.716789667896679,0.7268475210477081,0.47467800974845886
0.716789667896679,0.7275280898876404,0.4748864769935608
0.7158671586715867,0.7272727272727273,0.4751347005367279
0.7158671586715867,0.7279549718574109,0.47531354427337646
0.7158671586715867,0.7286384976525822,0.4753791093826294
0.7149446494464945,0.7283834586466166,0.4761171340942383
0.7149446494464945,0.729068673565381,0.4768778085708618
0.7149446494464945,0.7297551789077212,0.477009117603302
0.7112546125461254,0.7287334593572778,0.47839996218681335
0.7112546125461254,0.7294228949858089,0.47920435667037964
0.7103321033210332,0.7291666666666666,0.4805993139743805
0.709409594095941,0.728909952606635,0.4807778298854828
0.7084870848708487,0.7286527514231499,0.4810621440410614
0.7084870848708487,0.7293447293447294,0.4813110828399658
0.7075645756457565,0.7290874524714829,0.48251354694366455
0.7066420664206642,0.7288296860133207,0.4826880991458893
0.705719557195572,0.7285714285714285,0.4827299118041992
0.7047970479704797,0.7283126787416587,0.48341670632362366
0.7038745387453874,0.728748806112703,0.4835914373397827
0.7029520295202952,0.7284894837476099,0.48383593559265137
0.7029520295202952,0.7291866028708134,0.48440107703208923
0.7029520295202952,0.7298850574712644,0.4870133101940155
0.7020295202952029,0.7296260786193672,0.487644761800766
0.7020295202952029,0.7303262955854126,0.4882908761501312
0.7020295202952029,0.7310278578290106,0.4888296127319336
0.7011070110701108,0.7307692307692307,0.48936936259269714
0.7011070110701108,0.7314725697786333,0.48988884687423706
0.7011070110701108,0.7321772639691715,0.4907223880290985
0.7011070110701108,0.7328833172613307,0.49179574847221375
0.7011070110701108,0.7335907335907336,0.4931294322013855
0.7001845018450185,0.7333333333333333,0.4969478249549866
0.6992619926199262,0.7330754352030948,0.49709591269493103
0.698339483394834,0.7328170377541142,0.4971826672554016
0.698339483394834,0.7335271317829457,0.498221755027771
0.6974169741697417,0.7332686711930165,0.4985305964946747
0.6964944649446494,0.7337220602526725,0.49881070852279663
0.6955719557195572,0.7334630350194552,0.4992417097091675
0.6946494464944649,0.7332035053554041,0.4995069205760956
0.6946494464944649,0.7339181286549707,0.4999323785305023
0.6937269372693727,0.7336585365853658,0.5004189014434814
0.6928044280442804,0.7333984375,0.5011380314826965
0.6928044280442804,0.7341153470185728,0.501427412033081
0.6928044280442804,0.7348336594911937,0.5015255808830261
0.6928044280442804,0.7355533790401567,0.5028620362281799
0.6918819188191881,0.7352941176470589,0.5034151077270508
0.690959409594096,0.7350343473994112,0.503596305847168
0.690959409594096,0.7357563850687623,0.5041555166244507
0.690959409594096,0.7364798426745329,0.5043587684631348
0.690959409594096,0.7372047244094488,0.5068373680114746
0.690959409594096,0.7379310344827587,0.5079319477081299
0.6900369003690037,0.73767258382643,0.5092330574989319
0.6900369003690037,0.7384007897334649,0.5096759796142578
0.6891143911439115,0.7381422924901185,0.5102128982543945
0.6891143911439115,0.7388724035608308,0.511013388633728
0.6891143911439115,0.7396039603960396,0.5112961530685425
0.6881918819188192,0.7393458870168483,0.5113120675086975
0.6881918819188192,0.7400793650793651,0.5113263726234436
0.6872693726937269,0.7398212512413108,0.5115875005722046
0.6872693726937269,0.7405566600397614,0.5135097503662109
0.6863468634686347,0.7402985074626866,0.514864444732666
0.6854243542435424,0.7400398406374502,0.515241265296936
0.6854243542435424,0.7407776669990029,0.5155034065246582
0.6845018450184502,0.7405189620758483,0.5163994431495667
0.6845018450184502,0.7412587412587412,0.5164022445678711
0.6845018450184502,0.742,0.5165079236030579
0.683579335793358,0.7417417417417418,0.5166032910346985
0.6826568265682657,0.7414829659318637,0.5168710947036743
0.6826568265682657,0.7422266800401204,0.516950786113739
0.6826568265682657,0.7429718875502008,0.5171557664871216
0.6826568265682657,0.7437185929648241,0.5180904865264893
0.6817343173431735,0.7434607645875252,0.5184351205825806
0.6798892988929889,0.7429435483870968,0.5188694000244141
0.6789667896678967,0.7426841574167508,0.5188843011856079
0.6780442804428044,0.7424242424242424,0.5191313028335571
0.6780442804428044,0.7431749241658241,0.5193301439285278
0.6771217712177122,0.742914979757085,0.5199297070503235
0.6761992619926199,0.7426545086119554,0.5201350450515747
0.6761992619926199,0.7434077079107505,0.5202828645706177
0.6761992619926199,0.7441624365482233,0.5220210552215576
0.6761992619926199,0.7449186991869918,0.5241521596908569
0.6761992619926199,0.745676500508647,0.524269700050354
0.6761992619926199,0.7464358452138493,0.5250073671340942
0.6752767527675276,0.746177370030581,0.5252335071563721
0.6743542435424354,0.7459183673469387,0.5258875489234924
0.6743542435424354,0.7466802860061287,0.5261135697364807
0.6743542435424354,0.7474437627811861,0.5261191129684448
0.6743542435424354,0.7482088024564995,0.5269641876220703
0.6734317343173432,0.7479508196721312,0.5273446440696716
0.6734317343173432,0.7487179487179487,0.5296953916549683
0.672509225092251,0.7484599589322382,0.5298478603363037
0.672509225092251,0.7492291880781089,0.5299892425537109
0.672509225092251,0.75,0.530678391456604
0.6715867158671587,0.7497425334706488,0.532036542892456
0.6715867158671587,0.7505154639175258,0.5325613617897034
0.6706642066420664,0.7502579979360166,0.5337860584259033
0.6697416974169742,0.75,0.5348517894744873
0.6697416974169742,0.750775594622544,0.535210132598877
0.6688191881918819,0.7505175983436853,0.5358465909957886
0.6678966789667896,0.7502590673575129,0.5367162227630615
0.6669741697416974,0.75,0.5373560190200806
0.6660516605166051,0.7497403946002077,0.5377996563911438
0.665129151291513,0.7494802494802495,0.5378150939941406
0.665129151291513,0.7502601456815817,0.5383108854293823
0.6623616236162362,0.7494780793319415,0.5386800765991211
0.6623616236162362,0.7502612330198537,0.5390356779098511
0.6623616236162362,0.7518324607329843,0.5393458604812622
0.6623616236162362,0.7526205450733753,0.5410041809082031
0.6623616236162362,0.7534102833158447,0.5426631569862366
0.6623616236162362,0.7542016806722689,0.5426868200302124
0.6623616236162362,0.7549947423764458,0.5435162782669067
0.6623616236162362,0.7557894736842106,0.543757438659668
0.6623616236162362,0.7565858798735511,0.5446568727493286
0.6614391143911439,0.7563291139240507,0.5447745323181152
0.6605166051660517,0.7560718057022175,0.5452879667282104
0.6605166051660517,0.7568710359408034,0.5463860630989075
0.6595940959409594,0.7566137566137566,0.5479694604873657
0.6595940959409594,0.7582184517497349,0.5482245683670044
0.6595940959409594,0.7590233545647559,0.5485541820526123
0.6595940959409594,0.7598299681190224,0.5487637519836426
0.6595940959409594,0.7606382978723404,0.5487858057022095
0.6586715867158671,0.7603833865814696,0.5487987995147705
0.6586715867158671,0.7611940298507462,0.5489910840988159
0.6568265682656826,0.7606837606837606,0.5501358509063721
0.6559040590405905,0.760427807486631,0.5505275130271912
0.6549815498154982,0.7601713062098501,0.5505417585372925
0.6549815498154982,0.7609860664523044,0.5513267517089844
0.6540590405904059,0.7607296137339056,0.5519649982452393
0.6540590405904059,0.761546723952739,0.5527254343032837
0.6531365313653137,0.7612903225806451,0.5528835654258728
0.6522140221402214,0.7610333692142088,0.553031325340271
0.6512915129151291,0.7607758620689655,0.5535387992858887
0.6512915129151291,0.761596548004315,0.5540763139724731
0.6503690036900369,0.7613390928725702,0.5540963411331177
0.6494464944649446,0.7610810810810811,0.5550597310066223
0.6476014760147601,0.7605633802816901,0.5553544163703918
0.6476014760147601,0.7613882863340564,0.55543053150177
0.6476014760147601,0.762214983713355,0.5555075407028198
0.6466789667896679,0.7619565217391304,0.5565542578697205
0.6457564575645757,0.7616974972796517,0.5570755004882812
0.6457564575645757,0.7625272331154684,0.5570892095565796
0.6457564575645757,0.7633587786259542,0.5578585863113403
0.6429889298892989,0.7634173055859803,0.558005690574646
0.6420664206642066,0.7631578947368421,0.5587899684906006
0.6411439114391144,0.7637362637362637,0.5605977773666382
0.6411439114391144,0.7645764576457645,0.5610625147819519
0.6411439114391144,0.7654185022026432,0.5614852905273438
0.6402214022140221,0.7651598676957001,0.5618430972099304
0.6392988929889298,0.7657458563535912,0.5619988441467285
0.6383763837638377,0.7654867256637168,0.5624421834945679
0.6374538745387454,0.7652270210409745,0.5625002980232239
0.6374538745387454,0.7660753880266076,0.5626161694526672
0.6365313653136532,0.7658157602663707,0.5627016425132751
0.6356088560885609,0.7655555555555555,0.5627098679542542
0.6346863468634686,0.7652947719688543,0.5634762048721313
0.6346863468634686,0.7661469933184856,0.5634980201721191
0.6346863468634686,0.7670011148272018,0.5640447735786438
0.6337638376383764,0.7667410714285714,0.5645397901535034
0.6337638376383764,0.7675977653631285,0.5649117231369019
0.6328413284132841,0.767337807606264,0.5649956464767456
0.6328413284132841,0.7681970884658454,0.5651370286941528
0.6328413284132841,0.7690582959641256,0.5653766393661499
0.6328413284132841,0.7699214365881033,0.5671776533126831
0.6328413284132841,0.7707865168539326,0.5673043131828308
0.6328413284132841,0.7716535433070866,0.5678184032440186
0.6328413284132841,0.7725225225225225,0.567947506904602
0.6328413284132841,0.7733934611048479,0.5679560899734497
0.6319188191881919,0.7731376975169301,0.5689966678619385
0.6300738007380073,0.7726244343891403,0.570928692817688
0.6300738007380073,0.7734994337485843,0.5712383985519409
0.6291512915129152,0.7732426303854876,0.5735138654708862
0.6291512915129152,0.7741203178206584,0.5738864541053772
0.6282287822878229,0.7738636363636363,0.5741344690322876
0.6273062730627307,0.7736063708759955,0.5741753578186035
0.6273062730627307,0.7744874715261959,0.5745137929916382
0.6263837638376384,0.774230330672748,0.5746450424194336
0.6245387453874539,0.7745995423340961,0.5747314691543579
0.6236162361623616,0.7743413516609393,0.5763260126113892
0.6217712177121771,0.7738231917336394,0.5763921141624451
0.6217712177121771,0.774712643678161,0.5765630006790161
0.6208487084870848,0.776239907727797,0.5765699148178101
0.6208487084870848,0.7771362586605081,0.576881468296051
0.6199261992619927,0.776878612716763,0.5770232081413269
0.6190036900369004,0.7775202780996524,0.5792299509048462
0.6190036900369004,0.7784222737819025,0.5794007778167725
0.6190036900369004,0.7793263646922184,0.5807066559791565
0.6190036900369004,0.7802325581395348,0.580758810043335
0.6180811808118081,0.779976717112922,0.5807836055755615
0.6180811808118081,0.7808857808857809,0.5810126066207886
0.6180811808118081,0.7817969661610268,0.5811651945114136
0.6171586715867159,0.7824561403508772,0.5815339088439941
0.6162361623616236,0.7822014051522248,0.5824683904647827
0.6153136531365314,0.7819460726846424,0.5829763412475586
0.6143911439114391,0.7816901408450704,0.5832442045211792
0.6134686346863468,0.781433607520564,0.583843469619751
0.6125461254612546,0.7811764705882352,0.5843405723571777
0.6116236162361623,0.7809187279151943,0.58449786901474
0.6107011070110702,0.7806603773584906,0.5862623453140259
0.6097785977859779,0.7804014167650531,0.5882464647293091
0.6097785977859779,0.7813238770685579,0.5895781517028809
0.6088560885608856,0.7810650887573964,0.5898977518081665
0.6079335793357934,0.7808056872037915,0.5905418992042542
0.6079335793357934,0.7817319098457889,0.590580940246582
0.6070110701107011,0.7814726840855107,0.5906928777694702
0.6070110701107011,0.7824019024970273,0.5909816026687622
0.6060885608856088,0.7821428571428571,0.591011106967926
0.6051660516605166,0.7818831942789034,0.5915863513946533
0.6042435424354243,0.7816229116945107,0.5933654308319092
0.6033210332103321,0.7813620071684588,0.5940252542495728
0.6023985239852399,0.7811004784688995,0.5943434834480286
0.6014760147601476,0.7808383233532934,0.5961165428161621
0.6005535055350554,0.7805755395683454,0.5966664552688599
0.5996309963099631,0.78031212484994,0.5974645614624023
0.5996309963099631,0.78125,0.5978363752365112
0.5987084870848709,0.7809867629362214,0.5979026556015015
0.5987084870848709,0.7819277108433735,0.5984817743301392
0.5977859778597786,0.781664656212304,0.5985652804374695
0.5959409594095941,0.781136638452237,0.5991406440734863
0.5950184501845018,0.7808716707021792,0.6000615954399109
0.5940959409594095,0.7806060606060606,0.6011513471603394
0.5931734317343174,0.7803398058252428,0.601327657699585
0.5931734317343174,0.7812879708383961,0.6015747785568237
0.5931734317343174,0.7822384428223844,0.6017841100692749
0.5931734317343174,0.7831912302070646,0.6025547981262207
0.5931734317343174,0.7841463414634147,0.6027442216873169
0.5931734317343174,0.7851037851037851,0.6030551791191101
0.5931734317343174,0.7860635696821516,0.6037770509719849
0.5931734317343174,0.7870257037943696,0.6040358543395996
0.5922509225092251,0.7867647058823529,0.6042377948760986
0.5913284132841329,0.7865030674846626,0.6049070358276367
0.5913284132841329,0.7874692874692875,0.60533607006073
0.5913284132841329,0.7884378843788438,0.6058597564697266
0.5913284132841329,0.7894088669950738,0.6058909893035889
0.5913284132841329,0.7903822441430333,0.6061943769454956
0.5904059040590406,0.7901234567901234,0.6063377857208252
0.5876383763837638,0.7903225806451613,0.6093742847442627
0.5867158671586716,0.7900621118012422,0.6096910834312439
0.5867158671586716,0.7920298879202988,0.6100289821624756
0.5857933579335793,0.7917705735660848,0.6103628873825073
0.5857933579335793,0.7927590511860175,0.610451340675354
0.584870848708487,0.7925,0.6112166047096252
0.5839483394833949,0.7922403003754693,0.6134253740310669
0.5830258302583026,0.7919799498746867,0.6154520511627197
0.5821033210332104,0.7917189460476788,0.6160586476325989
0.5821033210332104,0.792713567839196,0.6162408590316772
0.5811808118081181,0.7924528301886793,0.6165460348129272
0.5811808118081181,0.7934508816120907,0.6166918277740479
0.5811808118081181,0.7944514501891551,0.6167210340499878
0.5811808118081181,0.7954545454545454,0.6168903708457947
0.5811808118081181,0.7964601769911505,0.6171863079071045
0.5802583025830258,0.7962025316455696,0.6174788475036621
0.5802583025830258,0.7972116603295311,0.617701530456543
0.5793357933579336,0.7969543147208121,0.6183106899261475
0.5784132841328413,0.7966963151207116,0.6220052242279053
0.5784132841328413,0.7977099236641222,0.6235514879226685
0.577490774907749,0.7974522292993631,0.62376868724823
0.5765682656826568,0.8012820512820513,0.6238045692443848
0.5765682656826568,0.8023106546854942,0.6243972182273865
0.5765682656826568,0.8033419023136247,0.6254562139511108
0.5756457564575646,0.803088803088803,0.6258495450019836
0.5747232472324724,0.8028350515463918,0.6271519660949707
0.5738007380073801,0.8025806451612904,0.6281452178955078
0.5738007380073801,0.8036175710594315,0.6284499764442444
0.5728782287822878,0.8033635187580854,0.6290087699890137
0.5728782287822878,0.8044041450777202,0.6292955875396729
0.5719557195571956,0.8041504539559015,0.6309642791748047
0.5710332103321033,0.8059895833333334,0.6312854290008545
0.5701107011070111,0.8057366362451108,0.6318117380142212
0.5691881918819188,0.8054830287206266,0.6325925588607788
0.5682656826568265,0.8052287581699347,0.6330682039260864
0.5673431734317343,0.8049738219895288,0.6332492232322693
0.566420664206642,0.8047182175622543,0.6333602666854858
0.5654981549815498,0.8044619422572179,0.6343737840652466
0.5645756457564576,0.8052631578947368,0.6360079050064087
0.5627306273062731,0.8090185676392573,0.6365647912025452
0.5618081180811808,0.8087649402390438,0.6372496485710144
0.5608856088560885,0.8085106382978723,0.6376975774765015
0.5599630996309963,0.8082556591211718,0.6398729085922241
0.559040590405904,0.808,0.6405624151229858
0.5581180811808119,0.8088235294117647,0.6438360214233398
0.5571955719557196,0.8085676037483266,0.64609694480896
0.5562730627306273,0.8083109919571045,0.6466659307479858
0.5553505535055351,0.8080536912751678,0.6485732793807983
0.5553505535055351,0.8091397849462365,0.6496210098266602
0.5544280442804428,0.8088829071332436,0.6499428153038025
0.5544280442804428,0.8099730458221024,0.6510636210441589
0.5535055350553506,0.8097165991902834,0.651636004447937
0.5535055350553506,0.8108108108108109,0.6516386270523071
0.5525830258302583,0.8105548037889039,0.6522402763366699
0.551660516605166,0.8102981029810298,0.6547939777374268
0.551660516605166,0.8113975576662144,0.655329704284668
0.5507380073800738,0.811141304347826,0.6557025909423828
0.5498154981549815,0.8108843537414966,0.6560208797454834
0.5498154981549815,0.8119891008174387,0.656033992767334
0.5498154981549815,0.8130968622100955,0.6577752232551575
0.5488929889298892,0.8128415300546448,0.6616261005401611
0.5488929889298892,0.813953488372093,0.6625665426254272
0.5479704797047971,0.8136986301369863,0.6639251112937927
0.5470479704797048,0.813443072702332,0.6641215085983276
0.5452029520295203,0.81292984869326,0.6641318202018738
0.5452029520295203,0.8140495867768595,0.6645597815513611
0.544280442804428,0.8137931034482758,0.6661602854728699
0.5433579335793358,0.81353591160221,0.6674476265907288
0.5424354243542435,0.8132780082987552,0.667512059211731
0.5415129151291513,0.8130193905817175,0.6685799360275269
0.540590405904059,0.812760055478502,0.6686400175094604
0.5396678966789668,0.8136300417246175,0.6719863414764404
0.5387453874538746,0.8133704735376045,0.6720699071884155
0.5378228782287823,0.8131101813110181,0.6725591421127319
0.5378228782287823,0.8142458100558659,0.6730011701583862
0.5378228782287823,0.8153846153846154,0.673846423625946
0.5369003690036901,0.8151260504201681,0.6747781038284302
0.5359778597785978,0.814866760168303,0.678827166557312
0.5350553505535055,0.8146067415730337,0.6812971830368042
0.5350553505535055,0.8157524613220816,0.6817382574081421
0.5341328413284133,0.8154929577464789,0.6822291016578674
0.5341328413284133,0.8166431593794076,0.6848528385162354
0.5341328413284133,0.8177966101694916,0.685546338558197
0.533210332103321,0.8175388967468176,0.6858606338500977
0.533210332103321,0.8186968838526912,0.6860837936401367
0.5322878228782287,0.8184397163120567,0.6868565082550049
0.5322878228782287,0.8196022727272727,0.6906087398529053
0.5313653136531366,0.8193456614509246,0.6906930208206177
0.5313653136531366,0.8205128205128205,0.6918861865997314
0.5313653136531366,0.8216833095577746,0.6926875710487366
0.5304428044280443,0.8214285714285714,0.6930842995643616
0.5295202952029521,0.821173104434907,0.6946358680725098
0.5295202952029521,0.8223495702005731,0.696992039680481
0.5285977859778598,0.8220946915351507,0.699272871017456
0.5276752767527675,0.8218390804597702,0.7003800868988037
0.5276752767527675,0.823021582733813,0.7013590931892395
0.5267527675276753,0.8227665706051873,0.701530933380127
0.525830258302583,0.8225108225108225,0.7031188011169434
0.5249077490774908,0.8222543352601156,0.7047573924064636
0.5239852398523985,0.8219971056439942,0.7076541185379028
0.5230627306273062,0.8217391304347826,0.7127187252044678
0.5230627306273062,0.8229317851959361,0.7137041687965393
0.522140221402214,0.8226744186046512,0.7146486043930054
0.522140221402214,0.8238719068413392,0.7176360487937927
0.522140221402214,0.8250728862973761,0.7185437679290771
0.5212177121771218,0.8248175182481752,0.719094455242157
0.5212177121771218,0.8260233918128655,0.7193318009376526
0.5202952029520295,0.8257686676427526,0.7195173501968384
0.5193726937269373,0.8255131964809385,0.7206059694290161
0.518450184501845,0.8252569750367107,0.7207486629486084
0.5175276752767528,0.825,0.7246898412704468
0.5175276752767528,0.8262150220913107,0.7254344820976257
0.5166051660516605,0.8259587020648967,0.7260295152664185
0.5166051660516605,0.827178729689808,0.7272077798843384
0.5156826568265682,0.8269230769230769,0.7279504537582397
0.514760147601476,0.8266666666666667,0.7283374667167664
0.5138376383763837,0.8264094955489614,0.7306799292564392
0.5129151291512916,0.826151560178306,0.7320210933685303
0.5119926199261993,0.8258928571428571,0.7321327924728394
0.5119926199261993,0.827123695976155,0.7347345352172852
0.5119926199261993,0.8283582089552238,0.7350571155548096
0.5119926199261993,0.8295964125560538,0.73534095287323
0.5119926199261993,0.8308383233532934,0.7361547350883484
0.511070110701107,0.8305847076461769,0.7372929453849792
0.5101476014760148,0.8303303303303303,0.7381820678710938
0.5092250922509225,0.8300751879699249,0.7384752035140991
0.5083025830258303,0.8298192771084337,0.7387292385101318
0.5083025830258303,0.8310708898944194,0.7399125099182129
0.507380073800738,0.8308157099697885,0.7400230169296265
0.5064575645756457,0.8305597579425114,0.7408586740493774
0.5064575645756457,0.8318181818181818,0.7408814430236816
0.5064575645756457,0.8330804248861912,0.7415887117385864
0.5055350553505535,0.8328267477203647,0.7422658205032349
0.5055350553505535,0.8340943683409436,0.7423436045646667
0.5046125461254612,0.8338414634146342,0.74261474609375
0.5046125461254612,0.8351145038167939,0.7427306771278381
0.5046125461254612,0.8363914373088684,0.7431641817092896
0.503690036900369,0.8361408882082695,0.7436448335647583
0.503690036900369,0.8374233128834356,0.7451118230819702
0.503690036900369,0.8387096774193549,0.7452949285507202
0.5027675276752768,0.8384615384615385,0.7460593581199646
0.5018450184501845,0.8382126348228043,0.7463812232017517
0.5009225092250923,0.8379629629629629,0.746404767036438
0.5009225092250923,0.839258114374034,0.7467847466468811
0.5,0.8390092879256966,0.7472739219665527
0.5,0.8403100775193798,0.7474356889724731
0.5,0.8416149068322981,0.7478030323982239
0.5,0.8429237947122862,0.7478266358375549
0.49907749077490776,0.8426791277258567,0.7480844259262085
0.49907749077490776,0.84399375975039,0.7486370801925659
0.4981549815498155,0.84375,0.748762845993042
0.49723247232472323,0.8435054773082942,0.7490031719207764
0.496309963099631,0.8432601880877743,0.7490605115890503
0.496309963099631,0.8445839874411303,0.7497812509536743
0.49538745387453875,0.8443396226415094,0.7498570680618286
0.4944649446494465,0.8454258675078864,0.7498824000358582
0.4935424354243542,0.8451816745655608,0.7500603199005127
0.492619926199262,0.8449367088607594,0.7503975629806519
0.49169741697416974,0.8446909667194928,0.7509641647338867
0.49169741697416974,0.846031746031746,0.7522357702255249
0.4907749077490775,0.8457869634340223,0.7523645162582397
0.48985239852398527,0.8455414012738853,0.7527080178260803
0.488929889298893,0.8452950558213717,0.7530761957168579
0.48800738007380073,0.8450479233226837,0.7532112002372742
0.4870848708487085,0.8448,0.7532448172569275
0.4870848708487085,0.8461538461538461,0.7532764673233032
0.48616236162361626,0.8459069020866774,0.7535488605499268
0.48616236162361626,0.8472668810289389,0.7536160945892334
0.48523985239852396,0.8470209339774557,0.7537321448326111
0.48523985239852396,0.8483870967741935,0.7539331316947937
0.4843173431734317,0.8481421647819063,0.7539445757865906
0.4833948339483395,0.8478964401294499,0.7540953159332275
0.48247232472324725,0.8476499189627229,0.7542528510093689
0.48154981549815495,0.8474025974025974,0.7546154260635376
0.4806273062730627,0.8471544715447155,0.7563364505767822
0.4797047970479705,0.8469055374592834,0.7563381195068359
0.47878228782287824,0.8480392156862745,0.7564473152160645
0.477859778597786,0.8477905073649754,0.7565734386444092
0.4769372693726937,0.8475409836065574,0.7567552328109741
0.4769372693726937,0.8489326765188834,0.7570577263832092
0.47601476014760147,0.8486842105263158,0.7574325203895569
0.47509225092250923,0.8484349258649094,0.757575273513794
0.474169741697417,0.8481848184818482,0.7576162219047546
0.474169741697417,0.8495867768595041,0.7576797008514404
0.4732472324723247,0.8493377483443708,0.7576984763145447
0.47232472324723246,0.8490878938640133,0.7578710317611694
0.47232472324723246,0.8504983388704319,0.7578812837600708
0.4714022140221402,0.8502495840266223,0.7580599188804626
0.470479704797048,0.85,0.7584125995635986
0.46955719557195574,0.8497495826377296,0.7589377164840698
0.46863468634686345,0.8494983277591973,0.7591552138328552
0.4677121771217712,0.8492462311557789,0.7593780755996704
0.466789667896679,0.8489932885906041,0.7595418691635132
0.46586715867158673,0.8487394957983193,0.7596152424812317
0.4640221402214022,0.8482293423271501,0.7597490549087524
0.4640221402214022,0.8496621621621622,0.7599732875823975
0.46309963099630996,0.8494077834179357,0.7601019144058228
0.4621771217712177,0.8491525423728814,0.7601101994514465
0.4612546125461255,0.8488964346349746,0.760136067867279
0.4603321033210332,0.8486394557823129,0.7602438926696777
0.45940959409594095,0.848381601362862,0.7603353261947632
0.4584870848708487,0.8481228668941979,0.7604144215583801
0.4575645756457565,0.8478632478632478,0.7604784965515137
0.4566420664206642,0.8476027397260274,0.760970413684845
0.45571955719557194,0.8473413379073756,0.7609820365905762
0.4547970479704797,0.8470790378006873,0.7611744403839111
0.4547970479704797,0.8485370051635112,0.7612766623497009
0.4547970479704797,0.85,0.761543869972229
0.4547970479704797,0.8514680483592401,0.7615681886672974
0.4547970479704797,0.8529411764705882,0.7619264125823975
0.45387453874538747,0.8526863084922011,0.7621150016784668
0.4511070110701107,0.8519163763066202,0.7622832655906677
0.4492619926199262,0.8513986013986014,0.7623187899589539
0.4483394833948339,0.851138353765324,0.762442946434021
0.44649446494464945,0.8506151142355008,0.7626380324363708
0.4455719557195572,0.8503521126760564,0.7626787424087524
0.4446494464944649,0.8500881834215167,0.7626826763153076
0.4437269372693727,0.8498233215547704,0.7627226114273071
0.44280442804428044,0.8495575221238938,0.7627863883972168
0.4418819188191882,0.849290780141844,0.7629926800727844
0.44095940959409596,0.8490230905861457,0.7631199359893799
0.44003690036900367,0.8487544483985765,0.763272762298584
0.43911439114391143,0.8484848484848485,0.7633323073387146
0.4381918819188192,0.8482142857142857,0.7634660005569458
0.4381918819188192,0.8497316636851521,0.7634994387626648
0.43634686346863466,0.8491921005385996,0.7635882496833801
0.4354243542435424,0.8489208633093526,0.763720691204071
0.4345018450184502,0.8486486486486486,0.7639926671981812
0.4345018450184502,0.8501805054151624,0.7640179395675659
0.43357933579335795,0.8499095840867993,0.7641988396644592
0.4326568265682657,0.8496376811594203,0.7642971277236938
0.4308118081180812,0.8490909090909091,0.764308750629425
0.42988929889298894,0.848816029143898,0.7644214034080505
0.42988929889298894,0.8503649635036497,0.7644429206848145
0.4289667896678967,0.850091407678245,0.7646061778068542
0.42712177121771217,0.8495412844036697,0.7646481990814209
0.4261992619926199,0.8492647058823529,0.7646511197090149
0.4252767527675277,0.848987108655617,0.7646822929382324
0.42435424354243545,0.8487084870848709,0.7647609710693359
0.42343173431734316,0.8484288354898336,0.7647929787635803
0.4225092250922509,0.8481481481481481,0.7648471593856812
0.4215867158671587,0.8478664192949907,0.764971137046814
0.4215867158671587,0.8494423791821561,0.7650144696235657
0.42066420664206644,0.8491620111731844,0.7652994394302368
0.41974169741697415,0.8488805970149254,0.7653195858001709
0.41974169741697415,0.8504672897196262,0.7653625011444092
0.4188191881918819,0.850187265917603,0.7653954029083252
0.41789667896678967,0.849906191369606,0.7654308080673218
0.41697416974169743,0.849624060150376,0.7654461860656738
0.4160516605166052,0.8493408662900188,0.7654558420181274
0.41420664206642066,0.8487712665406427,0.765469491481781
0.4132841328413284,0.8484848484848485,0.7654781937599182
0.4114391143911439,0.8479087452471483,0.7655724287033081
0.41051660516605165,0.8476190476190476,0.7655869722366333
0.4095940959409594,0.8473282442748091,0.7656880617141724
0.4095940959409594,0.8489483747609943,0.7656996250152588
0.4086715867158672,0.8486590038314177,0.7657068371772766
0.4077490774907749,0.8483685220729367,0.7657238245010376
0.40682656826568264,0.8480769230769231,0.7657281160354614
0.4059040590405904,0.8477842003853564,0.7657511234283447
0.40498154981549817,0.8474903474903475,0.7657957077026367
0.4040590405904059,0.8471953578336557,0.7658529877662659
0.40313653136531363,0.8468992248062015,0.7659148573875427
0.40313653136531363,0.8485436893203884,0.765937328338623
0.4022140221402214,0.8482490272373541,0.7659801840782166
0.40129151291512916,0.847953216374269,0.7661763429641724
0.4003690036900369,0.84765625,0.7661910057067871
0.3994464944649446,0.8473581213307241,0.7662875056266785
0.3985239852398524,0.8470588235294118,0.7662898302078247
0.3985239852398524,0.8487229862475442,0.7663252353668213
0.39760147601476015,0.8484251968503937,0.7664439678192139
0.3966789667896679,0.8481262327416174,0.766483724117279
0.39575645756457567,0.8478260869565217,0.7665380239486694
0.3948339483394834,0.8475247524752475,0.766718864440918
0.39391143911439114,0.8472222222222222,0.7668659090995789
0.3929889298892989,0.8469184890656064,0.7670667767524719
0.3929889298892989,0.848605577689243,0.7670716047286987
0.39206642066420666,0.8483033932135728,0.767122745513916
0.39114391143911437,0.848,0.7672687768936157
0.39114391143911437,0.8496993987975952,0.767278254032135
0.39022140221402213,0.8493975903614458,0.767294704914093
0.39022140221402213,0.8511066398390342,0.7673170566558838
0.3892988929889299,0.8508064516129032,0.7673364877700806
0.38837638376383765,0.8505050505050505,0.7673712372779846
0.38837638376383765,0.8522267206477733,0.7674242258071899
0.3874538745387454,0.8519269776876268,0.7674593329429626
0.3865313653136531,0.8516260162601627,0.7676087617874146
0.3856088560885609,0.8513238289205702,0.7676223516464233
0.38468634686346864,0.8510204081632653,0.7676562070846558
0.3837638376383764,0.8507157464212679,0.767661452293396
0.3828413284132841,0.8504098360655737,0.7676919102668762
0.38191881918819187,0.8501026694045175,0.7677343487739563
0.38099630996309963,0.8497942386831275,0.7678318023681641
0.38099630996309963,0.8515463917525773,0.7678652405738831
0.38099630996309963,0.8533057851239669,0.768006443977356
0.3800738007380074,0.8530020703933747,0.7680097222328186
0.37915129151291516,0.8526970954356846,0.7680156230926514
0.37822878228782286,0.8523908523908524,0.7681459784507751
0.37822878228782286,0.8541666666666666,0.7681465744972229
0.3773062730627306,0.8538622129436325,0.768165111541748
0.3773062730627306,0.8556485355648535,0.7682480812072754
0.3763837638376384,0.8553459119496856,0.7682596445083618
0.37546125461254615,0.8550420168067226,0.7684823870658875
0.37453874538745385,0.8547368421052631,0.768482506275177
0.3736162361623616,0.8544303797468354,0.7684952616691589
0.3726937269372694,0.854122621564482,0.7684983015060425
0.37177121771217714,0.8538135593220338,0.7685960531234741
0.3699261992619926,0.8531914893617021,0.768599271774292
0.3699261992619926,0.8550106609808102,0.7686373591423035
0.36900369003690037,0.8547008547008547,0.7687388062477112
0.36900369003690037,0.8565310492505354,0.7687423229217529
0.36808118081180813,0.8562231759656652,0.7687551379203796
0.3671586715867159,0.8559139784946237,0.7687637805938721
0.3671586715867159,0.8577586206896551,0.7688204646110535
0.3662361623616236,0.857451403887689,0.7688429355621338
0.36531365313653136,0.8571428571428571,0.7688757181167603
0.36531365313653136,0.8590021691973969,0.7690474987030029
0.3643911439114391,0.8586956521739131,0.7690607309341431
0.3634686346863469,0.8583877995642701,0.7690950632095337
0.3634686346863469,0.8602620087336245,0.7691112756729126
0.3625461254612546,0.8599562363238512,0.7692892551422119
0.36162361623616235,0.8596491228070176,0.7693013548851013
0.35885608856088563,0.8587196467991169,0.7693108320236206
0.35793357933579334,0.8584070796460177,0.7693191170692444
0.3570110701107011,0.8580931263858093,0.7693638801574707
0.35608856088560886,0.8577777777777778,0.7693855166435242
0.3551660516605166,0.8574610244988864,0.7694129943847656
0.3551660516605166,0.859375,0.769463062286377
0.35424354243542433,0.8590604026845637,0.76948082447052
0.35424354243542433,0.8609865470852018,0.769605815410614
0.35424354243542433,0.8648648648648649,0.7696161270141602
0.3533210332103321,0.8645598194130926,0.7696620225906372
0.35239852398523985,0.8642533936651584,0.7698291540145874
0.3514760147601476,0.8639455782312925,0.7698404788970947
0.3505535055350554,0.8636363636363636,0.7698484659194946
0.3496309963099631,0.8633257403189066,0.7698880434036255
0.34870848708487084,0.863013698630137,0.7699010968208313
0.3477859778597786,0.8627002288329519,0.7699052691459656
0.34686346863468637,0.8623853211009175,0.7699759006500244
0.3459409594095941,0.8620689655172413,0.7700921297073364
0.34501845018450183,0.8617511520737328,0.770217776298523
0.34501845018450183,0.8637413394919169,0.7702556848526001
0.34317343173431736,0.8631090487238979,0.7703206539154053
0.3413284132841328,0.8624708624708625,0.7704380750656128
0.3404059040590406,0.8621495327102804,0.7704533338546753
0.33948339483394835,0.8618266978922716,0.7705637216567993
0.33948339483394835,0.863849765258216,0.7705663442611694
0.3385608856088561,0.8635294117647059,0.7706302404403687
0.3376383763837638,0.8632075471698113,0.7706475853919983
0.3367158671586716,0.8628841607565012,0.7706650495529175
0.33579335793357934,0.8625592417061612,0.7706741094589233
0.33579335793357934,0.8646080760095012,0.7707560658454895
0.33579335793357934,0.8666666666666667,0.7707911133766174
0.3348708487084871,0.8663484486873508,0.7708097696304321
0.3339483394833948,0.8660287081339713,0.7708116769790649
0.33302583025830257,0.8657074340527577,0.7708331346511841
0.33210332103321033,0.8653846153846154,0.7708947658538818
0.3311808118081181,0.8650602409638555,0.7709687948226929
0.3284132841328413,0.8640776699029126,0.7709705233573914
0.3274907749077491,0.8637469586374696,0.7710055112838745
0.32656826568265684,0.8634146341463415,0.7710211277008057
0.32564575645756455,0.863080684596577,0.7710333466529846
0.32564575645756455,0.8651960784313726,0.7711139917373657
0.3247232472324723,0.8648648648648649,0.7711273431777954
0.3247232472324723,0.8669950738916257,0.7711341977119446
0.3238007380073801,0.8666666666666667,0.7711639404296875
0.32287822878228783,0.8663366336633663,0.7711660265922546
0.32011070110701106,0.8675,0.7712500095367432
0.3182656826568266,0.8668341708542714,0.7713404893875122
0.3173431734317343,0.8664987405541562,0.7713573575019836
0.31642066420664205,0.8661616161616161,0.7713847756385803
0.3154981549815498,0.8658227848101265,0.7714197039604187
0.3145756457564576,0.8654822335025381,0.7715058326721191
0.31365313653136534,0.8651399491094147,0.7715064883232117
0.31273062730627305,0.8647959183673469,0.7715098857879639
0.3118081180811808,0.8644501278772379,0.7715502977371216
0.31088560885608857,0.8641025641025641,0.7715680599212646
0.30996309963099633,0.8637532133676092,0.7716406583786011
0.30904059040590404,0.8634020618556701,0.7716742753982544
0.30904059040590404,0.8656330749354005,0.7716827988624573
0.3081180811808118,0.8652849740932642,0.7717286944389343
0.30719557195571956,0.8649350649350649,0.7717421054840088
0.30719557195571956,0.8671875,0.7718249559402466
0.3062730627306273,0.8668407310704961,0.7718589305877686
0.3053505535055351,0.8664921465968587,0.7718998789787292
0.3044280442804428,0.8661417322834646,0.7719569206237793
0.3044280442804428,0.868421052631579,0.7720056176185608
0.3044280442804428,0.8707124010554089,0.7720376253128052
0.30350553505535055,0.8703703703703703,0.7720416784286499
0.3025830258302583,0.870026525198939,0.7721641063690186
0.3016605166051661,0.8696808510638298,0.7721757292747498
0.3007380073800738,0.8693333333333333,0.7722756862640381
0.3007380073800738,0.8716577540106952,0.7723069787025452
0.29981549815498154,0.871313672922252,0.772374153137207
0.2988929889298893,0.8709677419354839,0.7723994851112366
0.29797047970479706,0.8706199460916442,0.7724441885948181
0.29797047970479706,0.8729729729729729,0.7724689245223999
0.29704797047970477,0.8726287262872628,0.7725271582603455
0.29612546125461253,0.8722826086956522,0.7725529670715332
0.2952029520295203,0.8719346049046321,0.7725669145584106
0.2952029520295203,0.8743169398907104,0.7725923657417297
0.29428044280442806,0.873972602739726,0.7725929617881775
0.29428044280442806,0.8763736263736264,0.7727340459823608
0.2933579335793358,0.8760330578512396,0.7727870345115662
0.2924354243542435,0.8756906077348067,0.7727931141853333
0.2915129151291513,0.8753462603878116,0.7727959752082825
0.29059040590405905,0.875,0.7728738188743591
0.2896678966789668,0.8746518105849582,0.7728840112686157
0.2887453874538745,0.8743016759776536,0.7730492949485779
0.2887453874538745,0.876750700280112,0.7730612754821777
0.2887453874538745,0.8792134831460674,0.7730722427368164
0.2878228782287823,0.8788732394366198,0.7731980085372925
0.28690036900369004,0.8785310734463276,0.773259699344635
0.2859778597785978,0.8781869688385269,0.7732744812965393
0.28505535055350556,0.8778409090909091,0.7733333110809326
0.28413284132841327,0.8774928774928775,0.7734110355377197
0.283210332103321,0.8771428571428571,0.7734432816505432
0.2822878228782288,0.8767908309455588,0.7734893560409546
0.28136531365313655,0.8764367816091954,0.7735778093338013
0.28044280442804426,0.8760806916426513,0.7735921740531921
0.279520295202952,0.8757225433526011,0.7736209630966187
0.2785977859778598,0.8753623188405797,0.7736247777938843
0.27767527675276754,0.875,0.7737947702407837
0.2767527675276753,0.8746355685131195,0.7738367915153503
0.275830258302583,0.8742690058479532,0.7738456726074219
0.275830258302583,0.8768328445747801,0.7738590836524963
0.27490774907749077,0.8764705882352941,0.7742129564285278
0.27398523985239853,0.8761061946902655,0.7742170095443726
0.2730627306273063,0.8757396449704142,0.7742311954498291
0.27121771217712176,0.875,0.774289608001709
0.2693726937269373,0.874251497005988,0.7742936015129089
0.26845018450184505,0.8738738738738738,0.7743321061134338
0.26752767527675275,0.8734939759036144,0.7744072079658508
0.2666051660516605,0.8731117824773413,0.7744095325469971
0.2666051660516605,0.8757575757575757,0.7744898796081543
0.2656826568265683,0.8753799392097265,0.7745217084884644
0.26476014760147604,0.875,0.7745348811149597
0.26383763837638374,0.8746177370030581,0.7746194005012512
0.2629151291512915,0.8742331288343558,0.7747669219970703
0.26199261992619927,0.8738461538461538,0.7748646140098572
0.261070110701107,0.8734567901234568,0.7749475836753845
0.26014760147601473,0.8730650154798761,0.7750281095504761
0.2592250922509225,0.8726708074534162,0.7750963568687439
0.25830258302583026,0.8722741433021807,0.7751647233963013
0.257380073800738,0.871875,0.7752583622932434
0.2564575645756458,0.8714733542319749,0.7753589153289795
0.2564575645756458,0.8742138364779874,0.7753782272338867
0.2564575645756458,0.8769716088328076,0.7755154371261597
0.2555350553505535,0.8765822784810127,0.7756667733192444
0.25461254612546125,0.8761904761904762,0.7758272290229797
0.253690036900369,0.8757961783439491,0.775851309299469
0.253690036900369,0.8785942492012779,0.7758808135986328
0.25276752767527677,0.8782051282051282,0.7759338021278381
0.2518450184501845,0.8778135048231511,0.7759705781936646
0.25092250922509224,0.8774193548387097,0.7760487794876099
0.25,0.8770226537216829,0.7760763168334961
0.24907749077490776,0.8766233766233766,0.776121199131012
0.2481549815498155,0.8762214983713354,0.7762205600738525
0.24723247232472326,0.8758169934640523,0.7762427926063538
0.246309963099631,0.8754098360655738,0.7762739658355713
0.246309963099631,0.8782894736842105,0.7764607071876526
0.246309963099631,0.8811881188118812,0.7764829993247986
0.24538745387453875,0.8807947019867549,0.7765169739723206
0.2444649446494465,0.8803986710963455,0.7765485048294067
0.24354243542435425,0.88,0.7766291499137878
0.24261992619926198,0.8795986622073578,0.7766777276992798
0.24169741697416974,0.8791946308724832,0.7766847014427185
0.24077490774907748,0.8787878787878788,0.7766938805580139
0.23985239852398524,0.8783783783783784,0.7767252326011658
0.238929889298893,0.8779661016949153,0.7767504453659058
0.23800738007380073,0.8805460750853242,0.7769540548324585
0.2370848708487085,0.8801369863013698,0.777015209197998
0.23616236162361623,0.8797250859106529,0.7770165205001831
0.235239852398524,0.8793103448275862,0.7770422101020813
0.23431734317343172,0.8788927335640139,0.7770909667015076
0.2333948339483395,0.8784722222222222,0.7772266268730164
0.23247232472324722,0.8780487804878049,0.7772928476333618
0.23154981549815498,0.8776223776223776,0.7772991061210632
0.23062730627306274,0.8771929824561403,0.7774218320846558
0.22970479704797048,0.8767605633802817,0.7774845361709595
0.22878228782287824,0.8763250883392226,0.7774889469146729
0.22785977859778597,0.875886524822695,0.7775532007217407
0.22693726937269373,0.8754448398576512,0.7776269316673279
0.22601476014760147,0.875,0.7776366472244263
0.22509225092250923,0.8745519713261649,0.7776879072189331
0.22416974169741696,0.8741007194244604,0.7777143120765686
0.22324723247232472,0.8736462093862816,0.777729868888855
0.22232472324723246,0.8731884057971014,0.7777833342552185
0.22140221402214022,0.8727272727272727,0.7779041528701782
0.22047970479704798,0.8722627737226277,0.7779754400253296
0.21863468634686348,0.8713235294117647,0.7779830694198608
0.21863468634686348,0.8745387453874539,0.7780063152313232
0.2177121771217712,0.8740740740740741,0.7780115008354187
0.21678966789667897,0.8736059479553904,0.7780126333236694
0.21678966789667897,0.8768656716417911,0.77801913022995
0.2158671586715867,0.8764044943820225,0.7780520915985107
0.21494464944649447,0.8759398496240601,0.7784383893013
0.2140221402214022,0.8754716981132076,0.7784388065338135
0.21125461254612546,0.8740458015267175,0.778501570224762
0.21033210332103322,0.8735632183908046,0.7786876559257507
0.21033210332103322,0.8769230769230769,0.7787758111953735
0.20940959409594095,0.8764478764478765,0.7788286209106445
0.20848708487084872,0.875968992248062,0.7788907885551453
0.20756457564575645,0.8754863813229572,0.778989315032959
0.2066420664206642,0.875,0.7790831923484802
0.20571955719557194,0.8745098039215686,0.7791681885719299
0.2047970479704797,0.8740157480314961,0.7791752219200134
0.20387453874538744,0.8735177865612648,0.7791929244995117
0.2029520295202952,0.873015873015873,0.7792098522186279
0.20202952029520296,0.8725099601593626,0.7792838215827942
0.2011070110701107,0.872,0.7793006896972656
0.20018450184501846,0.8714859437751004,0.7793045043945312
0.20018450184501846,0.875,0.7793750166893005
0.1992619926199262,0.8744939271255061,0.7794516682624817
0.19833948339483395,0.8739837398373984,0.7794764041900635
0.1974169741697417,0.8734693877551021,0.7795302867889404
0.19649446494464945,0.8729508196721312,0.7796893119812012
0.19649446494464945,0.8765432098765432,0.7797033786773682
0.19649446494464945,0.8801652892561983,0.7797512412071228
0.19557195571955718,0.8796680497925311,0.7797514200210571
0.19464944649446494,0.8791666666666667,0.7798156142234802
0.1937269372693727,0.8786610878661087,0.7798222899436951
0.19280442804428044,0.8781512605042017,0.7798236012458801
0.1918819188191882,0.8776371308016878,0.7798264026641846
0.19095940959409594,0.8771186440677966,0.7799571752548218
0.1900369003690037,0.8765957446808511,0.7799577713012695
0.18911439114391143,0.8760683760683761,0.7799621224403381
0.1881918819188192,0.8755364806866953,0.779963493347168
0.18726937269372693,0.875,0.7799995541572571
0.18726937269372693,0.8787878787878788,0.7800220847129822
0.1863468634686347,0.8782608695652174,0.7801609635353088
0.18542435424354242,0.8777292576419214,0.7802857160568237
0.18450184501845018,0.8810572687224669,0.7804349064826965
0.18357933579335795,0.8805309734513275,0.7805063128471375
0.18265682656826568,0.88,0.7805122137069702
0.18173431734317344,0.8794642857142857,0.7805323600769043
0.18081180811808117,0.8789237668161435,0.7805681824684143
0.17988929889298894,0.8783783783783784,0.780604898929596
0.17896678966789667,0.8778280542986425,0.7807363271713257
0.17896678966789667,0.8818181818181818,0.78075110912323
0.17896678966789667,0.8858447488584474,0.7807875275611877
0.17804428044280443,0.8853211009174312,0.7808430194854736
0.17712177121771217,0.8847926267281107,0.7808787822723389
0.1752767527675277,0.8837209302325582,0.7809267640113831
0.17435424354243542,0.883177570093458,0.7809693217277527
0.17435424354243542,0.8873239436619719,0.7809911370277405
0.17343173431734318,0.8867924528301887,0.7811424136161804
0.17250922509225092,0.8862559241706162,0.781217098236084
0.17158671586715868,0.8857142857142857,0.7812792062759399
0.1706642066420664,0.8851674641148325,0.7812961339950562
0.16974169741697417,0.8846153846153846,0.781371533870697
0.1688191881918819,0.8840579710144928,0.7813733816146851
0.16789667896678967,0.883495145631068,0.7814502716064453
0.16789667896678967,0.8878048780487805,0.7815980315208435
0.16605166051660517,0.8866995073891626,0.7816539406776428
0.16512915129151293,0.8861386138613861,0.7816952466964722
0.16420664206642066,0.8855721393034826,0.781767725944519
0.16420664206642066,0.89,0.7818968296051025
0.16328413284132842,0.8894472361809045,0.7818971276283264
0.16236162361623616,0.8888888888888888,0.7819359302520752
0.16236162361623616,0.8934010152284264,0.7820164561271667
0.16143911439114392,0.8928571428571429,0.7820525169372559
0.16051660516605165,0.8923076923076924,0.7821195125579834
0.1595940959409594,0.8917525773195877,0.7821304798126221
0.15867158671586715,0.8911917098445595,0.7821566462516785
0.1577490774907749,0.890625,0.782211184501648
0.15682656826568267,0.8900523560209425,0.7823045253753662
0.1559040590405904,0.8894736842105263,0.7823615074157715
0.15498154981549817,0.8888888888888888,0.782370388507843
0.1540590405904059,0.8882978723404256,0.782371997833252
0.15313653136531366,0.8877005347593583,0.7824622988700867
0.1522140221402214,0.8870967741935484,0.7824791669845581
0.1522140221402214,0.8918918918918919,0.7824833989143372
0.15129151291512916,0.8913043478260869,0.782639741897583
0.1503690036900369,0.8907103825136612,0.7827135324478149
0.14944649446494465,0.8901098901098901,0.782871425151825
0.14944649446494465,0.8950276243093923,0.782886266708374
0.14852398523985239,0.8944444444444445,0.7829504013061523
0.14852398523985239,0.8994413407821229,0.7830235958099365
0.14760147601476015,0.898876404494382,0.7830281257629395
0.1466789667896679,0.8983050847457628,0.7830582857131958
0.14575645756457564,0.8977272727272727,0.7831792831420898
0.1448339483394834,0.8971428571428571,0.7831895351409912
0.1448339483394834,0.9022988505747126,0.7832043170928955
0.14391143911439114,0.9017341040462428,0.7834984064102173
0.1429889298892989,0.9011627906976745,0.7835251688957214
0.14206642066420663,0.9005847953216374,0.7836920619010925
0.1411439114391144,0.9,0.7838001847267151
0.14022140221402213,0.8994082840236687,0.7839305400848389
0.1392988929889299,0.8988095238095238,0.783939778804779
0.13837638376383765,0.8982035928143712,0.7839604616165161
0.13745387453874539,0.8975903614457831,0.7839832901954651
0.13653136531365315,0.896969696969697,0.784126877784729
0.13560885608856088,0.8963414634146342,0.7841686010360718
0.13468634686346864,0.8957055214723927,0.7842405438423157
0.13376383763837638,0.8950617283950617,0.7842714786529541
0.13284132841328414,0.8944099378881988,0.7842873334884644
0.13191881918819187,0.89375,0.7843154668807983
0.13099630996309963,0.8930817610062893,0.7843899130821228
0.13007380073800737,0.8924050632911392,0.7844979763031006
0.12915129151291513,0.89171974522293,0.7845335006713867
0.1282287822878229,0.8910256410256411,0.7847968935966492
0.12730627306273062,0.8903225806451613,0.7848028540611267
0.12638376383763839,0.8896103896103896,0.7848400473594666
0.12546125461254612,0.8888888888888888,0.7848635911941528
0.12453874538745388,0.8881578947368421,0.7848693132400513
0.12361623616236163,0.8874172185430463,0.7849287986755371
0.12269372693726938,0.8866666666666667,0.7850056290626526
0.12177121771217712,0.8859060402684564,0.7850127816200256
0.12084870848708487,0.8851351351351351,0.7850634455680847
0.11992619926199262,0.8843537414965986,0.7850844264030457
0.11900369003690037,0.8835616438356164,0.7851229310035706
0.11808118081180811,0.8827586206896552,0.7851375341415405
0.11715867158671586,0.8819444444444444,0.785161554813385
0.11623616236162361,0.8811188811188811,0.785212516784668
0.11531365313653137,0.8802816901408451,0.785264790058136
0.11439114391143912,0.8794326241134752,0.7852901220321655
0.11346863468634687,0.8785714285714286,0.7853007316589355
0.11346863468634687,0.8848920863309353,0.7853096723556519
0.11254612546125461,0.8840579710144928,0.7853269577026367
0.11162361623616236,0.8832116788321168,0.7853587865829468
0.11070110701107011,0.8823529411764706,0.7853879332542419
0.10977859778597786,0.8814814814814815,0.7854938507080078
0.1088560885608856,0.8805970149253731,0.7855158448219299
0.10793357933579335,0.8796992481203008,0.7855572700500488
0.1070110701107011,0.8787878787878788,0.7855634689331055
0.10608856088560886,0.8778625954198473,0.7856848239898682
0.10516605166051661,0.8769230769230769,0.7856878042221069
0.10424354243542436,0.875968992248062,0.7857027053833008
0.1033210332103321,0.875,0.7857290506362915
0.10239852398523985,0.8740157480314961,0.7857555150985718
0.1014760147601476,0.873015873015873,0.7857894897460938
0.10055350553505535,0.872,0.7858308553695679
0.0996309963099631,0.8709677419354839,0.7859421968460083
0.09870848708487084,0.8699186991869918,0.7859915494918823
0.09870848708487084,0.8770491803278688,0.7860121130943298
0.09778597785977859,0.8760330578512396,0.7860145568847656
0.09778597785977859,0.8833333333333333,0.7860941886901855
0.09686346863468635,0.8823529411764706,0.7862422466278076
0.09501845018450185,0.8879310344827587,0.7862424254417419
0.0940959409594096,0.8869565217391304,0.7862692475318909
0.09317343173431734,0.8859649122807017,0.7863475680351257
0.09225092250922509,0.8849557522123894,0.7863847017288208
0.09132841328413284,0.8839285714285714,0.7864073514938354
0.09132841328413284,0.8918918918918919,0.7865992784500122
0.09040590405904059,0.8909090909090909,0.7867112755775452
0.08948339483394833,0.8899082568807339,0.7868467569351196
0.08948339483394833,0.8981481481481481,0.7869104743003845
0.08856088560885608,0.897196261682243,0.7870400547981262
0.08763837638376384,0.8962264150943396,0.7872042655944824
0.08671586715867159,0.8952380952380953,0.7873278856277466
0.08487084870848709,0.8932038834951457,0.7873713970184326
0.08394833948339483,0.8921568627450981,0.7875074148178101
0.08302583025830258,0.8910891089108911,0.7876611948013306
0.08210332103321033,0.89,0.7876747250556946
0.08118081180811808,0.8888888888888888,0.7877334952354431
0.08118081180811808,0.8979591836734694,0.7878376841545105
0.08025830258302583,0.8969072164948454,0.7878451347351074
0.07933579335793357,0.8958333333333334,0.787973165512085
0.07841328413284133,0.8947368421052632,0.7880319952964783
0.07749077490774908,0.8936170212765957,0.7880747318267822
0.07656826568265683,0.8924731182795699,0.7883519530296326
0.07564575645756458,0.8913043478260869,0.7884016633033752
0.07472324723247233,0.8901098901098901,0.7884464859962463
0.07380073800738007,0.8888888888888888,0.7885293364524841
0.07380073800738007,0.898876404494382,0.7886093258857727
0.07287822878228782,0.8977272727272727,0.7886754274368286
0.07195571955719557,0.896551724137931,0.7887446284294128
0.07103321033210332,0.8953488372093024,0.7889077663421631
0.07011070110701106,0.8941176470588236,0.7889082431793213
0.06918819188191883,0.8928571428571429,0.7889643311500549
0.06826568265682657,0.891566265060241,0.7890180349349976
0.06734317343173432,0.8902439024390244,0.7890662550926208
0.06642066420664207,0.8888888888888888,0.7893116474151611
0.06549815498154982,0.8875,0.7893727421760559
0.06457564575645756,0.8860759493670886,0.7894701361656189
0.06365313653136531,0.8846153846153846,0.7895092368125916
0.06273062730627306,0.8831168831168831,0.7896021604537964
0.061808118081180814,0.881578947368421,0.7901185750961304
0.06088560885608856,0.88,0.7901970148086548
0.05996309963099631,0.8783783783783784,0.79022216796875
0.05904059040590406,0.8767123287671232,0.7902689576148987
0.058118081180811805,0.875,0.7903206944465637
0.05719557195571956,0.8732394366197183,0.7904915809631348
0.05627306273062731,0.8714285714285714,0.7904938459396362
0.055350553505535055,0.8695652173913043,0.7905934453010559
0.0544280442804428,0.8676470588235294,0.7909651398658752
0.05350553505535055,0.8656716417910447,0.7910158038139343
0.052583025830258305,0.8636363636363636,0.7912880778312683
0.05166051660516605,0.8615384615384616,0.7914897203445435
0.0507380073800738,0.859375,0.7915464639663696
0.04981549815498155,0.8571428571428571,0.7915598750114441
0.048892988929889296,0.8548387096774194,0.7915905714035034
0.04797047970479705,0.8524590163934426,0.7916727662086487
0.0470479704797048,0.85,0.7917582988739014
0.0470479704797048,0.864406779661017,0.7917995452880859
0.046125461254612546,0.8620689655172413,0.7918277978897095
0.045202952029520294,0.8596491228070176,0.791953444480896
0.045202952029520294,0.875,0.7920464277267456
0.04428044280442804,0.8727272727272727,0.7921826839447021
0.043357933579335796,0.8703703703703703,0.7923041582107544
0.042435424354243544,0.8679245283018868,0.7924306988716125
0.04151291512915129,0.8653846153846154,0.7924375534057617
0.04059040590405904,0.8627450980392157,0.7925145030021667
0.03966789667896679,0.86,0.7925283908843994
0.03966789667896679,0.8775510204081632,0.7926747798919678
0.03874538745387454,0.875,0.7928284406661987
0.03782287822878229,0.8723404255319149,0.792855441570282
0.03690036900369004,0.8695652173913043,0.7928861975669861
0.035977859778597784,0.8666666666666667,0.7928962707519531
0.03505535055350553,0.8636363636363636,0.7930975556373596
0.03413284132841329,0.8604651162790697,0.7933149933815002
0.033210332103321034,0.8571428571428571,0.7934792041778564
0.03228782287822878,0.8536585365853658,0.7935455441474915
0.03136531365313653,0.85,0.7935963869094849
0.03044280442804428,0.8461538461538461,0.7938557267189026
0.02952029520295203,0.8421052631578947,0.7941229343414307
0.02859778597785978,0.8378378378378378,0.7942144274711609
0.027675276752767528,0.8333333333333334,0.7943342328071594
0.026752767527675275,0.8285714285714286,0.7945328950881958
0.025830258302583026,0.8235294117647058,0.7946547865867615
0.024907749077490774,0.8181818181818182,0.7948569655418396
0.023985239852398525,0.8125,0.7949079275131226
0.023985239852398525,0.8387096774193549,0.7950107455253601
0.023062730627306273,0.8333333333333334,0.7953785061836243
0.02214022140221402,0.8275862068965517,0.796299397945404
0.021217712177121772,0.8214285714285714,0.7967584133148193
0.02029520295202952,0.8148148148148148,0.7968502640724182
0.01937269372693727,0.8076923076923077,0.7973542809486389
0.01845018450184502,0.8,0.7973887324333191
0.017527675276752766,0.7916666666666666,0.7978086471557617
0.017527675276752766,0.8260869565217391,0.7979220151901245
0.016605166051660517,0.8181818181818182,0.7979875802993774
0.016605166051660517,0.8571428571428571,0.7980354428291321
0.015682656826568265,0.85,0.7983611226081848
0.015682656826568265,0.8947368421052632,0.7985645532608032
0.014760147601476014,0.8888888888888888,0.7986288666725159
0.014760147601476014,0.9411764705882353,0.7992592453956604
0.013837638376383764,0.9375,0.7997273206710815
0.012915129151291513,0.9333333333333333,0.8000060319900513
0.011992619926199263,0.9285714285714286,0.80018150806427
0.01107011070110701,0.9230769230769231,0.8005766868591309
0.01014760147601476,0.9166666666666666,0.8007586002349854
0.00922509225092251,0.9090909090909091,0.8011267185211182
0.008302583025830259,0.9,0.8013625741004944
0.007380073800738007,0.8888888888888888,0.8014119863510132
0.006457564575645757,0.875,0.802010178565979
0.005535055350553505,0.8571428571428571,0.8027316331863403
0.004612546125461255,0.8333333333333334,0.8038920760154724
0.0036900369003690036,0.8,0.8049101829528809
0.0027675276752767526,0.75,0.8057547807693481
0.0018450184501845018,0.6666666666666666,0.8064969778060913
0.0018450184501845018,1.0,0.8068979978561401
0.0009225092250922509,1.0,0.8083807229995728
0.0,1.0,
