Actual,Predicted_Probability,Predicted_Class,Correct_Prediction,Model_A_Prediction,Model_B_Prediction,Prediction_Confidence,Prediction_Type
1,0.22219276,0,0,0.36341051101336946,0.21718063473000876,0.77780724,False Negative
0,0.46620166,1,0,0.6968668985229659,0.34130878911628615,0.53379834,False Positive
1,0.7528556,1,1,0.3694669404702359,0.8441536131014379,0.7528556,True Positive
0,0.79566324,1,0,0.7356948645572273,0.8241117899500012,0.79566324,False Positive
0,0.32210338,0,1,0.47731273274037683,0.3013776182071632,0.6778966,True Negative
0,0.3257745,0,1,0.2706772369306113,0.39843851524126905,0.6742255,True Negative
1,0.79687893,1,1,0.5198308286226102,0.9206204597730282,0.79687893,True Positive
0,0.34146515,0,1,0.47480150621540895,0.3224559685669269,0.6585349,True Negative
0,0.27262214,0,1,0.5204515762397431,0.2277436850637543,0.7273779,True Negative
1,0.15585881,0,0,0.1008201475979316,0.17094313538926117,0.8441412,False Negative
1,0.75476664,1,1,0.38586588134746896,0.8428691535182296,0.75476664,True Positive
0,0.5581721,1,0,0.5268132055208181,0.5023260208125733,0.5581721,False Positive
1,0.33458543,0,0,0.6322867149671366,0.2443786136573562,0.6654146,False Negative
1,0.52560234,1,1,0.2862482113074614,0.5808995653044666,0.52560234,True Positive
0,0.30682984,0,1,0.3947363261843831,0.3224559685669269,0.6931702,True Negative
1,0.67672086,1,1,0.6837027152312025,0.5887617041467856,0.67672086,True Positive
0,0.38572282,0,1,0.5299013578494259,0.34130878911628615,0.6142772,True Negative
1,0.77416736,1,1,0.5727295485973553,0.8229207890519311,0.77416736,True Positive
0,0.34910184,0,1,0.491897617376975,0.3224559685669269,0.65089816,True Negative
0,0.21448621,0,1,0.1008201475979316,0.3224559685669269,0.78551376,True Negative
0,0.20858859,0,1,0.07153056176538909,0.3224559685669269,0.7914114,True Negative
1,0.2525259,0,0,0.2967128370165242,0.3049865901171824,0.7474741,False Negative
1,0.76836854,1,1,0.31771605171363215,0.9137136083670088,0.76836854,True Positive
0,0.36415848,0,1,0.5251105105424345,0.3224559685669269,0.6358415,True Negative
0,0.22680189,0,1,0.3627448909363899,0.2277436850637543,0.7731981,True Negative
1,0.2536509,0,0,0.2610067500503871,0.3224559685669269,0.7463491,False Negative
1,0.72455007,1,1,0.38481585649648015,0.7762235768510172,0.72455007,True Positive
1,0.3733723,0,0,0.4633178199580954,0.3593749866294791,0.6266277,False Negative
1,0.22961257,0,0,0.17337156153504796,0.3224559685669269,0.7703874,False Negative
0,0.3610047,0,1,0.5182047224558644,0.3224559685669269,0.6389953,True Negative
1,0.7725076,1,1,0.5930802597197938,0.8089465035536259,0.7725076,True Positive
0,0.7424272,1,0,0.2413430297152035,0.8681993219042158,0.7424272,False Positive
0,0.32608795,0,1,0.43980143633044555,0.3224559685669269,0.67391205,True Negative
1,0.6784421,1,1,0.3694419935030787,0.6952605509342263,0.6784421,True Positive
1,0.5755416,1,1,0.7454686791266987,0.4198243176396146,0.5755416,True Positive
1,0.71766126,1,1,0.4220589959570325,0.7506043555527174,0.71766126,True Positive
0,0.5717138,1,0,0.36312784963320593,0.5887617041467856,0.5717138,False Positive
1,0.3088848,0,0,0.3996168918083411,0.3224559685669269,0.6911152,False Negative
1,0.7950946,1,1,0.7357650784372419,0.8221375448612186,0.7950946,True Positive
0,0.34102258,0,1,0.3694669404702359,0.36953306897800275,0.6589774,True Negative
0,0.747882,1,0,0.2613561173372102,0.8756234614429446,0.747882,False Positive
0,0.38571787,0,1,0.5716747723545225,0.3224559685669269,0.61428213,True Negative
0,0.21244717,0,1,0.2933521218840873,0.2277436850637543,0.78755283,True Negative
0,0.21279442,0,1,0.0924790301251476,0.3224559685669269,0.7872056,True Negative
0,0.3909166,1,0,0.5827512176811476,0.3224559685669269,0.6090834,False Positive
1,0.7535589,1,1,0.45995380368396893,0.8102179695156084,0.7535589,True Positive
1,0.8037543,1,1,0.6482069723329162,0.8896487431186482,0.8037543,True Positive
1,0.671293,1,1,0.6783113485559651,0.5808995653044666,0.671293,True Positive
1,0.31474072,0,0,0.4953775961951653,0.2854802829309368,0.6852593,False Negative
0,0.4775584,1,0,0.6573758256455853,0.36953306897800275,0.5224416,False Positive
1,0.34553984,0,0,0.48394560146869686,0.3224559685669269,0.6544602,False Negative
0,0.22478469,0,1,0.15059566042948236,0.3224559685669269,0.7752153,True Negative
1,0.77138007,1,1,0.5227592772568767,0.835463035297584,0.77138007,True Positive
0,0.24633284,0,1,0.24125353671660663,0.3224559685669269,0.7536672,True Negative
1,0.8019958,1,1,0.6578688100331161,0.8793326575145336,0.8019958,True Positive
0,0.31397587,0,1,0.4116316544666267,0.3224559685669269,0.6860241,True Negative
1,0.25454295,0,0,0.2633884389001247,0.3224559685669269,0.74545705,False Negative
0,0.23195763,0,1,0.4764360417273234,0.18588725224198227,0.7680424,True Negative
1,0.2862346,0,0,0.24041859519674022,0.36953306897800275,0.7137654,False Negative
0,0.2105898,0,1,0.2841276179345085,0.2277436850637543,0.78941023,True Negative
1,0.28228533,0,0,0.5682581365902377,0.21718063473000876,0.71771467,False Negative
0,0.3767074,0,1,0.5523434728732176,0.3224559685669269,0.62329257,True Negative
1,0.7763735,1,1,0.5892023596634103,0.8229207890519311,0.7763735,True Positive
0,0.4230865,1,0,0.2515819296453438,0.5023260208125733,0.5769135,False Positive
1,0.25898224,0,0,0.485074591388406,0.2277436850637543,0.74101776,False Negative
0,0.35897213,0,1,0.2979399466528415,0.4198243176396146,0.64102787,True Negative
0,0.25647876,0,1,0.2685384591181108,0.3224559685669269,0.7435212,True Negative
0,0.36351728,0,1,0.48889803232557866,0.33816238294079354,0.6364827,True Negative
0,0.45897216,1,0,0.7239338049344834,0.3224559685669269,0.54102784,False Positive
1,0.81002563,1,1,0.6262564738046715,0.921436297828222,0.81002563,True Positive
0,0.30770713,0,1,0.39682212786230175,0.3224559685669269,0.69229287,True Negative
1,0.31135017,0,0,0.16076417269977888,0.4328567627923461,0.68864983,False Negative
1,0.7744987,1,1,0.5130493176870463,0.8495049497194247,0.7744987,True Positive
0,0.73157257,1,0,0.1937008066610462,0.8574129737471511,0.73157257,False Positive
0,0.24120498,0,1,0.2267259866993874,0.3224559685669269,0.758795,True Negative
0,0.32467675,0,1,0.4365480644924825,0.3224559685669269,0.67532325,True Negative
1,0.7131368,1,1,0.5550566806583767,0.6981651887263601,0.7131368,True Positive
0,0.2946976,0,1,0.36553902571462915,0.3224559685669269,0.70530236,True Negative
0,0.38122264,0,1,0.5908817716966024,0.30944831491956126,0.6187774,True Negative
1,0.34056604,0,0,0.5863934536326086,0.2711924289150009,0.65943396,False Negative
1,0.28841045,0,0,0.3501342796760786,0.3224559685669269,0.7115896,False Negative
0,0.4877977,1,0,0.20967117961294673,0.5808995653044666,0.51220226,False Positive
0,0.35975155,0,1,0.5154535943273983,0.3224559685669269,0.6402484,True Negative
1,0.7862325,1,1,0.5458573522189842,0.8735742583282013,0.7862325,True Positive
0,0.31750757,0,1,0.6298176991283866,0.2277436850637543,0.68249243,True Negative
0,0.7441739,1,0,0.4672780010275697,0.7883396356971442,0.7441739,False Positive
0,0.29356736,0,1,0.3627838549794886,0.3224559685669269,0.70643264,True Negative
1,0.40395465,1,1,0.6103050386942718,0.3224559685669269,0.5960454,True Positive
1,0.28874916,0,0,0.3797984679924908,0.30944831491956126,0.71125084,False Negative
0,0.35019517,0,1,0.4943307952755821,0.3224559685669269,0.64980483,True Negative
1,0.44170898,1,1,0.6886366746120736,0.3224559685669269,0.558291,True Positive
1,0.24124113,0,0,0.22688951785694345,0.3224559685669269,0.7587589,False Negative
0,0.7608618,1,0,0.6500385036119145,0.763156388106813,0.7608618,False Positive
0,0.17673299,0,1,0.1937008066610462,0.18588725224198227,0.823267,True Negative
1,0.7956309,1,1,0.691586055705709,0.8428691535182296,0.7956309,True Positive
0,0.57549834,1,0,0.5625282900987975,0.5023260208125733,0.57549834,False Positive
0,0.23734744,0,1,0.20917211379503897,0.3224559685669269,0.7626526,True Negative
0,0.71223575,1,0,0.7170232737859773,0.6431444898610612,0.71223575,False Positive
0,0.23674324,0,1,0.40899624455142136,0.2277436850637543,0.7632568,True Negative
1,0.8232219,1,1,0.7409342533983492,0.921436297828222,0.8232219,True Positive
1,0.3406142,0,0,0.4728852898644754,0.3224559685669269,0.6593858,False Negative
1,0.74889255,1,1,0.39176025470467696,0.8229207890519311,0.74889255,True Positive
1,0.76621646,1,1,0.49429008302217237,0.8314749301764279,0.76621646,True Positive
0,0.7802837,1,0,0.48394560146869686,0.8805573295042561,0.7802837,False Positive
0,0.2426305,0,1,0.29680938113960353,0.29270157150265674,0.7573695,True Negative
1,0.4036885,1,1,0.6097453587853333,0.3224559685669269,0.5963115,True Positive
1,0.31702808,0,0,0.41878410992180487,0.3224559685669269,0.68297195,False Negative
0,0.19756992,0,1,0.217717113547401,0.2277436850637543,0.8024301,True Negative
1,0.5701914,1,1,0.3774078417671883,0.5808995653044666,0.5701914,True Positive
1,0.78785086,1,1,0.6768336050292934,0.8229207890519311,0.78785086,True Positive
0,0.17614546,0,1,0.1008201475979316,0.2277436850637543,0.82385457,True Negative
1,0.33205453,0,0,0.4534780783905476,0.3224559685669269,0.6679455,False Negative
1,0.5575553,1,1,0.7208263875686785,0.4142168986196265,0.5575553,True Positive
1,0.7642966,1,1,0.4434287592373684,0.8472843955550605,0.7642966,True Positive
0,0.2609814,0,1,0.4534649044228056,0.2443786136573562,0.73901856,True Negative
0,0.28014413,0,1,0.3295726885088917,0.3224559685669269,0.7198559,True Negative
0,0.33367303,0,1,0.45716650589008767,0.3224559685669269,0.666327,True Negative
0,0.18376482,0,1,0.2650885350936901,0.17094313538926117,0.8162352,True Negative
0,0.21581943,0,1,0.5238308541889966,0.12775389484433478,0.7841806,True Negative
0,0.23347807,0,1,0.11239562786652536,0.3593749866294791,0.76652193,True Negative
0,0.22671367,0,1,0.45185967167376856,0.18588725224198227,0.77328634,True Negative
1,0.73448503,1,1,0.24405805627022836,0.8441536131014379,0.73448503,True Positive
0,0.72712046,1,0,0.2814989307419808,0.8152643791598343,0.72712046,False Positive
1,0.79460174,1,1,0.7300020158577358,0.8229207890519311,0.79460174,True Positive
0,0.23472834,0,1,0.4279082093269292,0.2145716226256943,0.76527166,True Negative
1,0.78994113,1,1,0.5512222921563648,0.8836369633925153,0.78994113,True Positive
1,0.4079565,1,1,0.6187029590557713,0.3224559685669269,0.5920435,True Positive
1,0.75387156,1,1,0.39689612334123986,0.835463035297584,0.75387156,True Positive
0,0.65851045,1,0,0.6103050386942718,0.5808995653044666,0.65851045,False Positive
1,0.76579684,1,1,0.5112420258113622,0.8229207890519311,0.76579684,True Positive
1,0.3295165,0,0,0.4765049837659825,0.30944831491956126,0.67048347,False Negative
0,0.2779082,0,1,0.3239479282980972,0.3224559685669269,0.7220918,True Negative
1,0.75485927,1,1,0.4331511199451574,0.8229207890519311,0.75485927,True Positive
0,0.53910625,1,0,0.4430355684747663,0.5225439561212515,0.53910625,False Positive
0,0.23859155,0,1,0.214854838232333,0.3224559685669269,0.76140845,True Negative
1,0.7519353,1,1,0.4534780783905476,0.8089465035536259,0.7519353,True Positive
0,0.22496668,0,1,0.21510569819343062,0.29270157150265674,0.77503335,True Negative
1,0.75136626,1,1,0.40871185698141765,0.8229207890519311,0.75136626,True Positive
1,0.7603761,1,1,0.4522369298710729,0.8314749301764279,0.7603761,True Positive
0,0.23551972,0,1,0.4929094679997286,0.18588725224198227,0.7644803,True Negative
1,0.72357285,1,1,0.27958931253767483,0.8089465035536259,0.72357285,True Positive
0,0.31765303,0,1,0.4202438814342097,0.3224559685669269,0.68234694,True Negative
1,0.49126515,1,1,0.1309956197650703,0.6195660757163984,0.5087348,True Positive
0,0.25945252,0,1,0.305229762844947,0.30944831491956126,0.7405475,True Negative
0,0.41419244,1,0,0.6317387239532543,0.3224559685669269,0.58580756,False Positive
0,0.70763826,1,0,0.4035848988732682,0.7375900180233407,0.70763826,False Positive
0,0.48934808,1,0,0.19538617472288114,0.5887617041467856,0.51065195,False Positive
0,0.30949253,0,1,0.4010567310057031,0.3224559685669269,0.6905075,True Negative
0,0.19827121,0,1,0.22137635634655162,0.2277436850637543,0.8017288,True Negative
1,0.36603734,0,0,0.529212443761429,0.3224559685669269,0.63396263,False Negative
0,0.35867965,0,1,0.4087585776475425,0.36953306897800275,0.64132035,True Negative
1,0.74667305,1,1,0.4202730823034567,0.8089465035536259,0.74667305,True Positive
1,0.76620775,1,1,0.6377079774681365,0.7787648821979841,0.76620775,True Positive
1,0.77812743,1,1,0.343805967382781,0.9335292799465849,0.77812743,True Positive
1,0.74183995,1,1,0.2810540076763389,0.8495049497194247,0.74183995,True Positive
0,0.77767384,1,0,0.5789681115448121,0.8314749301764279,0.77767384,False Positive
0,0.20365232,0,1,0.21355230092254898,0.2443786136573562,0.7963477,True Negative
1,0.41277403,1,1,0.6287788165245689,0.3224559685669269,0.587226,True Positive
1,0.769439,1,1,0.49116931601603825,0.8428691535182296,0.769439,True Positive
1,0.5203401,1,1,0.27557341087071147,0.5808995653044666,0.5203401,True Positive
1,0.61153376,1,1,0.44658704151107564,0.5887617041467856,0.61153376,True Positive
1,0.4196902,1,1,0.6431835989747562,0.3224559685669269,0.5803098,True Positive
1,0.7680256,1,1,0.4981408872840399,0.835463035297584,0.7680256,True Positive
0,0.32386088,0,1,0.43466366889202773,0.3224559685669269,0.6761391,True Negative
1,0.76096404,1,1,0.4764360417273234,0.8229207890519311,0.76096404,True Positive
1,0.78036135,1,1,0.3949108672750202,0.9188951452610044,0.78036135,True Positive
0,0.34991357,0,1,0.4937044135571927,0.3224559685669269,0.6500864,True Negative
0,0.33132792,0,1,0.45181914578033583,0.3224559685669269,0.6686721,True Negative
0,0.2527925,0,1,0.25870945662630923,0.3224559685669269,0.7472075,True Negative
1,0.8050279,1,1,0.6203700678470737,0.9060602232095631,0.8050279,True Positive
0,0.18822819,0,1,0.2718336727871407,0.1792057255927322,0.8117718,True Negative
0,0.56700814,1,0,0.5093898502931438,0.5183864600203852,0.56700814,False Positive
1,0.75222766,1,1,0.41471751972480403,0.8229207890519311,0.75222766,True Positive
1,0.6854874,1,1,0.6379444496148412,0.6195660757163984,0.6854874,True Positive
1,0.22190091,0,0,0.3675918064411533,0.2145716226256943,0.77809906,False Negative
0,0.5997042,1,0,0.25060831768510955,0.6658769210536959,0.5997042,False Positive
1,0.22196436,0,0,0.13712968114953805,0.3224559685669269,0.77803564,False Negative
1,0.6763612,1,1,0.5165114096536892,0.6431444898610612,0.6763612,True Positive
0,0.2801259,0,1,0.32952692864162797,0.3224559685669269,0.71987414,True Negative
1,0.78189707,1,1,0.5251105105424345,0.8681993219042158,0.78189707,True Positive
0,0.26906124,0,1,0.3302422927632047,0.30944831491956126,0.7309388,True Negative
1,0.779392,1,1,0.5178292436064075,0.8631731720278146,0.779392,True Positive
1,0.77760714,1,1,0.6281598584631125,0.8102179695156084,0.77760714,True Positive
0,0.20310724,0,1,0.24634792353798707,0.2277436850637543,0.79689276,True Negative
0,0.62751824,1,0,0.6889465403643689,0.5023260208125733,0.62751824,False Positive
1,0.71968937,1,1,0.13510945376816175,0.8492578875537197,0.71968937,True Positive
0,0.2551809,0,1,0.2650885350936901,0.3224559685669269,0.7448191,True Negative
1,0.80719054,1,1,0.6847350728578248,0.8862273197211478,0.80719054,True Positive
0,0.78933275,1,0,0.5068796945216728,0.9005669213930128,0.78933275,False Positive
0,0.23195763,0,1,0.4764360417273234,0.18588725224198227,0.7680424,True Negative
1,0.5717262,1,1,0.5068150186738835,0.5239420672574449,0.5717262,True Positive
1,0.21626176,0,0,0.27653160757633966,0.2443786136573562,0.78373826,False Negative
0,0.24526806,0,1,0.4113918565889724,0.2443786136573562,0.75473195,True Negative
1,0.7508342,1,1,0.3226937917867895,0.8581325470922694,0.7508342,True Positive
1,0.6339102,1,1,0.7214755971462171,0.5023260208125733,0.6339102,True Positive
1,0.7959616,1,1,0.7115470954026261,0.835463035297584,0.7959616,True Positive
1,0.21687083,0,0,0.19158787154647447,0.2854802829309368,0.78312916,False Negative
1,0.2312315,0,0,0.18093348582071533,0.3224559685669269,0.7687685,False Negative
0,0.42584908,1,0,0.2573047796347844,0.5023260208125733,0.5741509,False Positive
1,0.4459101,1,1,0.6972496274166059,0.3224559685669269,0.5540899,True Positive
0,0.23950143,0,1,0.5430863792408794,0.17094313538926117,0.7604986,True Negative
1,0.39686674,1,1,0.5953639639318605,0.3224559685669269,0.60313326,True Positive
0,0.18730001,0,1,0.16296921007875445,0.2277436850637543,0.8127,True Negative
0,0.27730918,0,1,0.43605304469914785,0.2711924289150009,0.7226908,True Negative
0,0.79643863,1,0,0.5337135480626887,0.9131694359705278,0.79643863,False Positive
1,0.54042864,1,1,0.4905390603745547,0.5023260208125733,0.54042864,True Positive
1,0.6469056,1,1,0.5496205295892734,0.5808995653044666,0.6469056,True Positive
1,0.24150074,0,0,0.33771742528302,0.2711924289150009,0.75849926,False Negative
1,0.39027447,1,1,0.36558577665505937,0.4198243176396146,0.60972553,True Positive
1,0.70662737,1,1,0.3582547526572785,0.7506043555527174,0.70662737,True Positive
0,0.7542005,1,0,0.6847350728578248,0.7375900180233407,0.7542005,False Positive
1,0.34379575,0,0,0.4800380321539975,0.3224559685669269,0.6562042,False Negative
0,0.31441817,0,1,0.41267044665418606,0.3224559685669269,0.6855818,True Negative
0,0.26508197,0,1,0.3570706270405013,0.29270157150265674,0.734918,True Negative
1,0.7602159,1,1,0.5028368108132195,0.8102179695156084,0.7602159,True Positive
0,0.24613465,0,1,0.2407131464822982,0.3224559685669269,0.75386536,True Negative
1,0.79321146,1,1,0.6130986921447313,0.8681993219042158,0.79321146,True Positive
1,0.2418128,0,0,0.25729796900694396,0.30944831491956126,0.7581872,False Negative
0,0.23784001,0,1,0.2114244363937232,0.3224559685669269,0.76216,True Negative
0,0.2064178,0,1,0.26318792259180745,0.2277436850637543,0.7935822,True Negative
1,0.73779404,1,1,0.5425357483467075,0.7506043555527174,0.73779404,True Positive
0,0.2341869,0,1,0.19464318803985295,0.3224559685669269,0.7658131,True Negative
1,0.65083766,1,1,0.46381917631471237,0.6195660757163984,0.65083766,True Positive
1,0.6413506,1,1,0.6156277458376175,0.549722830223597,0.6413506,True Positive
1,0.5650827,1,1,0.5410183438980791,0.5023260208125733,0.5650827,True Positive
1,0.33157402,0,0,0.45238128332621114,0.3224559685669269,0.668426,False Negative
0,0.39926523,1,0,0.6004297511155796,0.3224559685669269,0.6007348,False Positive
1,0.7346343,1,1,0.5682581365902377,0.7357921132294554,0.7346343,True Positive
0,0.53494465,1,0,0.305229762844947,0.5808995653044666,0.53494465,False Positive
0,0.25583273,0,1,0.29565191282112235,0.30944831491956126,0.74416727,True Negative
0,0.26594013,0,1,0.2933521218840873,0.3224559685669269,0.7340599,True Negative
1,0.38990694,0,0,0.5806041919124422,0.3224559685669269,0.61009306,False Negative
1,0.35891828,0,0,0.5136217832031132,0.3224559685669269,0.6410817,False Negative
1,0.7865984,1,1,0.6204719194025428,0.8428691535182296,0.7865984,True Positive
1,0.71327186,1,1,0.4403116262373713,0.736186194768816,0.71327186,True Positive
1,0.23871973,0,0,0.21543916808502017,0.3224559685669269,0.7612803,False Negative
1,0.78835535,1,1,0.7098449745447876,0.8104809430246499,0.78835535,True Positive
0,0.30191317,0,1,0.382984515959441,0.3224559685669269,0.69808686,True Negative
0,0.2047272,0,1,0.2546134879282946,0.2277436850637543,0.7952728,True Negative
0,0.17200202,0,1,0.07694829685255704,0.2277436850637543,0.827998,True Negative
0,0.24736759,0,1,0.45398355625195885,0.2277436850637543,0.7526324,True Negative
0,0.3326433,0,1,0.45482087745744726,0.3224559685669269,0.6673567,True Negative
0,0.29476798,0,1,0.25915985744761766,0.3705311829857024,0.705232,True Negative
1,0.33077848,0,0,0.450563543337706,0.3224559685669269,0.6692215,False Negative
0,0.19181657,0,1,0.18732130180545936,0.2277436850637543,0.80818343,True Negative
1,0.2875293,0,0,0.34795950364789013,0.3224559685669269,0.7124707,False Negative
0,0.3385014,0,1,0.46811745553322354,0.3224559685669269,0.6614986,True Negative
0,0.77062297,1,0,0.5230960233257319,0.8329327220220744,0.77062297,False Positive
0,0.2587412,0,1,0.27452536292558033,0.3224559685669269,0.7412588,True Negative
1,0.5042889,1,1,0.7340300214786959,0.3593749866294791,0.5042889,True Positive
0,0.43043652,1,0,0.6654378872614375,0.3224559685669269,0.5695635,False Positive
0,0.23148252,0,1,0.1821028217141245,0.3224559685669269,0.7685175,True Negative
0,0.67528313,1,0,0.6998118525372169,0.5808995653044666,0.67528313,False Positive
1,0.78940296,1,1,0.6889465403643689,0.8229207890519311,0.78940296,True Positive
0,0.20334946,0,1,0.42756196339487174,0.14360452046845526,0.7966505,True Negative
1,0.4162566,1,1,0.6360407513068905,0.3224559685669269,0.5837434,True Positive
1,0.72834826,1,1,0.3080413260228233,0.8089465035536259,0.72834826,True Positive
1,0.5392429,1,1,0.6420902245967312,0.4328567627923461,0.5392429,True Positive
0,0.3406142,0,1,0.4728852898644754,0.3224559685669269,0.6593858,True Negative
1,0.7206471,1,1,0.3528980688598397,0.7791323864266053,0.7206471,True Positive
0,0.3009797,0,1,0.40957039673233653,0.30944831491956126,0.69902027,True Negative
1,0.78118575,1,1,0.6255403483152294,0.8229207890519311,0.78118575,True Positive
1,0.3084227,0,0,0.39852104090217483,0.3224559685669269,0.6915773,False Negative
1,0.7825357,1,1,0.5892023596634103,0.8428691535182296,0.7825357,True Positive
1,0.7199247,1,1,0.1896042015323752,0.8314749301764279,0.7199247,True Positive
0,0.18165676,0,1,0.13189819398000666,0.2277436850637543,0.8183432,True Negative
1,0.18348682,0,0,0.1420550967654775,0.2277436850637543,0.8165132,False Negative
1,0.818238,1,1,0.6968668985229659,0.921436297828222,0.818238,True Positive
0,0.57284915,1,0,0.281135512075787,0.6268154745427781,0.57284915,False Positive
0,0.7539712,1,0,0.6394859416725502,0.7519994902215423,0.7539712,False Positive
0,0.35722852,0,1,0.46811745553322354,0.34130878911628615,0.6427715,True Negative
1,0.55593467,1,1,0.34807969805385075,0.5808995653044666,0.55593467,True Positive
0,0.43061474,1,0,0.5614674918313027,0.36953306897800275,0.5693853,False Positive
1,0.4715531,1,1,0.35087504607526565,0.5023260208125733,0.5284469,True Positive
1,0.23628685,0,0,0.20431153893268256,0.3224559685669269,0.7637131,False Negative
1,0.77317154,1,1,0.44829475861152995,0.872984803747884,0.77317154,True Positive
0,0.2854506,0,1,0.16444004090680156,0.4029374432731219,0.7145494,True Negative
1,0.32968727,0,0,0.23226670478678968,0.4198243176396146,0.67031276,False Negative
1,0.36415622,0,0,0.28042130193704057,0.4328567627923461,0.63584375,False Negative
0,0.39459032,1,0,0.5905464049029183,0.3224559685669269,0.6054097,False Positive
1,0.76652825,1,1,0.4872320211486578,0.835463035297584,0.76652825,True Positive
1,0.7975563,1,1,0.6774997596625024,0.8555071353121019,0.7975563,True Positive
0,0.22331624,0,1,0.3687852038666107,0.21718063473000876,0.77668375,True Negative
1,0.76971495,1,1,0.5198308286226102,0.8314749301764279,0.76971495,True Positive
1,0.27351302,0,0,0.27799881696492545,0.33816238294079354,0.726487,False Negative
0,0.63176167,1,0,0.7105152696525133,0.5023260208125733,0.63176167,False Positive
0,0.321062,0,1,0.42818062577160837,0.3224559685669269,0.67893803,True Negative
1,0.36564693,0,0,0.5283608147226991,0.3224559685669269,0.63435304,False Negative
0,0.21244717,0,1,0.2933521218840873,0.2277436850637543,0.78755283,True Negative
0,0.25528777,0,1,0.26537307018447864,0.3224559685669269,0.74471223,True Negative
1,0.769629,1,1,0.515788909378673,0.8329341871736559,0.769629,True Positive
1,0.8060786,1,1,0.6573025417316118,0.8939947616059489,0.8060786,True Positive
0,0.33307058,0,1,0.45579449225539614,0.3224559685669269,0.6669294,True Negative
0,0.2225696,0,1,0.1400297185598812,0.3224559685669269,0.7774304,True Negative
0,0.39673266,1,0,0.6239098146830893,0.30944831491956126,0.6032673,False Positive
0,0.24501279,0,1,0.2376487654992934,0.3224559685669269,0.75498724,True Negative
0,0.3383366,0,1,0.2643726399778728,0.4142168986196265,0.6616634,True Negative
1,0.4190338,1,1,0.6706485627452848,0.30944831491956126,0.58096623,True Positive
1,0.8052108,1,1,0.7103963442257993,0.8681993219042158,0.8052108,True Positive
0,0.63808787,1,0,0.7115470954026261,0.5126329950268513,0.63808787,False Positive
1,0.56930065,1,1,0.5497137504860627,0.5023260208125733,0.56930065,True Positive
0,0.32079116,0,1,0.32321340728393577,0.36953306897800275,0.6792089,True Negative
0,0.25996974,0,1,0.2777620860758323,0.3224559685669269,0.7400303,True Negative
0,0.74610317,1,0,0.2387959114517759,0.8800364705351986,0.74610317,False Positive
0,0.7573777,1,0,0.5430863792408794,0.7909223408878797,0.7573777,False Positive
0,0.38411945,0,1,0.5682581365902377,0.3224559685669269,0.61588055,True Negative
1,0.39244688,1,1,0.651946860897408,0.29270157150265674,0.6075531,True Positive
1,0.75819254,1,1,0.35084264864310805,0.8681993219042158,0.75819254,True Positive
0,0.23998025,0,1,0.22117386343641196,0.3224559685669269,0.7600198,True Negative
1,0.603706,1,1,0.6035412108659329,0.5104475793610479,0.603706,True Positive
0,0.29947886,0,1,0.5501709241142203,0.2443786136573562,0.7005211,True Negative
1,0.21698038,0,0,0.3156217762225322,0.2277436850637543,0.7830196,False Negative
0,0.33934116,0,1,0.4700141115830839,0.3224559685669269,0.66065884,True Negative
1,0.7669699,1,1,0.371770686653395,0.8862273197211478,0.7669699,True Positive
1,0.3889329,0,0,0.5785311192463587,0.3224559685669269,0.61106706,False Negative
1,0.8175379,1,1,0.7075544445095246,0.9142487930614842,0.8175379,True Positive
1,0.8012508,1,1,0.6778011962597873,0.8681993219042158,0.8012508,True Positive
0,0.18045446,0,1,0.12518191627240666,0.2277436850637543,0.8195455,True Negative
1,0.76187396,1,1,0.5588659517781643,0.7953350656317401,0.76187396,True Positive
0,0.37852398,0,1,0.5562550163794989,0.3224559685669269,0.62147605,True Negative
1,0.80228907,1,1,0.7300020158577358,0.8495049497194247,0.80228907,True Positive
1,0.7141131,1,1,0.382984515959441,0.7566589809350645,0.7141131,True Positive
1,0.67843163,1,1,0.6220741277152555,0.6120988163920374,0.67843163,True Positive
1,0.3370738,0,0,0.24908746487439842,0.4198243176396146,0.6629262,False Negative
1,0.7892883,1,1,0.7207175414052042,0.8089465035536259,0.7892883,True Positive
0,0.79505664,1,0,0.5618342445419968,0.8964088979897835,0.79505664,False Positive
0,0.49395218,1,0,0.5915571770167491,0.4142168986196265,0.50604784,False Positive
1,0.80354893,1,1,0.6363536613393742,0.8939947616059489,0.80354893,True Positive
0,0.5812931,1,0,0.382984515959441,0.5887617041467856,0.5812931,False Positive
1,0.7858959,1,1,0.5558188181011242,0.8681993219042158,0.7858959,True Positive
1,0.44890368,1,1,0.7033773818456015,0.3224559685669269,0.5510963,True Positive
1,0.65470535,1,1,0.5903020234739714,0.5808995653044666,0.65470535,True Positive
0,0.3420983,0,1,0.47622573343165037,0.3224559685669269,0.6579017,True Negative
1,0.29508185,0,0,0.539519122117355,0.2443786136573562,0.70491815,False Negative
0,0.69475806,1,0,0.28480909714533575,0.7526966065257426,0.69475806,False Positive
1,0.7746098,1,1,0.5560268669175163,0.8314749301764279,0.7746098,True Positive
1,0.76221585,1,1,0.3135723183715686,0.8964240763382632,0.76221585,True Positive
0,0.30191317,0,1,0.382984515959441,0.3224559685669269,0.69808686,True Negative
1,0.7439165,1,1,0.15249203847213005,0.9105484694487559,0.7439165,True Positive
0,0.3550208,0,1,0.505028975232791,0.3224559685669269,0.64497924,True Negative
0,0.29356736,0,1,0.3627838549794886,0.3224559685669269,0.70643264,True Negative
1,0.773297,1,1,0.5662622319815959,0.8229207890519311,0.773297,True Positive
1,0.77294916,1,1,0.5015354277955909,0.8495049497194247,0.77294916,True Positive
1,0.5353607,1,1,0.5519363624676739,0.46996815542530684,0.5353607,True Positive
1,0.25401995,0,0,0.26199269023562477,0.3224559685669269,0.74598,False Negative
0,0.2595023,0,1,0.27653160757633966,0.3224559685669269,0.7404977,True Negative
0,0.6271304,1,0,0.6869801475559574,0.5023260208125733,0.6271304,False Positive
1,0.7726561,1,1,0.5381058375916383,0.8329327220220744,0.7726561,True Positive
1,0.4774015,1,1,0.3627448909363899,0.5023260208125733,0.5225985,True Positive
0,0.7760596,1,0,0.4810014679158562,0.8681993219042158,0.7760596,False Positive
1,0.53867644,1,1,0.5241815582877835,0.48553619282680854,0.53867644,True Positive
1,0.68140113,1,1,0.36044857894265186,0.7035240242969808,0.68140113,True Positive
1,0.70402086,1,1,0.6907415277987347,0.6362886723501479,0.70402086,True Positive
1,0.7714821,1,1,0.4540565090830553,0.8651734654441031,0.7714821,True Positive
1,0.78146464,1,1,0.7119735705590341,0.7883396356971442,0.78146464,True Positive
0,0.21736957,0,1,0.11492665220346088,0.3224559685669269,0.78263044,True Negative
0,0.5410954,1,0,0.491897617376975,0.5023260208125733,0.5410954,False Positive
0,0.24729489,0,1,0.24387250123274337,0.3224559685669269,0.7527051,True Negative
1,0.7122236,1,1,0.6478795467392982,0.6658769210536959,0.7122236,True Positive
1,0.25583908,0,0,0.26683959229445375,0.3224559685669269,0.7441609,False Negative
0,0.21916763,0,1,0.12365506233403008,0.3224559685669269,0.78083235,True Negative
0,0.3551395,0,1,0.5052913485737002,0.3224559685669269,0.6448605,True Negative
0,0.4619511,1,0,0.7300020158577358,0.3224559685669269,0.53804886,False Positive
1,0.78521436,1,1,0.656405835264246,0.8229207890519311,0.78521436,True Positive
1,0.73572123,1,1,0.272633310329301,0.835463035297584,0.73572123,True Positive
0,0.3130992,0,1,0.40957039673233653,0.3224559685669269,0.6869008,True Negative
1,0.2740725,0,0,0.3142334222829034,0.3224559685669269,0.7259275,False Negative
0,0.2629313,0,1,0.28552374418931276,0.3224559685669269,0.7370687,True Negative
0,0.47439176,1,0,0.3566381550890329,0.5023260208125733,0.52560824,False Positive
0,0.6910885,1,0,0.6718688391555324,0.6185853689090098,0.6910885,False Positive
1,0.3163276,0,0,0.4171458081356179,0.3224559685669269,0.6836724,False Negative
1,0.7501113,1,1,0.4419157396650821,0.8089465035536259,0.7501113,True Positive
0,0.3037142,0,1,0.3873016793631253,0.3224559685669269,0.69628584,True Negative
1,0.53393096,1,1,0.47731273274037683,0.5023260208125733,0.53393096,True Positive
1,0.52780056,1,1,0.6601341189327047,0.4142168986196265,0.52780056,True Positive
1,0.65036535,1,1,0.5676136931188157,0.5808995653044666,0.65036535,True Positive
1,0.7053659,1,1,0.39059571333599385,0.7375900180233407,0.7053659,True Positive
1,0.4156383,1,1,0.5529281836780476,0.3593749866294791,0.5843617,True Positive
0,0.42068717,1,0,0.2466036256019996,0.5023260208125733,0.5793128,False Positive
0,0.53900325,1,0,0.6706485627452848,0.41975102943384984,0.53900325,False Positive
1,0.81882936,1,1,0.6847350728578248,0.928841000479177,0.81882936,True Positive
0,0.20840256,0,1,0.2731881200478373,0.2277436850637543,0.7915974,True Negative
0,0.23431605,0,1,0.19523947213294401,0.3224559685669269,0.76568395,True Negative
1,0.7655737,1,1,0.6956922451177794,0.7583024571283576,0.7655737,True Positive
0,0.28683513,0,1,0.346243416886453,0.3224559685669269,0.71316487,True Negative
1,0.7715453,1,1,0.55329892039616,0.8229207890519311,0.7715453,True Positive
0,0.29834983,0,1,0.5843129860439127,0.2277436850637543,0.70165014,True Negative
1,0.73549294,1,1,0.30874162926303494,0.8229207890519311,0.73549294,True Positive
1,0.33759776,0,0,0.466073774792297,0.3224559685669269,0.6624023,False Negative
1,0.7707019,1,1,0.5470825243850033,0.8229207890519311,0.7707019,True Positive
1,0.733612,1,1,0.33590518847063205,0.8102179695156084,0.733612,True Positive
0,0.439126,1,0,0.2846817643947276,0.5023260208125733,0.560874,False Positive
1,0.6785157,1,1,0.6934410995634818,0.5887617041467856,0.6785157,True Positive
0,0.7657108,1,0,0.4336082285898818,0.8558626465231992,0.7657108,False Positive
1,0.7779414,1,1,0.5068796945216728,0.8631731720278146,0.7779414,True Positive
0,0.22770776,0,1,0.3896119865635589,0.21718063473000876,0.77229226,True Negative
0,0.22308128,0,1,0.30948585540494,0.2443786136573562,0.7769187,True Negative
0,0.20637614,0,1,0.26297719170085176,0.2277436850637543,0.79362386,True Negative
0,0.38754535,0,1,0.6044038093743211,0.30944831491956126,0.61245465,True Negative
0,0.73576474,1,0,0.415473971982901,0.7883396356971442,0.73576474,False Positive
1,0.392781,1,1,0.586710423511851,0.3224559685669269,0.607219,True Positive
0,0.36314437,0,1,0.40090371026996346,0.37749705456807175,0.6368556,True Negative
1,0.73287106,1,1,0.2951973073179293,0.8221375448612186,0.73287106,True Positive
0,0.17055763,0,1,0.2484949824801371,0.14360452046845526,0.8294424,True Negative
1,0.7609606,1,1,0.7283662532956637,0.7375900180233407,0.7609606,True Positive
0,0.38094994,0,1,0.5614674918313027,0.3224559685669269,0.61905,True Negative
1,0.7982903,1,1,0.48436738708605886,0.940655235661559,0.7982903,True Positive
0,0.1838662,0,1,0.10856835594218085,0.2443786136573562,0.8161338,True Negative
1,0.44264677,1,1,0.29190984937398384,0.5023260208125733,0.55735326,True Positive
0,0.33373067,0,1,0.24149745763843347,0.4198243176396146,0.6662693,True Negative
0,0.19593035,0,1,0.2091240832119056,0.2277436850637543,0.80406964,True Negative
1,0.26125425,0,0,0.281135512075787,0.3224559685669269,0.73874575,False Negative
0,0.36746642,0,1,0.5323264383138613,0.3224559685669269,0.63253355,True Negative
0,0.35631144,0,1,0.5831571378657567,0.2884906996481552,0.64368856,True Negative
0,0.4861965,1,0,0.5758510722559593,0.4142168986196265,0.5138035,False Positive
1,0.50142,1,1,0.45185967167376856,0.4840689646517107,0.50142,True Positive
1,0.7705975,1,1,0.5565667994873195,0.8185351799991303,0.7705975,True Positive
0,0.31810075,0,1,0.4212888453848298,0.3224559685669269,0.68189925,True Negative
0,0.67491597,1,0,0.43962147978606236,0.6658769210536959,0.67491597,False Positive
0,0.75184834,1,0,0.5155398213591191,0.7883396356971442,0.75184834,False Positive
1,0.78000504,1,1,0.6165719975928962,0.8229207890519311,0.78000504,True Positive
0,0.6240724,1,0,0.3873016793631253,0.6276370074421574,0.6240724,False Positive
1,0.8062034,1,1,0.6500385036119145,0.8975465488295612,0.8062034,True Positive
1,0.42629796,1,1,0.6220741277152555,0.33816238294079354,0.57370204,True Positive
0,0.35585865,0,1,0.5068796945216728,0.3224559685669269,0.6441413,True Negative
1,0.7679475,1,1,0.49757083585634826,0.835463035297584,0.7679475,True Positive
1,0.79729974,1,1,0.722292009018574,0.835463035297584,0.79729974,True Positive
0,0.26359496,0,1,0.35320085228858067,0.29270157150265674,0.736405,True Negative
0,0.6879909,1,0,0.5581265378468558,0.6503743145205629,0.6879909,False Positive
0,0.22057025,0,1,0.13042815976343877,0.3224559685669269,0.77942973,True Negative
1,0.7630936,1,1,0.3746754528479721,0.872984803747884,0.7630936,True Positive
0,0.33034706,0,1,0.24620481872299868,0.4142168986196265,0.66965294,True Negative
1,0.354202,0,0,0.342690479541803,0.394885652605654,0.64579797,False Negative
1,0.4434416,1,1,0.6921908158638848,0.3224559685669269,0.5565584,True Positive
0,0.36084464,0,1,0.5178536329976,0.3224559685669269,0.6391554,True Negative
0,0.35599294,0,1,0.5071761692923942,0.3224559685669269,0.6440071,True Negative
0,0.32102224,0,1,0.42808831375201173,0.3224559685669269,0.6789777,True Negative
1,0.7966414,1,1,0.6522199709344935,0.8631731720278146,0.7966414,True Positive
0,0.82353276,1,0,0.7300020158577358,0.9273022231603397,0.82353276,False Positive
1,0.532403,1,1,0.6570567563815838,0.4198243176396146,0.532403,True Positive
1,0.8036423,1,1,0.709175467730564,0.8631731720278146,0.8036423,True Positive
1,0.8199895,1,1,0.7437106204271268,0.907976248960241,0.8199895,True Positive
0,0.17812236,0,1,0.29202920659940373,0.14360452046845526,0.82187766,True Negative
1,0.27167717,0,0,0.5180373999210985,0.2277436850637543,0.72832286,False Negative
1,0.47975177,1,1,0.6596116965399779,0.3705311829857024,0.52024823,True Positive
1,0.77514994,1,1,0.5230960233257319,0.8472843955550605,0.77514994,True Positive
0,0.30450785,0,1,0.3891995572246521,0.3224559685669269,0.69549215,True Negative
0,0.6698649,1,0,0.6706485627452848,0.5808995653044666,0.6698649,False Positive
0,0.29947886,0,1,0.5501709241142203,0.2443786136573562,0.7005211,True Negative
0,0.33367303,0,1,0.45716650589008767,0.3224559685669269,0.666327,True Negative
1,0.7524034,1,1,0.2989070680095096,0.872984803747884,0.7524034,True Positive
1,0.45088768,1,1,0.2731881200478373,0.5183864600203852,0.5491123,True Positive
0,0.699005,1,0,0.12437305323112423,0.8229207890519311,0.699005,False Positive
0,0.2947851,0,1,0.538797074317271,0.2443786136573562,0.70521486,True Negative
0,0.3815358,0,1,0.5627243108794838,0.3224559685669269,0.61846423,True Negative
1,0.21051778,0,0,0.46374391996106606,0.14360452046845526,0.78948224,False Negative
0,0.42591166,1,0,0.6560852124546448,0.3224559685669269,0.57408834,False Positive
0,0.2926682,0,1,0.25624957552720606,0.36953306897800275,0.7073318,True Negative
1,0.30147174,0,0,0.38192407005380047,0.3224559685669269,0.6985283,False Negative
1,0.77040374,1,1,0.521483226325225,0.8329327220220744,0.77040374,True Positive
0,0.5636435,1,0,0.5380558332025255,0.5023260208125733,0.5636435,False Positive
0,0.22869985,0,1,0.19691544823692214,0.30944831491956126,0.77130014,True Negative
0,0.3464946,0,1,0.4860808871699605,0.3224559685669269,0.65350544,True Negative
0,0.18369111,0,1,0.165778694922999,0.21718063473000876,0.81630886,True Negative
1,0.80611444,1,1,0.7046181207894371,0.8738825260593506,0.80611444,True Positive
0,0.22870867,0,1,0.16913321449915578,0.3224559685669269,0.7712913,True Negative
0,0.5366994,1,0,0.4829448647214081,0.5023260208125733,0.5366994,False Positive
0,0.30191317,0,1,0.382984515959441,0.3224559685669269,0.69808686,True Negative
0,0.7442389,1,0,0.400405397689247,0.8104809430246499,0.7442389,False Positive
1,0.74263144,1,1,0.33356996866691585,0.8293426978038916,0.74263144,True Positive
1,0.7226641,1,1,0.2317482453744355,0.8229207890519311,0.7226641,True Positive
0,0.386278,0,1,0.3570706270405013,0.4198243176396146,0.61372197,True Negative
0,0.2105898,0,1,0.2841276179345085,0.2277436850637543,0.78941023,True Negative
0,0.6544281,1,0,0.5649591531499106,0.5887617041467856,0.6544281,False Positive
0,0.23072867,0,1,0.24223385472878928,0.29270157150265674,0.7692713,True Negative
1,0.276608,0,0,0.5305777256068255,0.2277436850637543,0.723392,False Negative
1,0.77264273,1,1,0.4626359173531628,0.8651734654441031,0.77264273,True Positive
0,0.31443742,0,1,0.19691544823692214,0.4198243176396146,0.6855626,True Negative
1,0.7091134,1,1,0.4120488373586399,0.7375900180233407,0.7091134,True Positive
0,0.34775624,0,1,0.48889803232557866,0.3224559685669269,0.65224373,True Negative
1,0.74971354,1,1,0.439401762547907,0.8089465035536259,0.74971354,True Positive
0,0.37414902,0,1,0.5468217530738895,0.3224559685669269,0.625851,True Negative
1,0.42806482,1,1,0.45716650589008767,0.4142168986196265,0.5719352,True Positive
1,0.7574366,1,1,0.4513347862880438,0.8229207890519311,0.7574366,True Positive
1,0.7701128,1,1,0.48060285913820305,0.8495049497194247,0.7701128,True Positive
1,0.6904624,1,1,0.7590146253706483,0.5887617041467856,0.6904624,True Positive
0,0.21978095,0,1,0.1266206178981583,0.3224559685669269,0.7802191,True Negative
1,0.766725,1,1,0.31281953569628596,0.9106822126069773,0.766725,True Positive
0,0.24820651,0,1,0.24634792353798707,0.3224559685669269,0.7517935,True Negative
0,0.19261636,0,1,0.19158787154647447,0.2277436850637543,0.80738366,True Negative
0,0.7699721,1,0,0.5743848246531269,0.8089465035536259,0.7699721,False Positive
1,0.7356443,1,1,0.46811745553322354,0.7707725013897284,0.7356443,True Positive
1,0.7679447,1,1,0.5565667994873195,0.8102179695156084,0.7679447,True Positive
0,0.4606222,1,0,0.7272958073772517,0.3224559685669269,0.5393778,False Positive
0,0.58838236,1,0,0.5445209729709743,0.5225439561212515,0.58838236,False Positive
1,0.5035687,1,1,0.15590323927949024,0.6195660757163984,0.5035687,True Positive
0,0.75036865,1,0,0.37872101369100614,0.8327822833909359,0.75036865,False Positive
1,0.46276894,1,1,0.731667023626102,0.3224559685669269,0.5372311,True Positive
1,0.3533535,0,0,0.530169436132965,0.30944831491956126,0.6466465,False Negative
1,0.75093704,1,1,0.5853800399721747,0.7634517261379041,0.75093704,True Positive
1,0.7791091,1,1,0.6394859416725502,0.8102179695156084,0.7791091,True Positive
1,0.7165589,1,1,0.5068796945216728,0.72056951346192,0.7165589,True Positive
0,0.62541854,1,0,0.6783113485559651,0.5023260208125733,0.62541854,False Positive
1,0.80306554,1,1,0.7583602804008172,0.8401023082290429,0.80306554,True Positive
0,0.23611148,0,1,0.20350642655895226,0.3224559685669269,0.76388854,True Negative
0,0.4523804,1,0,0.2762382963667812,0.5183864600203852,0.5476196,False Positive
1,0.8055538,1,1,0.7249921391945028,0.8631731720278146,0.8055538,True Positive
0,0.21364084,0,1,0.0966581482385549,0.3224559685669269,0.7863592,True Negative
0,0.6065775,1,0,0.4534780783905476,0.5808995653044666,0.6065775,False Positive
0,0.2687187,0,1,0.3005311748941123,0.3224559685669269,0.7312813,True Negative
1,0.6808432,1,1,0.7300020158577358,0.5808995653044666,0.6808432,True Positive
1,0.63416296,1,1,0.42707598741206715,0.6195660757163984,0.63416296,True Positive
0,0.2034705,0,1,0.24820560651945392,0.2277436850637543,0.79652953,True Negative
1,0.8089291,1,1,0.6155270174820587,0.9220692418741997,0.8089291,True Positive
0,0.43014592,1,0,0.5604996280914105,0.36953306897800275,0.5698541,False Positive
0,0.3325849,0,1,0.454687699410818,0.3224559685669269,0.66741514,True Negative
0,0.3098053,0,1,0.40179727430483486,0.3224559685669269,0.6901947,True Negative
1,0.44517934,1,1,0.5892023596634103,0.3705311829857024,0.55482066,True Positive
0,0.30783746,0,1,0.39713175126042993,0.3224559685669269,0.6921625,True Negative
1,0.30911937,0,0,0.4001728349202678,0.3224559685669269,0.69088066,False Negative
1,0.7340971,1,1,0.3427129656115101,0.8089465035536259,0.7340971,True Positive
0,0.40092108,1,0,0.6039211143165019,0.3224559685669269,0.5990789,False Positive
1,0.33870554,0,0,0.4685786940999448,0.3224559685669269,0.66129446,False Negative
1,0.24889211,0,0,0.24820560651945392,0.3224559685669269,0.7511079,False Negative
0,0.17011185,0,1,0.24588218210552715,0.14360452046845526,0.82988816,True Negative
0,0.23978634,0,1,0.3873016793631253,0.2443786136573562,0.7602137,True Negative
0,0.39810047,1,0,0.5979710290106867,0.3224559685669269,0.6018995,False Positive
1,0.37044337,0,0,0.538797074317271,0.3224559685669269,0.62955666,False Negative
1,0.37795955,0,0,0.5550405307249152,0.3224559685669269,0.62204045,False Negative
1,0.2663708,0,0,0.467512992485279,0.2443786136573562,0.7336292,False Negative
1,0.72863495,1,1,0.30975955234780517,0.8089465035536259,0.72863495,True Positive
0,0.65010595,1,0,0.5662622319815959,0.5808995653044666,0.65010595,False Positive
0,0.27803794,0,1,0.3242750367834791,0.3224559685669269,0.7219621,True Negative
0,0.74992406,1,0,0.39868888593953894,0.8229207890519311,0.74992406,False Positive
0,0.70648897,1,0,0.1613248062720332,0.8151550506923727,0.70648897,False Positive
1,0.7690052,1,1,0.655179171263205,0.7791323864266053,0.7690052,True Positive
0,0.2717587,0,1,0.51824584038277,0.2277436850637543,0.7282413,True Negative
0,0.52766526,1,0,0.38116804625545603,0.5399614875228965,0.52766526,False Positive
0,0.25785178,0,1,0.48208933476860116,0.2277436850637543,0.7421482,True Negative
1,0.7468413,1,1,0.29499719264351226,0.858166097550268,0.7468413,True Positive
1,0.7702931,1,1,0.39608046847060985,0.8862273197211478,0.7702931,True Positive
0,0.17226179,0,1,0.10105267202492302,0.21718063473000876,0.8277382,True Negative
0,0.55981636,1,0,0.5674005729415117,0.48553619282680854,0.55981636,False Positive
0,0.22345902,0,1,0.3694669404702359,0.21718063473000876,0.776541,True Negative
1,0.76368606,1,1,0.49597958812099174,0.8229207890519311,0.76368606,True Positive
0,0.58204794,1,0,0.49299875032339696,0.5398319153847511,0.58204794,False Positive
0,0.27921233,0,1,0.32723199809064013,0.3224559685669269,0.72078764,True Negative
0,0.21404925,0,1,0.3012615673064616,0.2277436850637543,0.7859508,True Negative
0,0.459144,1,0,0.36284490313150275,0.48553619282680854,0.540856,False Positive
0,0.42127562,1,0,0.6464762968378849,0.3224559685669269,0.5787244,False Positive
0,0.16047324,0,1,0.12952684975457768,0.17094313538926117,0.8395268,True Negative
0,0.68566996,1,0,0.6103050386942718,0.6289928457499673,0.68566996,False Positive
0,0.20967439,0,1,0.4010567310057031,0.17094313538926117,0.79032564,True Negative
1,0.290707,0,0,0.691586055705709,0.17094313538926117,0.709293,False Negative
0,0.30911937,0,1,0.4001728349202678,0.3224559685669269,0.69088066,True Negative
0,0.34735623,0,1,0.48800541852257256,0.3224559685669269,0.6526438,True Negative
0,0.16988501,0,1,0.15410719874797124,0.18588725224198227,0.83011496,True Negative
1,0.7773533,1,1,0.49070490755254326,0.8681993219042158,0.7773533,True Positive
1,0.76627743,1,1,0.5328851003717726,0.8151550506923727,0.76627743,True Positive
0,0.60388786,1,0,0.621925834655875,0.5023260208125733,0.60388786,False Positive
0,0.37197345,0,1,0.5421145237823148,0.3224559685669269,0.62802655,True Negative
0,0.18858874,0,1,0.1699631090993868,0.2277436850637543,0.81141126,True Negative
0,0.24797621,0,1,0.24572311263530403,0.3224559685669269,0.7520238,True Negative
1,0.6330173,1,1,0.4245786846696937,0.6195660757163984,0.6330173,True Positive
1,0.6984993,1,1,0.1231573845044845,0.8229207890519311,0.6984993,True Positive
0,0.20063822,0,1,0.25624957552720606,0.21718063473000876,0.79936177,True Negative
0,0.2937083,0,1,0.36312784963320593,0.3224559685669269,0.7062917,True Negative
0,0.29356736,0,1,0.3627838549794886,0.3224559685669269,0.70643264,True Negative
0,0.6272881,1,0,0.4336082285898818,0.6098787884987967,0.6272881,False Positive
1,0.76773894,1,1,0.5253694060120055,0.8229207890519311,0.76773894,True Positive
0,0.22932556,0,1,0.17202712349027802,0.3224559685669269,0.77067447,True Negative
0,0.6227355,1,0,0.48800541852257256,0.5808995653044666,0.6227355,False Positive
0,0.70464754,1,0,0.6044038093743211,0.6658769210536959,0.70464754,False Positive
0,0.34477758,0,1,0.48223897432049856,0.3224559685669269,0.6552224,True Negative
0,0.4240452,1,0,0.6522199709344935,0.3224559685669269,0.5759548,False Positive
1,0.16889669,0,0,0.23873229382158223,0.14360452046845526,0.8311033,False Negative
0,0.3295165,0,1,0.4765049837659825,0.30944831491956126,0.67048347,True Negative
1,0.7503686,1,1,0.35184372166784506,0.8442792859337949,0.7503686,True Positive
0,0.63120073,1,0,0.48889803232557866,0.5887617041467856,0.63120073,False Positive
0,0.494425,1,0,0.5800864564550055,0.4198243176396146,0.505575,False Positive
0,0.59299517,1,0,0.4248411712481204,0.5808995653044666,0.59299517,False Positive
1,0.7847328,1,1,0.5046997206993366,0.8862273197211478,0.7847328,True Positive
0,0.21402372,0,1,0.30113583911748987,0.2277436850637543,0.7859763,True Negative
1,0.52219415,1,1,0.4534780783905476,0.5023260208125733,0.52219415,True Positive
1,0.744625,1,1,0.305229762844947,0.8472843955550605,0.744625,True Positive
0,0.40989596,1,0,0.6227637226800299,0.3224559685669269,0.59010404,False Positive
1,0.7732914,1,1,0.6156277458376175,0.8017864998997962,0.7732914,True Positive
0,0.35177878,0,1,0.497848979815549,0.3224559685669269,0.64822125,True Negative
1,0.5667462,1,1,0.7272958073772517,0.4198243176396146,0.5667462,True Positive
0,0.40395465,1,0,0.6103050386942718,0.3224559685669269,0.5960454,False Positive
1,0.55425155,1,1,0.34463075192582904,0.5808995653044666,0.55425155,True Positive
0,0.27875462,0,1,0.21953006119471077,0.3705311829857024,0.7212454,True Negative
0,0.5637214,1,0,0.7210669439195022,0.4198243176396146,0.5637214,False Positive
0,0.43059254,1,0,0.507215027530524,0.3939909404010443,0.56940746,False Positive
1,0.7224262,1,1,0.2728027808939088,0.8089465035536259,0.7224262,True Positive
0,0.310288,0,1,0.4029391953728178,0.3224559685669269,0.689712,True Negative
1,0.694939,1,1,0.28793937253575635,0.7519994902215423,0.694939,True Positive
0,0.28133878,0,1,0.3325668087634039,0.3224559685669269,0.7186612,True Negative
1,0.79235744,1,1,0.6500385036119145,0.8495049497194247,0.79235744,True Positive
1,0.6982083,1,1,0.7086754381058454,0.6195660757163984,0.6982083,True Positive
1,0.8018528,1,1,0.6944746733136533,0.8631731720278146,0.8018528,True Positive
1,0.23725486,0,0,0.20874857567557542,0.3224559685669269,0.76274514,False Negative
0,0.76338685,1,0,0.49786072676900966,0.8211940044992384,0.76338685,False Positive
1,0.40432784,1,1,0.611089188614792,0.3224559685669269,0.59567213,True Positive
0,0.18721773,0,1,0.162521196195338,0.2277436850637543,0.8127823,True Negative
0,0.3770827,0,1,0.5531521560592779,0.3224559685669269,0.6229173,True Negative
0,0.22297692,0,1,0.30898699490418835,0.2443786136573562,0.7770231,True Negative
0,0.31702808,0,1,0.41878410992180487,0.3224559685669269,0.68297195,True Negative
1,0.6172514,1,1,0.47622573343165037,0.5808995653044666,0.6172514,True Positive
1,0.77680886,1,1,0.5425357483467075,0.8442792859337949,0.77680886,True Positive
0,0.18615085,0,1,0.12111874066678405,0.2443786136573562,0.81384915,True Negative
1,0.7857447,1,1,0.6895819085417305,0.8104809430246499,0.7857447,True Positive
0,0.514953,1,0,0.26465485376519765,0.5808995653044666,0.514953,False Positive
1,0.39504847,1,1,0.6203460488872968,0.30944831491956126,0.6049515,True Positive
1,0.77038705,1,1,0.5447659915133668,0.8229207890519311,0.77038705,True Positive
0,0.7276437,1,0,0.40090371026996346,0.7769969822876516,0.7276437,False Positive
0,0.43414518,1,0,0.6730855476487612,0.3224559685669269,0.5658548,False Positive
0,0.31407627,0,1,0.41186753313178387,0.3224559685669269,0.6859237,True Negative
1,0.7409227,1,1,0.3135723183715686,0.8329327220220744,0.7409227,True Positive
0,0.22136481,0,1,0.13425140311702063,0.3224559685669269,0.7786352,True Negative
0,0.41511944,1,0,0.6336715874478646,0.3224559685669269,0.5848806,False Positive
1,0.36166358,0,0,0.5196497036677057,0.3224559685669269,0.6383364,False Negative
0,0.3925394,1,0,0.586197801047601,0.3224559685669269,0.6074606,False Positive
1,0.35077465,0,0,0.4538349992157121,0.34130878911628615,0.64922535,False Negative
0,0.29103088,0,1,0.3565785910723158,0.3224559685669269,0.7089691,True Negative
0,0.76316196,1,0,0.6207540715130434,0.7777417204423973,0.76316196,False Positive
0,0.35438165,0,1,0.5036158310970263,0.3224559685669269,0.6456183,True Negative
0,0.31045327,0,1,0.40332992256453704,0.3224559685669269,0.6895467,True Negative
1,0.7698253,1,1,0.21429423410259194,0.9625182084856732,0.7698253,True Positive
0,0.25107983,0,1,0.2541104812411796,0.3224559685669269,0.7489202,True Negative
0,0.2465233,0,1,0.24177261504956307,0.3224559685669269,0.7534767,True Negative
1,0.71839625,1,1,0.24908746487439842,0.8089465035536259,0.71839625,True Positive
0,0.22316723,0,1,0.3454789668277688,0.2277436850637543,0.77683276,True Negative
0,0.5492789,1,0,0.490600179252853,0.5104475793610479,0.5492789,False Positive
0,0.40074083,1,0,0.6035412108659329,0.3224559685669269,0.59925914,False Positive
0,0.26425567,0,1,0.2889765452858823,0.3224559685669269,0.73574436,True Negative
1,0.4962368,1,1,0.40090371026996346,0.5023260208125733,0.5037632,True Positive
1,0.7923792,1,1,0.5953205452409368,0.872984803747884,0.7923792,True Positive
0,0.3808622,0,1,0.3454789668277688,0.4198243176396146,0.61913776,True Negative
0,0.33875555,0,1,0.46869168580435894,0.3224559685669269,0.66124445,True Negative
1,0.6297958,1,1,0.3149334355518199,0.6658769210536959,0.6297958,True Positive
0,0.24399729,0,1,0.2348666549985159,0.3224559685669269,0.7560027,True Negative
1,0.1870351,0,0,0.16152668876378462,0.2277436850637543,0.8129649,False Negative
1,0.40014818,1,1,0.6022920498307841,0.3224559685669269,0.59985185,True Positive
1,0.8196085,1,1,0.7340300214786959,0.9106822126069773,0.8196085,True Positive
1,0.5279648,1,1,0.46518891832775894,0.5023260208125733,0.5279648,True Positive
1,0.34477758,0,0,0.48223897432049856,0.3224559685669269,0.6552224,False Negative
1,0.4927947,1,1,0.2197904838274077,0.5808995653044666,0.5072053,True Positive
1,0.29355136,0,0,0.3627448909363899,0.3224559685669269,0.7064487,False Negative
0,0.21290241,0,1,0.09301288567607068,0.3224559685669269,0.7870976,True Negative
1,0.8068392,1,1,0.7356948645572273,0.8631731720278146,0.8068392,True Positive
0,0.26665255,0,1,0.2951973073179293,0.3224559685669269,0.7333474,True Negative
0,0.19573092,0,1,0.3295726885088917,0.17094313538926117,0.8042691,True Negative
0,0.7458019,1,0,0.37235900023577256,0.8229207890519311,0.7458019,False Positive
0,0.2311156,0,1,0.382984515959441,0.2277436850637543,0.7688844,True Negative
1,0.7404239,1,1,0.3389657849684918,0.8229207890519311,0.7404239,True Positive
1,0.7936595,1,1,0.5714338456669474,0.8875431083261506,0.7936595,True Positive
0,0.29364818,0,1,0.5728945588131334,0.2277436850637543,0.7063518,True Negative
1,0.72449183,1,1,0.4970504801340302,0.7391725090357393,0.72449183,True Positive
1,0.4321513,1,1,0.668975775264194,0.3224559685669269,0.5678487,True Positive
1,0.3570078,0,0,0.5238308541889966,0.3159515869888179,0.6429922,False Negative
1,0.7806929,1,1,0.6544608785995719,0.8089465035536259,0.7806929,True Positive
1,0.7544409,1,1,0.4302119107019757,0.8229207890519311,0.7544409,True Positive
1,0.20289093,0,0,0.3347721386283056,0.18588725224198227,0.79710907,False Negative
0,0.35238412,0,1,0.49919178416700627,0.3224559685669269,0.6476159,True Negative
0,0.43741146,1,0,0.4764360417273234,0.4142168986196265,0.5625886,False Positive
1,0.23563856,0,0,0.20133311165755935,0.3224559685669269,0.76436144,False Negative
1,0.5734444,1,1,0.5582763050676477,0.5023260208125733,0.5734444,True Positive
0,0.3190539,0,1,0.42351083102854165,0.3224559685669269,0.6809461,True Negative
0,0.27402666,0,1,0.31411667629464085,0.3224559685669269,0.72597337,True Negative
0,0.23861979,0,1,0.21498354879516954,0.3224559685669269,0.7613802,True Negative
1,0.67730796,1,1,0.6382789626343573,0.6047583845753052,0.67730796,True Positive
1,0.74466455,1,1,0.31281953569628596,0.8441536131014379,0.74466455,True Positive
0,0.5712559,1,0,0.4006008607704362,0.5714271035548448,0.5712559,False Positive
0,0.22562853,0,1,0.15460137206552907,0.3224559685669269,0.7743715,True Negative
0,0.1851573,0,1,0.11567558325077129,0.2443786136573562,0.8148427,True Negative
0,0.2498148,0,1,0.2507001909157805,0.3224559685669269,0.7501852,True Negative
1,0.19237264,0,0,0.3702643606085371,0.14360452046845526,0.8076274,False Negative
0,0.3406142,0,1,0.4728852898644754,0.3224559685669269,0.6593858,True Negative
0,0.4440514,1,0,0.6934410995634818,0.3224559685669269,0.5559486,False Positive
1,0.6192275,1,1,0.37443619369839426,0.6287383830479822,0.6192275,True Positive
1,0.77007437,1,1,0.5424675049576887,0.8229207890519311,0.77007437,True Positive
1,0.70162,1,1,0.13067852129292226,0.8229207890519311,0.70162,True Positive
1,0.38411945,0,0,0.5682581365902377,0.3224559685669269,0.61588055,False Negative
1,0.79742527,1,1,0.7059888040270841,0.8428691535182296,0.79742527,True Positive
0,0.2701402,0,1,0.41780278316737685,0.2711924289150009,0.7298598,True Negative
0,0.33221102,0,1,0.4538349992157121,0.3224559685669269,0.667789,True Negative
1,0.7631893,1,1,0.4302542129568914,0.8495049497194247,0.7631893,True Positive
1,0.78507906,1,1,0.6850585246738234,0.8102179695156084,0.78507906,True Positive
1,0.22528136,0,0,0.15295462648090363,0.3224559685669269,0.77471864,False Negative
0,0.2388943,0,1,0.24405805627022836,0.30944831491956126,0.7611057,True Negative
0,0.38753211,0,1,0.5337624202478893,0.34130878911628615,0.6124679,True Negative
1,0.6340805,1,1,0.6910273581311895,0.5126329950268513,0.6340805,True Positive
0,0.72832316,1,0,0.2654293437058079,0.8229207890519311,0.72832316,False Positive
0,0.70084673,1,0,0.2519779870117274,0.7747650394501492,0.70084673,False Positive
0,0.29471684,0,1,0.36558577665505937,0.3224559685669269,0.70528316,True Negative
1,0.35724193,0,0,0.5099310273899392,0.3224559685669269,0.6427581,False Negative
1,0.7817771,1,1,0.6225327284834452,0.8261343317968529,0.7817771,True Positive
1,0.7268423,1,1,0.25657337339908337,0.8229207890519311,0.7268423,True Positive
1,0.46529776,1,1,0.2933521218840873,0.5225439561212515,0.53470224,True Positive
0,0.2368567,0,1,0.20692508527723538,0.3224559685669269,0.7631433,True Negative
1,0.24523818,0,0,0.4474667582748977,0.2277436850637543,0.7547618,False Negative
1,0.21094753,0,0,0.2859088819097675,0.2277436850637543,0.7890525,False Negative
1,0.6620939,1,1,0.27958931253767483,0.714087664063827,0.6620939,True Positive
1,0.722586,1,1,0.6420902245967312,0.6877223968495744,0.722586,True Positive
1,0.8049751,1,1,0.695156233073989,0.8738825260593506,0.8049751,True Positive
0,0.307395,0,1,0.39608046847060985,0.3224559685669269,0.692605,True Negative
0,0.41988078,1,0,0.5370291807622246,0.3705311829857024,0.58011925,False Positive
1,0.79826325,1,1,0.6207540715130434,0.8822207109429631,0.79826325,True Positive
1,0.24433555,0,0,0.5329541206301447,0.18588725224198227,0.75566447,False Negative
0,0.32115188,0,1,0.4283892148577379,0.3224559685669269,0.67884815,True Negative
1,0.24258566,0,0,0.259815517718303,0.30944831491956126,0.75741434,False Negative
1,0.7777725,1,1,0.5703875228082368,0.835463035297584,0.7777725,True Positive
0,0.32062116,0,1,0.32060645067505156,0.3705311829857024,0.67937887,True Negative
0,0.35083535,0,1,0.49575394889887964,0.3224559685669269,0.6491647,True Negative
0,0.22709271,0,1,0.16152668876378462,0.3224559685669269,0.77290726,True Negative
0,0.26682824,0,1,0.29565191282112235,0.3224559685669269,0.73317176,True Negative
0,0.7778042,1,0,0.5682581365902377,0.8364760338680635,0.7778042,False Positive
1,0.7842412,1,1,0.5867644999754307,0.8495049497194247,0.7842412,True Positive
0,0.31578603,0,1,0.4447071996139926,0.30944831491956126,0.684214,True Negative
1,0.69522065,1,1,0.28442333217799004,0.7536749287733987,0.69522065,True Positive
0,0.2174045,0,1,0.31768792991600936,0.2277436850637543,0.7825955,True Negative
0,0.33068168,0,1,0.28599016933354793,0.3966111583484707,0.6693183,True Negative
1,0.50437355,1,1,0.6126535514216087,0.4142168986196265,0.50437355,True Positive
0,0.2989321,0,1,0.3758063533713938,0.3224559685669269,0.7010679,True Negative
1,0.75632983,1,1,0.32647308055044877,0.872984803747884,0.75632983,True Positive
1,0.73228943,1,1,0.32789624111408266,0.8102179695156084,0.73228943,True Positive
0,0.2802199,0,1,0.5396762553886386,0.2277436850637543,0.7197801,True Negative
0,0.28620383,0,1,0.34468068038193356,0.3224559685669269,0.71379614,True Negative
0,0.30361083,0,1,0.305229762844947,0.3593749866294791,0.6963892,True Negative
0,0.1729153,0,1,0.20374620324787676,0.17094313538926117,0.8270847,True Negative
0,0.33367303,0,1,0.45716650589008767,0.3224559685669269,0.666327,True Negative
0,0.27611667,0,1,0.31942097192042795,0.3224559685669269,0.72388333,True Negative
1,0.7279426,1,1,0.5224307202611955,0.7375900180233407,0.7279426,True Positive
1,0.7403416,1,1,0.3809198505685476,0.8089465035536259,0.7403416,True Positive
0,0.73611283,1,0,0.39634121996724986,0.7953350656317401,0.73611283,False Positive
1,0.32281548,0,0,0.23506543119250958,0.41142312471330617,0.6771845,False Negative
0,0.23496477,0,1,0.11926121133989238,0.3593749866294791,0.7650352,True Negative
0,0.6840873,1,0,0.24925325783793562,0.7506043555527174,0.6840873,False Positive
0,0.72404206,1,0,0.29262568810726414,0.8055715779859868,0.72404206,False Positive
0,0.30191317,0,1,0.382984515959441,0.3224559685669269,0.69808686,True Negative
0,0.4085931,1,0,0.24634792353798707,0.49106304549805446,0.59140694,False Positive
1,0.67676705,1,1,0.7078425145142119,0.5808995653044666,0.67676705,True Positive
1,0.7742164,1,1,0.5501709241142203,0.8327266243569362,0.7742164,True Positive
0,0.4156822,1,0,0.23619333640720863,0.5023260208125733,0.5843178,False Positive
1,0.66499496,1,1,0.6207540715130434,0.5887617041467856,0.66499496,True Positive
0,0.36102346,0,1,0.51824584038277,0.3224559685669269,0.6389766,True Negative
1,0.3157591,0,0,0.5888599168959894,0.2443786136573562,0.68424094,False Negative
0,0.20853752,0,1,0.07127439814563938,0.3224559685669269,0.7914625,True Negative
0,0.30682984,0,1,0.3947363261843831,0.3224559685669269,0.6931702,True Negative
1,0.567315,1,1,0.29262568810726414,0.6164751954460798,0.567315,True Positive
0,0.22941151,0,1,0.17242992652327555,0.3224559685669269,0.7705885,True Negative
0,0.39623925,1,0,0.19538617472288114,0.5023260208125733,0.6037607,False Positive
0,0.40010113,1,0,0.6021929076187942,0.3224559685669269,0.5998989,False Positive
1,0.75404507,1,1,0.557513586501562,0.7791323864266053,0.75404507,True Positive
1,0.5467551,1,1,0.3292991230926847,0.5808995653044666,0.5467551,True Positive
1,0.80221736,1,1,0.7346055781600952,0.8472843955550605,0.80221736,True Positive
1,0.7876815,1,1,0.41211084531119135,0.9355955468315317,0.7876815,True Positive
0,0.26494426,0,1,0.2907673326104125,0.3224559685669269,0.73505574,True Negative
1,0.35379273,0,0,0.5682581365902377,0.29270157150265674,0.6462073,False Negative
0,0.3295165,0,1,0.4765049837659825,0.30944831491956126,0.67048347,True Negative
1,0.39899614,1,1,0.5180373999210985,0.3593749866294791,0.6010039,True Positive
1,0.33613196,0,0,0.4627532039348692,0.3224559685669269,0.66386807,False Negative
0,0.4445371,1,0,0.6944366184314054,0.3224559685669269,0.5554629,False Positive
1,0.49664673,1,1,0.5970122515397963,0.4142168986196265,0.50335324,True Positive
1,0.672732,1,1,0.4969167858237613,0.6431444898610612,0.672732,True Positive
1,0.43333888,1,1,0.2727731855145116,0.5023260208125733,0.5666611,True Positive
0,0.2146659,0,1,0.12952684975457768,0.30944831491956126,0.7853341,True Negative
1,0.74074495,1,1,0.1682592810351373,0.8945769807878424,0.74074495,True Positive
0,0.1831436,0,1,0.14015605390266853,0.2277436850637543,0.8168564,True Negative
1,0.7650267,1,1,0.5056625122892031,0.8229207890519311,0.7650267,True Positive
1,0.6948031,1,1,0.6895819085417305,0.6195660757163984,0.6948031,True Positive
0,0.41920897,1,0,0.2435326336016002,0.5023260208125733,0.580791,False Positive
1,0.37963924,0,0,0.5586528635798541,0.3224559685669269,0.62036073,False Negative
0,0.6830936,1,0,0.6027836090620173,0.6268154745427781,0.6830936,False Positive
1,0.28646186,0,0,0.3453197543982806,0.3224559685669269,0.71353817,False Negative
1,0.27221963,0,0,0.309510446050321,0.3224559685669269,0.72778034,False Negative
1,0.79817164,1,1,0.6200136958503872,0.8822207109429631,0.79817164,True Positive
1,0.27715608,0,0,0.32204956988762745,0.3224559685669269,0.7228439,False Negative
0,0.66328835,1,0,0.5244911296695035,0.6174578549802148,0.66328835,False Positive
1,0.7618344,1,1,0.3768181231139755,0.8681993219042158,0.7618344,True Positive
1,0.7676765,1,1,0.29090797772562826,0.9230195940095115,0.7676765,True Positive
1,0.33367303,0,0,0.45716650589008767,0.3224559685669269,0.666327,False Negative
0,0.38012087,0,1,0.5596874717886329,0.3224559685669269,0.6198791,True Negative
1,0.7781706,1,1,0.5086060529478128,0.8631731720278146,0.7781706,True Positive
1,0.3568887,0,0,0.2933521218840873,0.4198243176396146,0.6431113,False Negative
1,0.6268538,1,1,0.41119820949194363,0.6195660757163984,0.6268538,True Positive
0,0.44857648,1,0,0.7027080305022158,0.3224559685669269,0.55142355,False Positive
0,0.25403932,0,1,0.47195795946408486,0.2277436850637543,0.7459607,True Negative
0,0.48823106,1,0,0.12485119823975535,0.6195660757163984,0.51176894,False Positive
0,0.7813846,1,0,0.597733454288434,0.835463035297584,0.7813846,False Positive
0,0.42308196,1,0,0.6154128419459552,0.33816238294079354,0.576918,False Positive
1,0.3425819,0,0,0.47731273274037683,0.3224559685669269,0.65741813,False Negative
0,0.41364792,1,0,0.6306028833856531,0.3224559685669269,0.5863521,False Positive
0,0.34008628,0,1,0.4716953458078301,0.3224559685669269,0.6599137,True Negative
1,0.3314473,0,0,0.5180373999210985,0.29270157150265674,0.6685527,False Negative
0,0.2647965,0,1,0.2903832939226123,0.3224559685669269,0.7352035,True Negative
0,0.28864998,0,1,0.3507248580554584,0.3224559685669269,0.71135,True Negative
0,0.6804642,1,0,0.4867286100742759,0.6602823274391666,0.6804642,False Positive
0,0.39903235,1,0,0.5999383736445345,0.3224559685669269,0.60096765,False Positive
0,0.3020111,0,1,0.4120488373586399,0.30944831491956126,0.69798887,True Negative
1,0.23690817,0,0,0.40975214095524626,0.2277436850637543,0.7630918,False Negative
1,0.7399534,1,1,0.41988634377077416,0.7953350656317401,0.7399534,True Positive
0,0.25107983,0,1,0.2541104812411796,0.3224559685669269,0.7489202,True Negative
1,0.7894963,1,1,0.6579882123177586,0.8364760338680635,0.7894963,True Positive
0,0.2083258,0,1,0.2728027808939088,0.2277436850637543,0.7916742,True Negative
1,0.7853427,1,1,0.7218843070127264,0.7953350656317401,0.7853427,True Positive
1,0.76639223,1,1,0.40971418206059124,0.8681993219042158,0.76639223,True Positive
1,0.4715627,1,1,0.7077615290372586,0.34130878911628615,0.52843726,True Positive
0,0.22436474,0,1,0.14859825832541457,0.3224559685669269,0.77563524,True Negative
0,0.8075086,1,0,0.6873952114195194,0.8862273197211478,0.8075086,False Positive
1,0.7958406,1,1,0.6340490768527606,0.8681993219042158,0.7958406,True Positive
1,0.25923693,0,0,0.27583259132740057,0.3224559685669269,0.74076307,False Negative
0,0.2258044,0,1,0.2650885350936901,0.2711924289150009,0.7741956,True Negative
0,0.23719692,0,1,0.281135512075787,0.2884906996481552,0.7628031,True Negative
1,0.7491673,1,1,0.47731273274037683,0.7953350656317401,0.7491673,True Positive
0,0.43901175,1,0,0.6830979352084071,0.3224559685669269,0.56098825,False Positive
1,0.7434178,1,1,0.2598405618120204,0.8631731720278146,0.7434178,True Positive
1,0.30236104,0,0,0.1682592810351373,0.4198243176396146,0.697639,False Negative
1,0.31808195,0,0,0.4212450363074125,0.3224559685669269,0.681918,False Negative
0,0.46099004,1,0,0.7280449739061525,0.3224559685669269,0.5390099,False Positive
1,0.32383975,0,0,0.4346148440629889,0.3224559685669269,0.6761602,False Negative
0,0.53175324,1,0,0.4728852898644754,0.5023260208125733,0.53175324,False Positive
0,0.2361262,0,1,0.40616531548555007,0.2277436850637543,0.7638738,True Negative
0,0.7891294,1,0,0.7047053795059088,0.8152643791598343,0.7891294,False Positive
0,0.24501017,0,1,0.237641549248907,0.3224559685669269,0.75498986,True Negative
1,0.7677158,1,1,0.7300020158577358,0.7516816089153107,0.7677158,True Positive
1,0.7791141,1,1,0.49279028297625554,0.872984803747884,0.7791141,True Positive
0,0.33205363,0,1,0.45347599774121494,0.3224559685669269,0.66794634,True Negative
1,0.7761177,1,1,0.5078883141704512,0.8568842641793217,0.7761177,True Positive
1,0.7456031,1,1,0.40971418206059124,0.8102179695156084,0.7456031,True Positive
1,0.5458362,1,1,0.5015676208026256,0.5023260208125733,0.5458362,True Positive
0,0.2592887,0,1,0.27596897913133783,0.3224559685669269,0.74071133,True Negative
0,0.50961107,1,0,0.722292009018574,0.36953306897800275,0.50961107,False Positive
1,0.77845496,1,1,0.3873016793631253,0.9159798224599328,0.77845496,True Positive
1,0.24081734,0,0,0.42756196339487174,0.2277436850637543,0.7591827,False Negative
0,0.28014413,0,1,0.3295726885088917,0.3224559685669269,0.7198559,True Negative
0,0.21878156,0,1,0.12178534818249272,0.3224559685669269,0.7812184,True Negative
1,0.69010067,1,1,0.5917660317528808,0.6431444898610612,0.69010067,True Positive
1,0.46300778,1,1,0.7321531097252238,0.3224559685669269,0.5369922,True Positive
1,0.24853119,0,0,0.4202730823034567,0.2443786136573562,0.7514688,False Negative
0,0.18382658,0,1,0.2654293437058079,0.17094313538926117,0.81617343,True Negative
1,0.7742209,1,1,0.4672780010275697,0.8681993219042158,0.7742209,True Positive
1,0.8088481,1,1,0.5703875228082368,0.9410867284899398,0.8088481,True Positive
1,0.40598476,1,1,0.21591752559424227,0.5023260208125733,0.59401524,True Positive
0,0.58393145,1,0,0.5444495887748746,0.5183864600203852,0.58393145,False Positive
0,0.4671622,1,0,0.6129742821066383,0.3800421347163669,0.5328378,False Positive
0,0.36306635,0,1,0.52272194983533,0.3224559685669269,0.6369337,True Negative
1,0.3031239,0,0,0.41471751972480403,0.30944831491956126,0.6968761,False Negative
0,0.32780266,0,1,0.4437448820307281,0.3224559685669269,0.67219734,True Negative
0,0.36444262,0,1,0.525731381203387,0.3224559685669269,0.6355574,True Negative
1,0.80018747,1,1,0.6363536613393742,0.8822207109429631,0.80018747,True Positive
0,0.81401944,1,0,0.7346055781600952,0.8896487431186482,0.81401944,False Positive
0,0.29463127,0,1,0.3653773316747102,0.3224559685669269,0.70536876,True Negative
0,0.43071282,1,0,0.4626359173531628,0.4142168986196265,0.5692872,False Positive
0,0.24377081,0,1,0.23424506691229377,0.3224559685669269,0.75622916,True Negative
1,0.7440499,1,1,0.40389132592852195,0.8089465035536259,0.7440499,True Positive
0,0.5785645,1,0,0.5332907673598319,0.5183864600203852,0.5785645,False Positive
0,0.61630166,1,0,0.6483367987217895,0.5023260208125733,0.61630166,False Positive
1,0.6818264,1,1,0.7114803128298031,0.5887617041467856,0.6818264,True Positive
1,0.77329993,1,1,0.5196497036677057,0.8428691535182296,0.77329993,True Positive
1,0.7242345,1,1,0.16398828252057146,0.8495049497194247,0.7242345,True Positive
1,0.4331458,1,1,0.2723752551380354,0.5023260208125733,0.56685424,True Positive
0,0.2810548,0,1,0.33185566702984753,0.3224559685669269,0.7189452,True Negative
0,0.7951787,1,0,0.7346055781600952,0.8229207890519311,0.7951787,False Positive
1,0.778125,1,1,0.6202613283316342,0.8152643791598343,0.778125,True Positive
1,0.37204674,0,0,0.32647308055044877,0.4198243176396146,0.6279533,False Negative
0,0.2093281,0,1,0.2778275174817141,0.2277436850637543,0.7906719,True Negative
1,0.28979826,0,0,0.5265965726312615,0.2443786136573562,0.71020174,False Negative
0,0.46654063,1,0,0.3050940849969289,0.5183864600203852,0.53345937,False Positive
1,0.7773561,1,1,0.6262722278402917,0.8102179695156084,0.7773561,True Positive
0,0.19329132,0,1,0.3751531922119511,0.14360452046845526,0.8067087,True Negative
1,0.2640008,0,0,0.47731859882767713,0.237177205645579,0.7359992,False Negative
0,0.3258076,0,1,0.43915566580592436,0.3224559685669269,0.6741924,True Negative
0,0.39280647,1,0,0.5867644999754307,0.3224559685669269,0.6071935,False Positive
1,0.5749656,1,1,0.35696688045100655,0.5945768067618096,0.5749656,True Positive
0,0.7328394,1,0,0.29262568810726414,0.8229207890519311,0.7328394,False Positive
1,0.7750092,1,1,0.3680231197451781,0.9131694359705278,0.7750092,True Positive
1,0.77652025,1,1,0.5903020234739714,0.8229207890519311,0.77652025,True Positive
0,0.28545523,0,1,0.34282478819641543,0.3224559685669269,0.7145448,True Negative
1,0.7829146,1,1,0.5328851003717726,0.8681993219042158,0.7829146,True Positive
1,0.7506733,1,1,0.40389132592852195,0.8229207890519311,0.7506733,True Positive
1,0.80115926,1,1,0.6749676159337371,0.8690914495756569,0.80115926,True Positive
1,0.7857348,1,1,0.6901193648242301,0.8102179695156084,0.7857348,True Positive
1,0.80620027,1,1,0.7186183273818627,0.8681993219042158,0.80620027,True Positive
1,0.78514683,1,1,0.5937376629426696,0.8495049497194247,0.78514683,True Positive
1,0.46250102,1,1,0.7311215627012528,0.3224559685669269,0.53749895,True Positive
0,0.26197913,0,1,0.2830344944717394,0.3224559685669269,0.7380209,True Negative
0,0.29123148,0,1,0.3570706270405013,0.3224559685669269,0.7087685,True Negative
1,0.21094753,0,0,0.2859088819097675,0.2277436850637543,0.7890525,False Negative
1,0.811131,1,1,0.7272983187818545,0.8822207109429631,0.811131,True Positive
0,0.782261,1,0,0.5841010140111483,0.8441536131014379,0.782261,False Positive
0,0.75998557,1,0,0.36359762114847066,0.8681993219042158,0.75998557,False Positive
0,0.62745535,1,0,0.4807727059456292,0.5887617041467856,0.62745535,False Positive
1,0.33221102,0,0,0.4538349992157121,0.3224559685669269,0.667789,False Negative
0,0.4477477,1,0,0.34282478819641543,0.4840689646517107,0.5522523,False Positive
1,0.7673965,1,1,0.5525682893813133,0.8102179695156084,0.7673965,True Positive
0,0.7722206,1,0,0.5909563845440583,0.8089465035536259,0.7722206,False Positive
1,0.3371689,0,0,0.4651029678767707,0.3224559685669269,0.66283107,False Negative
1,0.65951955,1,1,0.6156277458376175,0.5808995653044666,0.65951955,True Positive
1,0.61445606,1,1,0.6443907271518439,0.5023260208125733,0.61445606,True Positive
1,0.45286793,1,1,0.7114803128298031,0.3224559685669269,0.5471321,True Positive
1,0.41364792,1,1,0.6306028833856531,0.3224559685669269,0.5863521,True Positive
1,0.7689247,1,1,0.4841051661590741,0.8442792859337949,0.7689247,True Positive
0,0.27224326,0,1,0.4826157444448365,0.2443786136573562,0.72775674,True Negative
1,0.80249023,1,1,0.6988324404502188,0.8635441834283982,0.80249023,True Positive
0,0.2566462,0,1,0.26898275324126636,0.3224559685669269,0.74335384,True Negative
0,0.29298976,0,1,0.43665184546563224,0.2884906996481552,0.70701027,True Negative
1,0.21448426,0,0,0.3034016540140645,0.2277436850637543,0.7855157,False Negative
1,0.2401277,0,0,0.2218432347249218,0.3224559685669269,0.7598723,False Negative
0,0.22479694,0,1,0.5332202047496432,0.14360452046845526,0.77520305,True Negative
1,0.74335897,1,1,0.3535146243129142,0.8241117899500012,0.74335897,True Positive
0,0.32749388,0,1,0.4430355684747663,0.3224559685669269,0.6725061,True Negative
1,0.7800242,1,1,0.6207540715130434,0.8211940044992384,0.7800242,True Positive
1,0.49358338,1,1,0.39553192566832823,0.5023260208125733,0.5064166,True Positive
0,0.30342752,0,1,0.5965290030251258,0.2277436850637543,0.6965725,True Negative
0,0.3616564,0,1,0.3412606259185915,0.4029374432731219,0.6383436,True Negative
0,0.23689155,0,1,0.20708473996353274,0.3224559685669269,0.76310843,True Negative
0,0.19792928,0,1,0.39956863166282314,0.14360452046845526,0.80207074,True Negative
0,0.6633761,1,0,0.6360407513068905,0.5808995653044666,0.6633761,False Positive
0,0.25785178,0,1,0.48208933476860116,0.2277436850637543,0.7421482,True Negative
0,0.2499769,0,1,0.2511378485039682,0.3224559685669269,0.7500231,True Negative
1,0.17919582,0,0,0.20764509863980796,0.18588725224198227,0.8208042,False Negative
0,0.32245213,0,1,0.4314043183799848,0.3224559685669269,0.6775479,True Negative
0,0.3111364,0,1,0.4049438893464991,0.3224559685669269,0.68886364,True Negative
1,0.7348669,1,1,0.30493020609944815,0.8229207890519311,0.7348669,True Positive
1,0.4109197,1,1,0.6249047324676725,0.3224559685669269,0.58908033,True Positive
1,0.7306992,1,1,0.5030785046432984,0.7494060343922561,0.7306992,True Positive
0,0.25222272,0,1,0.2571817212182498,0.3224559685669269,0.7477773,True Negative
1,0.7961163,1,1,0.6362575648058894,0.8681993219042158,0.7961163,True Positive
1,0.7683183,1,1,0.3582196797553033,0.8962305770825502,0.7683183,True Positive
0,0.24983694,0,1,0.27958931253767483,0.30944831491956126,0.7501631,True Negative
1,0.37588602,0,0,0.3347721386283056,0.4198243176396146,0.624114,False Negative
1,0.7970258,1,1,0.7133734613919024,0.8383352620286133,0.7970258,True Positive
0,0.24927932,0,1,0.24925325783793562,0.3224559685669269,0.7507207,True Negative
1,0.42736274,1,1,0.5641813994774195,0.3652772064708323,0.57263726,True Positive
0,0.43925756,1,0,0.6418189785701933,0.34130878911628615,0.56074244,False Positive
1,0.7730122,1,1,0.5641500106637878,0.8229207890519311,0.7730122,True Positive
1,0.630121,1,1,0.7021638256074264,0.5023260208125733,0.630121,True Positive
0,0.23467925,0,1,0.19691544823692214,0.3224559685669269,0.7653208,True Negative
0,0.39447495,1,0,0.5903020234739714,0.3224559685669269,0.605525,False Positive
0,0.35530165,0,1,0.5056494867436079,0.3224559685669269,0.6446984,True Negative
0,0.24406016,0,1,0.23503907997675527,0.3224559685669269,0.75593984,True Negative
1,0.37807474,0,0,0.5552884095556191,0.3224559685669269,0.62192523,False Negative
0,0.25226605,0,1,0.25729796900694396,0.3224559685669269,0.74773395,True Negative
1,0.76479954,1,1,0.4467614040488818,0.8474134142696155,0.76479954,True Positive
0,0.35953674,0,1,0.5149814466613652,0.3224559685669269,0.64046323,True Negative
0,0.20795056,0,1,0.36044857894265186,0.18588725224198227,0.7920494,True Negative
0,0.7695932,1,0,0.47678729504827655,0.8495049497194247,0.7695932,False Positive
0,0.74219954,1,0,0.34994064366196403,0.8229207890519311,0.74219954,False Positive
1,0.7586109,1,1,0.4027071554707594,0.8472843955550605,0.7586109,True Positive
0,0.28014413,0,1,0.3295726885088917,0.3224559685669269,0.7198559,True Negative
0,0.4052253,1,0,0.6129742821066383,0.3224559685669269,0.5947747,False Positive
1,0.7348918,1,1,0.24977561992529498,0.8428691535182296,0.7348918,True Positive
1,0.77695525,1,1,0.376272362782782,0.9158705218066219,0.77695525,True Positive
0,0.41820738,1,0,0.5582763050676477,0.3593749866294791,0.5817926,False Positive
1,0.3110666,0,0,0.4336082285898818,0.30944831491956126,0.6889334,False Negative
0,0.32110447,0,1,0.42827925818652574,0.3224559685669269,0.67889553,True Negative
0,0.49597043,1,0,0.4003643989772526,0.5023260208125733,0.5040296,False Positive
1,0.69597614,1,1,0.5554289057455423,0.6658769210536959,0.69597614,True Positive
0,0.30921754,0,1,0.400405397689247,0.3224559685669269,0.6907824,True Negative
0,0.7696496,1,0,0.42231177563097033,0.872984803747884,0.7696496,False Positive
0,0.7876715,1,0,0.5695882389489262,0.8681993219042158,0.7876715,False Positive
1,0.75345826,1,1,0.2813817747168861,0.8836369633925153,0.75345826,True Positive
1,0.66613525,1,1,0.48241415084890416,0.6362886723501479,0.66613525,True Positive
0,0.32237124,0,1,0.4312169041247106,0.3224559685669269,0.67762876,True Negative
0,0.51661825,1,0,0.4421738477757576,0.5023260208125733,0.51661825,False Positive
0,0.18222962,0,1,0.22461773740393132,0.18588725224198227,0.81777036,True Negative
0,0.21317676,0,1,0.09436827419594847,0.3224559685669269,0.7868233,True Negative
1,0.7647239,1,1,0.4538349992157121,0.8441536131014379,0.7647239,True Positive
1,0.80989486,1,1,0.6962618573118915,0.8910179166288004,0.80989486,True Positive
1,0.40962926,1,1,0.6222056026915985,0.3224559685669269,0.5903708,True Positive
0,0.2592032,0,1,0.485657170152889,0.2277436850637543,0.7407968,True Negative
1,0.737055,1,1,0.7290806288603727,0.6877223968495744,0.737055,True Positive
0,0.23047264,0,1,0.17739364723965922,0.3224559685669269,0.7695274,True Negative
1,0.54907167,1,1,0.6910273581311895,0.4198243176396146,0.54907167,True Positive
1,0.7910176,1,1,0.6988324404502188,0.8241117899500012,0.7910176,True Positive
1,0.7224262,1,1,0.2728027808939088,0.8089465035536259,0.7224262,True Positive
1,0.65901667,1,1,0.6129742821066383,0.5808995653044666,0.65901667,True Positive
1,0.8010188,1,1,0.6431281708846118,0.8822207109429631,0.8010188,True Positive
1,0.3368577,0,0,0.5396762553886386,0.2884906996481552,0.6631423,False Negative
0,0.25222912,0,1,0.4671123096112425,0.2277436850637543,0.7477709,True Negative
0,0.7477703,1,0,0.3846972418682497,0.8229207890519311,0.7477703,False Positive
0,0.24610937,0,1,0.2406441478917368,0.3224559685669269,0.75389063,True Negative
0,0.18165676,0,1,0.13189819398000666,0.2277436850637543,0.8183432,True Negative
0,0.20747802,0,1,0.2685384591181108,0.2277436850637543,0.79252195,True Negative
1,0.7553598,1,1,0.43388823956652833,0.8241117899500012,0.7553598,True Positive
1,0.7854768,1,1,0.7300020158577358,0.7923054199113425,0.7854768,True Positive
0,0.3926143,1,0,0.382984515959441,0.4142168986196265,0.6073857,False Positive
1,0.78183717,1,1,0.4132099244991866,0.9158705218066219,0.78183717,True Positive
1,0.78207695,1,1,0.4937044135571927,0.8822207109429631,0.78207695,True Positive
1,0.7771219,1,1,0.627485181522309,0.8089465035536259,0.7771219,True Positive
1,0.8034829,1,1,0.6961123890144106,0.8681993219042158,0.8034829,True Positive
1,0.43367913,1,1,0.6721252661499211,0.3224559685669269,0.5663209,True Positive
1,0.6456454,1,1,0.5430863792408794,0.5808995653044666,0.6456454,True Positive
0,0.7876184,1,0,0.6550275491710511,0.8314749301764279,0.7876184,False Positive
1,0.6092859,1,1,0.4418034657544127,0.5887617041467856,0.6092859,True Positive
1,0.21432902,0,0,0.2670560501644002,0.2443786136573562,0.785671,False Negative
1,0.7976886,1,1,0.6377079774681365,0.872984803747884,0.7976886,True Positive
0,0.3425819,0,1,0.47731273274037683,0.3224559685669269,0.65741813,True Negative
0,0.7104703,1,0,0.6377589684384606,0.6658769210536959,0.7104703,False Positive
1,0.7842839,1,1,0.6220741277152555,0.8345412917472543,0.7842839,True Positive
1,0.7937249,1,1,0.6203460488872968,0.8668426253864182,0.7937249,True Positive
0,0.21742816,0,1,0.28222073090696276,0.2443786136573562,0.78257185,True Negative
1,0.3167771,0,0,0.628110821594096,0.2277436850637543,0.6832229,False Negative
0,0.25823474,0,1,0.2731881200478373,0.3224559685669269,0.74176526,True Negative
0,0.27878693,0,1,0.3261617324884468,0.3224559685669269,0.7212131,True Negative
1,0.3622709,0,0,0.43915566580592436,0.3593749866294791,0.6377291,False Negative
1,0.7601327,1,1,0.5061592388294528,0.8089465035536259,0.7601327,True Positive
0,0.3205356,0,1,0.4269579776678856,0.3224559685669269,0.6794644,True Negative
0,0.15046532,0,1,0.06637436457375907,0.17094313538926117,0.8495347,True Negative
0,0.47956678,1,0,0.7657870903360385,0.3224559685669269,0.5204332,False Positive
0,0.30631712,0,1,0.3935157598334959,0.3224559685669269,0.6936829,True Negative
1,0.43832445,1,1,0.2830344944717394,0.5023260208125733,0.56167555,True Positive
0,0.20892976,0,1,0.27583259132740057,0.2277436850637543,0.7910702,True Negative
0,0.24308228,0,1,0.23235319594832513,0.3224559685669269,0.7569177,True Negative
1,0.64857185,1,1,0.5582763050676477,0.5808995653044666,0.64857185,True Positive
1,0.69980955,1,1,0.30113583911748987,0.7566589809350645,0.69980955,True Positive
0,0.24444996,0,1,0.3497245418182414,0.2711924289150009,0.75555,True Negative
1,0.3847404,0,0,0.3662138376333113,0.4142168986196265,0.6152596,False Negative
0,0.2195925,0,1,0.15353362191702005,0.30944831491956126,0.7804075,True Negative
1,0.57125396,1,1,0.3796027074093793,0.5808995653044666,0.57125396,True Positive
1,0.7281938,1,1,0.26465485376519765,0.8229207890519311,0.7281938,True Positive
1,0.2783064,0,0,0.5582763050676477,0.21718063473000876,0.72169363,False Negative
0,0.25292146,0,1,0.2590549146186022,0.3224559685669269,0.74707854,True Negative
0,0.34903196,0,1,0.28836969354455144,0.4142168986196265,0.6509681,True Negative
1,0.650489,1,1,0.5682581365902377,0.5808995653044666,0.650489,True Positive
1,0.6611185,1,1,0.7103963442257993,0.5524912489616338,0.6611185,True Positive
0,0.7873743,1,0,0.5672778670781171,0.8681993219042158,0.7873743,False Positive
0,0.805699,1,0,0.6093198008536084,0.9131694359705278,0.805699,False Positive
0,0.21313584,0,1,0.40058092378457666,0.1792057255927322,0.78686416,True Negative
0,0.5407399,1,0,0.31702859773644854,0.5808995653044666,0.5407399,False Positive
0,0.28610945,0,1,0.3444467989218605,0.3224559685669269,0.71389055,True Negative
1,0.7785815,1,1,0.5827512176811476,0.8327822833909359,0.7785815,True Positive
1,0.2435243,0,0,0.23356813706782978,0.3224559685669269,0.7564757,False Negative
1,0.75623274,1,1,0.4428250172614667,0.8229207890519311,0.75623274,True Positive
1,0.75622535,1,1,0.461701428343205,0.8152643791598343,0.75622535,True Positive
0,0.7584344,1,0,0.4912821857044354,0.8102179695156084,0.7584344,False Positive
0,0.34264848,0,1,0.4774622564986838,0.3224559685669269,0.6573515,True Negative
0,0.3163276,0,1,0.4171458081356179,0.3224559685669269,0.6836724,True Negative
1,0.71824574,1,1,0.24820560651945392,0.8089465035536259,0.71824574,True Positive
0,0.2262676,0,1,0.4817165211028392,0.17094313538926117,0.7737324,True Negative
0,0.45767742,1,0,0.5936649111039154,0.3800421347163669,0.5423226,False Positive
1,0.7781739,1,1,0.49688102943473117,0.8681993219042158,0.7781739,True Positive
0,0.20192192,0,1,0.4202438814342097,0.14360452046845526,0.79807806,True Negative
0,0.26594013,0,1,0.2933521218840873,0.3224559685669269,0.7340599,True Negative
0,0.21861793,0,1,0.12099201086516058,0.3224559685669269,0.7813821,True Negative
1,0.7940296,1,1,0.5205950266058827,0.9105484694487559,0.7940296,True Positive
1,0.7623885,1,1,0.3204912313057482,0.8939947616059489,0.7623885,True Positive
1,0.8075075,1,1,0.6934410995634818,0.8836369633925153,0.8075075,True Positive
1,0.7660459,1,1,0.5130493176870463,0.8229207890519311,0.7660459,True Positive
1,0.7028566,1,1,0.33029411150892357,0.7527373885627401,0.7028566,True Positive
1,0.6197082,1,1,0.6556392102784326,0.5023260208125733,0.6197082,True Positive
0,0.60314095,1,0,0.6203460488872968,0.5023260208125733,0.60314095,False Positive
0,0.2308151,0,1,0.17899215537127364,0.3224559685669269,0.7691849,True Negative
0,0.8074661,1,0,0.717996952618197,0.872984803747884,0.8074661,False Positive
1,0.8227774,1,1,0.6910273581311895,0.9410867284899398,0.8227774,True Positive
0,0.37140256,0,1,0.5408774250543404,0.3224559685669269,0.62859744,True Negative
1,0.31244344,0,0,0.4080264858908485,0.3224559685669269,0.68755656,False Negative
1,0.78432274,1,1,0.38481585649648015,0.9361590774083229,0.78432274,True Positive
0,0.7738703,1,0,0.6031885908774459,0.8089465035536259,0.7738703,False Positive
1,0.7845081,1,1,0.5940084143082752,0.8472843955550605,0.7845081,True Positive
1,0.73069274,1,1,0.4810014679158562,0.7566589809350645,0.73069274,True Positive
0,0.25375402,0,1,0.2612823042873129,0.3224559685669269,0.746246,True Negative
0,0.38077328,0,1,0.56108833048882,0.3224559685669269,0.6192267,True Negative
1,0.4865708,1,1,0.5641813994774195,0.4198243176396146,0.51342916,True Positive
1,0.75536275,1,1,0.6462759073095774,0.7526966065257426,0.75536275,True Positive
0,0.3038528,0,1,0.3876334219979805,0.3224559685669269,0.6961472,True Negative
0,0.2526039,0,1,0.46811745553322354,0.2277436850637543,0.7473961,True Negative
0,0.82565063,1,0,0.6901798193595021,0.9524848313310829,0.82565063,False Positive
0,0.2835755,0,1,0.6408327225264336,0.18588725224198227,0.71642447,True Negative
1,0.5691014,1,1,0.7321531097252238,0.4198243176396146,0.5691014,True Positive
0,0.2645095,0,1,0.4032537989417874,0.2711924289150009,0.7354905,True Negative
1,0.5363525,1,1,0.48223897432049856,0.5023260208125733,0.5363525,True Positive
0,0.21467328,0,1,0.3043308080599381,0.2277436850637543,0.7853267,True Negative
0,0.7508684,1,0,0.45579449225539614,0.8059559795001284,0.7508684,False Positive
1,0.22621994,0,0,0.2670560501644002,0.2711924289150009,0.77378005,False Negative
1,0.7668034,1,1,0.5512222921563648,0.8089465035536259,0.7668034,True Positive
1,0.8218453,1,1,0.7454686791266987,0.9142487930614842,0.8218453,True Positive
0,0.32550085,0,1,0.4672780010275697,0.30944831491956126,0.67449915,True Negative
0,0.2295659,0,1,0.17315306855750934,0.3224559685669269,0.7704341,True Negative
1,0.68202454,1,1,0.6828344549871569,0.5985454828691935,0.68202454,True Positive
0,0.55731523,1,0,0.3509105856404432,0.5808995653044666,0.55731523,False Positive
1,0.7791773,1,1,0.6103050386942718,0.8229207890519311,0.7791773,True Positive
1,0.7903981,1,1,0.5292332058849618,0.8945769807878424,0.7903981,True Positive
1,0.22852261,0,0,0.1682592810351373,0.3224559685669269,0.7714774,False Negative
0,0.21272866,0,1,0.09215385501622662,0.3224559685669269,0.7872713,True Negative
0,0.31276822,0,1,0.40879132944920943,0.3224559685669269,0.6872318,True Negative
0,0.7478759,1,0,0.47838681501715397,0.7923054199113425,0.7478759,False Positive
0,0.7169144,1,0,0.24041940534839304,0.8089465035536259,0.7169144,False Positive
0,0.33587524,0,1,0.6720841991123955,0.2277436850637543,0.6641247,True Negative
1,0.6840482,1,1,0.6527314391348799,0.6120988163920374,0.6840482,True Positive
0,0.3076417,0,1,0.35488266983882716,0.34130878911628615,0.69235826,True Negative
0,0.21074295,0,1,0.1919529265659055,0.2711924289150009,0.78925705,True Negative
1,0.7265378,1,1,0.17902977884851917,0.8495049497194247,0.7265378,True Positive
0,0.27908957,0,1,0.32692330127965213,0.3224559685669269,0.72091043,True Negative
1,0.73759663,1,1,0.2523827557654215,0.8495049497194247,0.73759663,True Positive
1,0.45453364,1,1,0.7437106204271268,0.30944831491956126,0.54546636,True Positive
1,0.76095927,1,1,0.4534780783905476,0.8327266243569362,0.76095927,True Positive
1,0.7514071,1,1,0.40899624455142136,0.8229207890519311,0.7514071,True Positive
0,0.26733664,0,1,0.5068796945216728,0.2277436850637543,0.7326634,True Negative
0,0.5196718,1,0,0.4483631157572572,0.5023260208125733,0.5196718,False Positive
1,0.7641512,1,1,0.4700141115830839,0.835463035297584,0.7641512,True Positive
1,0.56195915,1,1,0.5345916655855412,0.5023260208125733,0.56195915,True Positive
0,0.22850439,0,1,0.2778275174817141,0.2711924289150009,0.7714956,True Negative
0,0.25592053,0,1,0.2670560501644002,0.3224559685669269,0.7440795,True Negative
0,0.32395738,0,1,0.4348867078394713,0.3224559685669269,0.6760426,True Negative
0,0.25571984,0,1,0.4764360417273234,0.2277436850637543,0.74428016,True Negative
1,0.6239028,1,1,0.6706485627452848,0.5023260208125733,0.6239028,True Positive
1,0.74413264,1,1,0.25297026551014573,0.8681993219042158,0.74413264,True Positive
1,0.8073272,1,1,0.6203700678470737,0.9142487930614842,0.8073272,True Positive
1,0.74788725,1,1,0.36282207040631814,0.832235689468356,0.74788725,True Positive
0,0.38604867,0,1,0.5723812983782907,0.3224559685669269,0.6139513,True Negative
0,0.19848013,0,1,0.12952684975457768,0.2711924289150009,0.8015199,True Negative
0,0.26778746,0,1,0.2981304324549314,0.3224559685669269,0.73221254,True Negative
0,0.574,1,0,0.5238308541889966,0.5183864600203852,0.574,False Positive
1,0.68912315,1,1,0.1008201475979316,0.8229207890519311,0.68912315,True Positive
0,0.55271953,1,0,0.3414936177442529,0.5808995653044666,0.55271953,False Positive
1,0.31198752,0,0,0.4069520432101082,0.3224559685669269,0.6880125,False Negative
0,0.25287357,0,1,0.25892667353536125,0.3224559685669269,0.74712646,True Negative
1,0.7410995,1,1,0.30885555403258336,0.835463035297584,0.7410995,True Positive
0,0.30556166,0,1,0.5647603126898457,0.2443786136573562,0.69443834,True Negative
0,0.2208755,0,1,0.13189819398000666,0.3224559685669269,0.7791245,True Negative
0,0.27246478,0,1,0.3389657849684918,0.30944831491956126,0.72753525,True Negative
1,0.5688883,1,1,0.5488627112849792,0.5023260208125733,0.5688883,True Positive
0,0.3385014,0,1,0.46811745553322354,0.3224559685669269,0.6614986,True Negative
0,0.29945207,0,1,0.27272301693081036,0.36953306897800275,0.70054793,True Negative
1,0.7936692,1,1,0.5137315007466372,0.9122588956026608,0.7936692,True Positive
0,0.23272438,0,1,0.35488266983882716,0.2443786136573562,0.76727563,True Negative
0,0.19365387,0,1,0.19710236880131077,0.2277436850637543,0.8063461,True Negative
0,0.36749482,0,1,0.450563543337706,0.3593749866294791,0.6325052,True Negative
1,0.8023721,1,1,0.6869801475559574,0.8681993219042158,0.8023721,True Positive
1,0.22226007,0,0,0.4626359173531628,0.17094313538926117,0.77773994,False Negative
0,0.79459435,1,0,0.6203460488872968,0.8698023344046194,0.79459435,False Positive
1,0.22974603,0,0,0.237641549248907,0.29270157150265674,0.77025396,False Negative
0,0.34954408,0,1,0.4928822310655805,0.3224559685669269,0.65045595,True Negative
1,0.6890664,1,1,0.10068602573563765,0.8229207890519311,0.6890664,True Positive
1,0.38533807,0,0,0.5290793699414716,0.34130878911628615,0.61466193,False Negative
1,0.26000237,0,0,0.39146469587239,0.2711924289150009,0.7399976,False Negative
0,0.7996886,1,0,0.7209962247878302,0.8442792859337949,0.7996886,False Positive
0,0.32541454,0,1,0.4382498128668386,0.3224559685669269,0.67458546,True Negative
0,0.41132563,1,0,0.11132105447780694,0.5545662256493498,0.58867437,False Positive
0,0.23616369,0,1,0.20374620324787676,0.3224559685669269,0.7638363,True Negative
0,0.22133894,0,1,0.30113583911748987,0.2443786136573562,0.7786611,True Negative
1,0.30115718,0,0,0.38116804625545603,0.3224559685669269,0.6988428,False Negative
0,0.7570502,1,0,0.5275670873282128,0.7953350656317401,0.7570502,False Positive
1,0.5302868,1,1,0.29576062584349627,0.5808995653044666,0.5302868,True Positive
1,0.32704565,0,0,0.5556220182305028,0.2711924289150009,0.6729543,False Negative
1,0.35796598,0,0,0.6251428693216987,0.2711924289150009,0.64203405,False Negative
0,0.428142,1,0,0.07047765930342745,0.5887617041467856,0.571858,False Positive
1,0.43423906,1,1,0.6732789200468393,0.3224559685669269,0.56576097,True Positive
0,0.21699743,0,1,0.315704751523865,0.2277436850637543,0.78300256,True Negative
1,0.49461257,1,1,0.3528059619877102,0.5225439561212515,0.5053874,True Positive
0,0.73989403,1,0,0.3028497738724148,0.8345412917472543,0.73989403,False Positive
1,0.68604386,1,1,0.7346055781600952,0.5887617041467856,0.68604386,True Positive
0,0.78051907,1,0,0.6204719194025428,0.8229207890519311,0.78051907,False Positive
0,0.30682984,0,1,0.3947363261843831,0.3224559685669269,0.6931702,True Negative
0,0.32386088,0,1,0.43466366889202773,0.3224559685669269,0.6761391,True Negative
1,0.29220477,0,0,0.6621354395964026,0.18588725224198227,0.70779526,False Negative
0,0.3631093,0,1,0.48800541852257256,0.33816238294079354,0.6368907,True Negative
0,0.35679117,0,1,0.2931371390735049,0.4198243176396146,0.64320886,True Negative
0,0.34422538,0,1,0.4810014679158562,0.3224559685669269,0.6557746,True Negative
0,0.63671523,1,0,0.5009242365001257,0.5887617041467856,0.63671523,False Positive
1,0.7413753,1,1,0.3873016793631253,0.8089465035536259,0.7413753,True Positive
0,0.30191317,0,1,0.382984515959441,0.3224559685669269,0.69808686,True Negative
1,0.37308502,0,0,0.5445209729709743,0.3224559685669269,0.626915,False Negative
1,0.7917711,1,1,0.7075544445095246,0.8229207890519311,0.7917711,True Positive
0,0.22181357,0,1,0.13640637375615375,0.3224559685669269,0.77818644,True Negative
1,0.7814066,1,1,0.5979006894620092,0.835463035297584,0.7814066,True Positive
0,0.17813918,0,1,0.07656692987469842,0.2443786136573562,0.8218608,True Negative
0,0.3234279,0,1,0.643576108120869,0.2277436850637543,0.6765721,True Negative
1,0.51130223,1,1,0.4314043183799848,0.5023260208125733,0.51130223,True Positive
1,0.78254086,1,1,0.6358764517944083,0.8229207890519311,0.78254086,True Positive
1,0.3609284,0,0,0.5180373999210985,0.3224559685669269,0.6390716,False Negative
1,0.7651133,1,1,0.3502959203859391,0.8896487431186482,0.7651133,True Positive
1,0.8094432,1,1,0.7346055781600952,0.872984803747884,0.8094432,True Positive
0,0.4201335,1,0,0.5221155525085253,0.37749705456807175,0.5798665,False Positive
1,0.70253444,1,1,0.3744917030462752,0.7375900180233407,0.70253444,True Positive
0,0.51280165,1,0,0.7512674186702638,0.3593749866294791,0.51280165,False Positive
0,0.22998254,0,1,0.3421117576902683,0.2443786136573562,0.77001745,True Negative
0,0.29039288,0,1,0.2731881200478373,0.3593749866294791,0.7096071,True Negative
0,0.19301337,0,1,0.1937008066610462,0.2277436850637543,0.80698663,True Negative
0,0.30156597,0,1,0.1663504218081354,0.4198243176396146,0.698434,True Negative
1,0.4164749,1,1,0.6482069723329162,0.31717181422089213,0.58352506,True Positive
1,0.43903863,1,1,0.6831531993734935,0.3224559685669269,0.56096137,True Positive
1,0.36293328,0,0,0.5224307202611955,0.3224559685669269,0.6370667,False Negative
1,0.8103921,1,1,0.7538111632950232,0.8681993219042158,0.8103921,True Positive
0,0.31640187,0,1,0.4173196794076793,0.3224559685669269,0.68359816,True Negative
0,0.3106836,0,1,0.32204956988762745,0.3593749866294791,0.6893164,True Negative
0,0.19848104,0,1,0.1868866720201173,0.2443786136573562,0.801519,True Negative
0,0.38411945,0,1,0.5682581365902377,0.3224559685669269,0.61588055,True Negative
0,0.47362435,1,0,0.35508062357224657,0.5023260208125733,0.52637565,False Positive
1,0.7962611,1,1,0.6362575648058894,0.8686956181548565,0.7962611,True Positive
1,0.75918484,1,1,0.46374391996106606,0.8229207890519311,0.75918484,True Positive
0,0.7622979,1,0,0.6498814633428492,0.7662933451291876,0.7622979,False Positive
1,0.79542977,1,1,0.7545106651944976,0.8152643791598343,0.79542977,True Positive
1,0.6013069,1,1,0.6830979352084071,0.47226433926769246,0.6013069,True Positive
0,0.39110762,1,0,0.5831571378657567,0.3224559685669269,0.6088924,False Positive
0,0.22538985,0,1,0.3560606408145178,0.2277436850637543,0.77461016,True Negative
1,0.7819348,1,1,0.49261987321741174,0.8822207109429631,0.7819348,True Positive
1,0.4545754,1,1,0.31631560757826604,0.5023260208125733,0.5454246,True Positive
0,0.32386538,0,1,0.43467415175059493,0.3224559685669269,0.6761346,True Negative
0,0.78759396,1,0,0.6249047324676725,0.8442792859337949,0.78759396,False Positive
0,0.35576072,0,1,0.5066635199315909,0.3224559685669269,0.6442393,True Negative
1,0.7312025,1,1,0.11935260688521986,0.8881681813800743,0.7312025,True Positive
0,0.1634415,0,1,0.11567558325077129,0.18588725224198227,0.8365585,True Negative
1,0.3420983,0,0,0.47622573343165037,0.3224559685669269,0.6579017,False Negative
0,0.22208428,0,1,0.13770467630001637,0.3224559685669269,0.7779157,True Negative
1,0.7602435,1,1,0.5068796945216728,0.8089465035536259,0.7602435,True Positive
1,0.7791033,1,1,0.6097453587853333,0.8229207890519311,0.7791033,True Positive
1,0.37713808,0,0,0.33763374431620713,0.41975102943384984,0.6228619,False Negative
1,0.27363604,0,0,0.23129796368933375,0.3593749866294791,0.72636396,False Negative
1,0.78291583,1,1,0.4338930893877294,0.9105484694487559,0.78291583,True Positive
0,0.47599223,1,0,0.185741285830463,0.5808995653044666,0.5240078,False Positive
0,0.2434131,0,1,0.2620919039492293,0.30944831491956126,0.7565869,True Negative
0,0.6575018,1,0,0.6049922861030693,0.5808995653044666,0.6575018,False Positive
0,0.23616369,0,1,0.20374620324787676,0.3224559685669269,0.7638363,True Negative
0,0.27972063,0,1,0.3285094583871793,0.3224559685669269,0.72027934,True Negative
1,0.8063898,1,1,0.6150679797607238,0.9131694359705278,0.8063898,True Positive
1,0.39110762,1,1,0.5831571378657567,0.3224559685669269,0.6088924,True Positive
0,0.24415629,0,1,0.23530271701451244,0.3224559685669269,0.7558437,True Negative
0,0.31297636,0,1,0.4092812737590441,0.3224559685669269,0.68702364,True Negative
0,0.25792718,0,1,0.2723752551380354,0.3224559685669269,0.7420728,True Negative
0,0.39574718,1,0,0.3142334222829034,0.4482327414925297,0.6042528,False Positive
0,0.39188036,1,0,0.4094462748887756,0.40157440348961737,0.6081196,False Positive
1,0.8104074,1,1,0.717851508474034,0.8836369633925153,0.8104074,True Positive
0,0.24625148,0,1,0.4140766705662009,0.2443786136573562,0.75374854,True Negative
0,0.33097106,0,1,0.5329541206301447,0.2854802829309368,0.66902894,True Negative
0,0.45343626,1,0,0.31399008710539844,0.5023260208125733,0.54656374,False Positive
0,0.30003244,0,1,0.37846056954278623,0.3224559685669269,0.69996756,True Negative
1,0.7432934,1,1,0.2360552064209693,0.872984803747884,0.7432934,True Positive
1,0.44051138,1,1,0.6861783029963061,0.3224559685669269,0.55948865,True Positive
0,0.1867722,0,1,0.06715634180165157,0.2711924289150009,0.8132278,True Negative
1,0.77773833,1,1,0.48241415084890416,0.872984803747884,0.77773833,True Positive
0,0.31529078,0,1,0.41471751972480403,0.3224559685669269,0.6847092,True Negative
1,0.46107775,1,1,0.3295726885088917,0.5023260208125733,0.53892225,True Positive
1,0.3317378,0,0,0.45275515338344874,0.3224559685669269,0.66826224,False Negative
1,0.75761104,1,1,0.40263945889374675,0.8442792859337949,0.75761104,True Positive
0,0.28720927,0,1,0.347168695505842,0.3224559685669269,0.7127907,True Negative
1,0.5454856,1,1,0.6837027152312025,0.4198243176396146,0.5454856,True Positive
0,0.38499287,0,1,0.5701257889254273,0.3224559685669269,0.61500716,True Negative
0,0.4479136,1,0,0.701351576789934,0.3224559685669269,0.5520864,False Positive
1,0.7931616,1,1,0.656405835264246,0.8495049497194247,0.7931616,True Positive
1,0.2898932,0,0,0.3537850523432314,0.3224559685669269,0.7101068,False Negative
0,0.70966125,1,0,0.566722747732499,0.6877223968495744,0.70966125,False Positive
0,0.47643206,1,0,0.556056933667538,0.4142168986196265,0.5235679,False Positive
1,0.77136064,1,1,0.5519363624676739,0.8229207890519311,0.77136064,True Positive
0,0.36427328,0,1,0.4835773121429217,0.34130878911628615,0.6357267,True Negative
0,0.47390828,1,0,0.3556568219240966,0.5023260208125733,0.5260917,False Positive
0,0.2174184,0,1,0.3177555904371275,0.2277436850637543,0.78258157,True Negative
0,0.23689155,0,1,0.20708473996353274,0.3224559685669269,0.76310843,True Negative
1,0.7666484,1,1,0.517426721298807,0.8229207890519311,0.7666484,True Positive
0,0.382142,0,1,0.5640239662568227,0.3224559685669269,0.617858,True Negative
0,0.21448621,0,1,0.1008201475979316,0.3224559685669269,0.78551376,True Negative
1,0.3937211,1,1,0.5068796945216728,0.3593749866294791,0.6062789,True Positive
0,0.22038849,0,1,0.29656113313395355,0.2443786136573562,0.7796115,True Negative
0,0.28296795,0,1,0.3366374089939328,0.3224559685669269,0.7170321,True Negative
1,0.76492494,1,1,0.29142416493209605,0.9142487930614842,0.76492494,True Positive
1,0.78070366,1,1,0.5649182316165997,0.8472843955550605,0.78070366,True Positive
0,0.3092002,0,1,0.4003643989772526,0.3224559685669269,0.69079983,True Negative
0,0.22665596,0,1,0.32647308055044877,0.2443786136573562,0.77334404,True Negative
1,0.56139123,1,1,0.48551598192408263,0.5239420672574449,0.56139123,True Positive
1,0.7734506,1,1,0.46155282737231396,0.8681993219042158,0.7734506,True Positive
1,0.7703419,1,1,0.5444335517911425,0.8229207890519311,0.7703419,True Positive
0,0.3934783,1,0,0.6170187596990023,0.30944831491956126,0.6065217,False Positive
0,0.40432784,1,0,0.611089188614792,0.3224559685669269,0.59567213,False Positive
0,0.21998383,0,1,0.12760019104843603,0.3224559685669269,0.7800162,True Negative
0,0.34451088,0,1,0.48164128504627934,0.3224559685669269,0.6554891,True Negative
1,0.7639661,1,1,0.5295614396001446,0.8094914427322766,0.7639661,True Positive
0,0.6730747,1,0,0.5425357483467075,0.6287383830479822,0.6730747,False Positive
0,0.32996565,0,1,0.4487042175256634,0.3224559685669269,0.67003435,True Negative
1,0.78528965,1,1,0.7214755971462171,0.7953350656317401,0.78528965,True Positive
1,0.56062806,1,1,0.4962606639645146,0.5183864600203852,0.56062806,True Positive
0,0.46211752,1,0,0.33168992196115965,0.5023260208125733,0.53788245,False Positive
0,0.513188,1,0,0.4352238309941511,0.5023260208125733,0.513188,False Positive
1,0.6112305,1,1,0.6375108123689479,0.5023260208125733,0.6112305,True Positive
1,0.7484047,1,1,0.43114854474954795,0.8089465035536259,0.7484047,True Positive
1,0.7843576,1,1,0.5111783875712013,0.8822207109429631,0.7843576,True Positive
1,0.6773326,1,1,0.31807246524407845,0.7124567755871826,0.6773326,True Positive
0,0.24480131,0,1,0.4099283171680777,0.2443786136573562,0.7551987,True Negative
0,0.23467925,0,1,0.19691544823692214,0.3224559685669269,0.7653208,True Negative
0,0.26895353,0,1,0.30113583911748987,0.3224559685669269,0.73104644,True Negative
0,0.20814987,0,1,0.393416195321074,0.17094313538926117,0.79185015,True Negative
0,0.24450484,0,1,0.5337135480626887,0.18588725224198227,0.7554952,True Negative
0,0.20775488,0,1,0.17699501475993562,0.2711924289150009,0.79224515,True Negative
0,0.34404764,0,1,0.48060285913820305,0.3224559685669269,0.65595233,True Negative
0,0.4045239,1,0,0.576690589760697,0.33816238294079354,0.5954761,False Positive
1,0.47149304,1,1,0.38796489913667676,0.48553619282680854,0.528507,True Positive
1,0.7438922,1,1,0.36044857894265186,0.8229207890519311,0.7438922,True Positive
0,0.26254505,0,1,0.06871452874171982,0.4198243176396146,0.73745495,True Negative
1,0.26594013,0,0,0.2933521218840873,0.3224559685669269,0.7340599,False Negative
1,0.7631644,1,1,0.49222198647395193,0.8229207890519311,0.7631644,True Positive
0,0.3346152,0,1,0.45930943359961507,0.3224559685669269,0.66538477,True Negative
1,0.731539,1,1,0.29809111471055943,0.8185351799991303,0.731539,True Positive
1,0.3447108,0,0,0.48208933476860116,0.3224559685669269,0.6552892,False Negative
1,0.2839024,0,0,0.3389657849684918,0.3224559685669269,0.7160976,False Negative
1,0.6226976,1,1,0.47049874405567815,0.5887617041467856,0.6226976,True Positive
1,0.73629105,1,1,0.31360836364999395,0.8229207890519311,0.73629105,True Positive
1,0.79369414,1,1,0.7409342533983492,0.8151550506923727,0.79369414,True Positive
1,0.7123145,1,1,0.6484052219870378,0.6658769210536959,0.7123145,True Positive
0,0.41708183,1,0,0.6377589684384606,0.3224559685669269,0.58291817,False Positive
1,0.25436267,0,0,0.26290753320517773,0.3224559685669269,0.7456373,False Negative
1,0.73168504,1,1,0.3694669404702359,0.7953350656317401,0.73168504,True Positive
1,0.6984993,1,1,0.1231573845044845,0.8229207890519311,0.6984993,True Positive
1,0.40245786,1,1,0.5253323070643248,0.3593749866294791,0.59754217,True Positive
0,0.17473564,0,1,0.27272301693081036,0.14360452046845526,0.82526433,True Negative
1,0.3678343,0,0,0.5331272131891823,0.3224559685669269,0.6321657,False Negative
1,0.7746988,1,1,0.6057685640616945,0.8104809430246499,0.7746988,True Positive
1,0.7667038,1,1,0.5178292436064075,0.8229207890519311,0.7667038,True Positive
1,0.4711883,1,1,0.3501342796760786,0.5023260208125733,0.5288117,True Positive
0,0.5402117,1,0,0.3159525195402131,0.5808995653044666,0.5402117,False Positive
0,0.41793907,1,0,0.6395428415676723,0.3224559685669269,0.58206093,False Positive
0,0.3451953,0,1,0.4013497700175068,0.3593749866294791,0.6548047,True Negative
0,0.26648137,0,1,0.25297026551014573,0.34130878911628615,0.7335186,True Negative
0,0.3558053,0,1,0.6798069299826446,0.2443786136573562,0.6441947,True Negative
0,0.2846112,0,1,0.23639048833204,0.36953306897800275,0.7153888,True Negative
0,0.24277452,0,1,0.4008220255107505,0.2443786136573562,0.7572255,True Negative
1,0.5772587,1,1,0.7614556417638958,0.4142168986196265,0.5772587,True Positive
1,0.7402943,1,1,0.3034016540140645,0.835463035297584,0.7402943,True Positive
0,0.4085822,1,0,0.6200136958503872,0.3224559685669269,0.5914178,False Positive
0,0.21669576,0,1,0.3142334222829034,0.2277436850637543,0.7833042,True Negative
0,0.4619511,1,0,0.7300020158577358,0.3224559685669269,0.53804886,False Positive
1,0.18109776,0,0,0.2183114604315122,0.18588725224198227,0.81890225,False Negative
1,0.70774436,1,1,0.10136002428220121,0.8428691535182296,0.70774436,True Positive
0,0.2415825,0,1,0.18643527686153966,0.34130878911628615,0.7584175,True Negative
1,0.74798083,1,1,0.3230968964507187,0.8495049497194247,0.74798083,True Positive
0,0.26248756,0,1,0.1258195369246904,0.3939909404010443,0.73751247,True Negative
0,0.56047684,1,0,0.5315453580169427,0.5023260208125733,0.56047684,False Positive
1,0.7427891,1,1,0.326250620851602,0.8329327220220744,0.7427891,True Positive
1,0.8158954,1,1,0.6482069723329162,0.9335292799465849,0.8158954,True Positive
1,0.19786127,0,0,0.24741388244413942,0.2145716226256943,0.80213875,False Negative
1,0.40470248,1,1,0.1684157555387433,0.5225439561212515,0.5952975,True Positive
0,0.36647627,0,1,0.530169436132965,0.3224559685669269,0.6335237,True Negative
1,0.6777886,1,1,0.7133824772605332,0.5808995653044666,0.6777886,True Positive
0,0.28769255,0,1,0.5582763050676477,0.2277436850637543,0.71230745,True Negative
1,0.79777104,1,1,0.6527314391348799,0.8668426253864182,0.79777104,True Positive
1,0.78057206,1,1,0.6505704500507867,0.8102179695156084,0.78057206,True Positive
0,0.78318405,1,0,0.643576108120869,0.8217327500791362,0.78318405,False Positive
0,0.31285527,0,1,0.40899624455142136,0.3224559685669269,0.68714476,True Negative
1,0.7652198,1,1,0.5070598450227702,0.8229207890519311,0.7652198,True Positive
1,0.31853935,0,0,0.42231177563097033,0.3224559685669269,0.6814606,False Negative
0,0.35622838,0,1,0.4728852898644754,0.33816238294079354,0.64377165,True Negative
1,0.24218436,0,0,0.43374310585875336,0.2277436850637543,0.75781566,False Negative
1,0.7858987,1,1,0.5478005856590222,0.8716385428748055,0.7858987,True Positive
1,0.7352237,1,1,0.30710151942897224,0.8229207890519311,0.7352237,True Positive
1,0.79733974,1,1,0.6460849078928939,0.8681993219042158,0.79733974,True Positive
1,0.3926884,1,1,0.5865140109806694,0.3224559685669269,0.6073116,True Positive
1,0.5178683,1,1,0.4447071996139926,0.5023260208125733,0.5178683,True Positive
1,0.3089063,0,0,0.572712749646652,0.2443786136573562,0.6910937,False Negative
0,0.26396796,0,1,0.4981408872840399,0.2277436850637543,0.736032,True Negative
1,0.26070684,0,0,0.4896126569552462,0.2277436850637543,0.73929316,False Negative
1,0.34102935,0,0,0.6837338861664003,0.2277436850637543,0.65897065,False Negative
1,0.78511775,1,1,0.3627448909363899,0.9482190400803634,0.78511775,True Positive
0,0.3019042,0,1,0.1671627701198585,0.4198243176396146,0.6980958,True Negative
0,0.32844186,0,1,0.6182571767532468,0.2443786136573562,0.67155814,True Negative
0,0.7756289,1,0,0.6133256069770169,0.8102179695156084,0.7756289,False Positive
0,0.32822177,0,1,0.4447071996139926,0.3224559685669269,0.6717782,True Negative
1,0.21170042,0,0,0.23235319594832513,0.254530491501975,0.78829956,False Negative
1,0.2872356,0,0,0.34723378957232137,0.3224559685669269,0.7127644,False Negative
0,0.24815446,0,1,0.2462067675624601,0.3224559685669269,0.75184554,True Negative
1,0.7595943,1,1,0.544021093815205,0.7953350656317401,0.7595943,True Positive
1,0.6888545,1,1,0.1613248062720332,0.7953350656317401,0.6888545,True Positive
1,0.47785947,1,1,0.3636737924095439,0.5023260208125733,0.5221405,True Positive
0,0.38898644,0,1,0.36284490313150275,0.4198243176396146,0.61101353,True Negative
1,0.6281695,1,1,0.4823194099421479,0.5887617041467856,0.6281695,True Positive
1,0.7858969,1,1,0.5675766977493306,0.8631731720278146,0.7858969,True Positive
0,0.24563314,0,1,0.2393443664576613,0.3224559685669269,0.7543669,True Negative
0,0.3259016,0,1,0.439372239903409,0.3224559685669269,0.6740984,True Negative
1,0.7844163,1,1,0.4841051661590741,0.8939947616059489,0.7844163,True Positive
1,0.7258493,1,1,0.25065249292607306,0.8229207890519311,0.7258493,True Positive
1,0.5045934,1,1,0.6130986921447313,0.4142168986196265,0.5045934,True Positive
1,0.75369716,1,1,0.20374620324787676,0.9175624509584386,0.75369716,True Positive
0,0.20592768,0,1,0.3502390335001593,0.18588725224198227,0.79407233,True Negative
1,0.7141993,1,1,0.36284490313150275,0.7634517261379041,0.7141993,True Positive
1,0.74922657,1,1,0.2880051612143791,0.8681993219042158,0.74922657,True Positive
1,0.6167147,1,1,0.2867384856523376,0.6658769210536959,0.6167147,True Positive
0,0.5259901,1,0,0.46117999167287405,0.5023260208125733,0.5259901,False Positive
0,0.563733,1,0,0.5382400213356329,0.5023260208125733,0.563733,False Positive
1,0.6367035,1,1,0.7357650784372419,0.5023260208125733,0.6367035,True Positive
0,0.33019647,0,1,0.4492325066472706,0.3224559685669269,0.6698035,True Negative
0,0.20959412,0,1,0.07656692987469842,0.3224559685669269,0.79040587,True Negative
1,0.78935564,1,1,0.7212444575761472,0.8089465035536259,0.78935564,True Positive
1,0.40231198,1,1,0.39104985467490555,0.4198243176396146,0.597688,True Positive
0,0.24079008,0,1,0.22484722853973155,0.3224559685669269,0.75920993,True Negative
1,0.79196715,1,1,0.6861783029963061,0.8327266243569362,0.79196715,True Positive
1,0.8200647,1,1,0.6798069299826446,0.9355955468315317,0.8200647,True Positive
0,0.2311156,0,1,0.382984515959441,0.2277436850637543,0.7688844,True Negative
0,0.30468047,0,1,0.3896119865635589,0.3224559685669269,0.69531953,True Negative
0,0.5712428,1,0,0.37957965062622134,0.5808995653044666,0.5712428,False Positive
0,0.76017916,1,0,0.44790537007367653,0.8327266243569362,0.76017916,False Positive
1,0.35431117,0,0,0.7133734613919024,0.2277436850637543,0.64568883,False Negative
1,0.7820084,1,1,0.4269579776678856,0.9105484694487559,0.7820084,True Positive
0,0.34187388,0,1,0.3713827757914559,0.36953306897800275,0.6581261,True Negative
1,0.3724222,0,0,0.5430863792408794,0.3224559685669269,0.6275778,False Negative
1,0.46866015,1,1,0.34499797745619026,0.5023260208125733,0.5313399,True Positive
0,0.21521261,0,1,0.3295726885088917,0.21718063473000876,0.7847874,True Negative
1,0.3072974,0,0,0.39584829490962453,0.3224559685669269,0.6927026,False Negative
0,0.75357246,1,0,0.4447071996139926,0.8152643791598343,0.75357246,False Positive
1,0.6253177,1,1,0.6778011962597873,0.5023260208125733,0.6253177,True Positive
1,0.2740725,0,0,0.3142334222829034,0.3224559685669269,0.7259275,False Negative
0,0.31261468,0,1,0.408429796630568,0.3224559685669269,0.6873853,True Negative
0,0.7138629,1,0,0.6573758256455853,0.6658769210536959,0.7138629,False Positive
0,0.2618588,0,1,0.28271948953127163,0.3224559685669269,0.7381412,True Negative
1,0.6271304,1,1,0.6869801475559574,0.5023260208125733,0.6271304,True Positive
0,0.26033497,0,1,0.5178292436064075,0.2145716226256943,0.73966503,True Negative
0,0.4307541,1,0,0.6660933135275182,0.3224559685669269,0.56924593,False Positive
0,0.37902233,0,1,0.5573268697018842,0.3224559685669269,0.62097764,True Negative
0,0.2764864,0,1,0.38630215816136,0.29270157150265674,0.7235136,True Negative
1,0.34553984,0,0,0.48394560146869686,0.3224559685669269,0.6544602,False Negative
0,0.29123148,0,1,0.3570706270405013,0.3224559685669269,0.7087685,True Negative
1,0.7611576,1,1,0.32674970007105614,0.8875431083261506,0.7611576,True Positive
1,0.7702013,1,1,0.5434005105535054,0.8229207890519311,0.7702013,True Positive
0,0.5414839,1,0,0.5299013578494259,0.48553619282680854,0.5414839,False Positive
0,0.2637482,0,1,0.28765477422657193,0.3224559685669269,0.73625183,True Negative
0,0.76716506,1,0,0.5538547678729345,0.8089465035536259,0.76716506,False Positive
0,0.4787246,1,0,0.6420902245967312,0.37749705456807175,0.5212754,False Positive
1,0.3166637,0,0,0.4467614040488818,0.30944831491956126,0.68333626,False Negative
1,0.40064722,1,1,0.6570567563815838,0.29822094620543393,0.5993528,True Positive
0,0.68711984,1,0,0.6249047324676725,0.6268154745427781,0.68711984,False Positive
1,0.66369975,1,1,0.6377589684384606,0.5808995653044666,0.66369975,True Positive
0,0.67826724,1,0,0.6798069299826446,0.5928046767128953,0.67826724,False Positive
1,0.7568705,1,1,0.25297026551014573,0.9060602232095631,0.7568705,True Positive
0,0.25320557,0,1,0.259815517718303,0.3224559685669269,0.74679446,True Negative
0,0.2388375,0,1,0.382984515959441,0.2443786136573562,0.7611625,True Negative
1,0.75287604,1,1,0.41924695058202266,0.8229207890519311,0.75287604,True Positive
0,0.76766634,1,0,0.504842341521688,0.8314749301764279,0.76766634,False Positive
0,0.33461782,0,1,0.4593154290990127,0.3224559685669269,0.66538215,True Negative
0,0.50237954,1,0,0.22341553580159004,0.5880186697478524,0.50237954,False Positive
1,0.7724538,1,1,0.6783113485559651,0.7791323864266053,0.7724538,True Positive
1,0.7476516,1,1,0.6036868461048546,0.7506043555527174,0.7476516,True Positive
0,0.34374502,0,1,0.4799241799965128,0.3224559685669269,0.656255,True Negative
1,0.27132356,0,0,0.3072191304508658,0.3224559685669269,0.72867644,False Negative
0,0.2353258,0,1,0.19989425107672323,0.3224559685669269,0.7646742,True Negative
0,0.25795472,0,1,0.272448120060972,0.3224559685669269,0.7420453,True Negative
0,0.25923693,0,1,0.27583259132740057,0.3224559685669269,0.74076307,True Negative
1,0.6996485,1,1,0.08170969930320865,0.8428691535182296,0.6996485,True Positive
1,0.80486923,1,1,0.7512674186702638,0.8495049497194247,0.80486923,True Positive
1,0.59516585,1,1,0.6035412108659329,0.5023260208125733,0.59516585,True Positive
1,0.45094648,1,1,0.7075544445095246,0.3224559685669269,0.54905355,True Positive
0,0.44263473,1,0,0.586197801047601,0.36953306897800275,0.5573653,False Positive
0,0.37708515,0,1,0.5070598450227702,0.3432550473177453,0.62291485,True Negative
1,0.3385014,0,0,0.46811745553322354,0.3224559685669269,0.6614986,False Negative
1,0.20636237,0,0,0.26290753320517773,0.2277436850637543,0.79363763,False Negative
1,0.77058506,1,1,0.4042832303864171,0.8836369633925153,0.77058506,True Positive
0,0.29333714,0,1,0.5352670875900173,0.2443786136573562,0.7066629,True Negative
1,0.7320589,1,1,0.3111691045874975,0.8152643791598343,0.7320589,True Positive
1,0.45082447,1,1,0.6254804060413011,0.3593749866294791,0.5491755,True Positive
0,0.7271631,1,0,0.4718678174921666,0.7526966065257426,0.7271631,False Positive
0,0.2549685,0,1,0.2933521218840873,0.30944831491956126,0.7450315,True Negative
0,0.3273019,0,1,0.44259433322819763,0.3224559685669269,0.67269814,True Negative
1,0.46034428,1,1,0.39104985467490555,0.47391363874784104,0.5396557,True Positive
0,0.37865216,0,1,0.5565307559682157,0.3224559685669269,0.62134784,True Negative
1,0.76781684,1,1,0.40890073492689827,0.872984803747884,0.76781684,True Positive
0,0.17525944,0,1,0.1852846554349966,0.18588725224198227,0.8247405,True Negative
1,0.77993876,1,1,0.6805579724374187,0.7953350656317401,0.77993876,True Positive
1,0.7725692,1,1,0.4667677180889795,0.8631731720278146,0.7725692,True Positive
0,0.29090863,0,1,0.5661922064455155,0.2277436850637543,0.70909137,True Negative
0,0.7561529,1,0,0.44226181331504133,0.8229207890519311,0.7561529,False Positive
1,0.7398482,1,1,0.33541799800873984,0.8229207890519311,0.7398482,True Positive
0,0.30911937,0,1,0.4001728349202678,0.3224559685669269,0.69088066,True Negative
0,0.3039308,0,1,0.597733454288434,0.2277436850637543,0.69606924,True Negative
1,0.74387205,1,1,0.5800589951070393,0.7506043555527174,0.74387205,True Positive
0,0.3092117,0,1,0.6103050386942718,0.2277436850637543,0.69078827,True Negative
0,0.24407691,0,1,0.44226181331504133,0.2277436850637543,0.7559231,True Negative
1,0.575427,1,1,0.38823585298180835,0.5808995653044666,0.575427,True Positive
0,0.18376482,0,1,0.2650885350936901,0.17094313538926117,0.8162352,True Negative
1,0.78084314,1,1,0.6408327225264336,0.8152643791598343,0.78084314,True Positive
0,0.27203718,0,1,0.48208933476860116,0.2443786136573562,0.72796285,True Negative
0,0.3801847,0,1,0.5598247099404798,0.3224559685669269,0.6198153,True Negative
1,0.6679002,1,1,0.6601341189327047,0.5808995653044666,0.6679002,True Positive
0,0.56112885,1,0,0.5328851003717726,0.5023260208125733,0.56112885,False Positive
0,0.47075465,1,0,0.29656113313395355,0.5261006190044707,0.5292454,False Positive
0,0.63428926,1,0,0.5130493176870463,0.5808995653044666,0.63428926,False Positive
0,0.43262187,1,0,0.5656078910486076,0.36953306897800275,0.56737816,False Positive
0,0.2079029,0,1,0.2706772369306113,0.2277436850637543,0.7920971,True Negative
1,0.7863062,1,1,0.6827420454867834,0.8152643791598343,0.7863062,True Positive
1,0.36772305,0,0,0.5328851003717726,0.3224559685669269,0.63227695,False Negative
1,0.576512,1,1,0.5224307202611955,0.5213655577052613,0.576512,True Positive
0,0.37460205,0,1,0.5478005856590222,0.3224559685669269,0.6253979,True Negative
0,0.27741665,0,1,0.32270767902152475,0.3224559685669269,0.72258335,True Negative
1,0.648635,1,1,0.5224307202611955,0.5928046767128953,0.648635,True Positive
1,0.7544869,1,1,0.3278561930729515,0.8668426253864182,0.7544869,True Positive
0,0.19668399,0,1,0.2130808211629125,0.2277436850637543,0.803316,True Negative
1,0.7349162,1,1,0.305229762844947,0.8229207890519311,0.7349162,True Positive
1,0.62181675,1,1,0.48602728825155656,0.5808995653044666,0.62181675,True Positive
0,0.73016596,1,0,0.7536739370109994,0.6658769210536959,0.73016596,False Positive
0,0.22471158,0,1,0.4423710552406844,0.18588725224198227,0.7752884,True Negative
0,0.32058516,0,1,0.6369865588989219,0.2277436850637543,0.67941487,True Negative
0,0.20851009,0,1,0.2737279141709422,0.2277436850637543,0.7914899,True Negative
1,0.6065126,1,1,0.627485181522309,0.5023260208125733,0.6065126,True Positive
0,0.18426217,0,1,0.1463346026965776,0.2277436850637543,0.81573784,True Negative
1,0.78479517,1,1,0.6331771334102929,0.8314749301764279,0.78479517,True Positive
1,0.4483336,1,1,0.702211003021539,0.3224559685669269,0.5516664,True Positive
1,0.65604156,1,1,0.5973143573096581,0.5808995653044666,0.65604156,True Positive
0,0.25068295,0,1,0.2530418618369663,0.3224559685669269,0.74931705,True Negative
1,0.29248142,0,0,0.238142102548468,0.37749705456807175,0.7075186,False Negative
1,0.7719292,1,1,0.5268132055208181,0.835463035297584,0.7719292,True Positive
1,0.7864415,1,1,0.6837896428312717,0.8152643791598343,0.7864415,True Positive
0,0.76372504,1,0,0.4962606639645146,0.8229207890519311,0.76372504,False Positive
0,0.42520538,1,0,0.25597216574460596,0.5023260208125733,0.57479465,False Positive
0,0.41790426,1,0,0.668299692981398,0.30944831491956126,0.58209574,False Positive
0,0.3371689,0,1,0.4651029678767707,0.3224559685669269,0.66283107,True Negative
0,0.31045327,0,1,0.40332992256453704,0.3224559685669269,0.6895467,True Negative
1,0.81878126,1,1,0.5865140109806694,0.9706758544161082,0.81878126,True Positive
1,0.74093366,1,1,0.3421117576902683,0.8229207890519311,0.74093366,True Positive
0,0.24533623,0,1,0.44790537007367653,0.2277436850637543,0.75466377,True Negative
0,0.19962044,0,1,0.23356813706782978,0.22532229436802217,0.8003796,True Negative
1,0.8200781,1,1,0.7298279024739867,0.9142487930614842,0.8200781,True Positive
1,0.7797962,1,1,0.5123109351231937,0.8668426253864182,0.7797962,True Positive
1,0.65057,1,1,0.3729827374525257,0.6602823274391666,0.65057,True Positive
0,0.31567886,0,1,0.6255403483152294,0.2277436850637543,0.68432117,True Negative
0,0.28543043,0,1,0.3427632510535005,0.3224559685669269,0.71456957,True Negative
0,0.28017965,0,1,0.35849106937851816,0.30944831491956126,0.7198204,True Negative
0,0.3055239,0,1,0.2310972778904507,0.394885652605654,0.6944761,True Negative
1,0.35493636,0,0,0.504842341521688,0.3224559685669269,0.64506364,False Negative
1,0.39110762,1,1,0.5831571378657567,0.3224559685669269,0.6088924,True Positive
1,0.7843877,1,1,0.6500385036119145,0.8229207890519311,0.7843877,True Positive
0,0.35643527,0,1,0.40381397707762084,0.36953306897800275,0.6435647,True Negative
1,0.7133912,1,1,0.5882618086514761,0.6877223968495744,0.7133912,True Positive
0,0.39684615,1,0,0.5953205452409368,0.3224559685669269,0.6031538,False Positive
1,0.7264335,1,1,0.5086060529478128,0.7391725090357393,0.7264335,True Positive
1,0.32822177,0,0,0.4447071996139926,0.3224559685669269,0.6717782,False Negative
0,0.28176868,0,1,0.11784209184533322,0.4198243176396146,0.7182313,True Negative
1,0.78035563,1,1,0.48060285913820305,0.8822207109429631,0.78035563,True Positive
1,0.28043708,0,0,0.3303077045719692,0.3224559685669269,0.7195629,False Negative
1,0.506974,1,1,0.2484949824801371,0.5808995653044666,0.506974,True Positive
1,0.31373096,0,0,0.5841010140111483,0.2443786136573562,0.68626904,False Negative
1,0.20558096,0,0,0.25895009962100013,0.2277436850637543,0.79441905,False Negative
0,0.27971956,0,1,0.5676136931188157,0.2145716226256943,0.7202804,True Negative
1,0.59246314,1,1,0.34487846492021934,0.6164751954460798,0.59246314,True Positive
0,0.29355136,0,1,0.3627448909363899,0.3224559685669269,0.7064487,True Negative
0,0.6634351,1,0,0.6363536613393742,0.5808995653044666,0.6634351,False Positive
0,0.26895353,0,1,0.30113583911748987,0.3224559685669269,0.73104644,True Negative
0,0.42967683,1,0,0.2901808367143282,0.49106304549805446,0.57032317,False Positive
1,0.72275186,1,1,0.23226670478678968,0.8229207890519311,0.72275186,True Positive
0,0.261751,0,1,0.28243725982493695,0.3224559685669269,0.738249,True Negative
0,0.24473709,0,1,0.2368941405230953,0.3224559685669269,0.7552629,True Negative
0,0.2828507,0,1,0.5093898502931438,0.2443786136573562,0.71714926,True Negative
0,0.4191641,1,0,0.6420902245967312,0.3224559685669269,0.58083594,False Positive
1,0.37010187,0,0,0.5380558332025255,0.3224559685669269,0.62989813,False Negative
0,0.27044287,0,1,0.3049626270503051,0.3224559685669269,0.72955716,True Negative
0,0.20373946,0,1,0.24957945406896145,0.2277436850637543,0.79626054,True Negative
0,0.28989318,0,1,0.353785003972772,0.3224559685669269,0.71010685,True Negative
0,0.46099004,1,0,0.7280449739061525,0.3224559685669269,0.5390099,False Positive
1,0.7995459,1,1,0.6527314391348799,0.872984803747884,0.7995459,True Positive
1,0.72765076,1,1,0.26140466236831367,0.8229207890519311,0.72765076,True Positive
0,0.38049904,0,1,0.5604996280914105,0.3224559685669269,0.619501,True Negative
0,0.36466214,0,1,0.526211007350561,0.3224559685669269,0.6353378,True Negative
0,0.22430615,0,1,0.3509105856404432,0.2277436850637543,0.77569383,True Negative
1,0.7595945,1,1,0.44373687945072754,0.8327266243569362,0.7595945,True Positive
1,0.8211079,1,1,0.6621354395964026,0.9470977975860481,0.8211079,True Positive
1,0.8235322,1,1,0.7437106204271268,0.921436297828222,0.8235322,True Positive
1,0.7452998,1,1,0.365603254604767,0.8241117899500012,0.7452998,True Positive
0,0.76125056,1,0,0.35665356941302906,0.8750359205255153,0.76125056,False Positive
0,0.76804006,1,0,0.5275670873282128,0.8229207890519311,0.76804006,False Positive
0,0.25295818,0,1,0.5618342445419968,0.18588725224198227,0.7470418,True Negative
0,0.76858443,1,0,0.5315453580169427,0.8229207890519311,0.76858443,False Positive
0,0.2910878,0,1,0.35671821588401786,0.3224559685669269,0.7089122,True Negative
1,0.6428843,1,1,0.7187548274132793,0.5183864600203852,0.6428843,True Positive
0,0.23523839,0,1,0.0966581482385549,0.3705311829857024,0.7647616,True Negative
0,0.7808753,1,0,0.6231790498085923,0.8229207890519311,0.7808753,False Positive
0,0.22688334,0,1,0.22418349162218598,0.29270157150265674,0.77311665,True Negative
1,0.7694274,1,1,0.5703875228082368,0.8089465035536259,0.7694274,True Positive
0,0.17423645,0,1,0.1937008066610462,0.1792057255927322,0.8257636,True Negative
0,0.28768253,0,1,0.34833809540784977,0.3224559685669269,0.71231747,True Negative
1,0.79569733,1,1,0.7187548274132793,0.8314749301764279,0.79569733,True Positive
0,0.33697832,0,1,0.4646714793671454,0.3224559685669269,0.6630217,True Negative
1,0.761594,1,1,0.4516245367864404,0.835463035297584,0.761594,True Positive
0,0.29922497,0,1,0.3765134048488678,0.3224559685669269,0.700775,True Negative
1,0.36455604,0,0,0.5259791539084064,0.3224559685669269,0.6354439,False Negative
1,0.3663876,0,0,0.5299762370048966,0.3224559685669269,0.6336124,False Negative
1,0.6717714,1,1,0.6808821687378434,0.5808995653044666,0.6717714,True Positive
0,0.38754535,0,1,0.6044038093743211,0.30944831491956126,0.61245465,True Negative
0,0.41211525,1,0,0.6418189785701933,0.3159515869888179,0.5878848,False Positive
1,0.5969522,1,1,0.4331511199451574,0.5808995653044666,0.5969522,True Positive
1,0.35720608,0,0,0.5098520114227822,0.3224559685669269,0.6427939,False Negative
0,0.20590699,0,1,0.3501342796760786,0.18588725224198227,0.794093,True Negative
0,0.47880855,1,0,0.36559867085820835,0.5023260208125733,0.5211915,False Positive
0,0.30606252,0,1,0.3929093757718077,0.3224559685669269,0.6939375,True Negative
0,0.2964142,0,1,0.36971133923526195,0.3224559685669269,0.7035858,True Negative
0,0.28225553,0,1,0.5425357483467075,0.2287529121863328,0.71774447,True Negative
1,0.7053749,1,1,0.33270543294698046,0.7566589809350645,0.7053749,True Positive
0,0.21190895,0,1,0.11591760901738736,0.30944831491956126,0.78809106,True Negative
1,0.7944672,1,1,0.5903020234739714,0.8822207109429631,0.7944672,True Positive
0,0.22630247,0,1,0.15779294250138876,0.3224559685669269,0.7736975,True Negative
1,0.74929965,1,1,0.436789243740306,0.8089465035536259,0.74929965,True Positive
0,0.3155914,0,1,0.4154220795337194,0.3224559685669269,0.6844086,True Negative
0,0.3818949,0,1,0.4591560195866938,0.36953306897800275,0.6181051,True Negative
1,0.50165385,1,1,0.6421181117903081,0.39843851524126905,0.50165385,True Positive
1,0.72559,1,1,0.2915698031744391,0.8089465035536259,0.72559,True Positive
1,0.8060005,1,1,0.7169555100526728,0.8681993219042158,0.8060005,True Positive
0,0.3357683,0,1,0.46192813813848416,0.3224559685669269,0.66423166,True Negative
0,0.33375645,0,1,0.4230246715274937,0.33794625996561894,0.66624355,True Negative
0,0.33599728,0,1,0.4624475725864719,0.3224559685669269,0.6640027,True Negative
0,0.5969522,1,0,0.4331511199451574,0.5808995653044666,0.5969522,False Positive
1,0.40224653,1,1,0.4033399982220824,0.4142168986196265,0.59775347,True Positive
1,0.5840646,1,1,0.40617757459174664,0.5808995653044666,0.5840646,True Positive
1,0.7432846,1,1,0.35305250161449747,0.8241117899500012,0.7432846,True Positive
0,0.31397587,0,1,0.4116316544666267,0.3224559685669269,0.6860241,True Negative
1,0.771981,1,1,0.5068796945216728,0.8441536131014379,0.771981,True Positive
0,0.36042657,0,1,0.30113583911748987,0.4198243176396146,0.63957345,True Negative
0,0.3385014,0,1,0.46811745553322354,0.3224559685669269,0.6614986,True Negative
1,0.7822988,1,1,0.6637230086975497,0.8102179695156084,0.7822988,True Positive
0,0.55632144,1,0,0.523017375264774,0.5023260208125733,0.55632144,False Positive
1,0.81592774,1,1,0.702211003021539,0.9105484694487559,0.81592774,True Positive
1,0.7638825,1,1,0.3835061754995671,0.8716385428748055,0.7638825,True Positive
0,0.19888908,0,1,0.18900963706641916,0.2443786136573562,0.8011109,True Negative
1,0.44780055,1,1,0.7011202439870396,0.3224559685669269,0.5521995,True Positive
0,0.23551379,0,1,0.4928822310655805,0.18588725224198227,0.7644862,True Negative
0,0.25823474,0,1,0.2731881200478373,0.3224559685669269,0.74176526,True Negative
1,0.7203256,1,1,0.3822184315874074,0.7688601820007596,0.7203256,True Positive
0,0.24462204,0,1,0.4447071996139926,0.2277436850637543,0.75537795,True Negative
0,0.36597633,0,1,0.5290793699414716,0.3224559685669269,0.63402367,True Negative
1,0.79514945,1,1,0.6847350728578248,0.8441536131014379,0.79514945,True Positive
0,0.38687557,0,1,0.27652029147510987,0.4567438274980358,0.61312443,True Negative
1,0.34832343,0,0,0.4901631712123511,0.3224559685669269,0.65167654,False Negative
1,0.7921469,1,1,0.5718934135532924,0.8822207109429631,0.7921469,True Positive
1,0.29356736,0,0,0.3627838549794886,0.3224559685669269,0.70643264,False Negative
0,0.21762912,0,1,0.40831263631271786,0.18588725224198227,0.78237087,True Negative
0,0.29733583,0,1,0.3719457612901281,0.3224559685669269,0.70266414,True Negative
1,0.45192024,1,1,0.7095442931339399,0.3224559685669269,0.5480797,True Positive
0,0.21445894,0,1,0.10068602573563765,0.3224559685669269,0.78554106,True Negative
0,0.33856145,0,1,0.4682531360544294,0.3224559685669269,0.6614386,True Negative
0,0.35716754,0,1,0.5097670806837684,0.3224559685669269,0.64283246,True Negative
0,0.2549685,0,1,0.2933521218840873,0.30944831491956126,0.7450315,True Negative
1,0.5780576,1,1,0.7409342533983492,0.4242237081814945,0.5780576,True Positive
0,0.5259243,1,0,0.4982582476910746,0.48553619282680854,0.5259243,False Positive
1,0.73820615,1,1,0.2719954868058961,0.8428691535182296,0.73820615,True Positive
1,0.32237124,0,0,0.4312169041247106,0.3224559685669269,0.67762876,False Negative
0,0.2208755,0,1,0.13189819398000666,0.3224559685669269,0.7791245,True Negative
0,0.47592467,1,0,0.3597489044838489,0.5023260208125733,0.5240753,False Positive
0,0.28221634,0,1,0.3347611832282744,0.3224559685669269,0.7177837,True Negative
1,0.39478368,1,1,0.590956003024279,0.3224559685669269,0.6052163,True Positive
1,0.26895353,0,0,0.30113583911748987,0.3224559685669269,0.73104644,False Negative
0,0.29356736,0,1,0.3627838549794886,0.3224559685669269,0.70643264,True Negative
0,0.26686078,0,1,0.5056494867436079,0.2277436850637543,0.7331392,True Negative
0,0.41732052,1,0,0.20400968429862257,0.5183864600203852,0.5826795,False Positive
1,0.51931715,1,1,0.4120488373586399,0.5183864600203852,0.51931715,True Positive
0,0.20751575,0,1,0.06613739079812171,0.3224559685669269,0.7924843,True Negative
1,0.74426734,1,1,0.3627838549794886,0.8229207890519311,0.74426734,True Positive
0,0.6976237,1,0,0.12105493981209917,0.8229207890519311,0.6976237,False Positive
0,0.23391157,0,1,0.395962342261543,0.2277436850637543,0.7660884,True Negative
1,0.76138306,1,1,0.45943690296489686,0.8314749301764279,0.76138306,True Positive
1,0.5364307,1,1,0.4823980048113744,0.5023260208125733,0.5364307,True Positive
0,0.4405734,1,0,0.28765477422657193,0.5023260208125733,0.5594266,False Positive
0,0.28237882,0,1,0.3351669897344928,0.3224559685669269,0.7176212,True Negative
1,0.7843161,1,1,0.6808821687378434,0.8094914427322766,0.7843161,True Positive
1,0.7647344,1,1,0.39769799356427205,0.8681993219042158,0.7647344,True Positive
1,0.7674017,1,1,0.49574444494537373,0.8345412917472543,0.7674017,True Positive
1,0.644276,1,1,0.5359982775312955,0.5808995653044666,0.644276,True Positive
0,0.73515713,1,0,0.6027234460018634,0.7254961287675609,0.73515713,False Positive
0,0.6166421,1,0,0.45914274102143604,0.5880186697478524,0.6166421,False Positive
0,0.6556629,1,0,0.3843591348699788,0.6602823274391666,0.6556629,False Positive
1,0.29358298,0,0,0.36282207040631814,0.3224559685669269,0.706417,False Negative
0,0.32720312,0,1,0.4423673911152533,0.3224559685669269,0.67279685,True Negative
0,0.18477905,0,1,0.2706772369306113,0.17094313538926117,0.81522095,True Negative
1,0.7817904,1,1,0.38192407005380047,0.9291009263773823,0.7817904,True Positive
1,0.78661144,1,1,0.5501709241142203,0.872984803747884,0.78661144,True Positive
0,0.4258935,1,0,0.6560476355419653,0.3224559685669269,0.5741065,False Positive
1,0.5074286,1,1,0.38796489913667676,0.5183864600203852,0.5074286,True Positive
1,0.7665014,1,1,0.45421086621036655,0.8495049497194247,0.7665014,True Positive
1,0.7204248,1,1,0.21853718980527925,0.8229207890519311,0.7204248,True Positive
1,0.2150893,0,0,0.10378191129587443,0.3224559685669269,0.7849107,False Negative
1,0.5559045,1,1,0.5221624339874305,0.5023260208125733,0.5559045,True Positive
0,0.2313267,0,1,0.38396830388205544,0.2277436850637543,0.7686733,True Negative
0,0.23653089,0,1,0.20543130160490294,0.3224559685669269,0.7634691,True Negative
1,0.75409764,1,1,0.38116804625545603,0.8428691535182296,0.75409764,True Positive
1,0.77978307,1,1,0.49575394889887964,0.8738825260593506,0.77978307,True Positive
1,0.7326227,1,1,0.29656113313395355,0.8211940044992384,0.7326227,True Positive
0,0.7513014,1,0,0.6203700678470737,0.7526966065257426,0.7513014,False Positive
1,0.79564774,1,1,0.7183577110167414,0.8314749301764279,0.79564774,True Positive
1,0.22002487,0,0,0.12779822811652708,0.3224559685669269,0.7799751,False Negative
0,0.41772243,1,0,0.7143702617125591,0.2884906996481552,0.58227754,False Positive
0,0.81033593,1,0,0.6482069723329162,0.9131694359705278,0.81033593,False Positive
0,0.7272428,1,0,0.51824584038277,0.7375900180233407,0.7272428,False Positive
1,0.33955586,0,0,0.47049874405567815,0.3224559685669269,0.66044414,False Negative
1,0.764168,1,1,0.4994558565420305,0.8229207890519311,0.764168,True Positive
1,0.75852364,1,1,0.39689612334123986,0.8495049497194247,0.75852364,True Positive
1,0.371877,0,0,0.5419055286186079,0.3224559685669269,0.628123,False Negative
1,0.7958559,1,1,0.6341716099002243,0.8681993219042158,0.7958559,True Positive
1,0.33519492,0,0,0.6336715874478646,0.2443786136573562,0.66480505,False Negative
1,0.7585757,1,1,0.43009235672275054,0.835463035297584,0.7585757,True Positive
1,0.76812613,1,1,0.49887498589331036,0.835463035297584,0.76812613,True Positive
0,0.2740725,0,1,0.3142334222829034,0.3224559685669269,0.7259275,True Negative
0,0.23185456,0,1,0.35084264864310805,0.2443786136573562,0.76814544,True Negative
1,0.8158675,1,1,0.7106766589426573,0.906703813535113,0.8158675,True Positive
0,0.4846711,1,0,0.3774819384272103,0.5023260208125733,0.5153289,False Positive
1,0.71306896,1,1,0.30975955234780517,0.7787648821979841,0.71306896,True Positive
0,0.27957267,0,1,0.35696688045100655,0.30944831491956126,0.72042733,True Negative
0,0.21954122,0,1,0.1254621103545593,0.3224559685669269,0.7804588,True Negative
0,0.34351262,0,1,0.43761867156842593,0.34130878911628615,0.65648735,True Negative
0,0.26112252,0,1,0.4538349992157121,0.2443786136573562,0.7388775,True Negative
0,0.7628204,1,0,0.3295726885088917,0.891437612010846,0.7628204,False Positive
1,0.6443588,1,1,0.5177246111222796,0.5887617041467856,0.6443588,True Positive
0,0.24173348,0,1,0.4317071142681115,0.2277436850637543,0.7582665,True Negative
0,0.35585865,0,1,0.5068796945216728,0.3224559685669269,0.6441413,True Negative
0,0.24064137,0,1,0.3694669404702359,0.254530491501975,0.75935864,True Negative
1,0.36293328,0,0,0.5224307202611955,0.3224559685669269,0.6370667,False Negative
1,0.78940296,1,1,0.6889465403643689,0.8229207890519311,0.78940296,True Positive
1,0.75355625,1,1,0.5051593152179207,0.7953350656317401,0.75355625,True Positive
0,0.40712604,1,0,0.2183114604315122,0.5023260208125733,0.59287393,False Positive
1,0.57667136,1,1,0.5649591531499106,0.5023260208125733,0.57667136,True Positive
1,0.75309575,1,1,0.3149334355518199,0.8681993219042158,0.75309575,True Positive
0,0.7879801,1,0,0.45347599774121494,0.9188951452610044,0.7879801,False Positive
0,0.43229795,1,0,0.4534780783905476,0.4198243176396146,0.56770205,False Positive
0,0.58342767,1,0,0.5434005105535054,0.5183864600203852,0.58342767,False Positive
1,0.7119809,1,1,0.6464762968378849,0.6658769210536959,0.7119809,True Positive
0,0.38655278,0,1,0.5734573567655067,0.3224559685669269,0.6134472,True Negative
0,0.30191317,0,1,0.382984515959441,0.3224559685669269,0.69808686,True Negative
0,0.2609166,0,1,0.4901631712123511,0.2277436850637543,0.7390834,True Negative
0,0.7339922,1,0,0.33821243847543875,0.8102179695156084,0.7339922,False Positive
1,0.40918314,1,1,0.5394471569202157,0.3593749866294791,0.59081686,True Positive
1,0.6173818,1,1,0.4765049837659825,0.5808995653044666,0.6173818,True Positive
0,0.46267003,1,0,0.2880051612143791,0.5225439561212515,0.53733,False Positive
1,0.66919184,1,1,0.4088371276080785,0.6658769210536959,0.66919184,True Positive
1,0.77672136,1,1,0.4977101827585179,0.8631731720278146,0.77672136,True Positive
1,0.26125425,0,0,0.281135512075787,0.3224559685669269,0.73874575,False Negative
1,0.46393,1,1,0.7340300214786959,0.3224559685669269,0.53607,True Positive
0,0.3609284,0,1,0.5180373999210985,0.3224559685669269,0.6390716,True Negative
0,0.29514647,0,1,0.5396762553886386,0.2443786136573562,0.70485353,True Negative
0,0.24078983,0,1,0.42743726790151454,0.2277436850637543,0.75921017,True Negative
1,0.29722223,0,0,0.3716705955183741,0.3224559685669269,0.70277774,False Negative
1,0.75596815,1,1,0.6500385036119145,0.7527373885627401,0.75596815,True Positive
0,0.29564834,0,1,0.5777650273231001,0.2277436850637543,0.70435166,True Negative
0,0.3238806,0,1,0.4635384796983121,0.30944831491956126,0.6761194,True Negative
1,0.6692988,1,1,0.521483226325225,0.6289928457499673,0.6692988,True Positive
1,0.7466418,1,1,0.5909939352175085,0.7526966065257426,0.7466418,True Positive
0,0.62159145,1,0,0.46811745553322354,0.5887617041467856,0.62159145,False Positive
1,0.73505706,1,1,0.17837802630834326,0.8738825260593506,0.73505706,True Positive
0,0.33325717,0,1,0.24041940534839304,0.4198243176396146,0.6667428,True Negative
0,0.22913712,0,1,0.37373491392338926,0.2277436850637543,0.7708629,True Negative
0,0.43628922,1,0,0.6774997596625024,0.3224559685669269,0.5637108,False Positive
1,0.809301,1,1,0.6560852124546448,0.9060602232095631,0.809301,True Positive
1,0.34157497,0,0,0.2716763180751603,0.4142168986196265,0.65842503,False Negative
0,0.25422767,0,1,0.2625473856120908,0.3224559685669269,0.74577236,True Negative
1,0.2368567,0,0,0.20692508527723538,0.3224559685669269,0.7631433,False Negative
1,0.7990337,1,1,0.683298825063514,0.8581325470922694,0.7990337,True Positive
0,0.21360177,0,1,0.32723199809064013,0.2145716226256943,0.78639823,True Negative
0,0.2870834,0,1,0.3756868036405358,0.30944831491956126,0.7129166,True Negative
1,0.7948312,1,1,0.6291539943214473,0.8668426253864182,0.7948312,True Positive
1,0.28618366,0,0,0.34463075192582904,0.3224559685669269,0.71381634,False Negative
0,0.40077832,1,0,0.6036202807328528,0.3224559685669269,0.5992217,False Positive
0,0.25792718,0,1,0.2723752551380354,0.3224559685669269,0.7420728,True Negative
1,0.26983476,0,0,0.3034016540140645,0.3224559685669269,0.73016524,False Negative
1,0.724939,1,1,0.2830344944717394,0.8104809430246499,0.724939,True Positive
0,0.33205453,0,1,0.4534780783905476,0.3224559685669269,0.6679455,True Negative
0,0.20968036,0,1,0.27958931253767483,0.2277436850637543,0.7903196,True Negative
0,0.29553396,0,1,0.3675736192083021,0.3224559685669269,0.70446604,True Negative
1,0.583155,1,1,0.4042832303864171,0.5808995653044666,0.583155,True Positive
0,0.6320152,1,0,0.5080946046653634,0.5808995653044666,0.6320152,False Positive
0,0.21933468,0,1,0.29147215942374477,0.2443786136573562,0.78066534,True Negative
1,0.7871221,1,1,0.6729998032666608,0.8221375448612186,0.7871221,True Positive
0,0.22317916,0,1,0.3455359813761261,0.2277436850637543,0.77682084,True Negative
1,0.7841196,1,1,0.647977019389698,0.8229207890519311,0.7841196,True Positive
0,0.30783746,0,1,0.39713175126042993,0.3224559685669269,0.6921625,True Negative
0,0.23546131,0,1,0.4312843428509474,0.2145716226256943,0.7645387,True Negative
1,0.48318774,1,1,0.5573268697018842,0.4198243176396146,0.51681226,True Positive
1,0.2963135,0,0,0.3694669404702359,0.3224559685669269,0.7036865,False Negative
0,0.20507313,0,1,0.22078979082832476,0.2443786136573562,0.7949269,True Negative
0,0.3380568,0,1,0.4671123096112425,0.3224559685669269,0.6619432,True Negative
1,0.33608025,0,0,0.4626359173531628,0.3224559685669269,0.66391975,False Negative
0,0.19446681,0,1,0.22958305352136252,0.2145716226256943,0.8055332,True Negative
1,0.7816645,1,1,0.5233369507463738,0.8681993219042158,0.7816645,True Positive
1,0.25543094,0,0,0.2657541387290919,0.3224559685669269,0.74456906,False Negative
0,0.21842316,0,1,0.12004742347508668,0.3224559685669269,0.7815769,True Negative
1,0.7623056,1,1,0.5708933979429889,0.7923054199113425,0.7623056,True Positive
0,0.28014413,0,1,0.3295726885088917,0.3224559685669269,0.7198559,True Negative
0,0.80481374,1,0,0.6981772928018367,0.8720183392353319,0.80481374,False Positive
1,0.72290814,1,1,0.6288315943934482,0.6927128880524785,0.72290814,True Positive
1,0.79146326,1,1,0.705126442472809,0.8229207890519311,0.79146326,True Positive
1,0.21910787,0,0,0.12336575438426173,0.3224559685669269,0.78089213,False Negative
1,0.65171576,1,1,0.550769613515033,0.5887617041467856,0.65171576,True Positive
1,0.8064942,1,1,0.7210669439195022,0.8681993219042158,0.8064942,True Positive
1,0.75019675,1,1,0.40058092378457666,0.8229207890519311,0.75019675,True Positive
0,0.32932913,0,1,0.44724662234219115,0.3224559685669269,0.67067087,True Negative
0,0.32029027,0,1,0.32204956988762745,0.36953306897800275,0.67970973,True Negative
0,0.3770827,0,1,0.5531521560592779,0.3224559685669269,0.6229173,True Negative
0,0.2760171,0,1,0.31916880716068907,0.3224559685669269,0.72398293,True Negative
1,0.6096462,1,1,0.4599946859180518,0.5808995653044666,0.6096462,True Positive
1,0.71865577,1,1,0.25060831768510955,0.8089465035536259,0.71865577,True Positive
0,0.26524714,0,1,0.5014675902698935,0.2277436850637543,0.7347529,True Negative
0,0.58071077,1,0,0.38177391234549507,0.5887617041467856,0.58071077,False Positive
1,0.26392806,0,0,0.28812347944992656,0.3224559685669269,0.73607194,False Negative
0,0.34008628,0,1,0.4716953458078301,0.3224559685669269,0.6599137,True Negative
0,0.64447534,1,0,0.5370291807622246,0.5808995653044666,0.64447534,False Positive
1,0.71495485,1,1,0.18653739005989864,0.8229207890519311,0.71495485,True Positive
1,0.34504277,0,0,0.48283281181247945,0.3224559685669269,0.65495723,False Negative
1,0.41717094,1,1,0.6379444496148412,0.3224559685669269,0.58282906,True Positive
1,0.79942024,1,1,0.6207540715130434,0.8862273197211478,0.79942024,True Positive
1,0.76945174,1,1,0.38190405548508105,0.8896487431186482,0.76945174,True Positive
0,0.58591855,1,0,0.5841867693615898,0.5023260208125733,0.58591855,False Positive
1,0.78055304,1,1,0.40226873737514063,0.9163702245349635,0.78055304,True Positive
0,0.2489733,0,1,0.2484252573000815,0.3224559685669269,0.7510267,True Negative
0,0.35316366,0,1,0.6145364662100312,0.2711924289150009,0.64683634,True Negative
1,0.7755657,1,1,0.5831571378657567,0.8229207890519311,0.7755657,True Positive
1,0.8093507,1,1,0.626499067856332,0.9188951452610044,0.8093507,True Positive
1,0.24505365,0,0,0.4466408046491758,0.2277436850637543,0.75494635,False Negative
1,0.23361342,0,0,0.39059571333599385,0.22960807557512614,0.76638657,False Negative
1,0.34810376,0,0,0.6627183133071967,0.2443786136573562,0.65189624,False Negative
1,0.28511047,0,0,0.3419691467959292,0.3224559685669269,0.7148895,False Negative
1,0.7904461,1,1,0.6971237956982337,0.8229207890519311,0.7904461,True Positive
0,0.7991891,1,0,0.6727742835240536,0.8631731720278146,0.7991891,False Positive
1,0.24672699,0,0,0.24232734531979627,0.3224559685669269,0.753273,False Negative
1,0.28133878,0,0,0.3325668087634039,0.3224559685669269,0.7186612,False Negative
1,0.41572717,1,1,0.4643005464585215,0.39944705028900235,0.58427286,True Positive
0,0.19402972,0,1,0.2886262416594068,0.18588725224198227,0.8059703,True Negative
0,0.40962926,1,0,0.6222056026915985,0.3224559685669269,0.5903708,False Positive
1,0.7731359,1,1,0.466291157784419,0.8651734654441031,0.7731359,True Positive
0,0.19852056,0,1,0.1653774898066497,0.254530491501975,0.80147946,True Negative
1,0.3145476,0,0,0.4418034657544127,0.30944831491956126,0.6854524,False Negative
0,0.24501017,0,1,0.237641549248907,0.3224559685669269,0.75498986,True Negative
1,0.78798854,1,1,0.43388823956652833,0.9273022231603397,0.78798854,True Positive
1,0.7796068,1,1,0.6462236115533817,0.8089465035536259,0.7796068,True Positive
0,0.78278697,1,0,0.6377589684384606,0.8229207890519311,0.78278697,False Positive
0,0.41122374,1,0,0.6255403483152294,0.3224559685669269,0.58877623,False Positive
0,0.35530752,0,1,0.5056625122892031,0.3224559685669269,0.6446925,True Negative
0,0.15464753,0,1,0.06120446375901228,0.18588725224198227,0.8453525,True Negative
1,0.5781642,1,1,0.5680551885621665,0.5023260208125733,0.5781642,True Positive
0,0.26682964,0,1,0.2956555534987921,0.3224559685669269,0.7331704,True Negative
0,0.34162685,0,1,0.39334065834095777,0.3593749866294791,0.6583731,True Negative
1,0.28400576,0,0,0.5491364690846413,0.2277436850637543,0.71599424,False Negative
1,0.7706318,1,1,0.5465663831446678,0.8229207890519311,0.7706318,True Positive
1,0.79851985,1,1,0.7614556417638958,0.8229207890519311,0.79851985,True Positive
0,0.3449335,0,1,0.48258817129976855,0.3224559685669269,0.6550665,True Negative
1,0.23898678,0,0,0.41924695058202266,0.2277436850637543,0.7610132,False Negative
1,0.7911358,1,1,0.7204459253014112,0.8152643791598343,0.7911358,True Positive
0,0.48001906,1,0,0.3324580036115327,0.5183864600203852,0.5199809,False Positive
1,0.757947,1,1,0.3379146299650464,0.872984803747884,0.757947,True Positive
0,0.27921233,0,1,0.32723199809064013,0.3224559685669269,0.72078764,True Negative
1,0.336146,0,0,0.46278491419596496,0.3224559685669269,0.663854,False Negative
1,0.7196232,1,1,0.2516231548070535,0.8104809430246499,0.7196232,True Positive
1,0.7501446,1,1,0.4002189130991991,0.8229207890519311,0.7501446,True Positive
1,0.7129264,1,1,0.651946860897408,0.6658769210536959,0.7129264,True Positive
0,0.32749388,0,1,0.4430355684747663,0.3224559685669269,0.6725061,True Negative
0,0.8120338,1,0,0.731667023626102,0.8836369633925153,0.8120338,False Positive
0,0.39893708,1,0,0.5179126913317863,0.3593749866294791,0.6010629,False Positive
0,0.796808,1,0,0.6706485627452848,0.8558626465231992,0.796808,False Positive
0,0.48756903,1,0,0.2522278063947348,0.5614891351989582,0.51243097,False Positive
1,0.7354901,1,1,0.5284597291201103,0.7506043555527174,0.7354901,True Positive
0,0.3492475,0,1,0.49222198647395193,0.3224559685669269,0.65075254,True Negative
1,0.7841541,1,1,0.48208933476860116,0.8939947616059489,0.7841541,True Positive
0,0.5265158,1,0,0.2706772369306113,0.5887617041467856,0.5265158,False Positive
1,0.53111875,1,1,0.7482577550100842,0.37749705456807175,0.53111875,True Positive
0,0.25168952,0,1,0.4447071996139926,0.2371991162543227,0.74831045,True Negative
1,0.78597283,1,1,0.6329428831251442,0.835463035297584,0.78597283,True Positive
1,0.633263,1,1,0.41850452929216786,0.6225482481340975,0.633263,True Positive
1,0.7824119,1,1,0.5178536329976,0.872984803747884,0.7824119,True Positive
1,0.281581,0,0,0.5430863792408794,0.2277436850637543,0.71841896,False Negative
1,0.7642,1,1,0.49968697399026113,0.8229207890519311,0.7642,True Positive
0,0.24319835,0,1,0.4383129029932703,0.2277436850637543,0.75680166,True Negative
1,0.650797,1,1,0.5283056833154882,0.5945768067618096,0.650797,True Positive
0,0.22345477,0,1,0.14426097220978407,0.3224559685669269,0.7765452,True Negative
1,0.7909545,1,1,0.7011202439870396,0.8229207890519311,0.7909545,True Positive
0,0.74809897,1,0,0.28338120147783247,0.8668426253864182,0.74809897,False Positive
0,0.7874091,1,0,0.5563611921285789,0.872984803747884,0.7874091,False Positive
1,0.78980696,1,1,0.5501709241142203,0.8836369633925153,0.78980696,True Positive
0,0.67927396,1,0,0.5531521560592779,0.6362886723501479,0.67927396,False Positive
1,0.5278202,1,1,0.6477462069301068,0.4198243176396146,0.5278202,True Positive
1,0.32072246,0,0,0.42739215539089354,0.3224559685669269,0.67927754,False Negative
0,0.6055174,1,0,0.6253757543028126,0.5023260208125733,0.6055174,False Positive
1,0.7620713,1,1,0.48436738708605886,0.8229207890519311,0.7620713,True Positive
1,0.3725673,0,0,0.5434005105535054,0.3224559685669269,0.6274327,False Negative
0,0.31797966,0,1,0.4210063075577171,0.3224559685669269,0.6820203,True Negative
1,0.5137126,1,1,0.2621417834964612,0.5808995653044666,0.5137126,True Positive
0,0.5936673,1,0,0.34055322092194246,0.6195660757163984,0.5936673,False Positive
0,0.3101613,0,1,0.40263945889374675,0.3224559685669269,0.6898387,True Negative
0,0.35744607,0,1,0.40383053372787064,0.3705311829857024,0.6425539,True Negative
0,0.38796067,0,1,0.36065974140517354,0.4198243176396146,0.6120393,True Negative
0,0.26134816,0,1,0.2813817747168861,0.3224559685669269,0.7386519,True Negative
0,0.37666348,0,1,0.5522488371450153,0.3224559685669269,0.62333655,True Negative
1,0.7935008,1,1,0.7212444575761472,0.8229207890519311,0.7935008,True Positive
1,0.40707573,1,1,0.4010567310057031,0.4198243176396146,0.59292424,True Positive
1,0.7196729,1,1,0.347168695505842,0.7791323864266053,0.7196729,True Positive
0,0.2254856,0,1,0.35651490839280486,0.2277436850637543,0.77451444,True Negative
1,0.51130223,1,1,0.4314043183799848,0.5023260208125733,0.51130223,True Positive
0,0.38180473,0,1,0.5633010487410388,0.3224559685669269,0.6181953,True Negative
0,0.26139936,0,1,0.2815158977818953,0.3224559685669269,0.7386006,True Negative
1,0.31397587,0,0,0.4116316544666267,0.3224559685669269,0.6860241,False Negative
1,0.4079565,1,1,0.6187029590557713,0.3224559685669269,0.5920435,True Positive
1,0.662747,1,1,0.5965290030251258,0.5928046767128953,0.662747,True Positive
0,0.22586137,0,1,0.3582959919684504,0.2277436850637543,0.7741386,True Negative
0,0.75088537,1,0,0.40325746958396147,0.8238226279389818,0.75088537,False Positive
0,0.68311703,1,0,0.3185231591843303,0.7204096968208907,0.68311703,False Positive
0,0.23442364,0,1,0.3627448909363899,0.2443786136573562,0.76557636,True Negative
0,0.28204,0,1,0.3343205471848381,0.3224559685669269,0.71796,True Negative
0,0.5269464,1,0,0.2889765452858823,0.5808995653044666,0.5269464,False Positive
1,0.7438551,1,1,0.3602183956991705,0.8229207890519311,0.7438551,True Positive
0,0.69755554,1,0,0.7050056858103984,0.6195660757163984,0.69755554,False Positive
0,0.3163276,0,1,0.4171458081356179,0.3224559685669269,0.6836724,True Negative
0,0.20028031,0,1,0.23180539167371772,0.2277436850637543,0.7997197,True Negative
1,0.7723973,1,1,0.5909899020639486,0.8094914427322766,0.7723973,True Positive
1,0.38617364,0,0,0.5726480303280813,0.3224559685669269,0.6138264,False Negative
1,0.62643015,1,1,0.49597958812099174,0.5808995653044666,0.62643015,True Positive
0,0.4795723,1,0,0.6420902245967312,0.37827264171131547,0.5204277,False Positive
0,0.33656898,0,1,0.46374391996106606,0.3224559685669269,0.66343105,True Negative
1,0.7648269,1,1,0.5221155525085253,0.8152643791598343,0.7648269,True Positive
1,0.20038627,0,0,0.23235319594832513,0.2277436850637543,0.7996137,False Negative
1,0.78755844,1,1,0.6343929921514955,0.8401023082290429,0.78755844,True Positive
1,0.6738113,1,1,0.5970654956694403,0.6120988163920374,0.6738113,True Positive
1,0.36293012,0,0,0.5224238632508513,0.3224559685669269,0.6370699,False Negative
1,0.7416859,1,1,0.3467612941781424,0.8229207890519311,0.7416859,True Positive
1,0.74828196,1,1,0.2814730316296352,0.8681993219042158,0.74828196,True Positive
0,0.7607851,1,0,0.34282478819641543,0.8795270901422535,0.7607851,False Positive
0,0.80098957,1,0,0.5093898502931438,0.9393268488667549,0.80098957,False Positive
1,0.629503,1,1,0.2650885350936901,0.6880801665280013,0.629503,True Positive
1,0.22776505,0,0,0.19251970773478314,0.30944831491956126,0.7722349,False Negative
1,0.7067401,1,1,0.3130709931639363,0.7656867685366782,0.7067401,True Positive
0,0.21532577,0,1,0.10494161663577371,0.3224559685669269,0.7846742,True Negative
0,0.17537102,0,1,0.0608097698435675,0.2443786136573562,0.82462895,True Negative
1,0.31842014,0,0,0.5105088080687092,0.28253633242445875,0.6815798,False Negative
0,0.37305197,0,1,0.5444495887748746,0.3224559685669269,0.626948,True Negative
1,0.34085697,0,0,0.4734321846028365,0.3224559685669269,0.65914303,False Negative
1,0.73430765,1,1,0.18666260241829621,0.8681993219042158,0.73430765,True Positive
1,0.24733432,0,0,0.2439797162090581,0.3224559685669269,0.7526657,False Negative
0,0.2740725,0,1,0.3142334222829034,0.3224559685669269,0.7259275,True Negative
0,0.7573448,1,0,0.21667893307403177,0.9230195940095115,0.7573448,False Positive
1,0.2830489,0,0,0.33683925786920804,0.3224559685669269,0.71695113,False Negative
1,0.29505223,0,0,0.6336715874478646,0.20186480553435301,0.70494777,False Negative
1,0.722079,1,1,0.2707511459098878,0.8089465035536259,0.722079,True Positive
1,0.578262,1,1,0.5682581365902377,0.5023260208125733,0.578262,True Positive
0,0.2202939,0,1,0.2961049333355025,0.2443786136573562,0.7797061,True Negative
0,0.4008099,1,0,0.6036868461048546,0.3224559685669269,0.5991901,False Positive
1,0.79313695,1,1,0.7183577110167414,0.8229207890519311,0.79313695,True Positive
0,0.3951112,1,0,0.5916497074887205,0.3224559685669269,0.6048888,False Positive
0,0.6055951,1,0,0.6255403483152294,0.5023260208125733,0.6055951,False Positive
1,0.76812696,1,1,0.5578976860663061,0.8102179695156084,0.76812696,True Positive
1,0.4094446,1,1,0.40601894421365864,0.4198243176396146,0.5905554,True Positive
0,0.37217447,0,1,0.32674970007105614,0.4198243176396146,0.6278255,True Negative
0,0.75425303,1,0,0.5168479459545224,0.7929532740131985,0.75425303,False Positive
0,0.31273445,0,1,0.40871185698141765,0.3224559685669269,0.6872655,True Negative
0,0.47047952,1,0,0.5315453580169427,0.4198243176396146,0.5295205,False Positive
0,0.2618506,0,1,0.2826980471260309,0.3224559685669269,0.7381494,True Negative
0,0.37866887,0,1,0.5565667994873195,0.3224559685669269,0.6213311,True Negative
0,0.16346262,0,1,0.11580357854751284,0.18588725224198227,0.83653736,True Negative
1,0.34506443,0,0,0.4010567310057031,0.3593749866294791,0.6549356,False Negative
1,0.7432046,1,1,0.3028497738724148,0.8441536131014379,0.7432046,True Positive
1,0.7847327,1,1,0.5905464049029183,0.8495049497194247,0.7847327,True Positive
0,0.2551809,0,1,0.2650885350936901,0.3224559685669269,0.7448191,True Negative
1,0.81014127,1,1,0.7095442931339399,0.8862273197211478,0.81014127,True Positive
1,0.37112227,0,0,0.45762822719853863,0.35974354470582043,0.62887776,False Negative
1,0.43684095,1,1,0.6786348369269148,0.3224559685669269,0.56315905,True Positive
1,0.63085985,1,1,0.12482361715138614,0.7526966065257426,0.63085985,True Positive
0,0.2964142,0,1,0.36971133923526195,0.3224559685669269,0.7035858,True Negative
1,0.75082475,1,1,0.4049438893464991,0.8229207890519311,0.75082475,True Positive
1,0.6807083,1,1,0.24136331170263964,0.7506043555527174,0.6807083,True Positive
0,0.7495855,1,0,0.39634121996724986,0.8229207890519311,0.7495855,False Positive
0,0.33674705,0,1,0.7032544789857579,0.2145716226256943,0.66325295,True Negative
0,0.53252625,1,0,0.7047053795059088,0.39843851524126905,0.53252625,False Positive
0,0.41971612,1,0,0.42743726790151454,0.4198243176396146,0.5802839,False Positive
0,0.21021886,0,1,0.33763374431620713,0.20186480553435301,0.78978115,True Negative
0,0.5767849,1,0,0.39104985467490555,0.5808995653044666,0.5767849,False Positive
1,0.77028763,1,1,0.6637528150325667,0.7791323864266053,0.77028763,True Positive
1,0.7931674,1,1,0.7512674186702638,0.8089465035536259,0.7931674,True Positive
0,0.785769,1,0,0.5548377763413733,0.8681993219042158,0.785769,False Positive
1,0.7382672,1,1,0.2568937143249924,0.8495049497194247,0.7382672,True Positive
1,0.33403307,0,0,0.2546134879282946,0.4142168986196265,0.6659669,False Negative
0,0.3627893,0,1,0.5221155525085253,0.3224559685669269,0.6372107,True Negative
1,0.8136935,1,1,0.6934410995634818,0.9060602232095631,0.8136935,True Positive
0,0.21564195,0,1,0.3050940849969289,0.22960807557512614,0.784358,True Negative
0,0.20475395,0,1,0.11580357854751284,0.29270157150265674,0.79524606,True Negative
0,0.18693715,0,1,0.2824905718180204,0.17094313538926117,0.81306285,True Negative
1,0.2820312,0,0,0.36312784963320593,0.30944831491956126,0.7179688,False Negative
1,0.659783,1,1,0.6170187596990023,0.5808995653044666,0.659783,True Positive
0,0.6085638,1,0,0.4419157396650821,0.5880186697478524,0.6085638,False Positive
1,0.34219187,0,0,0.4764360417273234,0.3224559685669269,0.6578081,False Negative
0,0.5197624,1,0,0.631397571232827,0.4198243176396146,0.5197624,False Positive
0,0.2499769,0,1,0.2511378485039682,0.3224559685669269,0.7500231,True Negative
1,0.2710325,0,0,0.3064738908010947,0.3224559685669269,0.7289675,False Negative
1,0.31501743,0,0,0.4140766705662009,0.3224559685669269,0.68498254,False Negative
1,0.8049283,1,1,0.6968668985229659,0.872984803747884,0.8049283,True Positive
1,0.77511317,1,1,0.4810014679158562,0.8651734654441031,0.77511317,True Positive
1,0.22478469,0,0,0.15059566042948236,0.3224559685669269,0.7752153,False Negative
1,0.7969519,1,1,0.6500385036119145,0.8651734654441031,0.7969519,True Positive
1,0.7040044,1,1,0.1364559179641681,0.8229207890519311,0.7040044,True Positive
1,0.61162263,1,1,0.6203460488872968,0.5104475793610479,0.61162263,True Positive
1,0.25839746,0,0,0.48889803232557866,0.22532229436802217,0.74160254,False Negative
1,0.7692755,1,1,0.5366051893456556,0.8229207890519311,0.7692755,True Positive
1,0.7771219,1,1,0.627485181522309,0.8089465035536259,0.7771219,True Positive
0,0.31693724,0,1,0.3142334222829034,0.36953306897800275,0.6830628,True Negative
1,0.30239943,0,0,0.302326815230275,0.3593749866294791,0.6976006,False Negative
0,0.33994105,0,1,0.47136776971346606,0.3224559685669269,0.660059,True Negative
0,0.23398294,0,1,0.1937008066610462,0.3224559685669269,0.7660171,True Negative
1,0.641474,1,1,0.7114803128298031,0.5183864600203852,0.641474,True Positive
0,0.24889211,0,1,0.24820560651945392,0.3224559685669269,0.7511079,True Negative
1,0.78066283,1,1,0.4272049354275324,0.9060602232095631,0.78066283,True Positive
0,0.17938775,0,1,0.12437305323112423,0.22532229436802217,0.82061225,True Negative
0,0.629183,1,0,0.6973963799552318,0.5023260208125733,0.629183,False Positive
0,0.2574243,0,1,0.27104479999259823,0.3224559685669269,0.7425757,True Negative
0,0.25785178,0,1,0.48208933476860116,0.2277436850637543,0.7421482,True Negative
0,0.32331368,0,1,0.433398591800638,0.3224559685669269,0.6766863,True Negative
0,0.435059,1,0,0.6749676159337371,0.3224559685669269,0.564941,False Positive
1,0.23289,0,0,0.18864197265592017,0.3224559685669269,0.76711,False Negative
1,0.4063892,1,1,0.3996168918083411,0.4198243176396146,0.59361076,True Positive
0,0.349256,0,1,0.4922410006007938,0.3224559685669269,0.65074396,True Negative
1,0.718496,1,1,0.24967211575536788,0.8089465035536259,0.718496,True Positive
1,0.6067458,1,1,0.4538349992157121,0.5808995653044666,0.6067458,True Positive
1,0.28872532,0,0,0.3509105856404432,0.3224559685669269,0.7112747,False Negative
1,0.78864944,1,1,0.6601341189327047,0.8327266243569362,0.78864944,True Positive
0,0.7896688,1,0,0.6910273581311895,0.8229207890519311,0.7896688,False Positive
0,0.25932524,0,1,0.5093898502931438,0.21718063473000876,0.74067473,True Negative
0,0.578262,1,0,0.5682581365902377,0.5023260208125733,0.578262,False Positive
1,0.7751745,1,1,0.3509105856404432,0.9210172145420631,0.7751745,True Positive
1,0.7350855,1,1,0.52272194983533,0.7516816089153107,0.7350855,True Positive
1,0.3253253,0,0,0.611089188614792,0.2443786136573562,0.6746747,False Negative
0,0.44914818,1,0,0.5818883855495949,0.37749705456807175,0.5508518,False Positive
1,0.25592053,0,0,0.2670560501644002,0.3224559685669269,0.7440795,False Negative
0,0.4416113,1,0,0.47263602255609144,0.4198243176396146,0.5583887,False Positive
0,0.21479633,0,1,0.4087585776475425,0.1792057255927322,0.7852037,True Negative
1,0.8019052,1,1,0.6831531993734935,0.8681993219042158,0.8019052,True Positive
1,0.34264848,0,0,0.4774622564986838,0.3224559685669269,0.6573515,False Negative
1,0.76826763,1,1,0.3937736768469632,0.8808636638193584,0.76826763,True Positive
0,0.7482332,1,0,0.5209780924901714,0.7790279422401977,0.7482332,False Positive
1,0.80134475,1,1,0.5606765434795803,0.9186292786582868,0.80134475,True Positive
0,0.35877818,0,1,0.47850300232829046,0.33816238294079354,0.6412218,True Negative
1,0.7493539,1,1,0.3947363261843831,0.8229207890519311,0.7493539,True Positive
1,0.59751976,1,1,0.5728945588131334,0.5183864600203852,0.59751976,True Positive
1,0.46487358,1,1,0.14572916487602633,0.5887617041467856,0.53512645,True Positive
0,0.22540338,0,1,0.15353362191702005,0.3224559685669269,0.77459663,True Negative
0,0.31210917,0,1,0.24288663160296348,0.3966111583484707,0.6878908,True Negative
0,0.35281372,0,1,0.50014429358242,0.3224559685669269,0.6471863,True Negative
1,0.7519375,1,1,0.3897695236938683,0.8327266243569362,0.7519375,True Positive
0,0.17989957,0,1,0.1502456654386879,0.2145716226256943,0.8201004,True Negative
0,0.7603759,1,0,0.33029411150892357,0.8836369633925153,0.7603759,False Positive
0,0.23450659,0,1,0.36312784963320593,0.2443786136573562,0.7654934,True Negative
1,0.7552129,1,1,0.32978855375921795,0.8681993219042158,0.7552129,True Positive
0,0.27661473,0,1,0.32068122499899593,0.3224559685669269,0.7233853,True Negative
1,0.51897347,1,1,0.2728027808939088,0.5808995653044666,0.51897347,True Positive
1,0.76207864,1,1,0.5638152149304965,0.7941462814391789,0.76207864,True Positive
1,0.38806888,0,0,0.576690589760697,0.3224559685669269,0.6119311,False Negative
0,0.22483855,0,1,0.3178604484154735,0.2443786136573562,0.77516145,True Negative
0,0.21402372,0,1,0.30113583911748987,0.2277436850637543,0.7859763,True Negative
0,0.7146824,1,0,0.6621354395964026,0.6658769210536959,0.7146824,False Positive
1,0.68296903,1,1,0.6150679797607238,0.6225482481340975,0.68296903,True Positive
1,0.7577256,1,1,0.3526949309359426,0.8659908891924971,0.7577256,True Positive
1,0.39280647,1,1,0.5867644999754307,0.3224559685669269,0.6071935,True Positive
0,0.2371468,0,1,0.5003767218027388,0.18588725224198227,0.7628532,True Negative
0,0.24251783,0,1,0.23079938232432534,0.3224559685669269,0.7574822,True Negative
0,0.2787123,0,1,0.3259739200624587,0.3224559685669269,0.7212877,True Negative
1,0.79006094,1,1,0.588251148105666,0.8681993219042158,0.79006094,True Positive
0,0.6462693,1,0,0.5224307202611955,0.5887617041467856,0.6462693,False Positive
0,0.67044544,1,0,0.415555715424214,0.6658769210536959,0.67044544,False Positive
1,0.22338547,0,0,0.43605304469914785,0.18588725224198227,0.77661455,False Negative
0,0.29178715,0,1,0.35843211314743795,0.3224559685669269,0.70821285,True Negative
1,0.6363878,1,1,0.6727150969363432,0.5225439561212515,0.6363878,True Positive
1,0.775822,1,1,0.5899188379033241,0.8208481955264905,0.775822,True Positive
0,0.21290241,0,1,0.09301288567607068,0.3224559685669269,0.7870976,True Negative
1,0.7697696,1,1,0.5202319892936729,0.8314749301764279,0.7697696,True Positive
1,0.4434416,1,1,0.6921908158638848,0.3224559685669269,0.5565584,True Positive
0,0.22731256,0,1,0.3295726885088917,0.2443786136573562,0.77268744,True Negative
1,0.81140256,1,1,0.6547315416347401,0.9142487930614842,0.81140256,True Positive
1,0.42431948,1,1,0.25413740596095047,0.5023260208125733,0.5756805,True Positive
1,0.4601378,1,1,0.5105088080687092,0.4198243176396146,0.53986216,True Positive
0,0.7344475,1,0,0.5221155525085253,0.7506043555527174,0.7344475,False Positive
1,0.26895353,0,0,0.30113583911748987,0.3224559685669269,0.73104644,False Negative
0,0.6162833,1,0,0.4567277676243596,0.5887617041467856,0.6162833,False Positive
1,0.7343259,1,1,0.5609213693250795,0.7375900180233407,0.7343259,True Positive
1,0.75918484,1,1,0.46374391996106606,0.8229207890519311,0.75918484,True Positive
1,0.4611478,1,1,0.7283662532956637,0.3224559685669269,0.5388522,True Positive
0,0.34200373,0,1,0.504842341521688,0.30944831491956126,0.6579963,True Negative
1,0.7699629,1,1,0.574317077175363,0.8089465035536259,0.7699629,True Positive
1,0.7973973,1,1,0.6044038093743211,0.8862273197211478,0.7973973,True Positive
0,0.32386088,0,1,0.43466366889202773,0.3224559685669269,0.6761391,True Negative
1,0.7441781,1,1,0.24209351280859082,0.872984803747884,0.7441781,True Positive
0,0.46860266,1,0,0.5728945588131334,0.39944705028900235,0.53139734,False Positive
1,0.33205453,0,0,0.4534780783905476,0.3224559685669269,0.6679455,False Negative
1,0.7254358,1,1,0.7423721494563902,0.6602823274391666,0.7254358,True Positive
0,0.23820269,0,1,0.2130808211629125,0.3224559685669269,0.7617973,True Negative
1,0.7654624,1,1,0.41471751972480403,0.8631731720278146,0.7654624,True Positive
0,0.5859414,1,0,0.5259791539084064,0.5286105819487009,0.5859414,False Positive
1,0.80129164,1,1,0.46251709504326904,0.9604323479151904,0.80129164,True Positive
1,0.18984452,0,0,0.35671821588401786,0.14360452046845526,0.8101555,False Negative
0,0.32761264,0,1,0.4433084375535867,0.3224559685669269,0.67238736,True Negative
1,0.7509699,1,1,0.343805967382781,0.8495049497194247,0.7509699,True Positive
1,0.73157954,1,1,0.15734411498057246,0.872984803747884,0.73157954,True Positive
0,0.30949253,0,1,0.4010567310057031,0.3224559685669269,0.6905075,True Negative
0,0.32767034,0,1,0.44344102073042185,0.3224559685669269,0.67232966,True Negative
1,0.78741986,1,1,0.6417930747023106,0.8364760338680635,0.78741986,True Positive
1,0.78969467,1,1,0.5853800399721747,0.8681993219042158,0.78969467,True Positive
1,0.30434152,0,0,0.3888020425333944,0.3224559685669269,0.69565845,False Negative
0,0.18149482,0,1,0.1309956197650703,0.2277436850637543,0.81850517,True Negative
1,0.76868224,1,1,0.39992950662033694,0.8795270901422535,0.76868224,True Positive
0,0.74364495,1,0,0.30885555403258336,0.8428691535182296,0.74364495,False Positive
1,0.7838451,1,1,0.6187029590557713,0.8345412917472543,0.7838451,True Positive
0,0.29168117,0,1,0.35817257061016555,0.3224559685669269,0.7083188,True Negative
0,0.3188712,0,1,0.4230852462109567,0.3224559685669269,0.6811288,True Negative
0,0.77195084,1,0,0.5328851003717726,0.8329341871736559,0.77195084,False Positive
1,0.24978073,0,0,0.25060831768510955,0.3224559685669269,0.7502193,False Negative
1,0.23433079,0,0,0.19530754496509015,0.3224559685669269,0.7656692,False Negative
0,0.33205453,0,1,0.4534780783905476,0.3224559685669269,0.6679455,True Negative
1,0.7035079,1,1,0.10745277041004894,0.835463035297584,0.7035079,True Positive
1,0.7662808,1,1,0.5331272131891823,0.8150618887801195,0.7662808,True Positive
0,0.21833251,0,1,0.11960748457257543,0.3224559685669269,0.7816675,True Negative
0,0.6271304,1,0,0.6869801475559574,0.5023260208125733,0.6271304,False Positive
1,0.74052024,1,1,0.3781575396393022,0.8102179695156084,0.74052024,True Positive
0,0.2710325,0,1,0.3064738908010947,0.3224559685669269,0.7289675,True Negative
0,0.24737959,0,1,0.35771948681567983,0.2711924289150009,0.7526204,True Negative
0,0.3632373,0,1,0.5230960233257319,0.3224559685669269,0.63676274,True Negative
1,0.737265,1,1,0.34282478819641543,0.8152643791598343,0.737265,True Positive
0,0.29180366,0,1,0.3873016793631253,0.30944831491956126,0.70819634,True Negative
1,0.21166974,0,0,0.1008201475979316,0.3159515869888179,0.78833026,False Negative
0,0.3809807,0,1,0.5615334084067833,0.3224559685669269,0.61901927,True Negative
1,0.8003738,1,1,0.6706485627452848,0.8681993219042158,0.8003738,True Positive
1,0.6812438,1,1,0.7082982554547872,0.5887617041467856,0.6812438,True Positive
0,0.49959207,1,0,0.6379444496148412,0.39843851524126905,0.50040793,False Positive
0,0.27585787,0,1,0.5286790019774664,0.2277436850637543,0.72414213,True Negative
0,0.38677675,0,1,0.4418034657544127,0.38207346705215645,0.61322325,True Negative
0,0.23467925,0,1,0.19691544823692214,0.3224559685669269,0.7653208,True Negative
1,0.26088136,0,0,0.2801572589685746,0.3224559685669269,0.73911864,False Negative
1,0.45243865,1,1,0.6287788165245689,0.3593749866294791,0.54756135,True Positive
0,0.3588774,0,1,0.4317071142681115,0.3593749866294791,0.6411226,True Negative
1,0.60012007,1,1,0.43982293012728196,0.5808995653044666,0.60012007,True Positive
0,0.14776532,0,1,0.10722580797216702,0.14360452046845526,0.85223466,True Negative
1,0.762578,1,1,0.48800541852257256,0.8229207890519311,0.762578,True Positive
1,0.44161376,1,1,0.688441264317288,0.3224559685669269,0.5583862,True Positive
0,0.27433366,0,1,0.39017571211439045,0.2884906996481552,0.72566634,True Negative
1,0.79974765,1,1,0.7214755971462171,0.8442792859337949,0.79974765,True Positive
1,0.7783418,1,1,0.541850186033965,0.8495049497194247,0.7783418,True Positive
1,0.7794412,1,1,0.6419970632169957,0.8102179695156084,0.7794412,True Positive
1,0.78817517,1,1,0.6500385036119145,0.835463035297584,0.78817517,True Positive
0,0.16039902,0,1,0.18754825368682668,0.14360452046845526,0.839601,True Negative
0,0.3609284,0,1,0.5180373999210985,0.3224559685669269,0.6390716,True Negative
1,0.31165394,0,0,0.40616531548555007,0.3224559685669269,0.688346,False Negative
0,0.75536746,1,0,0.34262622733280296,0.8631731720278146,0.75536746,False Positive
1,0.30695185,0,0,0.3532426196781428,0.34130878911628615,0.6930481,False Negative
1,0.73257506,1,1,0.291026112728062,0.8229207890519311,0.73257506,True Positive
1,0.7698754,1,1,0.6482069723329162,0.7833403131407682,0.7698754,True Positive
0,0.770324,1,0,0.5149814466613652,0.835463035297584,0.770324,False Positive
1,0.74867237,1,1,0.6496526344148498,0.7375900180233407,0.74867237,True Positive
0,0.7565439,1,0,0.48294758821550215,0.8089465035536259,0.7565439,False Positive
0,0.51451063,1,0,0.6207540715130434,0.4198243176396146,0.51451063,False Positive
1,0.80866843,1,1,0.7510191449423459,0.8631731720278146,0.80866843,True Positive
0,0.27851424,0,1,0.5353887030791565,0.2277436850637543,0.72148573,True Negative
1,0.38035953,0,0,0.34456236314632854,0.41975102943384984,0.61964047,False Negative
1,0.77646166,1,1,0.5626970661520816,0.8345412917472543,0.77646166,True Positive
0,0.31777805,0,1,0.4592536392537776,0.3049865901171824,0.68222195,True Negative
0,0.34396136,0,1,0.5092386617152039,0.30944831491956126,0.65603864,True Negative
1,0.79140043,1,1,0.5987820750915459,0.8681993219042158,0.79140043,True Positive
1,0.19679877,0,0,0.21886177426134767,0.22532229436802217,0.8032012,False Negative
0,0.47637358,1,0,0.36065974140517354,0.5023260208125733,0.52362645,False Positive
1,0.43229154,1,1,0.4534649044228056,0.4198243176396146,0.5677085,True Positive
0,0.8049028,1,0,0.7078425145142119,0.8681993219042158,0.8049028,False Positive
0,0.23871973,0,1,0.21543916808502017,0.3224559685669269,0.7612803,True Negative
0,0.30682984,0,1,0.3947363261843831,0.3224559685669269,0.6931702,True Negative
0,0.14796957,0,1,0.10856835594218085,0.14360452046845526,0.8520304,True Negative
0,0.29142433,0,1,0.1541710022856096,0.4142168986196265,0.70857567,True Negative
1,0.8069621,1,1,0.5129446235601215,0.9588960540737577,0.8069621,True Positive
0,0.282865,0,1,0.3363805239448066,0.3224559685669269,0.717135,True Negative
1,0.27375585,0,0,0.3134276348094307,0.3224559685669269,0.72624415,False Negative
1,0.7571652,1,1,0.6408327225264336,0.7583024571283576,0.7571652,True Positive
0,0.37197345,0,1,0.5421145237823148,0.3224559685669269,0.62802655,True Negative
1,0.578262,1,1,0.5682581365902377,0.5023260208125733,0.578262,True Positive
1,0.79294854,1,1,0.6968668985229659,0.8314749301764279,0.79294854,True Positive
1,0.7976506,1,1,0.7251181687304294,0.835463035297584,0.7976506,True Positive
1,0.18123157,0,0,0.12952684975457768,0.2277436850637543,0.81876844,False Negative
1,0.2356625,0,0,0.2650885350936901,0.29270157150265674,0.7643375,False Negative
0,0.32085612,0,1,0.42770254740682345,0.3224559685669269,0.6791439,True Negative
1,0.5849532,1,1,0.5821738113544983,0.5023260208125733,0.5849532,True Positive
1,0.652591,1,1,0.5553428879398973,0.5887617041467856,0.652591,True Positive
0,0.21394776,0,1,0.3233563242449654,0.21718063473000876,0.7860522,True Negative
1,0.7234274,1,1,0.1267830237006607,0.8631731720278146,0.7234274,True Positive
1,0.53349984,1,1,0.4764360417273234,0.5023260208125733,0.53349984,True Positive
0,0.3425819,0,1,0.47731273274037683,0.3224559685669269,0.65741813,True Negative
1,0.32961676,0,0,0.44790537007367653,0.3224559685669269,0.6703832,False Negative
1,0.77209353,1,1,0.4403116262373713,0.872984803747884,0.77209353,True Positive
0,0.46392024,1,0,0.5656078910486076,0.39843851524126905,0.53607976,False Positive
1,0.7017512,1,1,0.1309956197650703,0.8229207890519311,0.7017512,True Positive
1,0.75849605,1,1,0.7075544445095246,0.7391725090357393,0.75849605,True Positive
1,0.7619072,1,1,0.5177246111222796,0.8089465035536259,0.7619072,True Positive
1,0.7926404,1,1,0.5789681115448121,0.8808636638193584,0.7926404,True Positive
1,0.35372457,0,0,0.3978235886921674,0.36953306897800275,0.6462754,False Negative
0,0.2318648,0,1,0.24752661518658162,0.29270157150265674,0.7681352,True Negative
0,0.2963135,0,1,0.3694669404702359,0.3224559685669269,0.7036865,True Negative
1,0.52258873,1,1,0.2801337550183359,0.5808995653044666,0.52258873,True Positive
0,0.3956438,1,0,0.5927771075001229,0.3224559685669269,0.60435617,False Positive
0,0.35601053,0,1,0.507215027530524,0.3224559685669269,0.64398944,True Negative
0,0.3221083,0,1,0.45943690296489686,0.30944831491956126,0.67789173,True Negative
1,0.32160133,0,0,0.4953775961951653,0.29270157150265674,0.67839867,False Negative
0,0.6170965,1,0,0.6500385036119145,0.5023260208125733,0.6170965,False Positive
0,0.2020084,0,1,0.2407131464822982,0.2277436850637543,0.79799163,True Negative
1,0.7905724,1,1,0.6359692271902371,0.8495049497194247,0.7905724,True Positive
0,0.761727,1,0,0.6895819085417305,0.7519994902215423,0.761727,False Positive
0,0.31766552,0,1,0.4202730823034567,0.3224559685669269,0.6823345,True Negative
1,0.77016777,1,1,0.5431537475312689,0.8229207890519311,0.77016777,True Positive
1,0.7638235,1,1,0.7075544445095246,0.7506043555527174,0.7638235,True Positive
0,0.5252034,1,0,0.45958327708484686,0.5023260208125733,0.5252034,False Positive
