Actual,Predicted_Probability,Predicted_Class,Correct_Prediction,Model_A_Prediction,Model_B_Prediction,Prediction_Confidence,Prediction_Type
1,0.22979131,0,0,0.36341051101336946,0.21718063473000876,0.7702087,False Negative
0,0.459181,1,0,0.6968668985229659,0.34130878911628615,0.540819,False Positive
1,0.7967336,1,1,0.3694669404702359,0.8441536131014379,0.7967336,True Positive
0,0.8014506,1,0,0.7356948645572273,0.8241117899500012,0.8014506,False Positive
0,0.3293385,0,1,0.47731273274037683,0.3013776182071632,0.6706615,True Negative
0,0.34671488,0,1,0.2706772369306113,0.39843851524126905,0.65328515,True Negative
1,0.8425398,1,1,0.5198308286226102,0.9206204597730282,0.8425398,True Positive
0,0.34427387,0,1,0.47480150621540895,0.3224559685669269,0.65572613,True Negative
0,0.30963024,0,1,0.5204515762397431,0.2277436850637543,0.6903697,True Negative
1,0.17334342,0,0,0.1008201475979316,0.17094313538926117,0.8266566,False Negative
1,0.7967253,1,1,0.38586588134746896,0.8428691535182296,0.7967253,True Positive
0,0.5539019,1,0,0.5268132055208181,0.5023260208125733,0.5539019,False Positive
1,0.36694363,1,1,0.6322867149671366,0.2443786136573562,0.6330564,True Positive
1,0.5716198,1,1,0.2862482113074614,0.5808995653044666,0.5716198,True Positive
0,0.31832394,0,1,0.3947363261843831,0.3224559685669269,0.68167603,True Negative
1,0.644174,1,1,0.6837027152312025,0.5887617041467856,0.644174,True Positive
0,0.3829842,1,0,0.5299013578494259,0.34130878911628615,0.61701584,False Positive
1,0.79357326,1,1,0.5727295485973553,0.8229207890519311,0.79357326,True Positive
0,0.3515507,1,0,0.491897617376975,0.3224559685669269,0.6484493,False Positive
0,0.18226403,0,1,0.1008201475979316,0.3224559685669269,0.81773597,True Negative
0,0.1798677,0,1,0.07153056176538909,0.3224559685669269,0.8201323,True Negative
1,0.27585474,0,0,0.2967128370165242,0.3049865901171824,0.7241453,False Negative
1,0.8316776,1,1,0.31771605171363215,0.9137136083670088,0.8316776,True Positive
0,0.36588386,1,0,0.5251105105424345,0.3224559685669269,0.6341162,False Positive
0,0.23907642,0,1,0.3627448909363899,0.2277436850637543,0.76092356,True Negative
1,0.2693762,0,0,0.2610067500503871,0.3224559685669269,0.73062384,False Negative
1,0.75588375,1,1,0.38481585649648015,0.7762235768510172,0.75588375,True Positive
1,0.36807814,1,1,0.4633178199580954,0.3593749866294791,0.6319219,True Positive
1,0.20400399,0,0,0.17337156153504796,0.3224559685669269,0.795996,False Negative
0,0.3628831,1,0,0.5182047224558644,0.3224559685669269,0.6371169,False Positive
1,0.7863065,1,1,0.5930802597197938,0.8089465035536259,0.7863065,True Positive
0,0.80469424,1,0,0.2413430297152035,0.8681993219042158,0.80469424,False Positive
0,0.33230403,0,1,0.43980143633044555,0.3224559685669269,0.667696,True Negative
1,0.6984738,1,1,0.3694419935030787,0.6952605509342263,0.6984738,True Positive
1,0.5468768,1,1,0.7454686791266987,0.4198243176396146,0.5468768,True Positive
1,0.7407619,1,1,0.4220589959570325,0.7506043555527174,0.7407619,True Positive
0,0.5966902,1,0,0.36312784963320593,0.5887617041467856,0.5966902,False Positive
1,0.31982285,0,0,0.3996168918083411,0.3224559685669269,0.68017715,False Negative
1,0.8003416,1,1,0.7357650784372419,0.8221375448612186,0.8003416,True Positive
0,0.34667158,0,1,0.3694669404702359,0.36953306897800275,0.6533284,True Negative
0,0.8096281,1,0,0.2613561173372102,0.8756234614429446,0.8096281,False Positive
0,0.38638058,1,0,0.5716747723545225,0.3224559685669269,0.61361945,False Positive
0,0.19615659,0,1,0.2933521218840873,0.2277436850637543,0.8038434,True Negative
0,0.18157907,0,1,0.0924790301251476,0.3224559685669269,0.81842095,True Negative
0,0.39131922,1,0,0.5827512176811476,0.3224559685669269,0.6086808,False Positive
1,0.7808933,1,1,0.45995380368396893,0.8102179695156084,0.7808933,True Positive
1,0.83243155,1,1,0.6482069723329162,0.8896487431186482,0.83243155,True Positive
1,0.63994706,1,1,0.6783113485559651,0.5808995653044666,0.63994706,True Positive
1,0.32838345,0,0,0.4953775961951653,0.2854802829309368,0.67161655,False Negative
0,0.4645892,1,0,0.6573758256455853,0.36953306897800275,0.53541076,False Positive
1,0.34815714,0,0,0.48394560146869686,0.3224559685669269,0.65184283,False Negative
0,0.19227387,0,1,0.15059566042948236,0.3224559685669269,0.80772614,True Negative
1,0.7985468,1,1,0.5227592772568767,0.835463035297584,0.7985468,True Positive
0,0.2535513,0,1,0.24125353671660663,0.3224559685669269,0.7464487,True Negative
1,0.827664,1,1,0.6578688100331161,0.8793326575145336,0.827664,True Positive
0,0.32352868,0,1,0.4116316544666267,0.3224559685669269,0.67647135,True Negative
1,0.2713258,0,0,0.2633884389001247,0.3224559685669269,0.7286742,False Negative
0,0.28413263,0,1,0.4764360417273234,0.18588725224198227,0.7158674,True Negative
1,0.32089758,0,0,0.24041859519674022,0.36953306897800275,0.6791024,False Negative
0,0.19325918,0,1,0.2841276179345085,0.2277436850637543,0.8067408,True Negative
1,0.3241717,0,0,0.5682581365902377,0.21718063473000876,0.67582834,False Negative
0,0.37781772,1,0,0.5523434728732176,0.3224559685669269,0.62218225,False Positive
1,0.79431045,1,1,0.5892023596634103,0.8229207890519311,0.79431045,True Positive
0,0.4648234,1,0,0.2515819296453438,0.5023260208125733,0.53517663,False Positive
1,0.30110013,0,0,0.485074591388406,0.2277436850637543,0.69889987,False Negative
0,0.37404066,1,0,0.2979399466528415,0.4198243176396146,0.62595934,False Positive
0,0.27557167,0,1,0.2685384591181108,0.3224559685669269,0.7244283,True Negative
0,0.3625029,1,0,0.48889803232557866,0.33816238294079354,0.63749707,False Positive
0,0.4558941,1,0,0.7239338049344834,0.3224559685669269,0.5441059,False Positive
1,0.846738,1,1,0.6262564738046715,0.921436297828222,0.846738,True Positive
0,0.31896406,0,1,0.39682212786230175,0.3224559685669269,0.68103594,True Negative
1,0.35938305,1,1,0.16076417269977888,0.4328567627923461,0.64061695,True Positive
1,0.8059932,1,1,0.5130493176870463,0.8495049497194247,0.8059932,True Positive
0,0.7965325,1,0,0.1937008066610462,0.8574129737471511,0.7965325,False Positive
0,0.24231178,0,1,0.2267259866993874,0.3224559685669269,0.7576882,True Negative
0,0.33128443,0,1,0.4365480644924825,0.3224559685669269,0.6687156,True Negative
1,0.7111704,1,1,0.5550566806583767,0.6981651887263601,0.7111704,True Positive
0,0.31230658,0,1,0.36553902571462915,0.3224559685669269,0.6876934,True Negative
0,0.38445264,1,0,0.5908817716966024,0.30944831491956126,0.61554736,False Positive
1,0.36087444,1,1,0.5863934536326086,0.2711924289150009,0.6391256,True Positive
1,0.31013855,0,0,0.3501342796760786,0.3224559685669269,0.6898614,False Negative
0,0.56008506,1,0,0.20967117961294673,0.5808995653044666,0.56008506,False Positive
0,0.3616905,1,0,0.5154535943273983,0.3224559685669269,0.6383095,False Positive
1,0.8202703,1,1,0.5458573522189842,0.8735742583282013,0.8202703,True Positive
0,0.35675022,1,0,0.6298176991283866,0.2277436850637543,0.64324975,False Positive
0,0.76774096,1,0,0.4672780010275697,0.7883396356971442,0.76774096,False Positive
0,0.3119182,0,1,0.3627838549794886,0.3224559685669269,0.6880818,True Negative
1,0.40369952,1,1,0.6103050386942718,0.3224559685669269,0.5963005,True Positive
1,0.30928788,0,0,0.3797984679924908,0.30944831491956126,0.6907121,False Negative
0,0.35259205,1,0,0.4943307952755821,0.3224559685669269,0.64740795,False Positive
1,0.43952063,1,1,0.6886366746120736,0.3224559685669269,0.5604794,True Positive
1,0.24243642,0,0,0.22688951785694345,0.3224559685669269,0.7575636,False Negative
0,0.7607205,1,0,0.6500385036119145,0.763156388106813,0.7607205,False Positive
0,0.17334342,0,1,0.1937008066610462,0.18588725224198227,0.8266566,True Negative
1,0.80993366,1,1,0.691586055705709,0.8428691535182296,0.80993366,True Positive
0,0.56318986,1,0,0.5625282900987975,0.5023260208125733,0.56318986,False Positive
0,0.22918992,0,1,0.20917211379503897,0.3224559685669269,0.77081007,True Negative
0,0.6798849,1,0,0.7170232737859773,0.6431444898610612,0.6798849,False Positive
0,0.2755751,0,1,0.40899624455142136,0.2277436850637543,0.7244249,True Negative
1,0.8507647,1,1,0.7409342533983492,0.921436297828222,0.8507647,True Positive
1,0.3434627,0,0,0.4728852898644754,0.3224559685669269,0.6565373,False Negative
1,0.78534615,1,1,0.39176025470467696,0.8229207890519311,0.78534615,True Positive
1,0.7950047,1,1,0.49429008302217237,0.8314749301764279,0.7950047,True Positive
0,0.8214074,1,0,0.48394560146869686,0.8805573295042561,0.8214074,False Positive
0,0.26001245,0,1,0.29680938113960353,0.29270157150265674,0.73998755,True Negative
1,0.40344676,1,1,0.6097453587853333,0.3224559685669269,0.5965532,True Positive
1,0.32574534,0,0,0.41878410992180487,0.3224559685669269,0.67425466,False Negative
0,0.17481048,0,1,0.217717113547401,0.2277436850637543,0.82518953,True Negative
1,0.5852494,1,1,0.3774078417671883,0.5808995653044666,0.5852494,True Positive
1,0.79819924,1,1,0.6768336050292934,0.8229207890519311,0.79819924,True Positive
0,0.17334342,0,1,0.1008201475979316,0.2277436850637543,0.8266566,True Negative
1,0.3366074,0,0,0.4534780783905476,0.3224559685669269,0.6633926,False Negative
1,0.5351851,1,1,0.7208263875686785,0.4142168986196265,0.5351851,True Positive
1,0.8017542,1,1,0.4434287592373684,0.8472843955550605,0.8017542,True Positive
0,0.30085725,0,1,0.4534649044228056,0.2443786136573562,0.69914275,True Negative
0,0.30725774,0,1,0.3295726885088917,0.3224559685669269,0.6927422,True Negative
0,0.33777264,0,1,0.45716650589008767,0.3224559685669269,0.6622274,True Negative
0,0.17341875,0,1,0.2650885350936901,0.17094313538926117,0.82658124,True Negative
0,0.2664987,0,1,0.5238308541889966,0.12775389484433478,0.7335013,True Negative
0,0.20588475,0,1,0.11239562786652536,0.3593749866294791,0.79411525,True Negative
0,0.26237035,0,1,0.45185967167376856,0.18588725224198227,0.73762965,True Negative
1,0.7911215,1,1,0.24405805627022836,0.8441536131014379,0.7911215,True Positive
0,0.77554506,1,0,0.2814989307419808,0.8152643791598343,0.77554506,False Positive
1,0.80053174,1,1,0.7300020158577358,0.8229207890519311,0.80053174,True Positive
0,0.27615428,0,1,0.4279082093269292,0.2145716226256943,0.7238457,True Negative
1,0.82566255,1,1,0.5512222921563648,0.8836369633925153,0.82566255,True Positive
1,0.40749815,1,1,0.6187029590557713,0.3224559685669269,0.5925019,True Positive
1,0.7929512,1,1,0.39689612334123986,0.835463035297584,0.7929512,True Positive
0,0.6328674,1,0,0.6103050386942718,0.5808995653044666,0.6328674,False Positive
1,0.79080445,1,1,0.5112420258113622,0.8229207890519311,0.79080445,True Positive
1,0.3350827,0,0,0.4765049837659825,0.30944831491956126,0.6649173,False Negative
0,0.30647227,0,1,0.3239479282980972,0.3224559685669269,0.6935277,True Negative
1,0.7872486,1,1,0.4331511199451574,0.8229207890519311,0.7872486,True Positive
0,0.5495366,1,0,0.4430355684747663,0.5225439561212515,0.5495366,False Positive
0,0.23338252,0,1,0.214854838232333,0.3224559685669269,0.7666175,True Negative
1,0.77981985,1,1,0.4534780783905476,0.8089465035536259,0.77981985,True Positive
0,0.20201565,0,1,0.21510569819343062,0.29270157150265674,0.79798436,True Negative
1,0.7861268,1,1,0.40871185698141765,0.8229207890519311,0.7861268,True Positive
1,0.7931236,1,1,0.4522369298710729,0.8314749301764279,0.7931236,True Positive
0,0.29128748,0,1,0.4929094679997286,0.18588725224198227,0.7087125,True Negative
1,0.7715442,1,1,0.27958931253767483,0.8089465035536259,0.7715442,True Positive
0,0.32619873,0,1,0.4202438814342097,0.3224559685669269,0.6738013,True Negative
1,0.61517334,1,1,0.1309956197650703,0.6195660757163984,0.61517334,True Positive
0,0.28875005,0,1,0.305229762844947,0.30944831491956126,0.71124995,True Negative
0,0.4134164,1,0,0.6317387239532543,0.3224559685669269,0.5865836,False Positive
0,0.73084354,1,0,0.4035848988732682,0.7375900180233407,0.73084354,False Positive
0,0.5717112,1,0,0.19538617472288114,0.5887617041467856,0.5717112,False Positive
0,0.32026574,0,1,0.4010567310057031,0.3224559685669269,0.67973423,True Negative
0,0.17541653,0,1,0.22137635634655162,0.2277436850637543,0.8245835,True Negative
1,0.36767134,1,1,0.529212443761429,0.3224559685669269,0.6323286,True Positive
0,0.35788262,1,0,0.4087585776475425,0.36953306897800275,0.6421174,False Positive
1,0.77825636,1,1,0.4202730823034567,0.8089465035536259,0.77825636,True Positive
1,0.77001524,1,1,0.6377079774681365,0.7787648821979841,0.77001524,True Positive
1,0.8422011,1,1,0.343805967382781,0.9335292799465849,0.8422011,True Positive
1,0.795877,1,1,0.2810540076763389,0.8495049497194247,0.795877,True Positive
0,0.79875386,1,0,0.5789681115448121,0.8314749301764279,0.79875386,False Positive
0,0.17706056,0,1,0.21355230092254898,0.2443786136573562,0.82293946,True Negative
1,0.41207033,1,1,0.6287788165245689,0.3224559685669269,0.58792967,True Positive
1,0.80135053,1,1,0.49116931601603825,0.8428691535182296,0.80135053,True Positive
1,0.57001626,1,1,0.27557341087071147,0.5808995653044666,0.57001626,True Positive
1,0.61074334,1,1,0.44658704151107564,0.5887617041467856,0.61074334,True Positive
1,0.41863316,1,1,0.6431835989747562,0.3224559685669269,0.58136684,True Positive
1,0.7974613,1,1,0.4981408872840399,0.835463035297584,0.7974613,True Positive
0,0.33069462,0,1,0.43466366889202773,0.3224559685669269,0.6693054,True Negative
1,0.789225,1,1,0.4764360417273234,0.8229207890519311,0.789225,True Positive
1,0.83712393,1,1,0.3949108672750202,0.9188951452610044,0.83712393,True Positive
0,0.35232383,1,0,0.4937044135571927,0.3224559685669269,0.64767617,False Positive
0,0.33608395,0,1,0.45181914578033583,0.3224559685669269,0.66391605,True Negative
0,0.26750407,0,1,0.25870945662630923,0.3224559685669269,0.7324959,True Negative
1,0.8393389,1,1,0.6203700678470737,0.9060602232095631,0.8393389,True Positive
0,0.17647071,0,1,0.2718336727871407,0.1792057255927322,0.8235293,True Negative
0,0.5632206,1,0,0.5093898502931438,0.5183864600203852,0.5632206,False Positive
1,0.7864029,1,1,0.41471751972480403,0.8229207890519311,0.7864029,True Positive
1,0.65834945,1,1,0.6379444496148412,0.6195660757163984,0.65834945,True Positive
1,0.2302138,0,0,0.3675918064411533,0.2145716226256943,0.7697862,False Negative
0,0.6690163,1,0,0.25060831768510955,0.6658769210536959,0.6690163,False Positive
1,0.18913026,0,0,0.13712968114953805,0.3224559685669269,0.81086975,False Negative
1,0.66733897,1,1,0.5165114096536892,0.6431444898610612,0.66733897,True Positive
0,0.30725133,0,1,0.32952692864162797,0.3224559685669269,0.69274867,True Negative
1,0.81660575,1,1,0.5251105105424345,0.8681993219042158,0.81660575,True Positive
0,0.3023808,0,1,0.3302422927632047,0.30944831491956126,0.6976192,True Negative
1,0.81363004,1,1,0.5178292436064075,0.8631731720278146,0.81363004,True Positive
1,0.788664,1,1,0.6281598584631125,0.8102179695156084,0.788664,True Positive
0,0.18173277,0,1,0.24634792353798707,0.2277436850637543,0.8182672,True Negative
0,0.59566975,1,0,0.6889465403643689,0.5023260208125733,0.59566975,False Positive
1,0.78916955,1,1,0.13510945376816175,0.8492578875537197,0.78916955,True Positive
0,0.2727229,0,1,0.2650885350936901,0.3224559685669269,0.7272771,True Negative
1,0.83213925,1,1,0.6847350728578248,0.8862273197211478,0.83213925,True Positive
0,0.8324188,1,0,0.5068796945216728,0.9005669213930128,0.8324188,False Positive
0,0.28413263,0,1,0.4764360417273234,0.18588725224198227,0.7158674,True Negative
1,0.5673281,1,1,0.5068150186738835,0.5239420672574449,0.5673281,True Positive
1,0.19816571,0,0,0.27653160757633966,0.2443786136573562,0.8018343,False Negative
0,0.29472464,0,1,0.4113918565889724,0.2443786136573562,0.70527536,True Negative
1,0.8025943,1,1,0.3226937917867895,0.8581325470922694,0.8025943,True Positive
1,0.6039052,1,1,0.7214755971462171,0.5023260208125733,0.6039052,True Positive
1,0.8067264,1,1,0.7115470954026261,0.835463035297584,0.8067264,True Positive
1,0.18587703,0,0,0.19158787154647447,0.2854802829309368,0.814123,False Negative
1,0.20914708,0,0,0.18093348582071533,0.3224559685669269,0.7908529,False Negative
0,0.4673956,1,0,0.2573047796347844,0.5023260208125733,0.5326044,False Positive
1,0.4435052,1,1,0.6972496274166059,0.3224559685669269,0.55649483,True Positive
0,0.29464707,0,1,0.5430863792408794,0.17094313538926117,0.7053529,True Negative
1,0.39697003,1,1,0.5953639639318605,0.3224559685669269,0.60302997,True Positive
0,0.17334342,0,1,0.16296921007875445,0.2277436850637543,0.8266566,True Negative
0,0.30540276,0,1,0.43605304469914785,0.2711924289150009,0.69459724,True Negative
0,0.8395287,1,0,0.5337135480626887,0.9131694359705278,0.8395287,False Positive
1,0.5444299,1,1,0.4905390603745547,0.5023260208125733,0.5444299,True Positive
1,0.6260514,1,1,0.5496205295892734,0.5808995653044666,0.6260514,True Positive
1,0.26713595,0,0,0.33771742528302,0.2711924289150009,0.732864,False Negative
1,0.39386442,1,1,0.36558577665505937,0.4198243176396146,0.6061356,True Positive
1,0.73739624,1,1,0.3582547526572785,0.7506043555527174,0.73739624,True Positive
0,0.74570084,1,0,0.6847350728578248,0.7375900180233407,0.74570084,False Positive
1,0.34649518,0,0,0.4800380321539975,0.3224559685669269,0.65350485,False Negative
0,0.32385013,0,1,0.41267044665418606,0.3224559685669269,0.67614985,True Negative
0,0.29973304,0,1,0.3570706270405013,0.29270157150265674,0.70026696,True Negative
1,0.7828937,1,1,0.5028368108132195,0.8102179695156084,0.7828937,True Positive
0,0.2531271,0,1,0.2407131464822982,0.3224559685669269,0.7468729,True Negative
1,0.82018286,1,1,0.6130986921447313,0.8681993219042158,0.82018286,True Positive
1,0.25087488,0,0,0.25729796900694396,0.30944831491956126,0.7491251,False Negative
0,0.23084526,0,1,0.2114244363937232,0.3224559685669269,0.7691547,True Negative
0,0.18680325,0,1,0.26318792259180745,0.2277436850637543,0.8131968,True Negative
1,0.7470401,1,1,0.5425357483467075,0.7506043555527174,0.7470401,True Positive
0,0.21871294,0,1,0.19464318803985295,0.3224559685669269,0.7812871,True Negative
1,0.64530647,1,1,0.46381917631471237,0.6195660757163984,0.64530647,True Positive
1,0.6167778,1,1,0.6156277458376175,0.549722830223597,0.6167778,True Positive
1,0.5576009,1,1,0.5410183438980791,0.5023260208125733,0.5576009,True Positive
1,0.33626127,0,0,0.45238128332621114,0.3224559685669269,0.6637387,False Negative
0,0.39924747,1,0,0.6004297511155796,0.3224559685669269,0.60075253,False Positive
1,0.73838687,1,1,0.5682581365902377,0.7357921132294554,0.73838687,True Positive
0,0.5744675,1,0,0.305229762844947,0.5808995653044666,0.5744675,False Positive
0,0.28092176,0,1,0.29565191282112235,0.30944831491956126,0.71907824,True Negative
0,0.29719725,0,1,0.2933521218840873,0.3224559685669269,0.7028028,True Negative
1,0.39036018,1,1,0.5806041919124422,0.3224559685669269,0.6096398,True Positive
1,0.36089742,1,1,0.5136217832031132,0.3224559685669269,0.6391026,True Positive
1,0.806921,1,1,0.6204719194025428,0.8428691535182296,0.806921,True Positive
1,0.7318431,1,1,0.4403116262373713,0.736186194768816,0.7318431,True Positive
1,0.23381664,0,0,0.21543916808502017,0.3224559685669269,0.7661834,False Negative
1,0.79251695,1,1,0.7098449745447876,0.8104809430246499,0.79251695,True Positive
0,0.31503043,0,1,0.382984515959441,0.3224559685669269,0.68496954,True Negative
0,0.18420804,0,1,0.2546134879282946,0.2277436850637543,0.81579196,True Negative
0,0.17334342,0,1,0.07694829685255704,0.2277436850637543,0.8266566,True Negative
0,0.29655918,0,1,0.45398355625195885,0.2277436850637543,0.7034408,True Negative
0,0.33703136,0,1,0.45482087745744726,0.3224559685669269,0.66296864,True Negative
0,0.32436606,0,1,0.25915985744761766,0.3705311829857024,0.6756339,True Negative
1,0.33568802,0,0,0.450563543337706,0.3224559685669269,0.664312,False Negative
0,0.17334342,0,1,0.18732130180545936,0.2277436850637543,0.8266566,True Negative
1,0.30983314,0,0,0.34795950364789013,0.3224559685669269,0.69016683,False Negative
0,0.34144837,0,1,0.46811745553322354,0.3224559685669269,0.65855163,True Negative
0,0.7971199,1,0,0.5230960233257319,0.8329327220220744,0.7971199,False Positive
0,0.28055894,0,1,0.27452536292558033,0.3224559685669269,0.71944106,True Negative
1,0.49186075,1,1,0.7340300214786959,0.3593749866294791,0.50813925,True Positive
0,0.42882827,1,0,0.6654378872614375,0.3224559685669269,0.57117176,False Positive
0,0.20995079,0,1,0.1821028217141245,0.3224559685669269,0.7900492,True Negative
0,0.64217293,1,0,0.6998118525372169,0.5808995653044666,0.64217293,False Positive
1,0.7987324,1,1,0.6889465403643689,0.8229207890519311,0.7987324,True Positive
0,0.21753496,0,1,0.42756196339487174,0.14360452046845526,0.78246504,True Negative
1,0.41537508,1,1,0.6360407513068905,0.3224559685669269,0.5846249,True Positive
1,0.7729131,1,1,0.3080413260228233,0.8089465035536259,0.7729131,True Positive
1,0.5248815,1,1,0.6420902245967312,0.4328567627923461,0.5248815,True Positive
0,0.3434627,0,1,0.4728852898644754,0.3224559685669269,0.6565373,True Negative
1,0.7561686,1,1,0.3528980688598397,0.7791323864266053,0.7561686,True Positive
0,0.3143902,0,1,0.40957039673233653,0.30944831491956126,0.6856098,True Negative
1,0.79592973,1,1,0.6255403483152294,0.8229207890519311,0.79592973,True Positive
1,0.31948596,0,0,0.39852104090217483,0.3224559685669269,0.68051404,False Negative
1,0.8055849,1,1,0.5892023596634103,0.8428691535182296,0.8055849,True Positive
1,0.78108776,1,1,0.1896042015323752,0.8314749301764279,0.78108776,True Positive
0,0.17334342,0,1,0.13189819398000666,0.2277436850637543,0.8266566,True Negative
1,0.17334342,0,0,0.1420550967654775,0.2277436850637543,0.8266566,False Negative
1,0.8492278,1,1,0.6968668985229659,0.921436297828222,0.8492278,True Positive
0,0.6397104,1,0,0.281135512075787,0.6268154745427781,0.6397104,False Positive
0,0.7529366,1,0,0.6394859416725502,0.7519994902215423,0.7529366,False Positive
0,0.355988,1,0,0.46811745553322354,0.34130878911628615,0.644012,False Positive
1,0.58087766,1,1,0.34807969805385075,0.5808995653044666,0.58087766,True Positive
0,0.42023128,1,0,0.5614674918313027,0.36953306897800275,0.5797687,False Positive
1,0.50780594,1,1,0.35087504607526565,0.5023260208125733,0.50780594,True Positive
1,0.22564608,0,0,0.20431153893268256,0.3224559685669269,0.7743539,False Negative
1,0.8159898,1,1,0.44829475861152995,0.872984803747884,0.8159898,True Positive
0,0.31221107,0,1,0.16444004090680156,0.4029374432731219,0.68778896,True Negative
1,0.3575532,1,1,0.23226670478678968,0.4198243176396146,0.64244676,True Positive
1,0.3818993,1,1,0.28042130193704057,0.4328567627923461,0.6181007,True Positive
0,0.39480835,1,0,0.5905464049029183,0.3224559685669269,0.60519165,False Positive
1,0.79697883,1,1,0.4872320211486578,0.835463035297584,0.79697883,True Positive
1,0.8161336,1,1,0.6774997596625024,0.8555071353121019,0.8161336,True Positive
0,0.2334023,0,1,0.3687852038666107,0.21718063473000876,0.7665977,True Negative
1,0.79614097,1,1,0.5198308286226102,0.8314749301764279,0.79614097,True Positive
1,0.30672416,0,0,0.27799881696492545,0.33816238294079354,0.6932758,False Negative
0,0.6011367,1,0,0.7105152696525133,0.5023260208125733,0.6011367,False Positive
0,0.3286694,0,1,0.42818062577160837,0.3224559685669269,0.6713306,True Negative
1,0.3672999,1,1,0.5283608147226991,0.3224559685669269,0.6327001,True Positive
0,0.19615659,0,1,0.2933521218840873,0.2277436850637543,0.8038434,True Negative
0,0.27295715,0,1,0.26537307018447864,0.3224559685669269,0.72704285,True Negative
1,0.7967973,1,1,0.515788909378673,0.8329341871736559,0.7967973,True Positive
1,0.8349053,1,1,0.6573025417316118,0.8939947616059489,0.8349053,True Positive
0,0.33733895,0,1,0.45579449225539614,0.3224559685669269,0.6626611,True Negative
0,0.18976445,0,1,0.1400297185598812,0.3224559685669269,0.81023556,True Negative
0,0.39942032,1,0,0.6239098146830893,0.30944831491956126,0.6005797,False Positive
0,0.2507306,0,1,0.2376487654992934,0.3224559685669269,0.74926937,True Negative
0,0.35887766,1,0,0.2643726399778728,0.4142168986196265,0.64112234,False Positive
1,0.42149922,1,1,0.6706485627452848,0.30944831491956126,0.57850075,True Positive
1,0.82407475,1,1,0.7103963442257993,0.8681993219042158,0.82407475,True Positive
0,0.6100067,1,0,0.7115470954026261,0.5126329950268513,0.6100067,False Positive
1,0.5598621,1,1,0.5497137504860627,0.5023260208125733,0.5598621,True Positive
0,0.33368963,0,1,0.32321340728393577,0.36953306897800275,0.66631037,True Negative
0,0.28327802,0,1,0.2777620860758323,0.3224559685669269,0.716722,True Negative
0,0.81107545,1,0,0.2387959114517759,0.8800364705351986,0.81107545,False Positive
0,0.7730229,1,0,0.5430863792408794,0.7909223408878797,0.7730229,False Positive
0,0.38486192,1,0,0.5682581365902377,0.3224559685669269,0.61513805,False Positive
1,0.4030609,1,1,0.651946860897408,0.29270157150265674,0.5969391,True Positive
1,0.8093587,1,1,0.35084264864310805,0.8681993219042158,0.8093587,True Positive
0,0.23810689,0,1,0.22117386343641196,0.3224559685669269,0.7618931,True Negative
1,0.58073235,1,1,0.6035412108659329,0.5104475793610479,0.58073235,True Positive
0,0.330553,0,1,0.5501709241142203,0.2443786136573562,0.669447,True Negative
1,0.2082251,0,0,0.3156217762225322,0.2277436850637543,0.79177487,False Negative
0,0.34224904,0,1,0.4700141115830839,0.3224559685669269,0.65775096,True Negative
1,0.8198389,1,1,0.371770686653395,0.8862273197211478,0.8198389,True Positive
1,0.38943496,1,1,0.5785311192463587,0.3224559685669269,0.61056507,True Positive
1,0.8463286,1,1,0.7075544445095246,0.9142487930614842,0.8463286,True Positive
1,0.82277834,1,1,0.6778011962597873,0.8681993219042158,0.82277834,True Positive
0,0.17334342,0,1,0.12518191627240666,0.2277436850637543,0.8266566,True Negative
1,0.7764962,1,1,0.5588659517781643,0.7953350656317401,0.7764962,True Positive
0,0.37954438,1,0,0.5562550163794989,0.3224559685669269,0.6204556,False Positive
1,0.8151049,1,1,0.7300020158577358,0.8495049497194247,0.8151049,True Positive
1,0.7428112,1,1,0.382984515959441,0.7566589809350645,0.7428112,True Positive
1,0.65233374,1,1,0.6220741277152555,0.6120988163920374,0.65233374,True Positive
1,0.36018115,1,1,0.24908746487439842,0.4198243176396146,0.63981885,True Positive
1,0.79211444,1,1,0.7207175414052042,0.8089465035536259,0.79211444,True Positive
0,0.8324669,1,0,0.5618342445419968,0.8964088979897835,0.8324669,False Positive
0,0.47707194,1,0,0.5915571770167491,0.4142168986196265,0.52292806,False Positive
1,0.8341139,1,1,0.6363536613393742,0.8939947616059489,0.8341139,True Positive
0,0.5996169,1,0,0.382984515959441,0.5887617041467856,0.5996169,False Positive
1,0.8178604,1,1,0.5558188181011242,0.8681993219042158,0.8178604,True Positive
1,0.44634452,1,1,0.7033773818456015,0.3224559685669269,0.5536555,True Positive
1,0.6307739,1,1,0.5903020234739714,0.5808995653044666,0.6307739,True Positive
0,0.34487733,0,1,0.47622573343165037,0.3224559685669269,0.65512264,True Negative
1,0.32596698,0,0,0.539519122117355,0.2443786136573562,0.67403305,False Negative
0,0.7349297,1,0,0.28480909714533575,0.7526966065257426,0.7349297,False Positive
1,0.7977432,1,1,0.5560268669175163,0.8314749301764279,0.7977432,True Positive
1,0.8227886,1,1,0.3135723183715686,0.8964240763382632,0.8227886,True Positive
0,0.31503043,0,1,0.382984515959441,0.3224559685669269,0.68496954,True Negative
1,0.82363725,1,1,0.15249203847213005,0.9105484694487559,0.82363725,True Positive
0,0.35718733,1,0,0.505028975232791,0.3224559685669269,0.64281267,False Positive
0,0.3119182,0,1,0.3627838549794886,0.3224559685669269,0.6880818,True Negative
1,0.79328334,1,1,0.5662622319815959,0.8229207890519311,0.79328334,True Positive
1,0.80550027,1,1,0.5015354277955909,0.8495049497194247,0.80550027,True Positive
1,0.5323984,1,1,0.5519363624676739,0.46996815542530684,0.5323984,True Positive
1,0.27018222,0,0,0.26199269023562477,0.3224559685669269,0.72981775,False Negative
0,0.28224242,0,1,0.27653160757633966,0.3224559685669269,0.7177576,True Negative
0,0.59517014,1,0,0.6869801475559574,0.5023260208125733,0.59517014,False Positive
1,0.79778314,1,1,0.5381058375916383,0.8329327220220744,0.79778314,True Positive
1,0.51084876,1,1,0.3627448909363899,0.5023260208125733,0.51084876,True Positive
0,0.8147919,1,0,0.4810014679158562,0.8681993219042158,0.8147919,False Positive
1,0.5386604,1,1,0.5241815582877835,0.48553619282680854,0.5386604,True Positive
1,0.7040734,1,1,0.36044857894265186,0.7035240242969808,0.7040734,True Positive
1,0.6733673,1,1,0.6907415277987347,0.6362886723501479,0.6733673,True Positive
1,0.8120511,1,1,0.4540565090830553,0.8651734654441031,0.8120511,True Positive
1,0.779462,1,1,0.7119735705590341,0.7883396356971442,0.779462,True Positive
0,0.18432856,0,1,0.11492665220346088,0.3224559685669269,0.81567144,True Negative
0,0.54478526,1,0,0.491897617376975,0.5023260208125733,0.54478526,False Positive
0,0.2556137,0,1,0.24387250123274337,0.3224559685669269,0.7443863,True Negative
1,0.6926228,1,1,0.6478795467392982,0.6658769210536959,0.6926228,True Positive
1,0.27416652,0,0,0.26683959229445375,0.3224559685669269,0.7258335,False Negative
0,0.18620482,0,1,0.12365506233403008,0.3224559685669269,0.8137952,True Negative
0,0.35730034,1,0,0.5052913485737002,0.3224559685669269,0.64269966,False Positive
0,0.4587196,1,0,0.7300020158577358,0.3224559685669269,0.5412804,False Positive
1,0.79729766,1,1,0.656405835264246,0.8229207890519311,0.79729766,True Positive
1,0.787315,1,1,0.272633310329301,0.835463035297584,0.787315,True Positive
0,0.3228913,0,1,0.40957039673233653,0.3224559685669269,0.6771087,True Negative
1,0.30511832,0,0,0.3142334222829034,0.3224559685669269,0.6948817,False Negative
0,0.29007766,0,1,0.28552374418931276,0.3224559685669269,0.7099223,True Negative
0,0.5092683,1,0,0.3566381550890329,0.5023260208125733,0.5092683,False Positive
0,0.6612464,1,0,0.6718688391555324,0.6185853689090098,0.6612464,False Positive
1,0.32523692,0,0,0.4171458081356179,0.3224559685669269,0.6747631,False Negative
1,0.7792763,1,1,0.4419157396650821,0.8089465035536259,0.7792763,True Positive
0,0.31604785,0,1,0.3873016793631253,0.3224559685669269,0.68395215,True Negative
1,0.5409678,1,1,0.47731273274037683,0.5023260208125733,0.5409678,True Positive
1,0.5155619,1,1,0.6601341189327047,0.4142168986196265,0.5155619,True Positive
1,0.6283934,1,1,0.5676136931188157,0.5808995653044666,0.6283934,True Positive
1,0.730144,1,1,0.39059571333599385,0.7375900180233407,0.730144,True Positive
1,0.40797496,1,1,0.5529281836780476,0.3593749866294791,0.59202504,True Positive
0,0.46258733,1,0,0.2466036256019996,0.5023260208125733,0.53741264,False Positive
0,0.5239015,1,0,0.6706485627452848,0.41975102943384984,0.5239015,False Positive
1,0.8521287,1,1,0.6847350728578248,0.928841000479177,0.8521287,True Positive
0,0.18986548,0,1,0.2731881200478373,0.2277436850637543,0.81013453,True Negative
0,0.21913604,0,1,0.19523947213294401,0.3224559685669269,0.78086394,True Negative
1,0.7598716,1,1,0.6956922451177794,0.7583024571283576,0.7598716,True Positive
0,0.30959228,0,1,0.346243416886453,0.3224559685669269,0.69040775,True Negative
1,0.79270124,1,1,0.55329892039616,0.8229207890519311,0.79270124,True Positive
0,0.33663037,0,1,0.5843129860439127,0.2277436850637543,0.66336966,True Negative
1,0.7814931,1,1,0.30874162926303494,0.8229207890519311,0.7814931,True Positive
1,0.34059477,0,0,0.466073774792297,0.3224559685669269,0.65940523,False Negative
1,0.7924217,1,1,0.5470825243850033,0.8229207890519311,0.7924217,True Positive
1,0.77503216,1,1,0.33590518847063205,0.8102179695156084,0.77503216,True Positive
0,0.4797222,1,0,0.2846817643947276,0.5023260208125733,0.5202778,False Positive
1,0.6451317,1,1,0.6934410995634818,0.5887617041467856,0.6451317,True Positive
0,0.806107,1,0,0.4336082285898818,0.8558626465231992,0.806107,False Positive
1,0.81317544,1,1,0.5068796945216728,0.8631731720278146,0.81317544,True Positive
0,0.24782865,0,1,0.3896119865635589,0.21718063473000876,0.75217134,True Negative
0,0.21867862,0,1,0.30948585540494,0.2443786136573562,0.7813214,True Negative
0,0.18673912,0,1,0.26297719170085176,0.2277436850637543,0.8132609,True Negative
0,0.39047375,1,0,0.6044038093743211,0.30944831491956126,0.6095263,False Positive
0,0.7652046,1,0,0.415473971982901,0.7883396356971442,0.7652046,False Positive
1,0.39308998,1,1,0.586710423511851,0.3224559685669269,0.60691,True Positive
0,0.36245865,1,0,0.40090371026996346,0.37749705456807175,0.63754135,False Positive
1,0.780386,1,1,0.2951973073179293,0.8221375448612186,0.780386,True Positive
0,0.17334342,0,1,0.2484949824801371,0.14360452046845526,0.8266566,True Negative
1,0.7479574,1,1,0.7283662532956637,0.7375900180233407,0.7479574,True Positive
0,0.38185006,1,0,0.5614674918313027,0.3224559685669269,0.61814994,False Positive
1,0.85047346,1,1,0.48436738708605886,0.940655235661559,0.85047346,True Positive
0,0.17334342,0,1,0.10856835594218085,0.2443786136573562,0.8266566,True Negative
1,0.48298138,1,1,0.29190984937398384,0.5023260208125733,0.5170186,True Positive
0,0.35899428,1,0,0.24149745763843347,0.4198243176396146,0.64100575,False Positive
0,0.17339374,0,1,0.2091240832119056,0.2277436850637543,0.8266063,True Negative
1,0.28616214,0,0,0.281135512075787,0.3224559685669269,0.71383786,False Negative
0,0.36903068,1,0,0.5323264383138613,0.3224559685669269,0.6309693,False Positive
0,0.36888653,1,0,0.5831571378657567,0.2884906996481552,0.63111347,False Positive
0,0.4682783,1,0,0.5758510722559593,0.4142168986196265,0.5317217,False Positive
1,0.5183766,1,1,0.45185967167376856,0.4840689646517107,0.5183766,True Positive
1,0.79029214,1,1,0.5565667994873195,0.8185351799991303,0.79029214,True Positive
0,0.32652348,0,1,0.4212888453848298,0.3224559685669269,0.6734765,True Negative
0,0.6803634,1,0,0.43962147978606236,0.6658769210536959,0.6803634,False Positive
0,0.7700867,1,0,0.5155398213591191,0.7883396356971442,0.7700867,False Positive
1,0.795531,1,1,0.6165719975928962,0.8229207890519311,0.795531,True Positive
0,0.6470394,1,0,0.3873016793631253,0.6276370074421574,0.6470394,False Positive
1,0.8363557,1,1,0.6500385036119145,0.8975465488295612,0.8363557,True Positive
1,0.4219797,1,1,0.6220741277152555,0.33816238294079354,0.57802033,True Positive
0,0.35798496,1,0,0.5068796945216728,0.3224559685669269,0.64201504,False Positive
1,0.79743606,1,1,0.49757083585634826,0.835463035297584,0.79743606,True Positive
1,0.8071842,1,1,0.722292009018574,0.835463035297584,0.8071842,True Positive
0,0.29920006,0,1,0.35320085228858067,0.29270157150265674,0.70079994,True Negative
0,0.6754844,1,0,0.5581265378468558,0.6503743145205629,0.6754844,False Positive
0,0.18767093,0,1,0.13042815976343877,0.3224559685669269,0.81232905,True Negative
1,0.8129468,1,1,0.3746754528479721,0.872984803747884,0.8129468,True Positive
0,0.3552979,1,0,0.24620481872299868,0.4142168986196265,0.6447021,False Positive
1,0.36239758,1,1,0.342690479541803,0.394885652605654,0.63760245,True Positive
1,0.44116396,1,1,0.6921908158638848,0.3224559685669269,0.55883604,True Positive
0,0.36273074,1,0,0.5178536329976,0.3224559685669269,0.63726926,False Positive
0,0.35811284,1,0,0.5071761692923942,0.3224559685669269,0.6418872,False Positive
0,0.3286406,0,1,0.42808831375201173,0.3224559685669269,0.6713594,True Negative
1,0.81914026,1,1,0.6522199709344935,0.8631731720278146,0.81914026,True Positive
0,0.8530019,1,0,0.7300020158577358,0.9273022231603397,0.8530019,False Positive
1,0.5197786,1,1,0.6570567563815838,0.4198243176396146,0.5197786,True Positive
1,0.82143694,1,1,0.709175467730564,0.8631731720278146,0.82143694,True Positive
1,0.84472644,1,1,0.7437106204271268,0.907976248960241,0.84472644,True Positive
0,0.1742705,0,1,0.29202920659940373,0.14360452046845526,0.8257295,True Negative
1,0.3087539,0,0,0.5180373999210985,0.2277436850637543,0.6912461,False Negative
1,0.4665105,1,1,0.6596116965399779,0.3705311829857024,0.53348947,True Positive
1,0.80519515,1,1,0.5230960233257319,0.8472843955550605,0.80519515,True Positive
0,0.31662804,0,1,0.3891995572246521,0.3224559685669269,0.68337196,True Negative
0,0.63915235,1,0,0.6706485627452848,0.5808995653044666,0.63915235,False Positive
0,0.330553,0,1,0.5501709241142203,0.2443786136573562,0.669447,True Negative
0,0.33777264,0,1,0.45716650589008767,0.3224559685669269,0.6622274,True Negative
1,0.80977464,1,1,0.2989070680095096,0.872984803747884,0.80977464,True Positive
1,0.50247854,1,1,0.2731881200478373,0.5183864600203852,0.50247854,True Positive
0,0.772759,1,0,0.12437305323112423,0.8229207890519311,0.772759,False Positive
0,0.3256573,0,1,0.538797074317271,0.2443786136573562,0.6743427,True Negative
0,0.38240683,1,0,0.5627243108794838,0.3224559685669269,0.61759317,False Positive
1,0.23834446,0,0,0.46374391996106606,0.14360452046845526,0.76165557,False Negative
0,0.42453575,1,0,0.6560852124546448,0.3224559685669269,0.57546425,False Positive
0,0.3232841,0,1,0.25624957552720606,0.36953306897800275,0.6767159,True Negative
1,0.3148387,0,0,0.38192407005380047,0.3224559685669269,0.6851613,False Negative
1,0.79704857,1,1,0.521483226325225,0.8329327220220744,0.79704857,True Positive
0,0.55683005,1,0,0.5380558332025255,0.5023260208125733,0.55683005,False Positive
0,0.20676696,0,1,0.19691544823692214,0.30944831491956126,0.79323304,True Negative
0,0.34906688,0,1,0.4860808871699605,0.3224559685669269,0.65093315,True Negative
0,0.17334342,0,1,0.165778694922999,0.21718063473000876,0.8266566,True Negative
1,0.82674,1,1,0.7046181207894371,0.8738825260593506,0.82674,True Positive
0,0.2011628,0,1,0.16913321449915578,0.3224559685669269,0.7988372,True Negative
0,0.54244256,1,0,0.4829448647214081,0.5023260208125733,0.54244256,False Positive
0,0.31503043,0,1,0.382984515959441,0.3224559685669269,0.68496954,True Negative
0,0.77825385,1,0,0.400405397689247,0.8104809430246499,0.77825385,False Positive
1,0.7864848,1,1,0.33356996866691585,0.8293426978038916,0.7864848,True Positive
1,0.7778754,1,1,0.2317482453744355,0.8229207890519311,0.7778754,True Positive
0,0.39134827,1,0,0.3570706270405013,0.4198243176396146,0.60865176,False Positive
0,0.19325918,0,1,0.2841276179345085,0.2277436850637543,0.8067408,True Negative
0,0.6324043,1,0,0.5649591531499106,0.5887617041467856,0.6324043,False Positive
0,0.2201331,0,1,0.24223385472878928,0.29270157150265674,0.77986693,True Negative
1,0.31361625,0,0,0.5305777256068255,0.2277436850637543,0.6863837,False Negative
1,0.81240904,1,1,0.4626359173531628,0.8651734654441031,0.81240904,True Positive
0,0.35303113,1,0,0.19691544823692214,0.4198243176396146,0.64696884,False Positive
1,0.7312987,1,1,0.4120488373586399,0.7375900180233407,0.7312987,True Positive
0,0.35026875,1,0,0.48889803232557866,0.3224559685669269,0.6497313,False Positive
1,0.779158,1,1,0.439401762547907,0.8089465035536259,0.779158,True Positive
0,0.3753855,1,0,0.5468217530738895,0.3224559685669269,0.6246145,False Positive
1,0.42052132,1,1,0.45716650589008767,0.4142168986196265,0.5794787,True Positive
1,0.7880805,1,1,0.4513347862880438,0.8229207890519311,0.7880805,True Positive
1,0.8046016,1,1,0.48060285913820305,0.8495049497194247,0.8046016,True Positive
1,0.6515504,1,1,0.7590146253706483,0.5887617041467856,0.6515504,True Positive
0,0.18684566,0,1,0.1266206178981583,0.3224559685669269,0.81315434,True Negative
1,0.8299843,1,1,0.31281953569628596,0.9106822126069773,0.8299843,True Positive
0,0.2575732,0,1,0.24634792353798707,0.3224559685669269,0.7424268,True Negative
0,0.17334342,0,1,0.19158787154647447,0.2277436850637543,0.8266566,True Negative
0,0.785446,1,0,0.5743848246531269,0.8089465035536259,0.785446,False Positive
1,0.75653476,1,1,0.46811745553322354,0.7707725013897284,0.75653476,True Positive
1,0.7853815,1,1,0.5565667994873195,0.8102179695156084,0.7853815,True Positive
0,0.4574592,1,0,0.7272958073772517,0.3224559685669269,0.5425408,False Positive
0,0.5758689,1,0,0.5445209729709743,0.5225439561212515,0.5758689,False Positive
1,0.61878264,1,1,0.15590323927949024,0.6195660757163984,0.61878264,True Positive
0,0.79057026,1,0,0.37872101369100614,0.8327822833909359,0.79057026,False Positive
1,0.45949537,1,1,0.731667023626102,0.3224559685669269,0.54050463,True Positive
1,0.35787484,1,1,0.530169436132965,0.30944831491956126,0.6421251,True Positive
1,0.75767785,1,1,0.5853800399721747,0.7634517261379041,0.75767785,True Positive
1,0.7891799,1,1,0.6394859416725502,0.8102179695156084,0.7891799,True Positive
1,0.7245288,1,1,0.5068796945216728,0.72056951346192,0.7245288,True Positive
0,0.59296525,1,0,0.6783113485559651,0.5023260208125733,0.59296525,False Positive
1,0.81123745,1,1,0.7583602804008172,0.8401023082290429,0.81123745,True Positive
0,0.22506282,0,1,0.20350642655895226,0.3224559685669269,0.77493715,True Negative
0,0.5032527,1,0,0.2762382963667812,0.5183864600203852,0.5032527,False Positive
1,0.82207066,1,1,0.7249921391945028,0.8631731720278146,0.82207066,True Positive
0,0.181922,0,1,0.0966581482385549,0.3224559685669269,0.818078,True Negative
0,0.60276294,1,0,0.4534780783905476,0.5808995653044666,0.60276294,False Positive
0,0.30321434,0,1,0.3005311748941123,0.3224559685669269,0.6967857,True Negative
1,0.645288,1,1,0.7300020158577358,0.5808995653044666,0.645288,True Positive
1,0.6430026,1,1,0.42707598741206715,0.6195660757163984,0.6430026,True Positive
0,0.18228684,0,1,0.24820560651945392,0.2277436850637543,0.81771314,True Negative
1,0.8466472,1,1,0.6155270174820587,0.9220692418741997,0.8466472,True Positive
0,0.41978896,1,0,0.5604996280914105,0.36953306897800275,0.58021104,False Positive
0,0.3369893,0,1,0.454687699410818,0.3224559685669269,0.6630107,True Negative
0,0.3204937,0,1,0.40179727430483486,0.3224559685669269,0.6795063,True Negative
1,0.43379152,1,1,0.5892023596634103,0.3705311829857024,0.5662085,True Positive
0,0.31905913,0,1,0.39713175126042993,0.3224559685669269,0.68094087,True Negative
1,0.31999382,0,0,0.4001728349202678,0.3224559685669269,0.68000615,False Negative
1,0.77457345,1,1,0.3427129656115101,0.8089465035536259,0.77457345,True Positive
0,0.40081963,1,0,0.6039211143165019,0.3224559685669269,0.59918034,False Positive
1,0.34164298,0,0,0.4685786940999448,0.3224559685669269,0.658357,False Negative
1,0.2590501,0,0,0.24820560651945392,0.3224559685669269,0.74094987,False Negative
0,0.17334342,0,1,0.24588218210552715,0.14360452046845526,0.8266566,True Negative
0,0.27682477,0,1,0.3873016793631253,0.2443786136573562,0.7231752,True Negative
0,0.3981415,1,0,0.5979710290106867,0.3224559685669269,0.6018585,False Positive
1,0.37186196,1,1,0.538797074317271,0.3224559685669269,0.62813807,True Positive
1,0.37900794,1,1,0.5550405307249152,0.3224559685669269,0.62099206,True Positive
1,0.30292103,0,0,0.467512992485279,0.2443786136573562,0.69707894,False Negative
1,0.7729956,1,1,0.30975955234780517,0.8089465035536259,0.7729956,True Positive
0,0.6282514,1,0,0.5662622319815959,0.5808995653044666,0.6282514,False Positive
0,0.30651793,0,1,0.3242750367834791,0.3224559685669269,0.69348204,True Negative
0,0.7856655,1,0,0.39868888593953894,0.8229207890519311,0.7856655,False Positive
0,0.76970243,1,0,0.1613248062720332,0.8151550506923727,0.76970243,False Positive
1,0.7710897,1,1,0.655179171263205,0.7791323864266053,0.7710897,True Positive
0,0.3088142,0,1,0.51824584038277,0.2277436850637543,0.69118583,True Negative
0,0.54905725,1,0,0.38116804625545603,0.5399614875228965,0.54905725,False Positive
0,0.30066246,0,1,0.48208933476860116,0.2277436850637543,0.69933754,True Negative
1,0.8014101,1,1,0.29499719264351226,0.858166097550268,0.8014101,True Positive
1,0.82081896,1,1,0.39608046847060985,0.8862273197211478,0.82081896,True Positive
0,0.17334342,0,1,0.10105267202492302,0.21718063473000876,0.8266566,True Negative
0,0.54996634,1,0,0.5674005729415117,0.48553619282680854,0.54996634,False Positive
0,0.23386316,0,1,0.3694669404702359,0.21718063473000876,0.7661368,True Negative
1,0.7901129,1,1,0.49597958812099174,0.8229207890519311,0.7901129,True Positive
0,0.57736367,1,0,0.49299875032339696,0.5398319153847511,0.57736367,False Positive
0,0.30693075,0,1,0.32723199809064013,0.3224559685669269,0.6930692,True Negative
0,0.19945453,0,1,0.3012615673064616,0.2277436850637543,0.80054545,True Negative
0,0.4863545,1,0,0.36284490313150275,0.48553619282680854,0.5136455,False Positive
0,0.42013744,1,0,0.6464762968378849,0.3224559685669269,0.5798626,False Positive
0,0.17334342,0,1,0.12952684975457768,0.17094313538926117,0.8266566,True Negative
0,0.66191524,1,0,0.6103050386942718,0.6289928457499673,0.66191524,False Positive
0,0.21915819,0,1,0.4010567310057031,0.17094313538926117,0.7808418,True Negative
1,0.3536187,1,1,0.691586055705709,0.17094313538926117,0.64638126,True Positive
0,0.31999382,0,1,0.4001728349202678,0.3224559685669269,0.68000615,True Negative
0,0.3498878,0,1,0.48800541852257256,0.3224559685669269,0.6501122,True Negative
0,0.17334342,0,1,0.15410719874797124,0.18588725224198227,0.8266566,True Negative
1,0.8151921,1,1,0.49070490755254326,0.8681993219042158,0.8151921,True Positive
1,0.7872234,1,1,0.5328851003717726,0.8151550506923727,0.7872234,True Positive
0,0.5785359,1,0,0.621925834655875,0.5023260208125733,0.5785359,False Positive
0,0.37331697,1,0,0.5421145237823148,0.3224559685669269,0.626683,False Positive
0,0.17334342,0,1,0.1699631090993868,0.2277436850637543,0.8266566,True Negative
0,0.2570777,0,1,0.24572311263530403,0.3224559685669269,0.7429223,True Negative
1,0.64284587,1,1,0.4245786846696937,0.6195660757163984,0.64284587,True Positive
1,0.7727006,1,1,0.1231573845044845,0.8229207890519311,0.7727006,True Positive
0,0.1818208,0,1,0.25624957552720606,0.21718063473000876,0.8181792,True Negative
0,0.3119667,0,1,0.36312784963320593,0.3224559685669269,0.68803334,True Negative
0,0.3119182,0,1,0.3627838549794886,0.3224559685669269,0.6880818,True Negative
0,0.6355237,1,0,0.4336082285898818,0.6098787884987967,0.6355237,False Positive
1,0.791443,1,1,0.5253694060120055,0.8229207890519311,0.791443,True Positive
0,0.20309949,0,1,0.17202712349027802,0.3224559685669269,0.7969005,True Negative
0,0.61112523,1,0,0.48800541852257256,0.5808995653044666,0.61112523,False Positive
0,0.6900851,1,0,0.6044038093743211,0.6658769210536959,0.6900851,False Positive
0,0.34743083,0,1,0.48223897432049856,0.3224559685669269,0.6525692,True Negative
0,0.42276502,1,0,0.6522199709344935,0.3224559685669269,0.577235,False Positive
1,0.17334342,0,0,0.23873229382158223,0.14360452046845526,0.8266566,False Negative
0,0.3350827,0,1,0.4765049837659825,0.30944831491956126,0.6649173,True Negative
1,0.7960239,1,1,0.35184372166784506,0.8442792859337949,0.7960239,True Positive
0,0.62052965,1,0,0.48889803232557866,0.5887617041467856,0.62052965,False Positive
0,0.47896105,1,0,0.5800864564550055,0.4198243176396146,0.52103895,False Positive
0,0.59578127,1,0,0.4248411712481204,0.5808995653044666,0.59578127,False Positive
1,0.8251473,1,1,0.5046997206993366,0.8862273197211478,0.8251473,True Positive
0,0.1993889,0,1,0.30113583911748987,0.2277436850637543,0.8006111,True Negative
1,0.5347191,1,1,0.4534780783905476,0.5023260208125733,0.5347191,True Positive
1,0.79567695,1,1,0.305229762844947,0.8472843955550605,0.79567695,True Positive
0,0.40933895,1,0,0.6227637226800299,0.3224559685669269,0.59066105,False Positive
1,0.78307545,1,1,0.6156277458376175,0.8017864998997962,0.78307545,True Positive
0,0.35410026,1,0,0.497848979815549,0.3224559685669269,0.6458998,False Positive
1,0.54132414,1,1,0.7272958073772517,0.4198243176396146,0.54132414,True Positive
0,0.40369952,1,0,0.6103050386942718,0.3224559685669269,0.5963005,False Positive
1,0.5803627,1,1,0.34463075192582904,0.5808995653044666,0.5803627,True Positive
0,0.30537748,0,1,0.21953006119471077,0.3705311829857024,0.6946225,True Negative
0,0.5394185,1,0,0.7210669439195022,0.4198243176396146,0.5394185,False Positive
0,0.41702098,1,0,0.507215027530524,0.3939909404010443,0.582979,False Positive
1,0.77121675,1,1,0.2728027808939088,0.8089465035536259,0.77121675,True Positive
0,0.32084534,0,1,0.4029391953728178,0.3224559685669269,0.67915463,True Negative
1,0.73461664,1,1,0.28793937253575635,0.7519994902215423,0.73461664,True Positive
0,0.30767632,0,1,0.3325668087634039,0.3224559685669269,0.6923237,True Negative
1,0.8117856,1,1,0.6500385036119145,0.8495049497194247,0.8117856,True Positive
1,0.66550976,1,1,0.7086754381058454,0.6195660757163984,0.66550976,True Positive
1,0.8208463,1,1,0.6944746733136533,0.8631731720278146,0.8208463,True Positive
1,0.22887959,0,0,0.20874857567557542,0.3224559685669269,0.7711204,False Negative
0,0.78918517,1,0,0.49786072676900966,0.8211940044992384,0.78918517,False Positive
1,0.40405375,1,1,0.611089188614792,0.3224559685669269,0.59594625,True Positive
0,0.17334342,0,1,0.162521196195338,0.2277436850637543,0.8266566,True Negative
0,0.37817442,1,0,0.5531521560592779,0.3224559685669269,0.6218256,False Positive
0,0.21835698,0,1,0.30898699490418835,0.2443786136573562,0.78164303,True Negative
0,0.32574534,0,1,0.41878410992180487,0.3224559685669269,0.67425466,True Negative
1,0.60827935,1,1,0.47622573343165037,0.5808995653044666,0.60827935,True Positive
1,0.80436283,1,1,0.5425357483467075,0.8442792859337949,0.80436283,True Positive
0,0.17334342,0,1,0.12111874066678405,0.2443786136573562,0.8266566,True Negative
1,0.7916041,1,1,0.6895819085417305,0.8104809430246499,0.7916041,True Positive
0,0.5683745,1,0,0.26465485376519765,0.5808995653044666,0.5683745,False Positive
1,0.3977523,1,1,0.6203460488872968,0.30944831491956126,0.6022477,True Positive
1,0.79231745,1,1,0.5447659915133668,0.8229207890519311,0.79231745,True Positive
0,0.7571975,1,0,0.40090371026996346,0.7769969822876516,0.7571975,False Positive
0,0.43234625,1,0,0.6730855476487612,0.3224559685669269,0.5676538,False Positive
0,0.32360166,0,1,0.41186753313178387,0.3224559685669269,0.67639834,True Negative
1,0.78769326,1,1,0.3135723183715686,0.8329327220220744,0.78769326,True Positive
0,0.18850243,0,1,0.13425140311702063,0.3224559685669269,0.81149757,True Negative
0,0.41429606,1,0,0.6336715874478646,0.3224559685669269,0.58570397,False Positive
1,0.36351007,1,1,0.5196497036677057,0.3224559685669269,0.6364899,True Positive
0,0.39286056,1,0,0.586197801047601,0.3224559685669269,0.60713947,False Positive
1,0.35055527,1,1,0.4538349992157121,0.34130878911628615,0.6494447,True Positive
0,0.3110445,0,1,0.3565785910723158,0.3224559685669269,0.6889555,True Negative
0,0.7685506,1,0,0.6207540715130434,0.7777417204423973,0.7685506,False Positive
0,0.35657883,1,0,0.5036158310970263,0.3224559685669269,0.6434212,False Positive
0,0.32096568,0,1,0.40332992256453704,0.3224559685669269,0.67903435,True Negative
1,0.8508994,1,1,0.21429423410259194,0.9625182084856732,0.8508994,True Positive
0,0.26378113,0,1,0.2541104812411796,0.3224559685669269,0.73621887,True Negative
0,0.25395918,0,1,0.24177261504956307,0.3224559685669269,0.7460408,True Negative
1,0.7700702,1,1,0.24908746487439842,0.8089465035536259,0.7700702,True Positive
0,0.2274203,0,1,0.3454789668277688,0.2277436850637543,0.77257967,True Negative
0,0.55148166,1,0,0.490600179252853,0.5104475793610479,0.55148166,False Positive
0,0.40064842,1,0,0.6035412108659329,0.3224559685669269,0.5993516,False Positive
0,0.29318064,0,1,0.2889765452858823,0.3224559685669269,0.70681936,True Negative
1,0.5209001,1,1,0.40090371026996346,0.5023260208125733,0.5209001,True Positive
1,0.8219519,1,1,0.5953205452409368,0.872984803747884,0.8219519,True Positive
0,0.3879322,1,0,0.3454789668277688,0.4198243176396146,0.6120678,False Positive
0,0.34169066,0,1,0.46869168580435894,0.3224559685669269,0.65830934,True Negative
1,0.6729009,1,1,0.3149334355518199,0.6658769210536959,0.6729009,True Positive
0,0.2485679,0,1,0.2348666549985159,0.3224559685669269,0.7514321,True Negative
1,0.17334342,0,0,0.16152668876378462,0.2277436850637543,0.8266566,False Negative
1,0.4000858,1,1,0.6022920498307841,0.3224559685669269,0.5999142,True Positive
1,0.84563065,1,1,0.7340300214786959,0.9106822126069773,0.84563065,True Positive
1,0.5377908,1,1,0.46518891832775894,0.5023260208125733,0.5377908,True Positive
1,0.34743083,0,0,0.48223897432049856,0.3224559685669269,0.6525692,False Negative
1,0.5616133,1,1,0.2197904838274077,0.5808995653044666,0.5616133,True Positive
1,0.31191272,0,0,0.3627448909363899,0.3224559685669269,0.6880873,False Negative
0,0.18162286,0,1,0.09301288567607068,0.3224559685669269,0.81837714,True Negative
1,0.82249844,1,1,0.7356948645572273,0.8631731720278146,0.82249844,True Positive
0,0.2989171,0,1,0.2951973073179293,0.3224559685669269,0.7010829,True Negative
0,0.1913435,0,1,0.3295726885088917,0.17094313538926117,0.8086565,True Negative
0,0.7844502,1,0,0.37235900023577256,0.8229207890519311,0.7844502,False Positive
0,0.2542798,0,1,0.382984515959441,0.2277436850637543,0.7457202,True Negative
1,0.7829016,1,1,0.3389657849684918,0.8229207890519311,0.7829016,True Positive
1,0.8284271,1,1,0.5714338456669474,0.8875431083261506,0.8284271,True Positive
0,0.33167,0,1,0.5728945588131334,0.2277436850637543,0.66833,True Negative
1,0.7369282,1,1,0.4970504801340302,0.7391725090357393,0.7369282,True Positive
1,0.43045485,1,1,0.668975775264194,0.3224559685669269,0.56954515,True Positive
1,0.36022067,1,1,0.5238308541889966,0.3159515869888179,0.6397793,True Positive
1,0.7891142,1,1,0.6544608785995719,0.8089465035536259,0.7891142,True Positive
1,0.78711396,1,1,0.4302119107019757,0.8229207890519311,0.78711396,True Positive
1,0.19721836,0,0,0.3347721386283056,0.18588725224198227,0.80278164,False Negative
0,0.35467672,1,0,0.49919178416700627,0.3224559685669269,0.6453233,False Positive
0,0.42800274,1,0,0.4764360417273234,0.4142168986196265,0.5719973,False Positive
1,0.22349378,0,0,0.20133311165755935,0.3224559685669269,0.7765062,False Negative
1,0.56208634,1,1,0.5582763050676477,0.5023260208125733,0.56208634,True Positive
0,0.32721457,0,1,0.42351083102854165,0.3224559685669269,0.6727854,True Negative
0,0.3051021,0,1,0.31411667629464085,0.3224559685669269,0.6948979,True Negative
0,0.23347811,0,1,0.21498354879516954,0.3224559685669269,0.7665219,True Negative
1,0.64964706,1,1,0.6382789626343573,0.6047583845753052,0.64964706,True Positive
1,0.79421264,1,1,0.31281953569628596,0.8441536131014379,0.79421264,True Positive
0,0.58160365,1,0,0.4006008607704362,0.5714271035548448,0.58160365,False Positive
0,0.19348022,0,1,0.15460137206552907,0.3224559685669269,0.80651975,True Negative
0,0.17334342,0,1,0.11567558325077129,0.2443786136573562,0.8266566,True Negative
0,0.26104203,0,1,0.2507001909157805,0.3224559685669269,0.738958,True Negative
1,0.19694535,0,0,0.3702643606085371,0.14360452046845526,0.80305463,False Negative
0,0.3434627,0,1,0.4728852898644754,0.3224559685669269,0.6565373,True Negative
0,0.44174233,1,0,0.6934410995634818,0.3224559685669269,0.5582577,False Positive
1,0.6471242,1,1,0.37443619369839426,0.6287383830479822,0.6471242,True Positive
1,0.792214,1,1,0.5424675049576887,0.8229207890519311,0.792214,True Positive
1,0.77306175,1,1,0.13067852129292226,0.8229207890519311,0.77306175,True Positive
1,0.38486192,1,1,0.5682581365902377,0.3224559685669269,0.61513805,True Positive
1,0.8105394,1,1,0.7059888040270841,0.8428691535182296,0.8105394,True Positive
0,0.30271077,0,1,0.41780278316737685,0.2711924289150009,0.6972892,True Negative
0,0.33672008,0,1,0.4538349992157121,0.3224559685669269,0.6632799,True Negative
1,0.8024273,1,1,0.4302542129568914,0.8495049497194247,0.8024273,True Positive
1,0.7912465,1,1,0.6850585246738234,0.8102179695156084,0.7912465,True Positive
1,0.19298361,0,0,0.15295462648090363,0.3224559685669269,0.8070164,False Negative
0,0.24069111,0,1,0.24405805627022836,0.30944831491956126,0.7593089,True Negative
0,0.38469744,1,0,0.5337624202478893,0.34130878911628615,0.61530256,False Positive
1,0.6048459,1,1,0.6910273581311895,0.5126329950268513,0.6048459,True Positive
0,0.7794633,1,0,0.2654293437058079,0.8229207890519311,0.7794633,False Positive
0,0.748147,1,0,0.2519779870117274,0.7747650394501492,0.748147,False Positive
0,0.31231317,0,1,0.36558577665505937,0.3224559685669269,0.6876868,True Negative
1,0.3593018,1,1,0.5099310273899392,0.3224559685669269,0.6406982,True Positive
1,0.79763454,1,1,0.6225327284834452,0.8261343317968529,0.79763454,True Positive
1,0.77904654,1,1,0.25657337339908337,0.8229207890519311,0.77904654,True Positive
1,0.5113194,1,1,0.2933521218840873,0.5225439561212515,0.5113194,True Positive
0,0.22754675,0,1,0.20692508527723538,0.3224559685669269,0.77245325,True Negative
1,0.2956124,0,0,0.4474667582748977,0.2277436850637543,0.7043876,False Negative
1,0.19381614,0,0,0.2859088819097675,0.2277436850637543,0.8061839,False Negative
1,0.70723,1,1,0.27958931253767483,0.714087664063827,0.70723,True Positive
1,0.708476,1,1,0.6420902245967312,0.6877223968495744,0.708476,True Positive
1,0.8263689,1,1,0.695156233073989,0.8738825260593506,0.8263689,True Positive
0,0.31873634,0,1,0.39608046847060985,0.3224559685669269,0.6812637,True Negative
0,0.4099226,1,0,0.5370291807622246,0.3705311829857024,0.5900774,False Positive
1,0.82767105,1,1,0.6207540715130434,0.8822207109429631,0.82767105,True Positive
1,0.29708332,0,0,0.5329541206301447,0.18588725224198227,0.7029167,False Negative
0,0.32873446,0,1,0.4283892148577379,0.3224559685669269,0.67126554,True Negative
1,0.25280848,0,0,0.259815517718303,0.30944831491956126,0.74719155,False Negative
1,0.80063444,1,1,0.5703875228082368,0.835463035297584,0.80063444,True Positive
0,0.3337918,0,1,0.32060645067505156,0.3705311829857024,0.6662082,True Negative
0,0.35320175,1,0,0.49575394889887964,0.3224559685669269,0.64679825,False Positive
0,0.1961382,0,1,0.16152668876378462,0.3224559685669269,0.8038618,True Negative
0,0.29934174,0,1,0.29565191282112235,0.3224559685669269,0.70065826,True Negative
0,0.80111223,1,0,0.5682581365902377,0.8364760338680635,0.80111223,False Positive
1,0.80912685,1,1,0.5867644999754307,0.8495049497194247,0.80912685,True Positive
0,0.32449856,0,1,0.4447071996139926,0.30944831491956126,0.67550147,True Negative
1,0.73558176,1,1,0.28442333217799004,0.7536749287733987,0.73558176,True Positive
0,0.2095141,0,1,0.31768792991600936,0.2277436850637543,0.7904859,True Negative
0,0.34797922,0,1,0.28599016933354793,0.3966111583484707,0.6520208,True Negative
1,0.48890486,1,1,0.6126535514216087,0.4142168986196265,0.51109517,True Positive
0,0.31375614,0,1,0.3758063533713938,0.3224559685669269,0.6862439,True Negative
1,0.8109335,1,1,0.32647308055044877,0.872984803747884,0.8109335,True Positive
1,0.77465,1,1,0.32789624111408266,0.8102179695156084,0.77465,True Positive
0,0.317453,0,1,0.5396762553886386,0.2277436850637543,0.682547,True Negative
0,0.30937302,0,1,0.34468068038193356,0.3224559685669269,0.690627,True Negative
0,0.32415506,0,1,0.305229762844947,0.3593749866294791,0.6758449,True Negative
0,0.17334342,0,1,0.20374620324787676,0.17094313538926117,0.8266566,True Negative
0,0.33777264,0,1,0.45716650589008767,0.3224559685669269,0.6622274,True Negative
0,0.3058409,0,1,0.31942097192042795,0.3224559685669269,0.6941591,True Negative
1,0.73719037,1,1,0.5224307202611955,0.7375900180233407,0.73719037,True Positive
1,0.77639306,1,1,0.3809198505685476,0.8089465035536259,0.77639306,True Positive
0,0.7686859,1,0,0.39634121996724986,0.7953350656317401,0.7686859,False Positive
1,0.35137296,1,1,0.23506543119250958,0.41142312471330617,0.64862704,True Positive
0,0.20905547,0,1,0.11926121133989238,0.3593749866294791,0.7909445,True Negative
0,0.73158175,1,0,0.24925325783793562,0.7506043555527174,0.73158175,False Positive
0,0.770068,1,0,0.29262568810726414,0.8055715779859868,0.770068,False Positive
0,0.31503043,0,1,0.382984515959441,0.3224559685669269,0.68496954,True Negative
0,0.4425775,1,0,0.24634792353798707,0.49106304549805446,0.5574225,False Positive
1,0.64300275,1,1,0.7078425145142119,0.5808995653044666,0.64300275,True Positive
1,0.79819775,1,1,0.5501709241142203,0.8327266243569362,0.79819775,True Positive
0,0.4579164,1,0,0.23619333640720863,0.5023260208125733,0.5420836,False Positive
1,0.6379553,1,1,0.6207540715130434,0.5887617041467856,0.6379553,True Positive
0,0.36290088,1,0,0.51824584038277,0.3224559685669269,0.63709915,False Positive
1,0.347478,0,0,0.5888599168959894,0.2443786136573562,0.65252197,False Negative
0,0.17984684,0,1,0.07127439814563938,0.3224559685669269,0.8201532,True Negative
0,0.31832394,0,1,0.3947363261843831,0.3224559685669269,0.68167603,True Negative
1,0.63198096,1,1,0.29262568810726414,0.6164751954460798,0.63198096,True Positive
0,0.20337018,0,1,0.17242992652327555,0.3224559685669269,0.7966298,True Negative
0,0.4396858,1,0,0.19538617472288114,0.5023260208125733,0.5603142,False Positive
0,0.40004113,1,0,0.6021929076187942,0.3224559685669269,0.5999589,False Positive
1,0.7663399,1,1,0.557513586501562,0.7791323864266053,0.7663399,True Positive
1,0.5780714,1,1,0.3292991230926847,0.5808995653044666,0.5780714,True Positive
1,0.8141104,1,1,0.7346055781600952,0.8472843955550605,0.8141104,True Positive
1,0.8456237,1,1,0.41211084531119135,0.9355955468315317,0.8456237,True Positive
0,0.29479766,0,1,0.2907673326104125,0.3224559685669269,0.70520234,True Negative
1,0.36444277,1,1,0.5682581365902377,0.29270157150265674,0.63555723,True Positive
0,0.3350827,0,1,0.4765049837659825,0.30944831491956126,0.6649173,True Negative
1,0.392264,1,1,0.5180373999210985,0.3593749866294791,0.607736,True Positive
1,0.33954138,0,0,0.4627532039348692,0.3224559685669269,0.6604586,False Negative
0,0.44220302,1,0,0.6944366184314054,0.3224559685669269,0.55779696,False Positive
1,0.4801297,1,1,0.5970122515397963,0.4142168986196265,0.5198703,True Positive
1,0.666148,1,1,0.4969167858237613,0.6431444898610612,0.666148,True Positive
1,0.4743564,1,1,0.2727731855145116,0.5023260208125733,0.5256436,True Positive
0,0.18061052,0,1,0.12952684975457768,0.30944831491956126,0.81938946,True Negative
1,0.81594044,1,1,0.1682592810351373,0.8945769807878424,0.81594044,True Positive
0,0.17334342,0,1,0.14015605390266853,0.2277436850637543,0.8266566,True Negative
1,0.79055184,1,1,0.5056625122892031,0.8229207890519311,0.79055184,True Positive
1,0.6636207,1,1,0.6895819085417305,0.6195660757163984,0.6636207,True Positive
0,0.4612087,1,0,0.2435326336016002,0.5023260208125733,0.5387913,False Positive
1,0.3806044,1,1,0.5586528635798541,0.3224559685669269,0.6193956,True Positive
0,0.6597302,1,0,0.6027836090620173,0.6268154745427781,0.6597302,False Positive
1,0.30946267,0,0,0.3453197543982806,0.3224559685669269,0.69053733,False Negative
1,0.3044613,0,0,0.309510446050321,0.3224559685669269,0.6955387,False Negative
1,0.82764214,1,1,0.6200136958503872,0.8822207109429631,0.82764214,True Positive
1,0.30620742,0,0,0.32204956988762745,0.3224559685669269,0.6937926,False Negative
0,0.6473979,1,0,0.5244911296695035,0.6174578549802148,0.6473979,False Positive
1,0.8104527,1,1,0.3768181231139755,0.8681993219042158,0.8104527,True Positive
1,0.83522266,1,1,0.29090797772562826,0.9230195940095115,0.83522266,True Positive
1,0.33777264,0,0,0.45716650589008767,0.3224559685669269,0.6622274,False Negative
0,0.38106212,1,0,0.5596874717886329,0.3224559685669269,0.61893785,False Positive
1,0.8132472,1,1,0.5086060529478128,0.8631731720278146,0.8132472,True Positive
1,0.37271056,1,1,0.2933521218840873,0.4198243176396146,0.6272894,True Positive
1,0.6420051,1,1,0.41119820949194363,0.6195660757163984,0.6420051,True Positive
0,0.44603422,1,0,0.7027080305022158,0.3224559685669269,0.5539658,False Positive
0,0.29917958,0,1,0.47195795946408486,0.2277436850637543,0.70082045,True Negative
0,0.61428106,1,0,0.12485119823975535,0.6195660757163984,0.61428106,False Positive
0,0.8018258,1,0,0.597733454288434,0.835463035297584,0.8018258,False Positive
0,0.4189343,1,0,0.6154128419459552,0.33816238294079354,0.5810657,False Positive
1,0.34533828,0,0,0.47731273274037683,0.3224559685669269,0.6546617,False Negative
0,0.4128997,1,0,0.6306028833856531,0.3224559685669269,0.58710027,False Positive
0,0.34295946,0,1,0.4716953458078301,0.3224559685669269,0.65704054,True Negative
1,0.34204587,0,0,0.5180373999210985,0.29270157150265674,0.6579541,False Negative
0,0.29445043,0,1,0.2903832939226123,0.3224559685669269,0.7055496,True Negative
0,0.31022152,0,1,0.3507248580554584,0.3224559685669269,0.68977845,True Negative
0,0.678866,1,0,0.4867286100742759,0.6602823274391666,0.678866,False Positive
0,0.39902633,1,0,0.5999383736445345,0.3224559685669269,0.60097367,False Positive
0,0.31504884,0,1,0.4120488373586399,0.30944831491956126,0.6849512,True Negative
1,0.27625886,0,0,0.40975214095524626,0.2277436850637543,0.7237412,False Negative
1,0.7698291,1,1,0.41988634377077416,0.7953350656317401,0.7698291,True Positive
0,0.26378113,0,1,0.2541104812411796,0.3224559685669269,0.73621887,True Negative
1,0.8049941,1,1,0.6579882123177586,0.8364760338680635,0.8049941,True Positive
0,0.18974677,0,1,0.2728027808939088,0.2277436850637543,0.81025326,True Negative
1,0.78413975,1,1,0.7218843070127264,0.7953350656317401,0.78413975,True Positive
1,0.8118311,1,1,0.40971418206059124,0.8681993219042158,0.8118311,True Positive
1,0.46426114,1,1,0.7077615290372586,0.34130878911628615,0.5357388,True Positive
0,0.1916745,0,1,0.14859825832541457,0.3224559685669269,0.8083255,True Negative
0,0.8322409,1,0,0.6873952114195194,0.8862273197211478,0.8322409,False Positive
1,0.8210265,1,1,0.6340490768527606,0.8681993219042158,0.8210265,True Positive
1,0.28165513,0,0,0.27583259132740057,0.3224559685669269,0.71834487,False Negative
0,0.21361336,0,1,0.2650885350936901,0.2711924289150009,0.7863866,True Negative
0,0.24294156,0,1,0.281135512075787,0.2884906996481552,0.75705844,True Negative
1,0.77260077,1,1,0.47731273274037683,0.7953350656317401,0.77260077,True Positive
0,0.4369623,1,0,0.6830979352084071,0.3224559685669269,0.5630377,False Positive
1,0.80269134,1,1,0.2598405618120204,0.8631731720278146,0.80269134,True Positive
1,0.34878433,0,0,0.1682592810351373,0.4198243176396146,0.6512157,False Negative
1,0.32650986,0,0,0.4212450363074125,0.3224559685669269,0.67349017,False Negative
0,0.45780808,1,0,0.7280449739061525,0.3224559685669269,0.5421919,False Positive
1,0.33067933,0,0,0.4346148440629889,0.3224559685669269,0.6693207,False Negative
0,0.539808,1,0,0.4728852898644754,0.5023260208125733,0.539808,False Positive
0,0.27302364,0,1,0.40616531548555007,0.2277436850637543,0.7269764,True Negative
0,0.7950527,1,0,0.7047053795059088,0.8152643791598343,0.7950527,False Positive
0,0.2507249,0,1,0.237641549248907,0.3224559685669269,0.7492751,True Negative
1,0.75730735,1,1,0.7300020158577358,0.7516816089153107,0.75730735,True Positive
1,0.8178103,1,1,0.49279028297625554,0.872984803747884,0.8178103,True Positive
0,0.33660677,0,1,0.45347599774121494,0.3224559685669269,0.66339326,True Negative
1,0.80981946,1,1,0.5078883141704512,0.8568842641793217,0.80981946,True Positive
1,0.77853286,1,1,0.40971418206059124,0.8102179695156084,0.77853286,True Positive
1,0.54731333,1,1,0.5015676208026256,0.5023260208125733,0.54731333,True Positive
0,0.28176966,0,1,0.27596897913133783,0.3224559685669269,0.71823037,True Negative
0,0.4953156,1,0,0.722292009018574,0.36953306897800275,0.5046844,False Positive
1,0.835429,1,1,0.3873016793631253,0.9159798224599328,0.835429,True Positive
1,0.2926689,0,0,0.42756196339487174,0.2277436850637543,0.70733106,False Negative
0,0.30725774,0,1,0.3295726885088917,0.3224559685669269,0.6927422,True Negative
0,0.18580166,0,1,0.12178534818249272,0.3224559685669269,0.8141984,True Negative
1,0.671893,1,1,0.5917660317528808,0.6431444898610612,0.671893,True Positive
1,0.4597219,1,1,0.7321531097252238,0.3224559685669269,0.5402781,True Positive
1,0.29601312,0,0,0.4202730823034567,0.2443786136573562,0.7039869,False Negative
0,0.17345074,0,1,0.2654293437058079,0.17094313538926117,0.8265493,True Negative
1,0.8142247,1,1,0.4672780010275697,0.8681993219042158,0.8142247,True Positive
1,0.8536317,1,1,0.5703875228082368,0.9410867284899398,0.8536317,True Positive
1,0.448841,1,1,0.21591752559424227,0.5023260208125733,0.551159,True Positive
0,0.5722951,1,0,0.5444495887748746,0.5183864600203852,0.5722951,False Positive
0,0.45343956,1,0,0.6129742821066383,0.3800421347163669,0.5465604,False Positive
0,0.36484477,1,0,0.52272194983533,0.3224559685669269,0.6351552,False Positive
1,0.31575885,0,0,0.41471751972480403,0.30944831491956126,0.6842412,False Negative
0,0.33354202,0,1,0.4437448820307281,0.3224559685669269,0.666458,True Negative
0,0.36615422,1,0,0.525731381203387,0.3224559685669269,0.6338458,False Positive
1,0.8282788,1,1,0.6363536613393742,0.8822207109429631,0.8282788,True Positive
0,0.8357023,1,0,0.7346055781600952,0.8896487431186482,0.8357023,False Positive
0,0.31228378,0,1,0.3653773316747102,0.3224559685669269,0.68771625,True Negative
0,0.42264128,1,0,0.4626359173531628,0.4142168986196265,0.5773587,False Positive
0,0.24808642,0,1,0.23424506691229377,0.3224559685669269,0.75191355,True Negative
1,0.77748203,1,1,0.40389132592852195,0.8089465035536259,0.77748203,True Positive
0,0.5694119,1,0,0.5332907673598319,0.5183864600203852,0.5694119,False Positive
0,0.58531296,1,0,0.6483367987217895,0.5023260208125733,0.58531296,False Positive
1,0.64690286,1,1,0.7114803128298031,0.5887617041467856,0.64690286,True Positive
1,0.8025878,1,1,0.5196497036677057,0.8428691535182296,0.8025878,True Positive
1,0.79062545,1,1,0.16398828252057146,0.8495049497194247,0.79062545,True Positive
1,0.47417715,1,1,0.2723752551380354,0.5023260208125733,0.5258229,True Positive
0,0.30757686,0,1,0.33185566702984753,0.3224559685669269,0.6924231,True Negative
0,0.80073273,1,0,0.7346055781600952,0.8229207890519311,0.80073273,False Positive
1,0.7912632,1,1,0.6202613283316342,0.8152643791598343,0.7912632,True Positive
1,0.38235518,1,1,0.32647308055044877,0.4198243176396146,0.6176448,True Positive
0,0.19129917,0,1,0.2778275174817141,0.2277436850637543,0.8087008,True Negative
1,0.32044777,0,0,0.5265965726312615,0.2443786136573562,0.6795522,False Negative
0,0.51057506,1,0,0.3050940849969289,0.5183864600203852,0.51057506,False Positive
1,0.7885779,1,1,0.6262722278402917,0.8102179695156084,0.7885779,True Positive
0,0.19851433,0,1,0.3751531922119511,0.14360452046845526,0.80148566,True Negative
1,0.30245587,0,0,0.47731859882767713,0.237177205645579,0.6975441,False Negative
0,0.33210155,0,1,0.43915566580592436,0.3224559685669269,0.6678984,True Negative
0,0.3931142,1,0,0.5867644999754307,0.3224559685669269,0.6068858,False Positive
1,0.6057305,1,1,0.35696688045100655,0.5945768067618096,0.6057305,True Positive
0,0.78073937,1,0,0.29262568810726414,0.8229207890519311,0.78073937,False Positive
1,0.83332837,1,1,0.3680231197451781,0.9131694359705278,0.83332837,True Positive
1,0.7943596,1,1,0.5903020234739714,0.8229207890519311,0.7943596,True Positive
0,0.30911276,0,1,0.34282478819641543,0.3224559685669269,0.6908872,True Negative
1,0.81692404,1,1,0.5328851003717726,0.8681993219042158,0.81692404,True Positive
1,0.785905,1,1,0.40389132592852195,0.8229207890519311,0.785905,True Positive
1,0.8231246,1,1,0.6749676159337371,0.8690914495756569,0.8231246,True Positive
1,0.79147506,1,1,0.6901193648242301,0.8102179695156084,0.79147506,True Positive
1,0.82440054,1,1,0.7186183273818627,0.8681993219042158,0.82440054,True Positive
1,0.80942124,1,1,0.5937376629426696,0.8495049497194247,0.80942124,True Positive
1,0.45924118,1,1,0.7311215627012528,0.3224559685669269,0.54075885,True Positive
0,0.2878527,0,1,0.2830344944717394,0.3224559685669269,0.7121473,True Negative
0,0.31111374,0,1,0.3570706270405013,0.3224559685669269,0.6888863,True Negative
1,0.19381614,0,0,0.2859088819097675,0.2277436850637543,0.8061839,False Negative
1,0.8317883,1,1,0.7272983187818545,0.8822207109429631,0.8317883,True Positive
0,0.80607647,1,0,0.5841010140111483,0.8441536131014379,0.80607647,False Positive
0,0.80989647,1,0,0.36359762114847066,0.8681993219042158,0.80989647,False Positive
0,0.6186576,1,0,0.4807727059456292,0.5887617041467856,0.6186576,False Positive
1,0.33672008,0,0,0.4538349992157121,0.3224559685669269,0.6632799,False Negative
0,0.47418135,1,0,0.34282478819641543,0.4840689646517107,0.52581865,False Positive
1,0.785197,1,1,0.5525682893813133,0.8102179695156084,0.785197,True Positive
0,0.78620887,1,0,0.5909563845440583,0.8089465035536259,0.78620887,False Positive
1,0.3402866,0,0,0.4651029678767707,0.3224559685669269,0.6597134,False Negative
1,0.63342357,1,1,0.6156277458376175,0.5808995653044666,0.63342357,True Positive
1,0.5843024,1,1,0.6443907271518439,0.5023260208125733,0.5843024,True Positive
1,0.45010448,1,1,0.7114803128298031,0.3224559685669269,0.5498955,True Positive
1,0.4128997,1,1,0.6306028833856531,0.3224559685669269,0.58710027,True Positive
1,0.8018354,1,1,0.4841051661590741,0.8442792859337949,0.8018354,True Positive
0,0.3058382,0,1,0.4826157444448365,0.2443786136573562,0.6941618,True Negative
1,0.8212141,1,1,0.6988324404502188,0.8635441834283982,0.8212141,True Positive
0,0.27593988,0,1,0.26898275324126636,0.3224559685669269,0.7240601,True Negative
0,0.31118652,0,1,0.43665184546563224,0.2884906996481552,0.68881345,True Negative
1,0.20072119,0,0,0.3034016540140645,0.2277436850637543,0.7992788,False Negative
1,0.23861113,0,0,0.2218432347249218,0.3224559685669269,0.7613889,False Negative
0,0.2858143,0,1,0.5332202047496432,0.14360452046845526,0.7141857,True Negative
1,0.7842899,1,1,0.3535146243129142,0.8241117899500012,0.7842899,True Positive
0,0.33331916,0,1,0.4430355684747663,0.3224559685669269,0.6666808,True Negative
1,0.79472363,1,1,0.6207540715130434,0.8211940044992384,0.79472363,True Positive
1,0.51948595,1,1,0.39553192566832823,0.5023260208125733,0.51948595,True Positive
0,0.3419774,0,1,0.5965290030251258,0.2277436850637543,0.65802264,True Negative
0,0.36989182,1,0,0.3412606259185915,0.4029374432731219,0.6301082,False Positive
0,0.22766323,0,1,0.20708473996353274,0.3224559685669269,0.7723368,True Negative
0,0.20649049,0,1,0.39956863166282314,0.14360452046845526,0.7935095,True Negative
0,0.6355535,1,0,0.6360407513068905,0.5808995653044666,0.6355535,False Positive
0,0.30066246,0,1,0.48208933476860116,0.2277436850637543,0.69933754,True Negative
0,0.26139256,0,1,0.2511378485039682,0.3224559685669269,0.7386074,True Negative
1,0.17334342,0,0,0.20764509863980796,0.18588725224198227,0.8266566,False Negative
0,0.32967564,0,1,0.4314043183799848,0.3224559685669269,0.6703243,True Negative
0,0.3214631,0,1,0.4049438893464991,0.3224559685669269,0.6785369,True Negative
1,0.781315,1,1,0.30493020609944815,0.8229207890519311,0.781315,True Positive
1,0.41031054,1,1,0.6249047324676725,0.3224559685669269,0.5896895,True Positive
1,0.74419004,1,1,0.5030785046432984,0.7494060343922561,0.74419004,True Positive
0,0.26626366,0,1,0.2571817212182498,0.3224559685669269,0.73373634,True Negative
1,0.82111526,1,1,0.6362575648058894,0.8681993219042158,0.82111526,True Positive
1,0.8244634,1,1,0.3582196797553033,0.8962305770825502,0.8244634,True Positive
0,0.26808786,0,1,0.27958931253767483,0.30944831491956126,0.73191214,True Negative
1,0.3847867,1,1,0.3347721386283056,0.4198243176396146,0.6152133,True Positive
1,0.80838084,1,1,0.7133734613919024,0.8383352620286133,0.80838084,True Positive
0,0.25988546,0,1,0.24925325783793562,0.3224559685669269,0.74011457,True Negative
1,0.4179522,1,1,0.5641813994774195,0.3652772064708323,0.5820478,True Positive
0,0.43366316,1,0,0.6418189785701933,0.34130878911628615,0.56633687,False Positive
1,0.7931886,1,1,0.5641500106637878,0.8229207890519311,0.7931886,True Positive
1,0.5990228,1,1,0.7021638256074264,0.5023260208125733,0.5990228,True Positive
0,0.22032848,0,1,0.19691544823692214,0.3224559685669269,0.77967155,True Negative
0,0.39469874,1,0,0.5903020234739714,0.3224559685669269,0.60530126,False Positive
0,0.3574547,1,0,0.5056494867436079,0.3224559685669269,0.64254534,False Positive
0,0.24870156,0,1,0.23503907997675527,0.3224559685669269,0.7512984,True Negative
1,0.37911737,1,1,0.5552884095556191,0.3224559685669269,0.62088263,True Positive
0,0.2663579,0,1,0.25729796900694396,0.3224559685669269,0.7336421,True Negative
1,0.80197144,1,1,0.4467614040488818,0.8474134142696155,0.80197144,True Positive
0,0.36148605,1,0,0.5149814466613652,0.3224559685669269,0.6385139,False Positive
0,0.2059239,0,1,0.36044857894265186,0.18588725224198227,0.7940761,True Negative
0,0.80443746,1,0,0.47678729504827655,0.8495049497194247,0.80443746,False Positive
0,0.78341144,1,0,0.34994064366196403,0.8229207890519311,0.78341144,False Positive
1,0.7999777,1,1,0.4027071554707594,0.8472843955550605,0.7999777,True Positive
0,0.30725774,0,1,0.3295726885088917,0.3224559685669269,0.6927422,True Negative
0,0.4049057,1,0,0.6129742821066383,0.3224559685669269,0.5950943,False Positive
1,0.7906297,1,1,0.24977561992529498,0.8428691535182296,0.7906297,True Positive
1,0.8349606,1,1,0.376272362782782,0.9158705218066219,0.8349606,True Positive
0,0.41040072,1,0,0.5582763050676477,0.3593749866294791,0.58959925,False Positive
1,0.32106906,0,0,0.4336082285898818,0.30944831491956126,0.67893094,False Negative
0,0.32870016,0,1,0.42827925818652574,0.3224559685669269,0.6712998,True Negative
0,0.52075803,1,0,0.4003643989772526,0.5023260208125733,0.52075803,False Positive
1,0.6872127,1,1,0.5554289057455423,0.6658769210536959,0.6872127,True Positive
0,0.32006535,0,1,0.400405397689247,0.3224559685669269,0.6799346,True Negative
0,0.8149202,1,0,0.42231177563097033,0.872984803747884,0.8149202,False Positive
0,0.8184208,1,0,0.5695882389489262,0.8681993219042158,0.8184208,False Positive
1,0.814781,1,1,0.2813817747168861,0.8836369633925153,0.814781,True Positive
1,0.6598507,1,1,0.48241415084890416,0.6362886723501479,0.6598507,True Positive
0,0.3296171,0,1,0.4312169041247106,0.3224559685669269,0.67038286,True Negative
0,0.53175163,1,0,0.4421738477757576,0.5023260208125733,0.53175163,False Positive
0,0.17334342,0,1,0.22461773740393132,0.18588725224198227,0.8266566,True Negative
0,0.18173403,0,1,0.09436827419594847,0.3224559685669269,0.818266,True Negative
1,0.80044556,1,1,0.4538349992157121,0.8441536131014379,0.80044556,True Positive
1,0.8349248,1,1,0.6962618573118915,0.8910179166288004,0.8349248,True Positive
1,0.4090858,1,1,0.6222056026915985,0.3224559685669269,0.5909142,True Positive
0,0.3011856,0,1,0.485657170152889,0.2277436850637543,0.6988144,True Negative
1,0.71336615,1,1,0.7290806288603727,0.6877223968495744,0.71336615,True Positive
0,0.20672771,0,1,0.17739364723965922,0.3224559685669269,0.79327226,True Negative
1,0.5302131,1,1,0.6910273581311895,0.4198243176396146,0.5302131,True Positive
1,0.7998412,1,1,0.6988324404502188,0.8241117899500012,0.7998412,True Positive
1,0.77121675,1,1,0.2728027808939088,0.8089465035536259,0.77121675,True Positive
1,0.6331464,1,1,0.6129742821066383,0.5808995653044666,0.6331464,True Positive
1,0.82854223,1,1,0.6431281708846118,0.8822207109429631,0.82854223,True Positive
1,0.34935075,0,0,0.5396762553886386,0.2884906996481552,0.65064925,False Negative
0,0.29847184,0,1,0.4671123096112425,0.2277436850637543,0.7015282,True Negative
0,0.78502023,1,0,0.3846972418682497,0.8229207890519311,0.78502023,False Positive
0,0.25307298,0,1,0.2406441478917368,0.3224559685669269,0.746927,True Negative
0,0.17334342,0,1,0.13189819398000666,0.2277436850637543,0.8266566,True Negative
0,0.1884369,0,1,0.2685384591181108,0.2277436850637543,0.81156313,True Negative
1,0.78798616,1,1,0.43388823956652833,0.8241117899500012,0.78798616,True Positive
1,0.78270066,1,1,0.7300020158577358,0.7923054199113425,0.78270066,True Positive
0,0.39334822,1,0,0.382984515959441,0.4142168986196265,0.6066518,False Positive
1,0.83634824,1,1,0.4132099244991866,0.9158705218066219,0.83634824,True Positive
1,0.8226575,1,1,0.4937044135571927,0.8822207109429631,0.8226575,True Positive
1,0.7878836,1,1,0.627485181522309,0.8089465035536259,0.7878836,True Positive
1,0.82350755,1,1,0.6961123890144106,0.8681993219042158,0.82350755,True Positive
1,0.43190414,1,1,0.6721252661499211,0.3224559685669269,0.56809586,True Positive
1,0.6244367,1,1,0.5430863792408794,0.5808995653044666,0.6244367,True Positive
0,0.8020775,1,0,0.6550275491710511,0.8314749301764279,0.8020775,False Positive
1,0.6096311,1,1,0.4418034657544127,0.5887617041467856,0.6096311,True Positive
1,0.1937384,0,0,0.2670560501644002,0.2443786136573562,0.8062616,False Negative
1,0.82364243,1,1,0.6377079774681365,0.872984803747884,0.82364243,True Positive
0,0.34533828,0,1,0.47731273274037683,0.3224559685669269,0.6546617,True Negative
0,0.69203305,1,0,0.6377589684384606,0.6658769210536959,0.69203305,False Positive
1,0.8023659,1,1,0.6220741277152555,0.8345412917472543,0.8023659,True Positive
1,0.8197681,1,1,0.6203460488872968,0.8668426253864182,0.8197681,True Positive
0,0.2016007,0,1,0.28222073090696276,0.2443786136573562,0.7983993,True Negative
1,0.35598576,1,1,0.628110821594096,0.2277436850637543,0.64401424,True Positive
0,0.2794402,0,1,0.2731881200478373,0.3224559685669269,0.72055984,True Negative
0,0.30678132,0,1,0.3261617324884468,0.3224559685669269,0.6932187,True Negative
1,0.35926324,1,1,0.43915566580592436,0.3593749866294791,0.64073676,True Positive
1,0.7822842,1,1,0.5061592388294528,0.8089465035536259,0.7822842,True Positive
0,0.32828817,0,1,0.4269579776678856,0.3224559685669269,0.6717118,True Negative
0,0.17334342,0,1,0.06637436457375907,0.17094313538926117,0.8266566,True Negative
0,0.47543025,1,0,0.7657870903360385,0.3224559685669269,0.52456975,False Positive
0,0.31794965,0,1,0.3935157598334959,0.3224559685669269,0.68205035,True Negative
1,0.47897962,1,1,0.2830344944717394,0.5023260208125733,0.5210204,True Positive
0,0.19068168,0,1,0.27583259132740057,0.2277436850637543,0.8093183,True Negative
0,0.24662486,0,1,0.23235319594832513,0.3224559685669269,0.7533752,True Negative
1,0.62741184,1,1,0.5582763050676477,0.5808995653044666,0.62741184,True Positive
1,0.7385107,1,1,0.30113583911748987,0.7566589809350645,0.7385107,True Positive
0,0.27696157,0,1,0.3497245418182414,0.2711924289150009,0.72303843,True Negative
1,0.38840038,1,1,0.3662138376333113,0.4142168986196265,0.6115996,True Positive
0,0.1860305,0,1,0.15353362191702005,0.30944831491956126,0.8139695,True Negative
1,0.58557606,1,1,0.3796027074093793,0.5808995653044666,0.58557606,True Positive
1,0.7794268,1,1,0.26465485376519765,0.8229207890519311,0.7794268,True Positive
1,0.31991646,0,0,0.5582763050676477,0.21718063473000876,0.6800835,False Negative
0,0.26778507,0,1,0.2590549146186022,0.3224559685669269,0.7322149,True Negative
0,0.3657478,1,0,0.28836969354455144,0.4142168986196265,0.6342522,False Positive
1,0.6284611,1,1,0.5682581365902377,0.5808995653044666,0.6284611,True Positive
1,0.63144207,1,1,0.7103963442257993,0.5524912489616338,0.63144207,True Positive
0,0.8183269,1,0,0.5672778670781171,0.8681993219042158,0.8183269,False Positive
0,0.8422954,1,0,0.6093198008536084,0.9131694359705278,0.8422954,False Positive
0,0.2239162,0,1,0.40058092378457666,0.1792057255927322,0.7760838,True Negative
0,0.5762352,1,0,0.31702859773644854,0.5808995653044666,0.5762352,False Positive
0,0.30934024,0,1,0.3444467989218605,0.3224559685669269,0.69065976,True Negative
1,0.799661,1,1,0.5827512176811476,0.8327822833909359,0.799661,True Positive
1,0.24756278,0,0,0.23356813706782978,0.3224559685669269,0.75243723,False Negative
1,0.78769153,1,1,0.4428250172614667,0.8229207890519311,0.78769153,True Positive
1,0.78400904,1,1,0.461701428343205,0.8152643791598343,0.78400904,True Positive
0,0.782356,1,0,0.4912821857044354,0.8102179695156084,0.782356,False Positive
0,0.34540173,0,1,0.4774622564986838,0.3224559685669269,0.65459824,True Negative
0,0.32523692,0,1,0.4171458081356179,0.3224559685669269,0.6747631,True Negative
1,0.7700274,1,1,0.24820560651945392,0.8089465035536259,0.7700274,True Positive
0,0.27077448,0,1,0.4817165211028392,0.17094313538926117,0.7292255,True Negative
0,0.44435504,1,0,0.5936649111039154,0.3800421347163669,0.555645,False Positive
1,0.8154465,1,1,0.49688102943473117,0.8681993219042158,0.8154465,True Positive
0,0.21348935,0,1,0.4202438814342097,0.14360452046845526,0.78651065,True Negative
0,0.29719725,0,1,0.2933521218840873,0.3224559685669269,0.7028028,True Negative
0,0.18563081,0,1,0.12099201086516058,0.3224559685669269,0.8143692,True Negative
1,0.83779037,1,1,0.5205950266058827,0.9105484694487559,0.83779037,True Positive
1,0.8218112,1,1,0.3204912313057482,0.8939947616059489,0.8218112,True Positive
1,0.83119166,1,1,0.6934410995634818,0.8836369633925153,0.83119166,True Positive
1,0.79088616,1,1,0.5130493176870463,0.8229207890519311,0.79088616,True Positive
1,0.7373743,1,1,0.33029411150892357,0.7527373885627401,0.7373743,True Positive
1,0.58718115,1,1,0.6556392102784326,0.5023260208125733,0.58718115,True Positive
0,0.57812965,1,0,0.6203460488872968,0.5023260208125733,0.57812965,False Positive
0,0.20781769,0,1,0.17899215537127364,0.3224559685669269,0.7921823,True Negative
0,0.82680994,1,0,0.717996952618197,0.872984803747884,0.82680994,False Positive
1,0.8577069,1,1,0.6910273581311895,0.9410867284899398,0.8577069,True Positive
0,0.3727741,1,0,0.5408774250543404,0.3224559685669269,0.6272259,False Positive
1,0.32241434,0,0,0.4080264858908485,0.3224559685669269,0.67758566,False Negative
1,0.84490746,1,1,0.38481585649648015,0.9361590774083229,0.84490746,True Positive
0,0.7867707,1,0,0.6031885908774459,0.8089465035536259,0.7867707,False Positive
1,0.8082198,1,1,0.5940084143082752,0.8472843955550605,0.8082198,True Positive
1,0.74789995,1,1,0.4810014679158562,0.7566589809350645,0.74789995,True Positive
0,0.26960135,0,1,0.2612823042873129,0.3224559685669269,0.73039865,True Negative
0,0.38168222,1,0,0.56108833048882,0.3224559685669269,0.6183178,False Positive
1,0.47117698,1,1,0.5641813994774195,0.4198243176396146,0.528823,True Positive
1,0.75373936,1,1,0.6462759073095774,0.7526966065257426,0.75373936,True Positive
0,0.3161492,0,1,0.3876334219979805,0.3224559685669269,0.68385077,True Negative
0,0.29861858,0,1,0.46811745553322354,0.2277436850637543,0.70138144,True Negative
0,0.86252296,1,0,0.6901798193595021,0.9524848313310829,0.86252296,False Positive
0,0.33918244,0,1,0.6408327225264336,0.18588725224198227,0.66081756,True Negative
1,0.5428093,1,1,0.7321531097252238,0.4198243176396146,0.5428093,True Positive
0,0.3005744,0,1,0.4032537989417874,0.2711924289150009,0.6994256,True Negative
1,0.5422578,1,1,0.48223897432049856,0.5023260208125733,0.5422578,True Positive
0,0.20128457,0,1,0.3043308080599381,0.2277436850637543,0.7987154,True Negative
0,0.77811015,1,0,0.45579449225539614,0.8059559795001284,0.77811015,False Positive
1,0.21486382,0,0,0.2670560501644002,0.2711924289150009,0.78513616,False Negative
1,0.7843763,1,1,0.5512222921563648,0.8089465035536259,0.7843763,True Positive
1,0.8476726,1,1,0.7454686791266987,0.9142487930614842,0.8476726,True Positive
0,0.33153096,0,1,0.4672780010275697,0.30944831491956126,0.6684691,True Negative
0,0.2038568,0,1,0.17315306855750934,0.3224559685669269,0.7961432,True Negative
1,0.65015876,1,1,0.6828344549871569,0.5985454828691935,0.65015876,True Positive
0,0.58130014,1,0,0.3509105856404432,0.5808995653044666,0.58130014,False Positive
1,0.79525197,1,1,0.6103050386942718,0.8229207890519311,0.79525197,True Positive
1,0.8303096,1,1,0.5292332058849618,0.8945769807878424,0.8303096,True Positive
1,0.20058066,0,0,0.1682592810351373,0.3224559685669269,0.79941934,False Negative
0,0.18155241,0,1,0.09215385501622662,0.3224559685669269,0.8184476,True Negative
0,0.32265055,0,1,0.40879132944920943,0.3224559685669269,0.67734945,True Negative
0,0.770767,1,0,0.47838681501715397,0.7923054199113425,0.770767,False Positive
0,0.7696501,1,0,0.24041940534839304,0.8089465035536259,0.7696501,False Positive
0,0.37590396,1,0,0.6720841991123955,0.2277436850637543,0.62409604,False Positive
1,0.65549445,1,1,0.6527314391348799,0.6120988163920374,0.65549445,True Positive
0,0.32018128,0,1,0.35488266983882716,0.34130878911628615,0.67981875,True Negative
0,0.17933516,0,1,0.1919529265659055,0.2711924289150009,0.8206648,True Negative
1,0.7913057,1,1,0.17902977884851917,0.8495049497194247,0.7913057,True Positive
0,0.30688763,0,1,0.32692330127965213,0.3224559685669269,0.6931124,True Negative
1,0.7945999,1,1,0.2523827557654215,0.8495049497194247,0.7945999,True Positive
1,0.45661786,1,1,0.7437106204271268,0.30944831491956126,0.54338217,True Positive
1,0.7939037,1,1,0.4534780783905476,0.8327266243569362,0.7939037,True Positive
1,0.7861399,1,1,0.40899624455142136,0.8229207890519311,0.7861399,True Positive
0,0.30571434,0,1,0.5068796945216728,0.2277436850637543,0.69428563,True Negative
0,0.5333767,1,0,0.4483631157572572,0.5023260208125733,0.5333767,False Positive
1,0.7962157,1,1,0.4700141115830839,0.835463035297584,0.7962157,True Positive
1,0.5559282,1,1,0.5345916655855412,0.5023260208125733,0.5559282,True Positive
0,0.22215632,0,1,0.2778275174817141,0.2711924289150009,0.7778437,True Negative
0,0.2743453,0,1,0.2670560501644002,0.3224559685669269,0.7256547,True Negative
0,0.33076438,0,1,0.4348867078394713,0.3224559685669269,0.6692356,True Negative
0,0.29983446,0,1,0.4764360417273234,0.2277436850637543,0.7001655,True Negative
1,0.59101313,1,1,0.6706485627452848,0.5023260208125733,0.59101313,True Positive
1,0.8051936,1,1,0.25297026551014573,0.8681993219042158,0.8051936,True Positive
1,0.8432012,1,1,0.6203700678470737,0.9142487930614842,0.8432012,True Positive
1,0.7895286,1,1,0.36282207040631814,0.832235689468356,0.7895286,True Positive
0,0.38669494,1,0,0.5723812983782907,0.3224559685669269,0.6133051,False Positive
0,0.17276742,0,1,0.12952684975457768,0.2711924289150009,0.8272326,True Negative
0,0.3016639,0,1,0.2981304324549314,0.3224559685669269,0.6983361,True Negative
0,0.56696385,1,0,0.5238308541889966,0.5183864600203852,0.56696385,False Positive
1,0.77162564,1,1,0.1008201475979316,0.8229207890519311,0.77162564,True Positive
0,0.5798941,1,0,0.3414936177442529,0.5808995653044666,0.5798941,False Positive
1,0.3220826,0,0,0.4069520432101082,0.3224559685669269,0.67791736,False Negative
0,0.2676807,0,1,0.25892667353536125,0.3224559685669269,0.7323193,True Negative
1,0.7889694,1,1,0.30885555403258336,0.835463035297584,0.7889694,True Positive
0,0.3368868,0,1,0.5647603126898457,0.2443786136573562,0.66311324,True Negative
0,0.1879903,0,1,0.13189819398000666,0.3224559685669269,0.8120097,True Negative
0,0.30359033,0,1,0.3389657849684918,0.30944831491956126,0.6964097,True Negative
1,0.5596409,1,1,0.5488627112849792,0.5023260208125733,0.5596409,True Positive
0,0.34144837,0,1,0.46811745553322354,0.3224559685669269,0.65855163,True Negative
0,0.32577732,0,1,0.27272301693081036,0.36953306897800275,0.6742227,True Negative
1,0.8383556,1,1,0.5137315007466372,0.9122588956026608,0.8383556,True Positive
0,0.25077596,0,1,0.35488266983882716,0.2443786136573562,0.74922407,True Negative
0,0.17334342,0,1,0.19710236880131077,0.2277436850637543,0.8266566,True Negative
0,0.36298364,1,0,0.450563543337706,0.3593749866294791,0.63701636,False Positive
1,0.8231442,1,1,0.6869801475559574,0.8681993219042158,0.8231442,True Positive
1,0.25587627,0,0,0.4626359173531628,0.17094313538926117,0.7441237,False Negative
0,0.8213076,1,0,0.6203460488872968,0.8698023344046194,0.8213076,False Positive
1,0.216986,0,0,0.237641549248907,0.29270157150265674,0.783014,False Negative
0,0.3519719,1,0,0.4928822310655805,0.3224559685669269,0.64802814,False Positive
1,0.7716192,1,1,0.10068602573563765,0.8229207890519311,0.7716192,True Positive
1,0.38261983,1,1,0.5290793699414716,0.34130878911628615,0.61738014,True Positive
1,0.29884964,0,0,0.39146469587239,0.2711924289150009,0.70115036,False Negative
0,0.8119308,1,0,0.7209962247878302,0.8442792859337949,0.8119308,False Positive
0,0.33181757,0,1,0.4382498128668386,0.3224559685669269,0.66818243,True Negative
0,0.506475,1,0,0.11132105447780694,0.5545662256493498,0.506475,False Positive
0,0.22523642,0,1,0.20374620324787676,0.3224559685669269,0.7747636,True Negative
0,0.21334016,0,1,0.30113583911748987,0.2443786136573562,0.78665984,True Negative
1,0.31470203,0,0,0.38116804625545603,0.3224559685669269,0.68529797,False Negative
0,0.77500683,1,0,0.5275670873282128,0.7953350656317401,0.77500683,False Positive
1,0.5730475,1,1,0.29576062584349627,0.5808995653044666,0.5730475,True Positive
1,0.3471358,0,0,0.5556220182305028,0.2711924289150009,0.6528642,False Negative
1,0.37850198,1,1,0.6251428693216987,0.2711924289150009,0.621498,True Positive
0,0.5528628,1,0,0.07047765930342745,0.5887617041467856,0.5528628,False Positive
1,0.4324353,1,1,0.6732789200468393,0.3224559685669269,0.5675647,True Positive
0,0.2082768,0,1,0.315704751523865,0.2277436850637543,0.7917232,True Negative
1,0.52638686,1,1,0.3528059619877102,0.5225439561212515,0.52638686,True Positive
0,0.7881527,1,0,0.3028497738724148,0.8345412917472543,0.7881527,False Positive
1,0.6491674,1,1,0.7346055781600952,0.5887617041467856,0.6491674,True Positive
0,0.7957044,1,0,0.6204719194025428,0.8229207890519311,0.7957044,False Positive
0,0.31832394,0,1,0.3947363261843831,0.3224559685669269,0.68167603,True Negative
0,0.33069462,0,1,0.43466366889202773,0.3224559685669269,0.6693054,True Negative
1,0.34856668,0,0,0.6621354395964026,0.18588725224198227,0.65143335,False Negative
0,0.36211598,1,0,0.48800541852257256,0.33816238294079354,0.637884,False Positive
0,0.37264827,1,0,0.2931371390735049,0.4198243176396146,0.62735176,False Positive
0,0.34690458,0,1,0.4810014679158562,0.3224559685669269,0.6530954,True Negative
0,0.6232938,1,0,0.5009242365001257,0.5887617041467856,0.6232938,False Positive
1,0.77669597,1,1,0.3873016793631253,0.8089465035536259,0.77669597,True Positive
0,0.31503043,0,1,0.382984515959441,0.3224559685669269,0.68496954,True Negative
1,0.37437385,1,1,0.5445209729709743,0.3224559685669269,0.62562615,True Positive
1,0.79954946,1,1,0.7075544445095246,0.8229207890519311,0.79954946,True Positive
0,0.18897232,0,1,0.13640637375615375,0.3224559685669269,0.81102765,True Negative
1,0.80183303,1,1,0.5979006894620092,0.835463035297584,0.80183303,True Positive
0,0.17334342,0,1,0.07656692987469842,0.2443786136573562,0.8266566,True Negative
0,0.3629383,1,0,0.643576108120869,0.2277436850637543,0.6370617,False Positive
1,0.5289223,1,1,0.4314043183799848,0.5023260208125733,0.5289223,True Positive
1,0.79638857,1,1,0.6358764517944083,0.8229207890519311,0.79638857,True Positive
1,0.3628105,1,1,0.5180373999210985,0.3224559685669269,0.6371895,True Positive
1,0.8207545,1,1,0.3502959203859391,0.8896487431186482,0.8207545,True Positive
1,0.8274596,1,1,0.7346055781600952,0.872984803747884,0.8274596,True Positive
0,0.40887702,1,0,0.5221155525085253,0.37749705456807175,0.591123,False Positive
1,0.7292752,1,1,0.3744917030462752,0.7375900180233407,0.7292752,True Positive
0,0.49994528,1,0,0.7512674186702638,0.3593749866294791,0.5000547,False Positive
0,0.24112965,0,1,0.3421117576902683,0.2443786136573562,0.75887036,True Negative
0,0.31932756,0,1,0.2731881200478373,0.3593749866294791,0.6806724,True Negative
0,0.17334342,0,1,0.1937008066610462,0.2277436850637543,0.8266566,True Negative
0,0.34687433,0,1,0.1663504218081354,0.4198243176396146,0.65312564,True Negative
1,0.41656083,1,1,0.6482069723329162,0.31717181422089213,0.5834392,True Positive
1,0.43698782,1,1,0.6831531993734935,0.3224559685669269,0.5630122,True Positive
1,0.36471817,1,1,0.5224307202611955,0.3224559685669269,0.6352818,True Positive
1,0.8257898,1,1,0.7538111632950232,0.8681993219042158,0.8257898,True Positive
0,0.32529086,0,1,0.4173196794076793,0.3224559685669269,0.67470914,True Negative
0,0.32670432,0,1,0.32204956988762745,0.3593749866294791,0.6732957,True Negative
0,0.17334342,0,1,0.1868866720201173,0.2443786136573562,0.8266566,True Negative
0,0.38486192,1,0,0.5682581365902377,0.3224559685669269,0.61513805,False Positive
0,0.5088731,1,0,0.35508062357224657,0.5023260208125733,0.5088731,False Positive
1,0.8213726,1,1,0.6362575648058894,0.8686956181548565,0.8213726,True Positive
1,0.78864694,1,1,0.46374391996106606,0.8229207890519311,0.78864694,True Positive
0,0.7627239,1,0,0.6498814633428492,0.7662933451291876,0.7627239,False Positive
1,0.79726374,1,1,0.7545106651944976,0.8152643791598343,0.79726374,True Positive
1,0.56860095,1,1,0.6830979352084071,0.47226433926769246,0.56860095,True Positive
0,0.39150062,1,0,0.5831571378657567,0.3224559685669269,0.6084994,False Positive
0,0.23451586,0,1,0.3560606408145178,0.2277436850637543,0.76548415,True Negative
1,0.8226142,1,1,0.49261987321741174,0.8822207109429631,0.8226142,True Positive
1,0.49399525,1,1,0.31631560757826604,0.5023260208125733,0.50600475,True Positive
0,0.3306979,0,1,0.43467415175059493,0.3224559685669269,0.6693021,True Negative
0,0.80788416,1,0,0.6249047324676725,0.8442792859337949,0.80788416,False Positive
0,0.35789177,1,0,0.5066635199315909,0.3224559685669269,0.6421082,False Positive
1,0.8104697,1,1,0.11935260688521986,0.8881681813800743,0.8104697,True Positive
0,0.17334342,0,1,0.11567558325077129,0.18588725224198227,0.8266566,True Negative
1,0.34487733,0,0,0.47622573343165037,0.3224559685669269,0.65512264,False Negative
0,0.18925586,0,1,0.13770467630001637,0.3224559685669269,0.81074417,True Negative
1,0.78231776,1,1,0.5068796945216728,0.8089465035536259,0.78231776,True Positive
1,0.79522705,1,1,0.6097453587853333,0.8229207890519311,0.79522705,True Positive
1,0.385553,1,1,0.33763374431620713,0.41975102943384984,0.614447,True Positive
1,0.29759163,0,0,0.23129796368933375,0.3593749866294791,0.7024084,False Negative
1,0.8345415,1,1,0.4338930893877294,0.9105484694487559,0.8345415,True Positive
0,0.5564666,1,0,0.185741285830463,0.5808995653044666,0.5564666,False Positive
0,0.25453782,0,1,0.2620919039492293,0.30944831491956126,0.7454622,True Negative
0,0.6323118,1,0,0.6049922861030693,0.5808995653044666,0.6323118,False Positive
0,0.22523642,0,1,0.20374620324787676,0.3224559685669269,0.7747636,True Negative
0,0.30710918,0,1,0.3285094583871793,0.3224559685669269,0.6928908,True Negative
1,0.84250414,1,1,0.6150679797607238,0.9131694359705278,0.84250414,True Positive
1,0.39150062,1,1,0.5831571378657567,0.3224559685669269,0.6084994,True Positive
0,0.24890606,0,1,0.23530271701451244,0.3224559685669269,0.7510939,True Negative
0,0.32280195,0,1,0.4092812737590441,0.3224559685669269,0.67719805,True Negative
0,0.27876154,0,1,0.2723752551380354,0.3224559685669269,0.7212385,True Negative
0,0.40744287,1,0,0.3142334222829034,0.4482327414925297,0.59255713,False Positive
0,0.38842097,1,0,0.4094462748887756,0.40157440348961737,0.61157906,False Positive
1,0.8321265,1,1,0.717851508474034,0.8836369633925153,0.8321265,True Positive
0,0.2951138,0,1,0.4140766705662009,0.2443786136573562,0.7048862,True Negative
0,0.34476382,0,1,0.5329541206301447,0.2854802829309368,0.6552362,True Negative
0,0.49294537,1,0,0.31399008710539844,0.5023260208125733,0.5070546,False Positive
0,0.314213,0,1,0.37846056954278623,0.3224559685669269,0.68578696,True Negative
1,0.80711216,1,1,0.2360552064209693,0.872984803747884,0.80711216,True Positive
1,0.4383847,1,1,0.6861783029963061,0.3224559685669269,0.5616153,True Positive
0,0.17220041,0,1,0.06715634180165157,0.2711924289150009,0.82779956,True Negative
1,0.817387,1,1,0.48241415084890416,0.872984803747884,0.817387,True Positive
0,0.32448405,0,1,0.41471751972480403,0.3224559685669269,0.67551595,True Negative
1,0.49998102,1,1,0.3295726885088917,0.5023260208125733,0.50001895,True Positive
1,0.33637923,0,0,0.45275515338344874,0.3224559685669269,0.66362077,False Negative
1,0.7982707,1,1,0.40263945889374675,0.8442792859337949,0.7982707,True Positive
0,0.30972213,0,1,0.347168695505842,0.3224559685669269,0.6902779,True Negative
1,0.5279652,1,1,0.6837027152312025,0.4198243176396146,0.5279652,True Positive
0,0.38569182,1,0,0.5701257889254273,0.3224559685669269,0.6143082,False Positive
0,0.44540545,1,0,0.701351576789934,0.3224559685669269,0.5545945,False Positive
1,0.8120516,1,1,0.656405835264246,0.8495049497194247,0.8120516,True Positive
1,0.3106516,0,0,0.3537850523432314,0.3224559685669269,0.6893484,False Negative
0,0.70419973,1,0,0.566722747732499,0.6877223968495744,0.70419973,False Positive
0,0.4592288,1,0,0.556056933667538,0.4142168986196265,0.5407712,False Positive
1,0.79264003,1,1,0.5519363624676739,0.8229207890519311,0.79264003,True Positive
0,0.36266536,1,0,0.4835773121429217,0.34130878911628615,0.63733464,False Positive
0,0.50901926,1,0,0.3556568219240966,0.5023260208125733,0.50901926,False Positive
0,0.20955637,0,1,0.3177555904371275,0.2277436850637543,0.79044366,True Negative
0,0.22766323,0,1,0.20708473996353274,0.3224559685669269,0.7723368,True Negative
1,0.7910842,1,1,0.517426721298807,0.8229207890519311,0.7910842,True Positive
0,0.38298288,1,0,0.5640239662568227,0.3224559685669269,0.61701715,False Positive
0,0.18226403,0,1,0.1008201475979316,0.3224559685669269,0.81773597,True Negative
1,0.38728487,1,1,0.5068796945216728,0.3593749866294791,0.6127151,True Positive
0,0.21045597,0,1,0.29656113313395355,0.2443786136573562,0.78954405,True Negative
0,0.30824587,0,1,0.3366374089939328,0.3224559685669269,0.6917541,True Negative
1,0.8309341,1,1,0.29142416493209605,0.9142487930614842,0.8309341,True Positive
1,0.80698335,1,1,0.5649182316165997,0.8472843955550605,0.80698335,True Positive
0,0.32005274,0,1,0.4003643989772526,0.3224559685669269,0.67994726,True Negative
0,0.22983374,0,1,0.32647308055044877,0.2443786136573562,0.7701663,True Negative
1,0.5618056,1,1,0.48551598192408263,0.5239420672574449,0.5618056,True Positive
1,0.81398773,1,1,0.46155282737231396,0.8681993219042158,0.81398773,True Positive
1,0.7923025,1,1,0.5444335517911425,0.8229207890519311,0.7923025,True Positive
0,0.39619708,1,0,0.6170187596990023,0.30944831491956126,0.6038029,False Positive
0,0.40405375,1,0,0.611089188614792,0.3224559685669269,0.59594625,False Positive
0,0.18705772,0,1,0.12760019104843603,0.3224559685669269,0.81294227,True Negative
0,0.34717664,0,1,0.48164128504627934,0.3224559685669269,0.6528233,True Negative
1,0.783699,1,1,0.5295614396001446,0.8094914427322766,0.783699,True Positive
0,0.65755206,1,0,0.5425357483467075,0.6287383830479822,0.65755206,False Positive
0,0.33510217,0,1,0.4487042175256634,0.3224559685669269,0.6648978,True Negative
1,0.7841208,1,1,0.7214755971462171,0.7953350656317401,0.7841208,True Positive
1,0.5598111,1,1,0.4962606639645146,0.5183864600203852,0.5598111,True Positive
0,0.50093704,1,0,0.33168992196115965,0.5023260208125733,0.50093704,False Positive
0,0.529926,1,0,0.4352238309941511,0.5023260208125733,0.529926,False Positive
1,0.5825388,1,1,0.6375108123689479,0.5023260208125733,0.5825388,True Positive
1,0.7787693,1,1,0.43114854474954795,0.8089465035536259,0.7787693,True Positive
1,0.82335377,1,1,0.5111783875712013,0.8822207109429631,0.82335377,True Positive
1,0.7082157,1,1,0.31807246524407845,0.7124567755871826,0.7082157,True Positive
0,0.29451263,0,1,0.4099283171680777,0.2443786136573562,0.7054874,True Negative
0,0.22032848,0,1,0.19691544823692214,0.3224559685669269,0.77967155,True Negative
0,0.3032982,0,1,0.30113583911748987,0.3224559685669269,0.69670177,True Negative
0,0.21491273,0,1,0.393416195321074,0.17094313538926117,0.7850873,True Negative
0,0.2971939,0,1,0.5337135480626887,0.18588725224198227,0.7028061,True Negative
0,0.17582293,0,1,0.17699501475993562,0.2711924289150009,0.8241771,True Negative
0,0.34673518,0,1,0.48060285913820305,0.3224559685669269,0.6532648,True Negative
0,0.4013603,1,0,0.576690589760697,0.33816238294079354,0.5986397,False Positive
1,0.4984966,1,1,0.38796489913667676,0.48553619282680854,0.5015034,True Positive
1,0.7838987,1,1,0.36044857894265186,0.8229207890519311,0.7838987,True Positive
0,0.26243553,0,1,0.06871452874171982,0.4198243176396146,0.73756444,True Negative
1,0.29719725,0,0,0.2933521218840873,0.3224559685669269,0.7028028,False Negative
1,0.7899424,1,1,0.49222198647395193,0.8229207890519311,0.7899424,True Positive
0,0.33845055,0,1,0.45930943359961507,0.3224559685669269,0.66154945,True Negative
1,0.77833396,1,1,0.29809111471055943,0.8185351799991303,0.77833396,True Positive
1,0.34736714,0,0,0.48208933476860116,0.3224559685669269,0.65263283,False Negative
1,0.30857193,0,0,0.3389657849684918,0.3224559685669269,0.69142807,False Negative
1,0.61628556,1,1,0.47049874405567815,0.5887617041467856,0.61628556,True Positive
1,0.7817204,1,1,0.31360836364999395,0.8229207890519311,0.7817204,True Positive
1,0.7966002,1,1,0.7409342533983492,0.8151550506923727,0.7966002,True Positive
1,0.6926534,1,1,0.6484052219870378,0.6658769210536959,0.6926534,True Positive
0,0.41615817,1,0,0.6377589684384606,0.3224559685669269,0.5838418,False Positive
1,0.27093145,0,0,0.26290753320517773,0.3224559685669269,0.7290685,False Negative
1,0.76737624,1,1,0.3694669404702359,0.7953350656317401,0.76737624,True Positive
1,0.7727006,1,1,0.1231573845044845,0.8229207890519311,0.7727006,True Positive
1,0.39553165,1,1,0.5253323070643248,0.3593749866294791,0.60446835,True Positive
0,0.17334342,0,1,0.27272301693081036,0.14360452046845526,0.8266566,True Negative
1,0.36938053,1,1,0.5331272131891823,0.3224559685669269,0.63061947,True Positive
1,0.7877967,1,1,0.6057685640616945,0.8104809430246499,0.7877967,True Positive
1,0.79110235,1,1,0.5178292436064075,0.8229207890519311,0.79110235,True Positive
1,0.507618,1,1,0.3501342796760786,0.5023260208125733,0.507618,True Positive
0,0.576074,1,0,0.3159525195402131,0.5808995653044666,0.576074,False Positive
0,0.41697156,1,0,0.6395428415676723,0.3224559685669269,0.58302844,False Positive
0,0.34712785,0,1,0.4013497700175068,0.3593749866294791,0.65287215,True Negative
0,0.28818285,0,1,0.25297026551014573,0.34130878911628615,0.71181715,True Negative
0,0.38875076,1,0,0.6798069299826446,0.2443786136573562,0.6112492,False Positive
0,0.32019025,0,1,0.23639048833204,0.36953306897800275,0.67980975,True Negative
0,0.28924575,0,1,0.4008220255107505,0.2443786136573562,0.7107543,True Negative
1,0.54761016,1,1,0.7614556417638958,0.4142168986196265,0.54761016,True Positive
1,0.7887209,1,1,0.3034016540140645,0.835463035297584,0.7887209,True Positive
0,0.40809202,1,0,0.6200136958503872,0.3224559685669269,0.591908,False Positive
0,0.20736226,0,1,0.3142334222829034,0.2277436850637543,0.7926377,True Negative
0,0.4587196,1,0,0.7300020158577358,0.3224559685669269,0.5412804,False Positive
1,0.17334342,0,0,0.2183114604315122,0.18588725224198227,0.8266566,False Negative
1,0.78383005,1,1,0.10136002428220121,0.8428691535182296,0.78383005,True Positive
0,0.2332274,0,1,0.18643527686153966,0.34130878911628615,0.7667726,True Negative
1,0.79773897,1,1,0.3230968964507187,0.8495049497194247,0.79773897,True Positive
0,0.26136872,0,1,0.1258195369246904,0.3939909404010443,0.73863125,True Negative
0,0.55513483,1,0,0.5315453580169427,0.5023260208125733,0.55513483,False Positive
1,0.7882727,1,1,0.326250620851602,0.8329327220220744,0.7882727,True Positive
1,0.8529545,1,1,0.6482069723329162,0.9335292799465849,0.8529545,True Positive
1,0.1786525,0,0,0.24741388244413942,0.2145716226256943,0.8213475,False Negative
1,0.4633216,1,1,0.1684157555387433,0.5225439561212515,0.53667843,True Positive
0,0.36808887,1,0,0.530169436132965,0.3224559685669269,0.63191116,False Positive
1,0.6435747,1,1,0.7133824772605332,0.5808995653044666,0.6435747,True Positive
0,0.32537374,0,1,0.5582763050676477,0.2277436850637543,0.67462623,True Negative
1,0.8210732,1,1,0.6527314391348799,0.8668426253864182,0.8210732,True Positive
1,0.78968394,1,1,0.6505704500507867,0.8102179695156084,0.78968394,True Positive
0,0.79604936,1,0,0.643576108120869,0.8217327500791362,0.79604936,False Positive
0,0.32271388,0,1,0.40899624455142136,0.3224559685669269,0.67728615,True Negative
1,0.7906151,1,1,0.5070598450227702,0.8229207890519311,0.7906151,True Positive
1,0.3268415,0,0,0.42231177563097033,0.3224559685669269,0.6731585,False Negative
0,0.35558918,1,0,0.4728852898644754,0.33816238294079354,0.64441085,False Positive
1,0.29362437,0,0,0.43374310585875336,0.2277436850637543,0.7063756,False Negative
1,0.81933874,1,1,0.5478005856590222,0.8716385428748055,0.81933874,True Positive
1,0.7814165,1,1,0.30710151942897224,0.8229207890519311,0.7814165,True Positive
1,0.8215098,1,1,0.6460849078928939,0.8681993219042158,0.8215098,True Positive
1,0.3930021,1,1,0.5865140109806694,0.3224559685669269,0.6069979,True Positive
1,0.5324168,1,1,0.4447071996139926,0.5023260208125733,0.5324168,True Positive
1,0.34036428,0,0,0.572712749646652,0.2443786136573562,0.6596357,False Negative
0,0.30334544,0,1,0.4981408872840399,0.2277436850637543,0.69665456,True Negative
1,0.30176628,0,0,0.4896126569552462,0.2277436850637543,0.6982337,False Negative
1,0.38125515,1,1,0.6837338861664003,0.2277436850637543,0.61874485,True Positive
1,0.8496386,1,1,0.3627448909363899,0.9482190400803634,0.8496386,True Positive
0,0.34768656,0,1,0.1671627701198585,0.4198243176396146,0.6523135,True Negative
0,0.36060384,1,0,0.6182571767532468,0.2443786136573562,0.6393962,False Positive
0,0.7879869,1,0,0.6133256069770169,0.8102179695156084,0.7879869,False Positive
0,0.33384448,0,1,0.4447071996139926,0.3224559685669269,0.6661555,True Negative
1,0.1854908,0,0,0.23235319594832513,0.254530491501975,0.8145092,False Negative
1,0.3097313,0,0,0.34723378957232137,0.3224559685669269,0.6902687,False Negative
0,0.25746116,0,1,0.2462067675624601,0.3224559685669269,0.7425388,True Negative
1,0.7757907,1,1,0.544021093815205,0.7953350656317401,0.7757907,True Positive
1,0.7570584,1,1,0.1613248062720332,0.7953350656317401,0.7570584,True Positive
1,0.5110936,1,1,0.3636737924095439,0.5023260208125733,0.5110936,True Positive
0,0.39305392,1,0,0.36284490313150275,0.4198243176396146,0.6069461,False Positive
1,0.61901426,1,1,0.4823194099421479,0.5887617041467856,0.61901426,True Positive
1,0.8156847,1,1,0.5675766977493306,0.8631731720278146,0.8156847,True Positive
0,0.25205475,0,1,0.2393443664576613,0.3224559685669269,0.74794525,True Negative
0,0.33216944,0,1,0.439372239903409,0.3224559685669269,0.6678306,True Negative
1,0.8282709,1,1,0.4841051661590741,0.8939947616059489,0.8282709,True Positive
1,0.7787676,1,1,0.25065249292607306,0.8229207890519311,0.7787676,True Positive
1,0.48915467,1,1,0.6130986921447313,0.4142168986196265,0.5108453,True Positive
1,0.82920223,1,1,0.20374620324787676,0.9175624509584386,0.82920223,True Positive
0,0.20216988,0,1,0.3502390335001593,0.18588725224198227,0.7978301,True Negative
1,0.7463269,1,1,0.36284490313150275,0.7634517261379041,0.7463269,True Positive
1,0.8066925,1,1,0.2880051612143791,0.8681993219042158,0.8066925,True Positive
1,0.67120105,1,1,0.2867384856523376,0.6658769210536959,0.67120105,True Positive
0,0.5367396,1,0,0.46117999167287405,0.5023260208125733,0.5367396,False Positive
0,0.556878,1,0,0.5382400213356329,0.5023260208125733,0.556878,False Positive
1,0.6075046,1,1,0.7357650784372419,0.5023260208125733,0.6075046,True Positive
0,0.3352686,0,1,0.4492325066472706,0.3224559685669269,0.6647314,True Negative
0,0.18027797,0,1,0.07656692987469842,0.3224559685669269,0.81972206,True Negative
1,0.79213816,1,1,0.7212444575761472,0.8089465035536259,0.79213816,True Positive
1,0.40146145,1,1,0.39104985467490555,0.4198243176396146,0.5985385,True Positive
0,0.24088328,0,1,0.22484722853973155,0.3224559685669269,0.7591167,True Negative
1,0.804124,1,1,0.6861783029963061,0.8327266243569362,0.804124,True Positive
1,0.8549429,1,1,0.6798069299826446,0.9355955468315317,0.8549429,True Positive
0,0.2542798,0,1,0.382984515959441,0.2277436850637543,0.7457202,True Negative
0,0.31675422,0,1,0.3896119865635589,0.3224559685669269,0.6832458,True Negative
0,0.5855727,1,0,0.37957965062622134,0.5808995653044666,0.5855727,False Positive
0,0.7936542,1,0,0.44790537007367653,0.8327266243569362,0.7936542,False Positive
1,0.39499786,1,1,0.7133734613919024,0.2277436850637543,0.60500216,True Positive
1,0.8342794,1,1,0.4269579776678856,0.9105484694487559,0.8342794,True Positive
0,0.34721443,0,1,0.3713827757914559,0.36953306897800275,0.65278554,True Negative
1,0.37374365,1,1,0.5430863792408794,0.3224559685669269,0.62625635,True Positive
1,0.50631464,1,1,0.34499797745619026,0.5023260208125733,0.50631464,True Positive
0,0.20818694,0,1,0.3295726885088917,0.21718063473000876,0.7918131,True Negative
1,0.31866512,0,0,0.39584829490962453,0.3224559685669269,0.68133485,False Negative
0,0.78322077,1,0,0.4447071996139926,0.8152643791598343,0.78322077,False Positive
1,0.59283537,1,1,0.6778011962597873,0.5023260208125733,0.59283537,True Positive
1,0.30511832,0,0,0.3142334222829034,0.3224559685669269,0.6948817,False Negative
0,0.32253888,0,1,0.408429796630568,0.3224559685669269,0.67746115,True Negative
0,0.6931755,1,0,0.6573758256455853,0.6658769210536959,0.6931755,False Positive
0,0.28757188,0,1,0.28271948953127163,0.3224559685669269,0.7124281,True Negative
1,0.59517014,1,1,0.6869801475559574,0.5023260208125733,0.59517014,True Positive
0,0.30337635,0,1,0.5178292436064075,0.2145716226256943,0.6966237,True Negative
0,0.4291295,1,0,0.6660933135275182,0.3224559685669269,0.5708705,False Positive
0,0.38001806,1,0,0.5573268697018842,0.3224559685669269,0.61998194,False Positive
0,0.30377665,0,1,0.38630215816136,0.29270157150265674,0.6962234,True Negative
1,0.34815714,0,0,0.48394560146869686,0.3224559685669269,0.65184283,False Negative
0,0.31111374,0,1,0.3570706270405013,0.3224559685669269,0.6888863,True Negative
1,0.81870365,1,1,0.32674970007105614,0.8875431083261506,0.81870365,True Positive
1,0.792256,1,1,0.5434005105535054,0.8229207890519311,0.792256,True Positive
0,0.5401592,1,0,0.5299013578494259,0.48553619282680854,0.5401592,False Positive
0,0.2919905,0,1,0.28765477422657193,0.3224559685669269,0.7080095,True Negative
0,0.78449804,1,0,0.5538547678729345,0.8089465035536259,0.78449804,False Positive
0,0.46479273,1,0,0.6420902245967312,0.37749705456807175,0.5352073,False Positive
1,0.3251354,0,0,0.4467614040488818,0.30944831491956126,0.6748646,False Negative
1,0.40861297,1,1,0.6570567563815838,0.29822094620543393,0.59138703,True Positive
0,0.6612446,1,0,0.6249047324676725,0.6268154745427781,0.6612446,False Positive
1,0.63573253,1,1,0.6377589684384606,0.5808995653044666,0.63573253,True Positive
0,0.64630556,1,0,0.6798069299826446,0.5928046767128953,0.64630556,False Positive
1,0.8253203,1,1,0.25297026551014573,0.9060602232095631,0.8253203,True Positive
0,0.2684044,0,1,0.259815517718303,0.3224559685669269,0.73159564,True Negative
0,0.2731426,0,1,0.382984515959441,0.2443786136573562,0.7268574,True Negative
1,0.7866109,1,1,0.41924695058202266,0.8229207890519311,0.7866109,True Positive
0,0.79547477,1,0,0.504842341521688,0.8314749301764279,0.79547477,False Positive
0,0.33845243,0,1,0.4593154290990127,0.3224559685669269,0.66154754,True Negative
0,0.5746192,1,0,0.22341553580159004,0.5880186697478524,0.5746192,False Positive
1,0.77220464,1,1,0.6783113485559651,0.7791323864266053,0.77220464,True Positive
1,0.750188,1,1,0.6036868461048546,0.7506043555527174,0.750188,True Positive
0,0.3464468,0,1,0.4799241799965128,0.3224559685669269,0.6535532,True Negative
1,0.3041428,0,0,0.3072191304508658,0.3224559685669269,0.69585717,False Negative
0,0.22245927,0,1,0.19989425107672323,0.3224559685669269,0.77754074,True Negative
0,0.27882233,0,1,0.272448120060972,0.3224559685669269,0.7211777,True Negative
0,0.28165513,0,1,0.27583259132740057,0.3224559685669269,0.71834487,True Negative
1,0.7829179,1,1,0.08170969930320865,0.8428691535182296,0.7829179,True Positive
1,0.81597996,1,1,0.7512674186702638,0.8495049497194247,0.81597996,True Positive
1,0.5738008,1,1,0.6035412108659329,0.5023260208125733,0.5738008,True Positive
1,0.44828206,1,1,0.7075544445095246,0.3224559685669269,0.55171794,True Positive
0,0.4315758,1,0,0.586197801047601,0.36953306897800275,0.5684242,False Positive
0,0.3744561,1,0,0.5070598450227702,0.3432550473177453,0.6255439,False Positive
1,0.34144837,0,0,0.46811745553322354,0.3224559685669269,0.65855163,False Negative
1,0.18671793,0,0,0.26290753320517773,0.2277436850637543,0.8132821,False Negative
1,0.8198009,1,1,0.4042832303864171,0.8836369633925153,0.8198009,True Positive
0,0.32414553,0,1,0.5352670875900173,0.2443786136573562,0.67585444,True Negative
1,0.77695465,1,1,0.3111691045874975,0.8152643791598343,0.77695465,True Positive
1,0.4412179,1,1,0.6254804060413011,0.3593749866294791,0.5587821,True Positive
0,0.7447772,1,0,0.4718678174921666,0.7526966065257426,0.7447772,False Positive
0,0.27906147,0,1,0.2933521218840873,0.30944831491956126,0.72093856,True Negative
0,0.33318058,0,1,0.44259433322819763,0.3224559685669269,0.66681945,True Negative
1,0.48009148,1,1,0.39104985467490555,0.47391363874784104,0.51990855,True Positive
0,0.37966624,1,0,0.5565307559682157,0.3224559685669269,0.6203338,False Positive
1,0.8143662,1,1,0.40890073492689827,0.872984803747884,0.8143662,True Positive
0,0.17334342,0,1,0.1852846554349966,0.18588725224198227,0.8266566,True Negative
1,0.78222007,1,1,0.6805579724374187,0.7953350656317401,0.78222007,True Positive
1,0.8115028,1,1,0.4667677180889795,0.8631731720278146,0.8115028,True Positive
0,0.32877555,0,1,0.5661922064455155,0.2277436850637543,0.6712245,True Negative
0,0.7876657,1,0,0.44226181331504133,0.8229207890519311,0.7876657,False Positive
1,0.78273666,1,1,0.33541799800873984,0.8229207890519311,0.78273666,True Positive
0,0.31999382,0,1,0.4001728349202678,0.3224559685669269,0.68000615,True Negative
0,0.3425068,0,1,0.597733454288434,0.2277436850637543,0.65749323,True Negative
1,0.7489748,1,1,0.5800589951070393,0.7506043555527174,0.7489748,True Positive
0,0.34805572,0,1,0.6103050386942718,0.2277436850637543,0.6519443,True Negative
0,0.29485747,0,1,0.44226181331504133,0.2277436850637543,0.7051425,True Negative
1,0.5871041,1,1,0.38823585298180835,0.5808995653044666,0.5871041,True Positive
0,0.17341875,0,1,0.2650885350936901,0.17094313538926117,0.82658124,True Negative
1,0.79219115,1,1,0.6408327225264336,0.8152643791598343,0.79219115,True Positive
0,0.30569518,0,1,0.48208933476860116,0.2443786136573562,0.6943048,True Negative
0,0.38112286,1,0,0.5598247099404798,0.3224559685669269,0.6188772,False Positive
1,0.63806057,1,1,0.6601341189327047,0.5808995653044666,0.63806057,True Positive
0,0.5554838,1,0,0.5328851003717726,0.5023260208125733,0.5554838,False Positive
0,0.5153177,1,0,0.29656113313395355,0.5261006190044707,0.5153177,False Positive
0,0.61715025,1,0,0.5130493176870463,0.5808995653044666,0.61715025,False Positive
0,0.42212513,1,0,0.5656078910486076,0.36953306897800275,0.5778749,False Positive
0,0.18909302,0,1,0.2706772369306113,0.2277436850637543,0.810907,True Negative
1,0.79407203,1,1,0.6827420454867834,0.8152643791598343,0.79407203,True Positive
1,0.36927474,1,1,0.5328851003717726,0.3224559685669269,0.63072526,True Positive
1,0.5691581,1,1,0.5224307202611955,0.5213655577052613,0.5691581,True Positive
0,0.37581617,1,0,0.5478005856590222,0.3224559685669269,0.62418383,False Positive
0,0.30629924,0,1,0.32270767902152475,0.3224559685669269,0.6937008,True Negative
1,0.6303648,1,1,0.5224307202611955,0.5928046767128953,0.6303648,True Positive
1,0.8076432,1,1,0.3278561930729515,0.8668426253864182,0.8076432,True Positive
0,0.17404495,0,1,0.2130808211629125,0.2277436850637543,0.82595503,True Negative
1,0.78132904,1,1,0.305229762844947,0.8229207890519311,0.78132904,True Positive
1,0.6106478,1,1,0.48602728825155656,0.5808995653044666,0.6106478,True Positive
0,0.69874924,1,0,0.7536739370109994,0.6658769210536959,0.69874924,False Positive
0,0.25528932,0,1,0.4423710552406844,0.18588725224198227,0.7447107,True Negative
0,0.35996872,1,0,0.6369865588989219,0.2277436850637543,0.6400313,False Positive
0,0.19003186,0,1,0.2737279141709422,0.2277436850637543,0.8099681,True Negative
1,0.579965,1,1,0.627485181522309,0.5023260208125733,0.579965,True Positive
0,0.17334342,0,1,0.1463346026965776,0.2277436850637543,0.8266566,True Negative
1,0.8011269,1,1,0.6331771334102929,0.8314749301764279,0.8011269,True Positive
1,0.44580382,1,1,0.702211003021539,0.3224559685669269,0.5541962,True Positive
1,0.63150835,1,1,0.5973143573096581,0.5808995653044666,0.63150835,True Positive
0,0.26292086,0,1,0.2530418618369663,0.3224559685669269,0.73707914,True Negative
1,0.32570687,0,0,0.238142102548468,0.37749705456807175,0.67429316,False Negative
1,0.79872507,1,1,0.5268132055208181,0.835463035297584,0.79872507,True Positive
1,0.7941189,1,1,0.6837896428312717,0.8152643791598343,0.7941189,True Positive
0,0.79012567,1,0,0.4962606639645146,0.8229207890519311,0.79012567,False Positive
0,0.46679646,1,0,0.25597216574460596,0.5023260208125733,0.53320354,False Positive
0,0.4203813,1,0,0.668299692981398,0.30944831491956126,0.5796187,False Positive
0,0.3402866,0,1,0.4651029678767707,0.3224559685669269,0.6597134,True Negative
0,0.3209657,0,1,0.40332992256453704,0.3224559685669269,0.6790343,True Negative
1,0.86672497,1,1,0.5865140109806694,0.9706758544161082,0.86672497,True Positive
1,0.78304785,1,1,0.3421117576902683,0.8229207890519311,0.78304785,True Positive
0,0.29567608,0,1,0.44790537007367653,0.2277436850637543,0.7043239,True Negative
0,0.17762321,0,1,0.23356813706782978,0.22532229436802217,0.8223768,True Negative
1,0.84711933,1,1,0.7298279024739867,0.9142487930614842,0.84711933,True Positive
1,0.8153604,1,1,0.5123109351231937,0.8668426253864182,0.8153604,True Positive
1,0.67204547,1,1,0.3729827374525257,0.6602823274391666,0.67204547,True Positive
0,0.35483596,1,0,0.6255403483152294,0.2277436850637543,0.645164,False Positive
0,0.30910414,0,1,0.3427632510535005,0.3224559685669269,0.69089586,True Negative
0,0.30630738,0,1,0.35849106937851816,0.30944831491956126,0.6936926,True Negative
0,0.337912,0,1,0.2310972778904507,0.394885652605654,0.66208804,True Negative
1,0.3571069,1,1,0.504842341521688,0.3224559685669269,0.6428931,True Positive
1,0.39150062,1,1,0.5831571378657567,0.3224559685669269,0.6084994,True Positive
1,0.797016,1,1,0.6500385036119145,0.8229207890519311,0.797016,True Positive
0,0.35646293,1,0,0.40381397707762084,0.36953306897800275,0.64353704,False Positive
1,0.70542556,1,1,0.5882618086514761,0.6877223968495744,0.70542556,True Positive
0,0.39695048,1,0,0.5953205452409368,0.3224559685669269,0.6030495,False Positive
1,0.73754054,1,1,0.5086060529478128,0.7391725090357393,0.73754054,True Positive
1,0.33384448,0,0,0.4447071996139926,0.3224559685669269,0.6661555,False Negative
0,0.30010968,0,1,0.11784209184533322,0.4198243176396146,0.6998903,True Negative
1,0.822134,1,1,0.48060285913820305,0.8822207109429631,0.822134,True Positive
1,0.30736044,0,0,0.3303077045719692,0.3224559685669269,0.6926396,False Negative
1,0.565942,1,1,0.2484949824801371,0.5808995653044666,0.565942,True Positive
1,0.34537417,0,0,0.5841010140111483,0.2443786136573562,0.65462583,False Negative
1,0.1855171,0,0,0.25895009962100013,0.2277436850637543,0.8144829,False Negative
0,0.3225469,0,1,0.5676136931188157,0.2145716226256943,0.6774531,True Negative
1,0.63529897,1,1,0.34487846492021934,0.6164751954460798,0.63529897,True Positive
0,0.31191272,0,1,0.3627448909363899,0.3224559685669269,0.6880873,True Negative
0,0.6355861,1,0,0.6363536613393742,0.5808995653044666,0.6355861,False Positive
0,0.3032982,0,1,0.30113583911748987,0.3224559685669269,0.69670177,True Negative
0,0.4621876,1,0,0.2901808367143282,0.49106304549805446,0.5378124,False Positive
1,0.77789986,1,1,0.23226670478678968,0.8229207890519311,0.77789986,True Positive
0,0.28732044,0,1,0.28243725982493695,0.3224559685669269,0.71267956,True Negative
0,0.25014272,0,1,0.2368941405230953,0.3224559685669269,0.7498573,True Negative
0,0.31332108,0,1,0.5093898502931438,0.2443786136573562,0.6866789,True Negative
0,0.41813394,1,0,0.6420902245967312,0.3224559685669269,0.581866,False Positive
1,0.37153718,1,1,0.5380558332025255,0.3224559685669269,0.6284628,True Positive
0,0.30382937,0,1,0.3049626270503051,0.3224559685669269,0.6961706,True Negative
0,0.18269742,0,1,0.24957945406896145,0.2277436850637543,0.8173026,True Negative
0,0.3106516,0,1,0.353785003972772,0.3224559685669269,0.6893484,True Negative
0,0.45780808,1,0,0.7280449739061525,0.3224559685669269,0.5421919,False Positive
1,0.8242386,1,1,0.6527314391348799,0.872984803747884,0.8242386,True Positive
1,0.7792739,1,1,0.26140466236831367,0.8229207890519311,0.7792739,True Positive
0,0.38142154,1,0,0.5604996280914105,0.3224559685669269,0.61857843,False Positive
0,0.36636308,1,0,0.526211007350561,0.3224559685669269,0.63363695,False Positive
0,0.23104346,0,1,0.3509105856404432,0.2277436850637543,0.76895654,True Negative
1,0.7934674,1,1,0.44373687945072754,0.8327266243569362,0.7934674,True Positive
1,0.8593261,1,1,0.6621354395964026,0.9470977975860481,0.8593261,True Positive
1,0.85086113,1,1,0.7437106204271268,0.921436297828222,0.85086113,True Positive
1,0.7848488,1,1,0.365603254604767,0.8241117899500012,0.7848488,True Positive
0,0.8132986,1,0,0.35665356941302906,0.8750359205255153,0.8132986,False Positive
0,0.79154223,1,0,0.5275670873282128,0.8229207890519311,0.79154223,False Positive
0,0.30551174,0,1,0.5618342445419968,0.18588725224198227,0.6944883,True Negative
0,0.7917217,1,0,0.5315453580169427,0.8229207890519311,0.7917217,False Positive
0,0.31106412,0,1,0.35671821588401786,0.3224559685669269,0.6889359,True Negative
1,0.616582,1,1,0.7187548274132793,0.5183864600203852,0.616582,True Positive
0,0.21122202,0,1,0.0966581482385549,0.3705311829857024,0.78877795,True Negative
0,0.79582477,1,0,0.6231790498085923,0.8229207890519311,0.79582477,False Positive
0,0.2079513,0,1,0.22418349162218598,0.29270157150265674,0.7920487,True Negative
1,0.78526163,1,1,0.5703875228082368,0.8089465035536259,0.78526163,True Positive
0,0.17334342,0,1,0.1937008066610462,0.1792057255927322,0.8266566,True Negative
0,0.30988634,0,1,0.34833809540784977,0.3224559685669269,0.69011366,True Negative
1,0.80483025,1,1,0.7187548274132793,0.8314749301764279,0.80483025,True Positive
0,0.34014973,0,1,0.4646714793671454,0.3224559685669269,0.65985024,True Negative
1,0.7953983,1,1,0.4516245367864404,0.835463035297584,0.7953983,True Positive
0,0.31386155,0,1,0.3765134048488678,0.3224559685669269,0.68613845,True Negative
1,0.3662621,1,1,0.5259791539084064,0.3224559685669269,0.6337379,True Positive
1,0.36800453,1,1,0.5299762370048966,0.3224559685669269,0.63199544,True Positive
1,0.64021355,1,1,0.6808821687378434,0.5808995653044666,0.64021355,True Positive
0,0.39047375,1,0,0.6044038093743211,0.30944831491956126,0.6095263,False Positive
0,0.41264617,1,0,0.6418189785701933,0.3159515869888179,0.5873538,False Positive
1,0.59781134,1,1,0.4331511199451574,0.5808995653044666,0.59781134,True Positive
1,0.35926768,1,1,0.5098520114227822,0.3224559685669269,0.6407323,True Positive
0,0.20213602,0,1,0.3501342796760786,0.18588725224198227,0.79786396,True Negative
0,0.5116009,1,0,0.36559867085820835,0.5023260208125733,0.5116009,False Positive
0,0.3177638,0,1,0.3929093757718077,0.3224559685669269,0.6822362,True Negative
0,0.3128952,0,1,0.36971133923526195,0.3224559685669269,0.6871048,True Negative
0,0.31918222,0,1,0.5425357483467075,0.2287529121863328,0.6808178,True Negative
1,0.74017495,1,1,0.33270543294698046,0.7566589809350645,0.74017495,True Positive
0,0.17852156,0,1,0.11591760901738736,0.30944831491956126,0.8214784,True Negative
1,0.8264797,1,1,0.5903020234739714,0.8822207109429631,0.8264797,True Positive
0,0.19444552,0,1,0.15779294250138876,0.3224559685669269,0.8055545,True Negative
1,0.77903503,1,1,0.436789243740306,0.8089465035536259,0.77903503,True Positive
0,0.3247024,0,1,0.4154220795337194,0.3224559685669269,0.6752976,True Negative
0,0.3743076,1,0,0.4591560195866938,0.36953306897800275,0.62569237,False Positive
1,0.48460805,1,1,0.6421181117903081,0.39843851524126905,0.51539195,True Positive
1,0.7721213,1,1,0.2915698031744391,0.8089465035536259,0.7721213,True Positive
1,0.82433474,1,1,0.7169555100526728,0.8681993219042158,0.82433474,True Positive
0,0.33927986,0,1,0.46192813813848416,0.3224559685669269,0.6607201,True Negative
0,0.33825213,0,1,0.4230246715274937,0.33794625996561894,0.6617479,True Negative
0,0.3394445,0,1,0.4624475725864719,0.3224559685669269,0.6605555,True Negative
0,0.59781134,1,0,0.4331511199451574,0.5808995653044666,0.59781134,False Positive
1,0.39982587,1,1,0.4033399982220824,0.4142168986196265,0.6001741,True Positive
1,0.59134895,1,1,0.40617757459174664,0.5808995653044666,0.59134895,True Positive
1,0.7842685,1,1,0.35305250161449747,0.8241117899500012,0.7842685,True Positive
0,0.32352865,0,1,0.4116316544666267,0.3224559685669269,0.67647135,True Negative
1,0.80275315,1,1,0.5068796945216728,0.8441536131014379,0.80275315,True Positive
0,0.37496835,1,0,0.30113583911748987,0.4198243176396146,0.62503165,False Positive
0,0.34144837,0,1,0.46811745553322354,0.3224559685669269,0.65855163,True Negative
1,0.7902809,1,1,0.6637230086975497,0.8102179695156084,0.7902809,True Positive
0,0.5529124,1,0,0.523017375264774,0.5023260208125733,0.5529124,False Positive
1,0.84442896,1,1,0.702211003021539,0.9105484694487559,0.84442896,True Positive
1,0.81259066,1,1,0.3835061754995671,0.8716385428748055,0.81259066,True Positive
0,0.17334342,0,1,0.18900963706641916,0.2443786136573562,0.8266566,True Negative
1,0.44529825,1,1,0.7011202439870396,0.3224559685669269,0.55470175,True Positive
0,0.29128358,0,1,0.4928822310655805,0.18588725224198227,0.7087164,True Negative
0,0.2794402,0,1,0.2731881200478373,0.3224559685669269,0.72055984,True Negative
1,0.7509194,1,1,0.3822184315874074,0.7688601820007596,0.7509194,True Positive
0,0.29521203,0,1,0.4447071996139926,0.2277436850637543,0.70478797,True Negative
0,0.3676133,1,0,0.5290793699414716,0.3224559685669269,0.6323867,False Positive
1,0.8103433,1,1,0.6847350728578248,0.8441536131014379,0.8103433,True Positive
0,0.4048559,1,0,0.27652029147510987,0.4567438274980358,0.5951441,False Positive
1,0.3508092,1,1,0.4901631712123511,0.3224559685669269,0.6491908,True Positive
1,0.8257563,1,1,0.5718934135532924,0.8822207109429631,0.8257563,True Positive
1,0.3119182,0,0,0.3627838549794886,0.3224559685669269,0.6880818,False Negative
0,0.23268233,0,1,0.40831263631271786,0.18588725224198227,0.76731765,True Negative
0,0.31321067,0,1,0.3719457612901281,0.3224559685669269,0.68678933,True Negative
1,0.4492056,1,1,0.7095442931339399,0.3224559685669269,0.55079436,True Positive
0,0.18225299,0,1,0.10068602573563765,0.3224559685669269,0.817747,True Negative
0,0.34150562,0,1,0.4682531360544294,0.3224559685669269,0.65849435,True Negative
0,0.35923097,1,0,0.5097670806837684,0.3224559685669269,0.640769,False Positive
0,0.27906147,0,1,0.2933521218840873,0.30944831491956126,0.72093856,True Negative
1,0.54874504,1,1,0.7409342533983492,0.4242237081814945,0.54874504,True Positive
0,0.531859,1,0,0.4982582476910746,0.48553619282680854,0.531859,False Positive
1,0.7916341,1,1,0.2719954868058961,0.8428691535182296,0.7916341,True Positive
1,0.3296171,0,0,0.4312169041247106,0.3224559685669269,0.67038286,False Negative
0,0.1879903,0,1,0.13189819398000666,0.3224559685669269,0.8120097,True Negative
0,0.5100592,1,0,0.3597489044838489,0.5023260208125733,0.5100592,False Positive
0,0.30798328,0,1,0.3347611832282744,0.3224559685669269,0.6920167,True Negative
1,0.39499193,1,1,0.590956003024279,0.3224559685669269,0.60500807,True Positive
1,0.3032982,0,0,0.30113583911748987,0.3224559685669269,0.69670177,False Negative
0,0.3119182,0,1,0.3627838549794886,0.3224559685669269,0.6880818,True Negative
0,0.30538023,0,1,0.5056494867436079,0.2277436850637543,0.6946198,True Negative
0,0.47194546,1,0,0.20400968429862257,0.5183864600203852,0.52805454,False Positive
1,0.53782153,1,1,0.4120488373586399,0.5183864600203852,0.53782153,True Positive
0,0.17942914,0,1,0.06613739079812171,0.3224559685669269,0.8205708,True Negative
1,0.78400695,1,1,0.3627838549794886,0.8229207890519311,0.78400695,True Positive
0,0.7725996,1,0,0.12105493981209917,0.8229207890519311,0.7725996,False Positive
0,0.26458588,0,1,0.395962342261543,0.2277436850637543,0.73541415,True Negative
1,0.7934466,1,1,0.45943690296489686,0.8314749301764279,0.7934466,True Positive
1,0.5422994,1,1,0.4823980048113744,0.5023260208125733,0.5422994,True Positive
0,0.48106256,1,0,0.28765477422657193,0.5023260208125733,0.51893747,False Positive
0,0.30804008,0,1,0.3351669897344928,0.3224559685669269,0.6919599,True Negative
1,0.7906332,1,1,0.6808821687378434,0.8094914427322766,0.7906332,True Positive
1,0.8113285,1,1,0.39769799356427205,0.8681993219042158,0.8113285,True Positive
1,0.79682875,1,1,0.49574444494537373,0.8345412917472543,0.79682875,True Positive
1,0.6226818,1,1,0.5359982775312955,0.5808995653044666,0.6226818,True Positive
0,0.73314893,1,0,0.6027234460018634,0.7254961287675609,0.73314893,False Positive
0,0.61272925,1,0,0.45914274102143604,0.5880186697478524,0.61272925,False Positive
0,0.67273104,1,0,0.3843591348699788,0.6602823274391666,0.67273104,False Positive
1,0.3119236,0,0,0.36282207040631814,0.3224559685669269,0.6880764,False Negative
0,0.33310935,0,1,0.4423673911152533,0.3224559685669269,0.6668906,True Negative
0,0.17417853,0,1,0.2706772369306113,0.17094313538926117,0.82582146,True Negative
1,0.8415067,1,1,0.38192407005380047,0.9291009263773823,0.8415067,True Positive
1,0.82013726,1,1,0.5501709241142203,0.872984803747884,0.82013726,True Positive
0,0.42451853,1,0,0.6560476355419653,0.3224559685669269,0.5754815,False Positive
1,0.53156805,1,1,0.38796489913667676,0.5183864600203852,0.53156805,True Positive
1,0.8034641,1,1,0.45421086621036655,0.8495049497194247,0.8034641,True Positive
1,0.77725035,1,1,0.21853718980527925,0.8229207890519311,0.77725035,True Positive
1,0.1825077,0,0,0.10378191129587443,0.3224559685669269,0.8174923,False Negative
1,0.5526895,1,1,0.5221624339874305,0.5023260208125733,0.5526895,True Positive
0,0.2550517,0,1,0.38396830388205544,0.2277436850637543,0.74494827,True Negative
0,0.22645906,0,1,0.20543130160490294,0.3224559685669269,0.773541,True Negative
1,0.79651713,1,1,0.38116804625545603,0.8428691535182296,0.79651713,True Positive
1,0.81840277,1,1,0.49575394889887964,0.8738825260593506,0.81840277,True Positive
1,0.77987826,1,1,0.29656113313395355,0.8211940044992384,0.77987826,True Positive
0,0.7524216,1,0,0.6203700678470737,0.7526966065257426,0.7524216,False Positive
1,0.80481315,1,1,0.7183577110167414,0.8314749301764279,0.80481315,True Positive
1,0.18710062,0,0,0.12779822811652708,0.3224559685669269,0.81289935,False Negative
0,0.4302581,1,0,0.7143702617125591,0.2884906996481552,0.5697419,False Positive
0,0.84370327,1,0,0.6482069723329162,0.9131694359705278,0.84370327,False Positive
0,0.7369685,1,0,0.51824584038277,0.7375900180233407,0.7369685,False Positive
1,0.34245372,0,0,0.47049874405567815,0.3224559685669269,0.6575463,False Negative
1,0.79027057,1,1,0.4994558565420305,0.8229207890519311,0.79027057,True Positive
1,0.80097663,1,1,0.39689612334123986,0.8495049497194247,0.80097663,True Positive
1,0.37322524,1,1,0.5419055286186079,0.3224559685669269,0.6267748,True Positive
1,0.82103145,1,1,0.6341716099002243,0.8681993219042158,0.82103145,True Positive
1,0.36757198,1,1,0.6336715874478646,0.2443786136573562,0.63242805,True Positive
1,0.7944381,1,1,0.43009235672275054,0.835463035297584,0.7944381,True Positive
1,0.7974937,1,1,0.49887498589331036,0.835463035297584,0.7974937,True Positive
0,0.30511832,0,1,0.3142334222829034,0.3224559685669269,0.6948817,True Negative
0,0.24769686,0,1,0.35084264864310805,0.2443786136573562,0.7523031,True Negative
1,0.8429434,1,1,0.7106766589426573,0.906703813535113,0.8429434,True Positive
0,0.5147321,1,0,0.3774819384272103,0.5023260208125733,0.5147321,False Positive
1,0.7537455,1,1,0.30975955234780517,0.7787648821979841,0.7537455,True Positive
0,0.3060948,0,1,0.35696688045100655,0.30944831491956126,0.69390523,True Negative
0,0.18659514,0,1,0.1254621103545593,0.3224559685669269,0.81340486,True Negative
0,0.34535456,0,1,0.43761867156842593,0.34130878911628615,0.65464544,True Negative
0,0.30091152,0,1,0.4538349992157121,0.2443786136573562,0.69908845,True Negative
0,0.8208502,1,0,0.3295726885088917,0.891437612010846,0.8208502,False Positive
1,0.6271419,1,1,0.5177246111222796,0.5887617041467856,0.6271419,True Positive
0,0.2933301,0,1,0.4317071142681115,0.2277436850637543,0.7066699,True Negative
0,0.35798496,1,0,0.5068796945216728,0.3224559685669269,0.64201504,False Positive
0,0.27382344,0,1,0.3694669404702359,0.254530491501975,0.72617656,True Negative
1,0.36471817,1,1,0.5224307202611955,0.3224559685669269,0.6352818,True Positive
1,0.7987324,1,1,0.6889465403643689,0.8229207890519311,0.7987324,True Positive
1,0.7739363,1,1,0.5051593152179207,0.7953350656317401,0.7739363,True Positive
0,0.44991085,1,0,0.2183114604315122,0.5023260208125733,0.5500891,False Positive
1,0.5638205,1,1,0.5649591531499106,0.5023260208125733,0.5638205,True Positive
1,0.8078385,1,1,0.3149334355518199,0.8681993219042158,0.8078385,True Positive
0,0.83929646,1,0,0.45347599774121494,0.9188951452610044,0.83929646,False Positive
0,0.42552087,1,0,0.4534780783905476,0.4198243176396146,0.5744791,False Positive
0,0.57202435,1,0,0.5434005105535054,0.5183864600203852,0.57202435,False Positive
1,0.69254106,1,1,0.6464762968378849,0.6658769210536959,0.69254106,True Positive
0,0.38717383,1,0,0.5734573567655067,0.3224559685669269,0.61282617,False Positive
0,0.31503043,0,1,0.382984515959441,0.3224559685669269,0.68496954,True Negative
0,0.30184713,0,1,0.4901631712123511,0.2277436850637543,0.6981529,True Negative
0,0.7751422,1,0,0.33821243847543875,0.8102179695156084,0.7751422,False Positive
1,0.40188035,1,1,0.5394471569202157,0.3593749866294791,0.5981196,True Positive
1,0.6083468,1,1,0.4765049837659825,0.5808995653044666,0.6083468,True Positive
0,0.5099629,1,0,0.2880051612143791,0.5225439561212515,0.5099629,False Positive
1,0.6785294,1,1,0.4088371276080785,0.6658769210536959,0.6785294,True Positive
1,0.8127941,1,1,0.4977101827585179,0.8631731720278146,0.8127941,True Positive
1,0.28616214,0,0,0.281135512075787,0.3224559685669269,0.71383786,False Negative
1,0.46059665,1,1,0.7340300214786959,0.3224559685669269,0.5394033,True Positive
0,0.3628105,1,0,0.5180373999210985,0.3224559685669269,0.6371895,False Positive
0,0.3260344,0,1,0.5396762553886386,0.2443786136573562,0.6739656,True Negative
0,0.29255205,0,1,0.42743726790151454,0.2277436850637543,0.70744795,True Negative
1,0.31317183,0,0,0.3716705955183741,0.3224559685669269,0.68682814,False Negative
1,0.75395703,1,1,0.6500385036119145,0.7527373885627401,0.75395703,True Positive
0,0.33378133,0,1,0.5777650273231001,0.2277436850637543,0.66621864,True Negative
0,0.33036053,0,1,0.4635384796983121,0.30944831491956126,0.66963947,True Negative
1,0.6564568,1,1,0.521483226325225,0.6289928457499673,0.6564568,True Positive
1,0.75092167,1,1,0.5909939352175085,0.7526966065257426,0.75092167,True Positive
0,0.61573493,1,0,0.46811745553322354,0.5887617041467856,0.61573493,False Positive
1,0.80514205,1,1,0.17837802630834326,0.8738825260593506,0.80514205,True Positive
0,0.35882583,1,0,0.24041940534839304,0.4198243176396146,0.6411742,False Positive
0,0.24713169,0,1,0.37373491392338926,0.2277436850637543,0.7528683,True Negative
0,0.43438,1,0,0.6774997596625024,0.3224559685669269,0.56562,False Positive
1,0.84065187,1,1,0.6560852124546448,0.9060602232095631,0.84065187,True Positive
1,0.36096266,1,1,0.2716763180751603,0.4142168986196265,0.6390374,True Positive
0,0.27063632,0,1,0.2625473856120908,0.3224559685669269,0.7293637,True Negative
1,0.22754675,0,0,0.20692508527723538,0.3224559685669269,0.77245325,False Negative
1,0.8177577,1,1,0.683298825063514,0.8581325470922694,0.8177577,True Positive
0,0.2053636,0,1,0.32723199809064013,0.2145716226256943,0.79463637,True Negative
0,0.30871147,0,1,0.3756868036405358,0.30944831491956126,0.69128853,True Negative
1,0.82012373,1,1,0.6291539943214473,0.8668426253864182,0.82012373,True Positive
1,0.30936602,0,0,0.34463075192582904,0.3224559685669269,0.690634,False Negative
0,0.40068406,1,0,0.6036202807328528,0.3224559685669269,0.59931594,False Positive
0,0.27876154,0,1,0.2723752551380354,0.3224559685669269,0.7212385,True Negative
1,0.30361262,0,0,0.3034016540140645,0.3224559685669269,0.6963874,False Negative
1,0.7726638,1,1,0.2830344944717394,0.8104809430246499,0.7726638,True Positive
0,0.3366074,0,1,0.4534780783905476,0.3224559685669269,0.6633926,True Negative
0,0.19184572,0,1,0.27958931253767483,0.2277436850637543,0.8081543,True Negative
0,0.31259355,0,1,0.3675736192083021,0.3224559685669269,0.6874064,True Negative
1,0.5909014,1,1,0.4042832303864171,0.5808995653044666,0.5909014,True Positive
0,0.6159611,1,0,0.5080946046653634,0.5808995653044666,0.6159611,False Positive
0,0.20728122,0,1,0.29147215942374477,0.2443786136573562,0.79271877,True Negative
1,0.79758394,1,1,0.6729998032666608,0.8221375448612186,0.79758394,True Positive
0,0.22745816,0,1,0.3455359813761261,0.2277436850637543,0.7725418,True Negative
1,0.79692477,1,1,0.647977019389698,0.8229207890519311,0.79692477,True Positive
0,0.31905913,0,1,0.39713175126042993,0.3224559685669269,0.68094087,True Negative
0,0.27922034,0,1,0.4312843428509474,0.2145716226256943,0.72077966,True Negative
1,0.46787512,1,1,0.5573268697018842,0.4198243176396146,0.5321249,True Positive
1,0.3128607,0,0,0.3694669404702359,0.3224559685669269,0.6871393,False Negative
0,0.17890273,0,1,0.22078979082832476,0.2443786136573562,0.82109725,True Negative
0,0.34102443,0,1,0.4671123096112425,0.3224559685669269,0.6589756,True Negative
1,0.33950418,0,0,0.4626359173531628,0.3224559685669269,0.6604958,False Negative
0,0.1744552,0,1,0.22958305352136252,0.2145716226256943,0.82554483,True Negative
1,0.8165331,1,1,0.5233369507463738,0.8681993219042158,0.8165331,True Positive
1,0.27327108,0,0,0.2657541387290919,0.3224559685669269,0.7267289,False Negative
0,0.18542753,0,1,0.12004742347508668,0.3224559685669269,0.81457245,True Negative
1,0.7752072,1,1,0.5708933979429889,0.7923054199113425,0.7752072,True Positive
0,0.30725774,0,1,0.3295726885088917,0.3224559685669269,0.6927422,True Negative
0,0.8255411,1,0,0.6981772928018367,0.8720183392353319,0.8255411,False Positive
1,0.7113595,1,1,0.6288315943934482,0.6927128880524785,0.7113595,True Positive
1,0.799443,1,1,0.705126442472809,0.8229207890519311,0.799443,True Positive
1,0.18614241,0,0,0.12336575438426173,0.3224559685669269,0.81385756,False Negative
1,0.6309248,1,1,0.550769613515033,0.5887617041467856,0.6309248,True Positive
1,0.8244975,1,1,0.7210669439195022,0.8681993219042158,0.8244975,True Positive
1,0.7857526,1,1,0.40058092378457666,0.8229207890519311,0.7857526,True Positive
0,0.33464327,0,1,0.44724662234219115,0.3224559685669269,0.66535676,True Negative
0,0.33336613,0,1,0.32204956988762745,0.36953306897800275,0.66663384,True Negative
0,0.37817442,1,0,0.5531521560592779,0.3224559685669269,0.6218256,False Positive
0,0.30580577,0,1,0.31916880716068907,0.3224559685669269,0.6941942,True Negative
1,0.604346,1,1,0.4599946859180518,0.5808995653044666,0.604346,True Positive
1,0.77014387,1,1,0.25060831768510955,0.8089465035536259,0.77014387,True Positive
0,0.304246,0,1,0.5014675902698935,0.2277436850637543,0.695754,True Negative
0,0.5994386,1,0,0.38177391234549507,0.5887617041467856,0.5994386,False Positive
1,0.29241222,0,0,0.28812347944992656,0.3224559685669269,0.7075878,False Negative
0,0.34295946,0,1,0.4716953458078301,0.3224559685669269,0.65704054,True Negative
0,0.6229372,1,0,0.5370291807622246,0.5808995653044666,0.6229372,False Positive
1,0.7757312,1,1,0.18653739005989864,0.8229207890519311,0.7757312,True Positive
1,0.34768346,0,0,0.48283281181247945,0.3224559685669269,0.6523166,False Negative
1,0.41624275,1,1,0.6379444496148412,0.3224559685669269,0.5837573,True Positive
1,0.8296803,1,1,0.6207540715130434,0.8862273197211478,0.8296803,True Positive
1,0.82202303,1,1,0.38190405548508105,0.8896487431186482,0.82202303,True Positive
0,0.5688013,1,0,0.5841867693615898,0.5023260208125733,0.5688013,False Positive
1,0.83618015,1,1,0.40226873737514063,0.9163702245349635,0.83618015,True Positive
0,0.2592251,0,1,0.2484252573000815,0.3224559685669269,0.74077487,True Negative
0,0.37364274,1,0,0.6145364662100312,0.2711924289150009,0.62635726,False Positive
1,0.7940402,1,1,0.5831571378657567,0.8229207890519311,0.7940402,True Positive
1,0.8455781,1,1,0.626499067856332,0.9188951452610044,0.8455781,True Positive
1,0.29549253,0,0,0.4466408046491758,0.2277436850637543,0.70450747,False Negative
1,0.26239434,0,0,0.39059571333599385,0.22960807557512614,0.7376057,False Negative
1,0.38085225,1,1,0.6627183133071967,0.2443786136573562,0.6191478,True Positive
1,0.3089928,0,0,0.3419691467959292,0.3224559685669269,0.6910072,False Negative
1,0.7990918,1,1,0.6971237956982337,0.8229207890519311,0.7990918,True Positive
0,0.81997174,1,0,0.6727742835240536,0.8631731720278146,0.81997174,False Positive
1,0.25439557,0,0,0.24232734531979627,0.3224559685669269,0.7456044,False Negative
1,0.30767632,0,0,0.3325668087634039,0.3224559685669269,0.6923237,False Negative
1,0.4064429,1,1,0.4643005464585215,0.39944705028900235,0.5935571,True Positive
0,0.1829912,0,1,0.2886262416594068,0.18588725224198227,0.8170088,True Negative
0,0.4090858,1,0,0.6222056026915985,0.3224559685669269,0.5909142,False Positive
1,0.8125614,1,1,0.466291157784419,0.8651734654441031,0.8125614,True Positive
0,0.17334342,0,1,0.1653774898066497,0.254530491501975,0.8266566,True Negative
1,0.32359952,0,0,0.4418034657544127,0.30944831491956126,0.6764005,False Negative
0,0.2507249,0,1,0.237641549248907,0.3224559685669269,0.7492751,True Negative
1,0.8425523,1,1,0.43388823956652833,0.9273022231603397,0.8425523,True Positive
1,0.78873897,1,1,0.6462236115533817,0.8089465035536259,0.78873897,True Positive
0,0.7964721,1,0,0.6377589684384606,0.8229207890519311,0.7964721,False Positive
0,0.4105991,1,0,0.6255403483152294,0.3224559685669269,0.5894009,False Positive
0,0.35746032,1,0,0.5056625122892031,0.3224559685669269,0.6425397,False Positive
0,0.17334342,0,1,0.06120446375901228,0.18588725224198227,0.8266566,True Negative
1,0.5646234,1,1,0.5680551885621665,0.5023260208125733,0.5646234,True Positive
0,0.29934514,0,1,0.2956555534987921,0.3224559685669269,0.70065486,True Negative
0,0.34486148,0,1,0.39334065834095777,0.3593749866294791,0.6551385,True Negative
1,0.32146877,0,0,0.5491364690846413,0.2277436850637543,0.6785312,False Negative
1,0.79239845,1,1,0.5465663831446678,0.8229207890519311,0.79239845,True Positive
1,0.80190206,1,1,0.7614556417638958,0.8229207890519311,0.80190206,True Positive
0,0.34757936,0,1,0.48258817129976855,0.3224559685669269,0.65242064,True Negative
1,0.28493646,0,0,0.41924695058202266,0.2277436850637543,0.7150636,False Negative
1,0.7957534,1,1,0.7204459253014112,0.8152643791598343,0.7957534,True Positive
0,0.5175147,1,0,0.3324580036115327,0.5183864600203852,0.5175147,False Positive
1,0.8114129,1,1,0.3379146299650464,0.872984803747884,0.8114129,True Positive
0,0.30693075,0,1,0.32723199809064013,0.3224559685669269,0.6930692,True Negative
1,0.33955142,0,0,0.46278491419596496,0.3224559685669269,0.66044855,False Negative
1,0.77115095,1,1,0.2516231548070535,0.8104809430246499,0.77115095,True Positive
1,0.78573596,1,1,0.4002189130991991,0.8229207890519311,0.78573596,True Positive
1,0.6928596,1,1,0.651946860897408,0.6658769210536959,0.6928596,True Positive
0,0.33331916,0,1,0.4430355684747663,0.3224559685669269,0.6666808,True Negative
0,0.8326537,1,0,0.731667023626102,0.8836369633925153,0.8326537,False Positive
0,0.39220822,1,0,0.5179126913317863,0.3593749866294791,0.6077918,False Positive
0,0.8160408,1,0,0.6706485627452848,0.8558626465231992,0.8160408,False Positive
0,0.53876513,1,0,0.2522278063947348,0.5614891351989582,0.53876513,False Positive
1,0.7463118,1,1,0.5284597291201103,0.7506043555527174,0.7463118,True Positive
0,0.3516894,1,0,0.49222198647395193,0.3224559685669269,0.6483106,False Positive
1,0.8281925,1,1,0.48208933476860116,0.8939947616059489,0.8281925,True Positive
0,0.58297634,1,0,0.2706772369306113,0.5887617041467856,0.58297634,False Positive
1,0.51520723,1,1,0.7482577550100842,0.37749705456807175,0.51520723,True Positive
0,0.2976873,0,1,0.4447071996139926,0.2371991162543227,0.7023127,True Negative
1,0.80335176,1,1,0.6329428831251442,0.835463035297584,0.80335176,True Positive
1,0.64488035,1,1,0.41850452929216786,0.6225482481340975,0.64488035,True Positive
1,0.81882954,1,1,0.5178536329976,0.872984803747884,0.81882954,True Positive
1,0.31889746,0,0,0.5430863792408794,0.2277436850637543,0.6811025,False Negative
1,0.79028106,1,1,0.49968697399026113,0.8229207890519311,0.79028106,True Positive
0,0.29428548,0,1,0.4383129029932703,0.2277436850637543,0.7057145,True Negative
1,0.6320598,1,1,0.5283056833154882,0.5945768067618096,0.6320598,True Positive
0,0.1906927,0,1,0.14426097220978407,0.3224559685669269,0.80930734,True Negative
1,0.79926723,1,1,0.7011202439870396,0.8229207890519311,0.79926723,True Positive
0,0.8057461,1,0,0.28338120147783247,0.8668426253864182,0.8057461,False Positive
0,0.8203869,1,0,0.5563611921285789,0.872984803747884,0.8203869,False Positive
1,0.8256211,1,1,0.5501709241142203,0.8836369633925153,0.8256211,True Positive
0,0.6641803,1,0,0.5531521560592779,0.6362886723501479,0.6641803,False Positive
1,0.5169153,1,1,0.6477462069301068,0.4198243176396146,0.5169153,True Positive
1,0.32842353,0,0,0.42739215539089354,0.3224559685669269,0.6715765,False Negative
0,0.57942295,1,0,0.6253757543028126,0.5023260208125733,0.57942295,False Positive
1,0.7895857,1,1,0.48436738708605886,0.8229207890519311,0.7895857,True Positive
1,0.37388164,1,1,0.5434005105535054,0.3224559685669269,0.62611836,True Positive
0,0.32643566,0,1,0.4210063075577171,0.3224559685669269,0.6735643,True Negative
1,0.5679965,1,1,0.2621417834964612,0.5808995653044666,0.5679965,True Positive
0,0.63755155,1,0,0.34055322092194246,0.6195660757163984,0.63755155,False Positive
0,0.32075304,0,1,0.40263945889374675,0.3224559685669269,0.67924696,True Negative
0,0.35732138,1,0,0.40383053372787064,0.3705311829857024,0.6426786,False Positive
0,0.3924081,1,0,0.36065974140517354,0.4198243176396146,0.60759187,False Positive
0,0.2863811,0,1,0.2813817747168861,0.3224559685669269,0.7136189,True Negative
0,0.3777759,1,0,0.5522488371450153,0.3224559685669269,0.6222241,False Positive
1,0.80014896,1,1,0.7212444575761472,0.8229207890519311,0.80014896,True Positive
1,0.40528938,1,1,0.4010567310057031,0.4198243176396146,0.5947106,True Positive
1,0.7558795,1,1,0.347168695505842,0.7791323864266053,0.7558795,True Positive
0,0.23482388,0,1,0.35651490839280486,0.2277436850637543,0.7651761,True Negative
1,0.5289223,1,1,0.4314043183799848,0.5023260208125733,0.5289223,True Positive
0,0.38266245,1,0,0.5633010487410388,0.3224559685669269,0.6173376,False Positive
0,0.28650036,0,1,0.2815158977818953,0.3224559685669269,0.71349967,True Negative
1,0.32352868,0,0,0.4116316544666267,0.3224559685669269,0.67647135,False Negative
1,0.40749815,1,1,0.6187029590557713,0.3224559685669269,0.5925019,True Positive
1,0.6380902,1,1,0.5965290030251258,0.5928046767128953,0.6380902,True Positive
0,0.23603424,0,1,0.3582959919684504,0.2277436850637543,0.7639657,True Negative
0,0.7864114,1,0,0.40325746958396147,0.8238226279389818,0.7864114,False Positive
0,0.71401215,1,0,0.3185231591843303,0.7204096968208907,0.71401215,False Positive
0,0.2568505,0,1,0.3627448909363899,0.2443786136573562,0.7431495,True Negative
0,0.30792165,0,1,0.3343205471848381,0.3224559685669269,0.69207835,True Negative
0,0.5720295,1,0,0.2889765452858823,0.5808995653044666,0.5720295,False Positive
1,0.78388804,1,1,0.3602183956991705,0.8229207890519311,0.78388804,True Positive
0,0.6651589,1,0,0.7050056858103984,0.6195660757163984,0.6651589,False Positive
0,0.32523692,0,1,0.4171458081356179,0.3224559685669269,0.6747631,True Negative
0,0.1777488,0,1,0.23180539167371772,0.2277436850637543,0.8222512,True Negative
1,0.78653383,1,1,0.5909899020639486,0.8094914427322766,0.78653383,True Positive
1,0.3868136,1,1,0.5726480303280813,0.3224559685669269,0.61318636,True Positive
1,0.6130474,1,1,0.49597958812099174,0.5808995653044666,0.6130474,True Positive
0,0.46552452,1,0,0.6420902245967312,0.37827264171131547,0.53447545,False Positive
0,0.3398555,0,1,0.46374391996106606,0.3224559685669269,0.6601445,True Negative
1,0.78679436,1,1,0.5221155525085253,0.8152643791598343,0.78679436,True Positive
1,0.1778931,0,0,0.23235319594832513,0.2277436850637543,0.8221069,False Negative
1,0.80598986,1,1,0.6343929921514955,0.8401023082290429,0.80598986,True Positive
1,0.64974535,1,1,0.5970654956694403,0.6120988163920374,0.64974535,True Positive
1,0.36471516,1,1,0.5224238632508513,0.3224559685669269,0.63528484,True Positive
1,0.7832638,1,1,0.3467612941781424,0.8229207890519311,0.7832638,True Positive
1,0.80641365,1,1,0.2814730316296352,0.8681993219042158,0.80641365,True Positive
0,0.8151263,1,0,0.34282478819641543,0.8795270901422535,0.8151263,False Positive
0,0.850747,1,0,0.5093898502931438,0.9393268488667549,0.850747,False Positive
1,0.68700016,1,1,0.2650885350936901,0.6880801665280013,0.68700016,True Positive
1,0.20379116,0,0,0.19251970773478314,0.30944831491956126,0.79620886,False Negative
1,0.7452424,1,1,0.3130709931639363,0.7656867685366782,0.7452424,True Positive
0,0.1826032,0,1,0.10494161663577371,0.3224559685669269,0.8173968,True Negative
0,0.17305756,0,1,0.0608097698435675,0.2443786136573562,0.82694244,True Negative
1,0.33338362,0,0,0.5105088080687092,0.28253633242445875,0.6666164,False Negative
0,0.37434247,1,0,0.5444495887748746,0.3224559685669269,0.62565756,False Positive
1,0.3436941,0,0,0.4734321846028365,0.3224559685669269,0.6563059,False Negative
1,0.80233276,1,1,0.18666260241829621,0.8681993219042158,0.80233276,True Positive
1,0.25569838,0,0,0.2439797162090581,0.3224559685669269,0.7443016,False Negative
0,0.30511832,0,1,0.3142334222829034,0.3224559685669269,0.6948817,True Negative
0,0.83240914,1,0,0.21667893307403177,0.9230195940095115,0.83240914,False Positive
1,0.30827412,0,0,0.33683925786920804,0.3224559685669269,0.69172585,False Negative
1,0.34453467,0,0,0.6336715874478646,0.20186480553435301,0.65546536,False Negative
1,0.7711177,1,1,0.2707511459098878,0.8089465035536259,0.7711177,True Positive
1,0.564676,1,1,0.5682581365902377,0.5023260208125733,0.564676,True Positive
0,0.21016988,0,1,0.2961049333355025,0.2443786136573562,0.7898301,True Negative
0,0.40071407,1,0,0.6036868461048546,0.3224559685669269,0.59928596,False Positive
1,0.80002266,1,1,0.7183577110167414,0.8229207890519311,0.80002266,True Positive
0,0.39530298,1,0,0.5916497074887205,0.3224559685669269,0.604697,False Positive
0,0.5794652,1,0,0.6255403483152294,0.5023260208125733,0.5794652,False Positive
1,0.7854428,1,1,0.5578976860663061,0.8102179695156084,0.7854428,True Positive
1,0.4071919,1,1,0.40601894421365864,0.4198243176396146,0.5928081,True Positive
0,0.38243607,1,0,0.32674970007105614,0.4198243176396146,0.61756396,False Positive
0,0.7730223,1,0,0.5168479459545224,0.7929532740131985,0.7730223,False Positive
0,0.32262602,0,1,0.40871185698141765,0.3224559685669269,0.677374,True Negative
0,0.45609775,1,0,0.5315453580169427,0.4198243176396146,0.5439023,False Positive
0,0.28755274,0,1,0.2826980471260309,0.3224559685669269,0.7124473,True Negative
0,0.37968215,1,0,0.5565667994873195,0.3224559685669269,0.6203178,False Positive
0,0.17334342,0,1,0.11580357854751284,0.18588725224198227,0.8266566,True Negative
1,0.34704477,0,0,0.4010567310057031,0.3593749866294791,0.65295523,False Negative
1,0.79376656,1,1,0.3028497738724148,0.8441536131014379,0.79376656,True Positive
1,0.80928653,1,1,0.5905464049029183,0.8495049497194247,0.80928653,True Positive
0,0.2727229,0,1,0.2650885350936901,0.3224559685669269,0.7272771,True Negative
1,0.83308506,1,1,0.7095442931339399,0.8862273197211478,0.83308506,True Positive
1,0.365889,1,1,0.45762822719853863,0.35974354470582043,0.634111,True Positive
1,0.43490326,1,1,0.6786348369269148,0.3224559685669269,0.56509674,True Positive
1,0.72631717,1,1,0.12482361715138614,0.7526966065257426,0.72631717,True Positive
0,0.3128952,0,1,0.36971133923526195,0.3224559685669269,0.6871048,True Negative
1,0.78595346,1,1,0.4049438893464991,0.8229207890519311,0.78595346,True Positive
1,0.7311577,1,1,0.24136331170263964,0.7506043555527174,0.7311577,True Positive
0,0.78555727,1,0,0.39634121996724986,0.8229207890519311,0.78555727,False Positive
0,0.38290203,1,0,0.7032544789857579,0.2145716226256943,0.617098,False Positive
0,0.51713836,1,0,0.7047053795059088,0.39843851524126905,0.51713836,False Positive
0,0.415435,1,0,0.42743726790151454,0.4198243176396146,0.58456504,False Positive
0,0.20331877,0,1,0.33763374431620713,0.20186480553435301,0.7966812,True Negative
0,0.5877707,1,0,0.39104985467490555,0.5808995653044666,0.5877707,False Positive
1,0.7715033,1,1,0.6637528150325667,0.7791323864266053,0.7715033,True Positive
1,0.7934872,1,1,0.7512674186702638,0.8089465035536259,0.7934872,True Positive
0,0.8178204,1,0,0.5548377763413733,0.8681993219042158,0.8178204,False Positive
1,0.79480124,1,1,0.2568937143249924,0.8495049497194247,0.79480124,True Positive
1,0.35660687,1,1,0.2546134879282946,0.4142168986196265,0.64339316,True Positive
0,0.36458117,1,0,0.5221155525085253,0.3224559685669269,0.63541883,False Positive
1,0.842016,1,1,0.6934410995634818,0.9060602232095631,0.842016,True Positive
0,0.20329481,0,1,0.3050940849969289,0.22960807557512614,0.7967052,True Negative
0,0.17313042,0,1,0.11580357854751284,0.29270157150265674,0.8268696,True Negative
0,0.1772614,0,1,0.2824905718180204,0.17094313538926117,0.8227386,True Negative
1,0.30695462,0,0,0.36312784963320593,0.30944831491956126,0.6930454,False Negative
1,0.63356894,1,1,0.6170187596990023,0.5808995653044666,0.63356894,True Positive
0,0.6087259,1,0,0.4419157396650821,0.5880186697478524,0.6087259,False Positive
1,0.34496653,0,0,0.4764360417273234,0.3224559685669269,0.65503347,False Negative
0,0.507763,1,0,0.631397571232827,0.4198243176396146,0.507763,False Positive
0,0.26139256,0,1,0.2511378485039682,0.3224559685669269,0.7386074,True Negative
1,0.30403927,0,0,0.3064738908010947,0.3224559685669269,0.69596076,False Negative
1,0.32428554,0,0,0.4140766705662009,0.3224559685669269,0.6757145,False Negative
1,0.8259808,1,1,0.6968668985229659,0.872984803747884,0.8259808,True Positive
1,0.8131735,1,1,0.4810014679158562,0.8651734654441031,0.8131735,True Positive
1,0.19227387,0,0,0.15059566042948236,0.3224559685669269,0.80772614,False Negative
1,0.8200967,1,1,0.6500385036119145,0.8651734654441031,0.8200967,True Positive
1,0.7733389,1,1,0.1364559179641681,0.8229207890519311,0.7733389,True Positive
1,0.5850417,1,1,0.6203460488872968,0.5104475793610479,0.5850417,True Positive
1,0.30102146,0,0,0.48889803232557866,0.22532229436802217,0.69897854,False Negative
1,0.79194987,1,1,0.5366051893456556,0.8229207890519311,0.79194987,True Positive
1,0.7878836,1,1,0.627485181522309,0.8089465035536259,0.7878836,True Positive
0,0.33210343,0,1,0.3142334222829034,0.36953306897800275,0.66789657,True Negative
1,0.32371613,0,0,0.302326815230275,0.3593749866294791,0.67628384,False Negative
0,0.342821,0,1,0.47136776971346606,0.3224559685669269,0.657179,True Negative
0,0.21804543,0,1,0.1937008066610462,0.3224559685669269,0.7819546,True Negative
1,0.6147665,1,1,0.7114803128298031,0.5183864600203852,0.6147665,True Positive
0,0.2590501,0,1,0.24820560651945392,0.3224559685669269,0.74094987,True Negative
1,0.8320852,1,1,0.4272049354275324,0.9060602232095631,0.8320852,True Positive
0,0.17334342,0,1,0.12437305323112423,0.22532229436802217,0.8266566,True Negative
0,0.5978144,1,0,0.6973963799552318,0.5023260208125733,0.5978144,False Positive
0,0.27765283,0,1,0.27104479999259823,0.3224559685669269,0.72234714,True Negative
0,0.30066246,0,1,0.48208933476860116,0.2277436850637543,0.69933754,True Negative
0,0.33029893,0,1,0.433398591800638,0.3224559685669269,0.6697011,True Negative
0,0.43321303,1,0,0.6749676159337371,0.3224559685669269,0.566787,False Positive
1,0.21448727,0,0,0.18864197265592017,0.3224559685669269,0.78551275,False Negative
1,0.4047379,1,1,0.3996168918083411,0.4198243176396146,0.5952621,True Positive
0,0.35169753,1,0,0.4922410006007938,0.3224559685669269,0.64830244,False Positive
1,0.77009845,1,1,0.24967211575536788,0.8089465035536259,0.77009845,True Positive
1,0.6028497,1,1,0.4538349992157121,0.5808995653044666,0.6028497,True Positive
1,0.3102476,0,0,0.3509105856404432,0.3224559685669269,0.6897524,False Negative
1,0.8029995,1,1,0.6601341189327047,0.8327266243569362,0.8029995,True Positive
0,0.79882395,1,0,0.6910273581311895,0.8229207890519311,0.79882395,False Positive
0,0.3021437,0,1,0.5093898502931438,0.21718063473000876,0.6978563,True Negative
0,0.56467605,1,0,0.5682581365902377,0.5023260208125733,0.56467605,False Positive
1,0.83650404,1,1,0.3509105856404432,0.9210172145420631,0.83650404,True Positive
1,0.74673486,1,1,0.52272194983533,0.7516816089153107,0.74673486,True Positive
1,0.35738316,1,1,0.611089188614792,0.2443786136573562,0.64261687,True Positive
0,0.43645674,1,0,0.5818883855495949,0.37749705456807175,0.56354326,False Positive
1,0.2743453,0,0,0.2670560501644002,0.3224559685669269,0.7256547,False Negative
0,0.43298113,1,0,0.47263602255609144,0.4198243176396146,0.56701887,False Positive
0,0.22859539,0,1,0.4087585776475425,0.1792057255927322,0.7714046,True Negative
1,0.8229917,1,1,0.6831531993734935,0.8681993219042158,0.8229917,True Positive
1,0.34540173,0,0,0.4774622564986838,0.3224559685669269,0.65459824,False Negative
1,0.81792146,1,1,0.3937736768469632,0.8808636638193584,0.81792146,True Positive
0,0.7644792,1,0,0.5209780924901714,0.7790279422401977,0.7644792,False Positive
1,0.8430882,1,1,0.5606765434795803,0.9186292786582868,0.8430882,True Positive
0,0.35800803,1,0,0.47850300232829046,0.33816238294079354,0.641992,False Positive
1,0.78548336,1,1,0.3947363261843831,0.8229207890519311,0.78548336,True Positive
1,0.5796223,1,1,0.5728945588131334,0.5183864600203852,0.5796223,True Positive
1,0.56423986,1,1,0.14572916487602633,0.5887617041467856,0.56423986,True Positive
0,0.1931581,0,1,0.15353362191702005,0.3224559685669269,0.8068419,True Negative
0,0.34103847,0,1,0.24288663160296348,0.3966111583484707,0.65896153,True Negative
0,0.35508585,1,0,0.50014429358242,0.3224559685669269,0.64491415,False Positive
1,0.7910377,1,1,0.3897695236938683,0.8327266243569362,0.7910377,True Positive
0,0.17334342,0,1,0.1502456654386879,0.2145716226256943,0.8266566,True Negative
0,0.8167917,1,0,0.33029411150892357,0.8836369633925153,0.8167917,False Positive
0,0.25715283,0,1,0.36312784963320593,0.2443786136573562,0.7428472,True Negative
1,0.8084685,1,1,0.32978855375921795,0.8681993219042158,0.8084685,True Positive
0,0.30601662,0,1,0.32068122499899593,0.3224559685669269,0.6939834,True Negative
1,0.56959975,1,1,0.2728027808939088,0.5808995653044666,0.56959975,True Positive
1,0.77600205,1,1,0.5638152149304965,0.7941462814391789,0.77600205,True Positive
1,0.38861418,1,1,0.576690589760697,0.3224559685669269,0.6113858,True Positive
0,0.22412868,0,1,0.3178604484154735,0.2443786136573562,0.77587134,True Negative
0,0.1993889,0,1,0.30113583911748987,0.2277436850637543,0.8006111,True Negative
0,0.69345236,1,0,0.6621354395964026,0.6658769210536959,0.69345236,False Positive
1,0.6577481,1,1,0.6150679797607238,0.6225482481340975,0.6577481,True Positive
1,0.80823064,1,1,0.3526949309359426,0.8659908891924971,0.80823064,True Positive
1,0.3931142,1,1,0.5867644999754307,0.3224559685669269,0.6068858,True Positive
0,0.29236317,0,1,0.5003767218027388,0.18588725224198227,0.70763683,True Negative
0,0.24542874,0,1,0.23079938232432534,0.3224559685669269,0.75457126,True Negative
0,0.30675507,0,1,0.3259739200624587,0.3224559685669269,0.69324493,True Negative
1,0.8191782,1,1,0.588251148105666,0.8681993219042158,0.8191782,True Positive
0,0.6279135,1,0,0.5224307202611955,0.5887617041467856,0.6279135,False Positive
0,0.6789301,1,0,0.415555715424214,0.6658769210536959,0.6789301,False Positive
1,0.25069332,0,0,0.43605304469914785,0.18588725224198227,0.7493067,False Negative
0,0.31130534,0,1,0.35843211314743795,0.3224559685669269,0.68869466,True Negative
1,0.60850847,1,1,0.6727150969363432,0.5225439561212515,0.60850847,True Positive
1,0.79314387,1,1,0.5899188379033241,0.8208481955264905,0.79314387,True Positive
0,0.18162286,0,1,0.09301288567607068,0.3224559685669269,0.81837714,True Negative
1,0.7961588,1,1,0.5202319892936729,0.8314749301764279,0.7961588,True Positive
1,0.44116396,1,1,0.6921908158638848,0.3224559685669269,0.55883604,True Positive
0,0.23191167,0,1,0.3295726885088917,0.2443786136573562,0.76808834,True Negative
1,0.8444399,1,1,0.6547315416347401,0.9142487930614842,0.8444399,True Positive
1,0.46597174,1,1,0.25413740596095047,0.5023260208125733,0.5340283,True Positive
1,0.44781575,1,1,0.5105088080687092,0.4198243176396146,0.5521842,True Positive
0,0.74598306,1,0,0.5221155525085253,0.7506043555527174,0.74598306,False Positive
1,0.3032982,0,0,0.30113583911748987,0.3224559685669269,0.69670177,False Negative
0,0.6130973,1,0,0.4567277676243596,0.5887617041467856,0.6130973,False Positive
1,0.73922515,1,1,0.5609213693250795,0.7375900180233407,0.73922515,True Positive
1,0.78864694,1,1,0.46374391996106606,0.8229207890519311,0.78864694,True Positive
1,0.45795768,1,1,0.7283662532956637,0.3224559685669269,0.5420423,True Positive
0,0.34703028,0,1,0.504842341521688,0.30944831491956126,0.6529697,True Negative
1,0.7854428,1,1,0.574317077175363,0.8089465035536259,0.7854428,True Positive
1,0.82904744,1,1,0.6044038093743211,0.8862273197211478,0.82904744,True Positive
0,0.33069462,0,1,0.43466366889202773,0.3224559685669269,0.6693054,True Negative
1,0.8073692,1,1,0.24209351280859082,0.872984803747884,0.8073692,True Positive
0,0.45278803,1,0,0.5728945588131334,0.39944705028900235,0.547212,False Positive
1,0.3366074,0,0,0.4534780783905476,0.3224559685669269,0.6633926,False Negative
1,0.6939168,1,1,0.7423721494563902,0.6602823274391666,0.6939168,True Positive
0,0.23206799,0,1,0.2130808211629125,0.3224559685669269,0.767932,True Negative
1,0.8093152,1,1,0.41471751972480403,0.8631731720278146,0.8093152,True Positive
0,0.57627475,1,0,0.5259791539084064,0.5286105819487009,0.57627475,False Positive
1,0.858417,1,1,0.46251709504326904,0.9604323479151904,0.858417,True Positive
1,0.19264701,0,0,0.35671821588401786,0.14360452046845526,0.807353,False Negative
0,0.3334049,0,1,0.4433084375535867,0.3224559685669269,0.6665951,True Negative
1,0.79865146,1,1,0.343805967382781,0.8495049497194247,0.79865146,True Positive
1,0.80373806,1,1,0.15734411498057246,0.872984803747884,0.80373806,True Positive
0,0.32026574,0,1,0.4010567310057031,0.3224559685669269,0.67973423,True Negative
0,0.33344656,0,1,0.44344102073042185,0.3224559685669269,0.66655344,True Negative
1,0.80429775,1,1,0.6417930747023106,0.8364760338680635,0.80429775,True Positive
1,0.8190619,1,1,0.5853800399721747,0.8681993219042158,0.8190619,True Positive
1,0.31650648,0,0,0.3888020425333944,0.3224559685669269,0.6834935,False Negative
0,0.17334342,0,1,0.1309956197650703,0.2277436850637543,0.8266566,True Negative
1,0.81746864,1,1,0.39992950662033694,0.8795270901422535,0.81746864,True Positive
0,0.7932923,1,0,0.30885555403258336,0.8428691535182296,0.7932923,False Positive
1,0.80221957,1,1,0.6187029590557713,0.8345412917472543,0.80221957,True Positive
0,0.3112688,0,1,0.35817257061016555,0.3224559685669269,0.6887312,True Negative
0,0.32708213,0,1,0.4230852462109567,0.3224559685669269,0.67291784,True Negative
0,0.7975535,1,0,0.5328851003717726,0.8329341871736559,0.7975535,False Positive
1,0.2609685,0,0,0.25060831768510955,0.3224559685669269,0.7390315,False Negative
1,0.21918435,0,0,0.19530754496509015,0.3224559685669269,0.78081566,False Negative
0,0.3366074,0,1,0.4534780783905476,0.3224559685669269,0.6633926,True Negative
1,0.7796508,1,1,0.10745277041004894,0.835463035297584,0.7796508,True Positive
1,0.78717935,1,1,0.5331272131891823,0.8150618887801195,0.78717935,True Positive
0,0.18533291,0,1,0.11960748457257543,0.3224559685669269,0.8146671,True Negative
0,0.59517014,1,0,0.6869801475559574,0.5023260208125733,0.59517014,False Positive
1,0.77704096,1,1,0.3781575396393022,0.8102179695156084,0.77704096,True Positive
0,0.30403927,0,1,0.3064738908010947,0.3224559685669269,0.69596076,True Negative
0,0.28377783,0,1,0.35771948681567983,0.2711924289150009,0.71622217,True Negative
0,0.36500743,1,0,0.5230960233257319,0.3224559685669269,0.6349926,False Positive
1,0.7784517,1,1,0.34282478819641543,0.8152643791598343,0.7784517,True Positive
0,0.3103412,0,1,0.3873016793631253,0.30944831491956126,0.68965876,True Negative
1,0.17977004,0,0,0.1008201475979316,0.3159515869888179,0.82022995,False Negative
0,0.3818793,1,0,0.5615334084067833,0.3224559685669269,0.6181207,False Positive
1,0.8224929,1,1,0.6706485627452848,0.8681993219042158,0.8224929,True Positive
1,0.6465907,1,1,0.7082982554547872,0.5887617041467856,0.6465907,True Positive
0,0.48262584,1,0,0.6379444496148412,0.39843851524126905,0.51737416,False Positive
0,0.31281877,0,1,0.5286790019774664,0.2277436850637543,0.68718123,True Negative
0,0.37846264,1,0,0.4418034657544127,0.38207346705215645,0.6215373,False Positive
0,0.22032848,0,1,0.19691544823692214,0.3224559685669269,0.77967155,True Negative
1,0.28530037,0,0,0.2801572589685746,0.3224559685669269,0.7146996,False Negative
1,0.44274417,1,1,0.6287788165245689,0.3593749866294791,0.55725586,True Positive
0,0.35684314,1,0,0.4317071142681115,0.3593749866294791,0.6431569,False Positive
1,0.59943885,1,1,0.43982293012728196,0.5808995653044666,0.59943885,True Positive
0,0.17334342,0,1,0.10722580797216702,0.14360452046845526,0.8266566,True Negative
1,0.78975093,1,1,0.48800541852257256,0.8229207890519311,0.78975093,True Positive
1,0.4394303,1,1,0.688441264317288,0.3224559685669269,0.5605697,True Positive
0,0.30322906,0,1,0.39017571211439045,0.2884906996481552,0.6967709,True Negative
1,0.81195086,1,1,0.7214755971462171,0.8442792859337949,0.81195086,True Positive
1,0.8072222,1,1,0.541850186033965,0.8495049497194247,0.8072222,True Positive
1,0.7892942,1,1,0.6419970632169957,0.8102179695156084,0.7892942,True Positive
1,0.8040894,1,1,0.6500385036119145,0.835463035297584,0.8040894,True Positive
0,0.17334342,0,1,0.18754825368682668,0.14360452046845526,0.8266566,True Negative
0,0.3628105,1,0,0.5180373999210985,0.3224559685669269,0.6371895,False Positive
1,0.32183987,0,0,0.40616531548555007,0.3224559685669269,0.67816013,False Negative
0,0.8062533,1,0,0.34262622733280296,0.8631731720278146,0.8062533,False Positive
1,0.3198822,0,0,0.3532426196781428,0.34130878911628615,0.6801178,False Negative
1,0.7806645,1,1,0.291026112728062,0.8229207890519311,0.7806645,True Positive
1,0.7733687,1,1,0.6482069723329162,0.7833403131407682,0.7733687,True Positive
0,0.7982043,1,0,0.5149814466613652,0.835463035297584,0.7982043,False Positive
1,0.74387676,1,1,0.6496526344148498,0.7375900180233407,0.74387676,True Positive
0,0.7812008,1,0,0.48294758821550215,0.8089465035536259,0.7812008,False Positive
0,0.50178653,1,0,0.6207540715130434,0.4198243176396146,0.50178653,False Positive
1,0.8231096,1,1,0.7510191449423459,0.8631731720278146,0.8231096,True Positive
0,0.31564185,0,1,0.5353887030791565,0.2277436850637543,0.6843581,True Negative
1,0.38758892,1,1,0.34456236314632854,0.41975102943384984,0.6124111,True Positive
1,0.7997776,1,1,0.5626970661520816,0.8345412917472543,0.7997776,True Positive
0,0.3258249,0,1,0.4592536392537776,0.3049865901171824,0.67417514,True Negative
0,0.34890175,0,1,0.5092386617152039,0.30944831491956126,0.65109825,True Negative
1,0.8196046,1,1,0.5987820750915459,0.8681993219042158,0.8196046,True Positive
1,0.17457378,0,0,0.21886177426134767,0.22532229436802217,0.8254262,False Negative
0,0.5102992,1,0,0.36065974140517354,0.5023260208125733,0.5102992,False Positive
1,0.42551574,1,1,0.4534649044228056,0.4198243176396146,0.5744842,True Positive
0,0.8239734,1,0,0.7078425145142119,0.8681993219042158,0.8239734,False Positive
0,0.23381664,0,1,0.21543916808502017,0.3224559685669269,0.7661834,True Negative
0,0.31832394,0,1,0.3947363261843831,0.3224559685669269,0.68167603,True Negative
0,0.17334342,0,1,0.10856835594218085,0.14360452046845526,0.8266566,True Negative
0,0.32390937,0,1,0.1541710022856096,0.4142168986196265,0.6760906,True Negative
1,0.85943085,1,1,0.5129446235601215,0.9588960540737577,0.85943085,True Positive
0,0.30820993,0,1,0.3363805239448066,0.3224559685669269,0.6917901,True Negative
1,0.30500618,0,0,0.3134276348094307,0.3224559685669269,0.69499385,False Negative
1,0.75712276,1,1,0.6408327225264336,0.7583024571283576,0.75712276,True Positive
0,0.37331697,1,0,0.5421145237823148,0.3224559685669269,0.626683,False Positive
1,0.56467605,1,1,0.5682581365902377,0.5023260208125733,0.56467605,True Positive
1,0.8038881,1,1,0.6968668985229659,0.8314749301764279,0.8038881,True Positive
1,0.80730456,1,1,0.7251181687304294,0.835463035297584,0.80730456,True Positive
1,0.17334342,0,0,0.12952684975457768,0.2277436850637543,0.8266566,False Negative
1,0.23627971,0,0,0.2650885350936901,0.29270157150265674,0.7637203,False Negative
0,0.3285203,0,1,0.42770254740682345,0.3224559685669269,0.6714797,True Negative
1,0.5682804,1,1,0.5821738113544983,0.5023260208125733,0.5682804,True Positive
1,0.63140976,1,1,0.5553428879398973,0.5887617041467856,0.63140976,True Positive
0,0.20485741,0,1,0.3233563242449654,0.21718063473000876,0.7951426,True Negative
1,0.7968633,1,1,0.1267830237006607,0.8631731720278146,0.7968633,True Positive
1,0.5407382,1,1,0.4764360417273234,0.5023260208125733,0.5407382,True Positive
0,0.34533828,0,1,0.47731273274037683,0.3224559685669269,0.6546617,True Negative
1,0.3348506,0,0,0.44790537007367653,0.3224559685669269,0.6651494,False Negative
1,0.81566167,1,1,0.4403116262373713,0.872984803747884,0.81566167,True Positive
0,0.44841048,1,0,0.5656078910486076,0.39843851524126905,0.5515895,False Positive
1,0.77307695,1,1,0.1309956197650703,0.8229207890519311,0.77307695,True Positive
1,0.74793804,1,1,0.7075544445095246,0.7391725090357393,0.74793804,True Positive
1,0.7828225,1,1,0.5177246111222796,0.8089465035536259,0.7828225,True Positive
1,0.8253447,1,1,0.5789681115448121,0.8808636638193584,0.8253447,True Positive
1,0.35474628,1,1,0.3978235886921674,0.36953306897800275,0.6452537,True Positive
0,0.22380069,0,1,0.24752661518658162,0.29270157150265674,0.77619934,True Negative
0,0.3128607,0,1,0.3694669404702359,0.3224559685669269,0.6871393,True Negative
1,0.5707015,1,1,0.2801337550183359,0.5808995653044666,0.5707015,True Positive
0,0.39580876,1,0,0.5927771075001229,0.3224559685669269,0.60419124,False Positive
0,0.35812956,1,0,0.507215027530524,0.3224559685669269,0.64187044,False Positive
0,0.3290792,0,1,0.45943690296489686,0.30944831491956126,0.6709208,True Negative
1,0.33215946,0,0,0.4953775961951653,0.29270157150265674,0.66784054,False Negative
0,0.58574855,1,0,0.6500385036119145,0.5023260208125733,0.58574855,False Positive
0,0.18010668,0,1,0.2407131464822982,0.2277436850637543,0.8198933,True Negative
1,0.8111969,1,1,0.6359692271902371,0.8495049497194247,0.8111969,True Positive
0,0.75547695,1,0,0.6895819085417305,0.7519994902215423,0.75547695,False Positive
0,0.32620782,0,1,0.4202730823034567,0.3224559685669269,0.6737922,True Negative
1,0.79224485,1,1,0.5431537475312689,0.8229207890519311,0.79224485,True Positive
1,0.7554747,1,1,0.7075544445095246,0.7506043555527174,0.7554747,True Positive
0,0.53632087,1,0,0.45958327708484686,0.5023260208125733,0.53632087,False Positive
