Recall,Precision,Threshold
1.0,0.49610983981693363,0.17220041155815125
1.0,0.49633699633699635,0.17276741564273834
1.0,0.49656436097114065,0.17305755615234375
1.0,0.49679193400549954,0.17313042283058167
1.0,0.49701971572673087,0.17334342002868652
0.9935424354243543,0.5053965274519006,0.17339374125003815
0.9935424354243543,0.5056338028169014,0.17341874539852142
0.9935424354243543,0.506109022556391,0.17345073819160461
0.9935424354243543,0.5063469675599436,0.17404495179653168
0.9935424354243543,0.506585136406397,0.17417852580547333
0.9935424354243543,0.5068235294117647,0.17427049577236176
0.9935424354243543,0.5070621468926554,0.1744551956653595
0.9935424354243543,0.5073009891662741,0.17457377910614014
0.992619926199262,0.5070688030160226,0.1748104840517044
0.992619926199262,0.5073078736445074,0.17541652917861938
0.992619926199262,0.5075471698113208,0.1758229285478592
0.992619926199262,0.5077866918357716,0.17647071182727814
0.992619926199262,0.5080264400377715,0.1770605593919754
0.992619926199262,0.5082664147378365,0.17726139724254608
0.992619926199262,0.5085066162570888,0.1776232123374939
0.992619926199262,0.5087470449172576,0.17774879932403564
0.992619926199262,0.5089877010406811,0.17789310216903687
0.9916974169741697,0.5087553241836251,0.1785215586423874
0.9916974169741697,0.5089962121212122,0.17865249514579773
0.9907749077490775,0.5087636191378494,0.178902730345726
0.9907749077490775,0.5090047393364929,0.17933516204357147
0.9907749077490775,0.5092460881934566,0.17942914366722107
0.9907749077490775,0.5094876660341556,0.17977003753185272
0.9898523985239852,0.5092548647365923,0.1798468381166458
0.9898523985239852,0.5094966761633428,0.1798676997423172
0.9898523985239852,0.5097387173396675,0.18010668456554413
0.9898523985239852,0.5099809885931559,0.1802779734134674
0.9898523985239852,0.510223490252021,0.1806105226278305
0.9898523985239852,0.5104662226450999,0.18155241012573242
0.9898523985239852,0.5107091861018562,0.18157906830310822
0.9898523985239852,0.5109523809523809,0.18162286281585693
0.9898523985239852,0.511439466158246,0.18173277378082275
0.9898523985239852,0.5116833571769194,0.18173402547836304
0.9898523985239852,0.5119274809160306,0.1818207949399948
0.9898523985239852,0.5121718377088306,0.18192200362682343
0.9898523985239852,0.5124164278892073,0.18225298821926117
0.9898523985239852,0.5126612517916865,0.1822640299797058
0.9898523985239852,0.5131516021042564,0.1822868436574936
0.9898523985239852,0.5133971291866029,0.1825076937675476
0.988929889298893,0.5131641933939685,0.18260319530963898
0.988929889298893,0.5134099616858238,0.18269741535186768
0.988929889298893,0.5136559655007187,0.18299120664596558
0.988929889298893,0.513902205177373,0.18420803546905518
0.988929889298893,0.5141486810551559,0.18432855606079102
0.988929889298893,0.5143953934740882,0.18533290922641754
0.988929889298893,0.514642342774844,0.18542753159999847
0.988929889298893,0.5148895292987512,0.18549080193042755
0.9880073800738007,0.5146564151850072,0.1855171024799347
0.9870848708487084,0.5144230769230769,0.18563081324100494
0.9870848708487084,0.5146705146705147,0.1858016550540924
0.9870848708487084,0.5149181905678537,0.1858770251274109
0.9861623616236163,0.5146846413095811,0.18603050708770752
0.9861623616236163,0.5149325626204239,0.18614241480827332
0.985239852398524,0.5146987951807229,0.18620482087135315
0.985239852398524,0.5149469623915139,0.1865951418876648
0.985239852398524,0.5151953690303908,0.1867179274559021
0.9843173431734318,0.51496138996139,0.18673911690711975
0.9843173431734318,0.5152100434572671,0.18680325150489807
0.9843173431734318,0.5154589371980677,0.18684566020965576
0.9843173431734318,0.5157080715321412,0.1870577186346054
0.9843173431734318,0.5159574468085106,0.1871006190776825
0.9833948339483395,0.5157232704402516,0.18767093122005463
0.9833948339483395,0.515972894482091,0.18799029290676117
0.9833948339483395,0.5164728682170543,0.18843689560890198
0.9833948339483395,0.5167232186136694,0.18850243091583252
0.9833948339483395,0.5169738118331717,0.1889723241329193
0.9833948339483395,0.517224648229015,0.18909302353858948
0.9833948339483395,0.5174757281553398,0.1891302615404129
0.9824723247232472,0.5172413793103449,0.18925586342811584
0.9824723247232472,0.5174927113702624,0.18974676728248596
0.9824723247232472,0.5177442877977637,0.18976445496082306
0.9824723247232472,0.5179961089494164,0.18986548483371735
0.9824723247232472,0.5182481751824818,0.19003185629844666
0.9824723247232472,0.5185004868549172,0.19068168103694916
0.9824723247232472,0.5187530443253775,0.1906926929950714
0.9824723247232472,0.5190058479532164,0.191299170255661
0.9824723247232472,0.5192588980984886,0.1913435012102127
0.9824723247232472,0.5195121951219512,0.19167450070381165
0.9824723247232472,0.5197657393850659,0.19184571504592896
0.9824723247232472,0.52001953125,0.19227387011051178
0.981549815498155,0.520039100684262,0.19264701008796692
0.9806273062730627,0.5198044009779951,0.19298361241817474
0.9797047970479705,0.5195694716242661,0.1931581050157547
0.9797047970479705,0.5198237885462555,0.19325917959213257
0.9797047970479705,0.5203331700146987,0.1934802234172821
0.9797047970479705,0.5205882352941177,0.1937384009361267
0.9787822878228782,0.5203531142717018,0.193816140294075
0.9769372693726938,0.5198821796759941,0.19444552063941956
0.9769372693726938,0.5201375245579568,0.1961382031440735
0.9769372693726938,0.5203931203931204,0.1961565911769867
0.9769372693726938,0.5209050664043285,0.19694535434246063
0.9760147601476015,0.5206692913385826,0.19721835851669312
0.9750922509225092,0.5204332840965041,0.19816571474075317
0.974169741697417,0.5201970443349754,0.19851432740688324
0.974169741697417,0.5204534253326762,0.19938890635967255
0.974169741697417,0.5209669462259496,0.19945453107357025
0.974169741697417,0.5212240868706811,0.2005806565284729
0.9732472324723247,0.5209876543209877,0.20072118937969208
0.9723247232472325,0.5207509881422925,0.20116280019283295
0.9723247232472325,0.5210084033613446,0.20128457248210907
0.9723247232472325,0.5212660731948566,0.20160070061683655
0.9723247232472325,0.5215239980207818,0.20201565325260162
0.9723247232472325,0.5217821782178218,0.20213602483272552
0.9723247232472325,0.5220406141654285,0.20216988027095795
0.9723247232472325,0.5222993062438057,0.20309948921203613
0.9723247232472325,0.5225582548339117,0.2032948136329651
0.9723247232472325,0.5228174603174603,0.2033187747001648
0.9723247232472325,0.5230769230769231,0.20337018370628357
0.9723247232472325,0.5233366434955313,0.20379115641117096
0.9714022140221402,0.5230998509687034,0.20385679602622986
0.9714022140221402,0.5233598409542743,0.20400398969650269
0.9704797047970479,0.5231228244654401,0.20485740900039673
0.9704797047970479,0.5233830845771145,0.20536360144615173
0.9704797047970479,0.5236436037829766,0.20588475465774536
0.9704797047970479,0.5239043824701195,0.2059239000082016
0.9704797047970479,0.5241654210264076,0.20649048686027527
0.9704797047970479,0.5244267198404786,0.20672771334648132
0.9704797047970479,0.5246882793017457,0.20676696300506592
0.9704797047970479,0.5249500998003992,0.2072812169790268
0.9704797047970479,0.5252121817274089,0.20736226439476013
0.9704797047970479,0.5254745254745254,0.2078176885843277
0.9704797047970479,0.5257371314342829,0.20795130729675293
0.9704797047970479,0.526,0.20818693935871124
0.9704797047970479,0.5262631315657829,0.2082251012325287
0.9695571955719557,0.526026026026026,0.20827679336071014
0.9695571955719557,0.5262894341512269,0.20905546844005585
0.9695571955719557,0.5265531062124249,0.20914708077907562
0.9686346863468634,0.5263157894736842,0.2095140963792801
0.9686346863468634,0.526579739217653,0.20955637097358704
0.9686346863468634,0.5268439538384345,0.209950789809227
0.9686346863468634,0.5271084337349398,0.21016988158226013
0.9686346863468634,0.527373179306881,0.2104559689760208
0.9686346863468634,0.5276381909547738,0.21122202277183533
0.9686346863468634,0.5279034690799397,0.213340163230896
0.9686346863468634,0.528169014084507,0.2134893536567688
0.9686346863468634,0.5284348263714141,0.213613361120224
0.9686346863468634,0.5287009063444109,0.21448726952075958
0.9677121771217713,0.528463476070529,0.2148638218641281
0.966789667896679,0.5282258064516129,0.21491272747516632
0.966789667896679,0.5284921835602622,0.21698600053787231
0.9658671586715867,0.5282542885973764,0.21753495931625366
0.9658671586715867,0.5285209490156486,0.2180454283952713
0.9658671586715867,0.5287878787878788,0.21835698187351227
0.9658671586715867,0.5290550783223851,0.21867862343788147
0.9658671586715867,0.5293225480283115,0.2187129408121109
0.9658671586715867,0.5295902883156297,0.219136044383049
0.9658671586715867,0.5298582995951417,0.21915818750858307
0.9658671586715867,0.530126582278481,0.21918435394763947
0.9649446494464945,0.5298885511651469,0.22013309597969055
0.9649446494464945,0.5301571211353269,0.22032848000526428
0.9649446494464945,0.5309644670050762,0.2221563160419464
0.9649446494464945,0.5312341289994922,0.22245927155017853
0.9649446494464945,0.5315040650406504,0.2234937846660614
0.9640221402214022,0.5312658871377732,0.2238006889820099
0.9640221402214022,0.5315361139369278,0.2239162027835846
0.9640221402214022,0.5318066157760815,0.22412867844104767
0.9640221402214022,0.5320773930753564,0.22506281733512878
0.9640221402214022,0.5323484462557311,0.2252364158630371
0.9640221402214022,0.5328913819479857,0.22564607858657837
0.9630996309963099,0.5326530612244897,0.2264590561389923
0.9630996309963099,0.5329249617151608,0.22742030024528503
0.9630996309963099,0.533197139938713,0.2274581640958786
0.9630996309963099,0.5334695963208993,0.22754675149917603
0.9621771217712177,0.5335038363171356,0.22766323387622833
0.9621771217712177,0.5340501792114696,0.22859539091587067
0.9621771217712177,0.5343237704918032,0.22887958586215973
0.9612546125461254,0.5340850845720143,0.2291899174451828
0.9612546125461254,0.5343589743589744,0.2297913134098053
0.9603321033210332,0.5341200615700359,0.22983373701572418
0.9603321033210332,0.534394250513347,0.23021380603313446
0.959409594095941,0.5341551104262968,0.23084525763988495
0.959409594095941,0.5344295991778006,0.23104345798492432
0.959409594095941,0.5347043701799485,0.23191167414188385
0.959409594095941,0.5349794238683128,0.2320679873228073
0.959409594095941,0.5352547606793618,0.23268233239650726
0.959409594095941,0.5355303810504635,0.23322740197181702
0.959409594095941,0.5358062854198866,0.23338252305984497
0.959409594095941,0.5360824742268041,0.2334022969007492
0.959409594095941,0.5363589479112945,0.2334781140089035
0.959409594095941,0.5366357069143447,0.23381663858890533
0.9584870848708487,0.5366735537190083,0.23386316001415253
0.9584870848708487,0.5369509043927648,0.23451586067676544
0.9584870848708487,0.5372285418821097,0.23482388257980347
0.9584870848708487,0.5375064666321779,0.23603424429893494
0.9584870848708487,0.5377846790890269,0.2362797111272812
0.9575645756457565,0.5375453133091662,0.2381068915128708
0.9575645756457565,0.5378238341968912,0.2383444607257843
0.9566420664206642,0.5375842405391394,0.2386111319065094
0.955719557195572,0.5373443983402489,0.2390764206647873
0.955719557195572,0.5376232485729112,0.24069111049175262
0.955719557195572,0.5379023883696781,0.24088327586650848
0.955719557195572,0.5381818181818182,0.24112965166568756
0.955719557195572,0.5384615384615384,0.2423117756843567
0.955719557195572,0.5387415496619865,0.24243642389774323
0.9547970479704797,0.5385015608740895,0.24294155836105347
0.9547970479704797,0.53878188443519,0.24542874097824097
0.9547970479704797,0.5390625,0.24662485718727112
0.9547970479704797,0.539343408025013,0.24713169038295746
0.9547970479704797,0.5396246089676746,0.24756278097629547
0.9538745387453874,0.5393844548774126,0.2476968616247177
0.9538745387453874,0.5396659707724426,0.2478286474943161
0.9538745387453874,0.5399477806788512,0.24808642268180847
0.9538745387453874,0.5402298850574713,0.24856789410114288
0.9538745387453874,0.5405122843700993,0.2487015575170517
0.9538745387453874,0.5407949790794979,0.24890606105327606
0.9538745387453874,0.5410779696493982,0.2501427233219147
0.9538745387453874,0.5413612565445026,0.25069332122802734
0.9529520295202952,0.5411210057621791,0.2507249116897583
0.9529520295202952,0.5416885159937074,0.25073060393333435
0.9529520295202952,0.5419727177334732,0.2507759630680084
0.9529520295202952,0.542257217847769,0.2508748769760132
0.9520295202952029,0.542016806722689,0.25205475091934204
0.9520295202952029,0.5423016290068313,0.25280848145484924
0.9511070110701108,0.5420609884332281,0.25307297706604004
0.9511070110701108,0.5423461336138874,0.2531270980834961
0.9511070110701108,0.5426315789473685,0.25355130434036255
0.9511070110701108,0.5429173249078463,0.25395917892456055
0.9511070110701108,0.5432033719704953,0.2542797923088074
0.9511070110701108,0.5437763713080169,0.25439557433128357
0.9501845018450185,0.5435356200527705,0.25453782081604004
0.9501845018450185,0.5438225976768744,0.25505170226097107
0.9501845018450185,0.5441098784997359,0.25528931617736816
0.9501845018450185,0.5443974630021141,0.2556137144565582
0.9501845018450185,0.5446853516657852,0.25569838285446167
0.9492619926199262,0.5444444444444444,0.2558762729167938
0.948339483394834,0.5442032821598729,0.2568505108356476
0.948339483394834,0.5444915254237288,0.257077693939209
0.948339483394834,0.5447800741918389,0.25715282559394836
0.948339483394834,0.545068928950159,0.25746116042137146
0.948339483394834,0.5453580901856764,0.2575731873512268
0.948339483394834,0.5456475583864119,0.2590501010417938
0.9474169741697417,0.5456960680127524,0.25922510027885437
0.9474169741697417,0.5459861775651249,0.2598854601383209
0.9474169741697417,0.5462765957446809,0.2600124478340149
0.9474169741697417,0.5465673230441724,0.26096850633621216
0.9464944649446494,0.5463258785942492,0.2610420286655426
0.9464944649446494,0.5466169419286094,0.2613687217235565
0.9464944649446494,0.5469083155650319,0.2613925635814667
0.9464944649446494,0.5474919957310566,0.26237034797668457
0.9464944649446494,0.5477843032568073,0.26239433884620667
0.9455719557195572,0.5475427350427351,0.26243552565574646
0.9455719557195572,0.5478353821485836,0.2629208564758301
0.9455719557195572,0.5481283422459893,0.2637811303138733
0.9455719557195572,0.5487152034261242,0.2645858824253082
0.9455719557195572,0.549009105516872,0.2662636637687683
0.9455719557195572,0.5493033226152197,0.2663578987121582
0.9455719557195572,0.5495978552278821,0.26649871468544006
0.9455719557195572,0.549892703862661,0.26713594794273376
0.9446494464944649,0.549651100375738,0.2675040662288666
0.9446494464944649,0.5499462943071965,0.26768070459365845
0.9446494464944649,0.5502418054809243,0.26778507232666016
0.9446494464944649,0.5505376344086022,0.26808786392211914
0.9446494464944649,0.5508337816030123,0.26840439438819885
0.9446494464944649,0.5511302475780409,0.2693761885166168
0.9437269372693727,0.5508885298869144,0.26960134506225586
0.9437269372693727,0.5511853448275862,0.27018222212791443
0.9428044280442804,0.5509433962264151,0.27063632011413574
0.9428044280442804,0.5512405609492989,0.2707744836807251
0.9428044280442804,0.5515380464112251,0.2709314525127411
0.9418819188191881,0.5512958963282938,0.2713257968425751
0.940959409594096,0.5510534846029174,0.27272289991378784
0.940959409594096,0.5516495402920497,0.2729571461677551
0.940959409594096,0.551948051948052,0.2730236351490021
0.940959409594096,0.5522468868435301,0.27314260601997375
0.940959409594096,0.5525460455037919,0.2732710838317871
0.9400369003690037,0.5523035230352303,0.27382344007492065
0.9400369003690037,0.5526030368763557,0.2741665244102478
0.9391143911439115,0.5523602821486706,0.2743453085422516
0.9381918819188192,0.552417164584465,0.27557167410850525
0.9381918819188192,0.5527173913043478,0.27557510137557983
0.9381918819188192,0.5530179445350734,0.2758547365665436
0.9372693726937269,0.5527747551686616,0.2759398818016052
0.9372693726937269,0.5530756668481219,0.2761542797088623
0.9372693726937269,0.5533769063180828,0.2762588560581207
0.9363468634686347,0.553133514986376,0.2768247723579407
0.9363468634686347,0.5534351145038168,0.2769615650177002
0.9363468634686347,0.5537370430987453,0.2776528298854828
0.9363468634686347,0.5540393013100436,0.27876153588294983
0.9363468634686347,0.5546448087431693,0.2788223326206207
0.9363468634686347,0.5549480590486605,0.2790614664554596
0.9363468634686347,0.5555555555555556,0.2792203426361084
0.9363468634686347,0.5558598028477546,0.2794401943683624
0.9363468634686347,0.5564692982456141,0.2805589437484741
0.9363468634686347,0.5567745474492595,0.2809217572212219
0.9363468634686347,0.5570801317233809,0.28165513277053833
0.9354243542435424,0.5571428571428572,0.28176966309547424
0.9354243542435424,0.5574491478834525,0.28224241733551025
0.9354243542435424,0.5577557755775577,0.2832780182361603
0.9354243542435424,0.558062740781508,0.2837778329849243
0.9354243542435424,0.5583700440528634,0.28413262963294983
0.9354243542435424,0.5589856670341786,0.28493645787239075
0.9345018450184502,0.5587424158852731,0.2853003740310669
0.933579335793358,0.5584988962472406,0.2858142852783203
0.933579335793358,0.5588072887907234,0.2861621379852295
0.9317343173431735,0.5583195135433942,0.2863810956478119
0.9317343173431735,0.5586283185840708,0.28650036454200745
0.9317343173431735,0.5589374654122855,0.28732043504714966
0.9317343173431735,0.5592469545957918,0.28755274415016174
0.9317343173431735,0.5595567867036011,0.28757187724113464
0.9317343173431735,0.5598669623059866,0.2878527045249939
0.9317343173431735,0.5601774819744869,0.2881828546524048
0.9317343173431735,0.560488346281909,0.2887500524520874
0.9317343173431735,0.560799555802332,0.28924575448036194
0.9317343173431735,0.5611111111111111,0.29007765650749207
0.9317343173431735,0.5614230127848805,0.29128357768058777
0.9317343173431735,0.5617352614015573,0.29128748178482056
0.9317343173431735,0.562047857540345,0.2919904887676239
0.9317343173431735,0.5623608017817372,0.29236316680908203
0.9317343173431735,0.5626740947075209,0.2924122214317322
0.9308118081180812,0.5624303232998885,0.29255205392837524
0.9308118081180812,0.5627440044617958,0.2926689088344574
0.9298892988929889,0.5625,0.2931806445121765
0.9298892988929889,0.5628140703517588,0.2933301031589508
0.9298892988929889,0.5631284916201117,0.2936243712902069
0.9289667896678967,0.562884292901062,0.29428547620773315
0.9289667896678967,0.5631991051454138,0.29445043206214905
0.9289667896678967,0.5635142697257974,0.29451262950897217
0.9289667896678967,0.5638297872340425,0.29464706778526306
0.9289667896678967,0.5641456582633053,0.29472464323043823
0.9289667896678967,0.5644618834080718,0.2947976589202881
0.9289667896678967,0.5647784632641615,0.2948574721813202
0.9289667896678967,0.5650953984287318,0.29511380195617676
0.9289667896678967,0.5654126895002808,0.2952120304107666
0.9289667896678967,0.5657303370786517,0.2954925298690796
0.9280442804428044,0.5654862282181,0.2956123948097229
0.9271217712177122,0.5652418447694039,0.2956760823726654
0.9271217712177122,0.5655599324704558,0.29601311683654785
0.9261992619926199,0.5653153153153153,0.2965591847896576
0.9261992619926199,0.5656338028169015,0.29708331823349
0.9252767527675276,0.5653889515219842,0.2971939146518707
0.9252767527675276,0.565707839819515,0.29719725251197815
0.9243542435424354,0.5661016949152542,0.2975916266441345
0.9234317343173432,0.565856416054268,0.297687292098999
0.9234317343173432,0.5661764705882353,0.2984718382358551
0.9234317343173432,0.5664968873797397,0.2986185848712921
0.9234317343173432,0.5668176670441676,0.2988496422767639
0.922509225092251,0.56657223796034,0.29891711473464966
0.922509225092251,0.5668934240362812,0.2991795837879181
0.922509225092251,0.5672149744753261,0.29920005798339844
0.922509225092251,0.5675368898978433,0.29934173822402954
0.922509225092251,0.5678591709256104,0.29934513568878174
0.922509225092251,0.5681818181818182,0.29973304271698
0.922509225092251,0.5685048322910745,0.2998344600200653
0.922509225092251,0.5688282138794084,0.3001096844673157
0.922509225092251,0.5691519635742743,0.300574392080307
0.922509225092251,0.5694760820045558,0.30066245794296265
0.922509225092251,0.5704506560182544,0.3008572459220886
0.922509225092251,0.5707762557077626,0.3009115159511566
0.922509225092251,0.5711022272986864,0.3010214567184448
0.9215867158671587,0.5708571428571428,0.30110013484954834
0.9206642066420664,0.5706117781589479,0.30118560791015625
0.9206642066420664,0.5709382151029748,0.30166390538215637
0.9206642066420664,0.5712650257584431,0.3017662763595581
0.9197416974169742,0.5710194730813287,0.3018471300601959
0.9197416974169742,0.5713467048710602,0.3021436929702759
0.9197416974169742,0.5716743119266054,0.3023808002471924
0.9197416974169742,0.5720022948938611,0.302455872297287
0.9188191881918819,0.5717566016073479,0.30271077156066895
0.9188191881918819,0.5720850086157381,0.30292102694511414
0.9178966789667896,0.5718390804597702,0.30321434140205383
0.9178966789667896,0.5721679125934445,0.30322906374931335
0.9178966789667896,0.5724971231300345,0.3032982051372528
0.9160516605166051,0.5726643598615917,0.3033454418182373
0.9160516605166051,0.5729948066935949,0.30337634682655334
0.9160516605166051,0.5733256351039261,0.303590327501297
0.9160516605166051,0.5736568457538995,0.303612619638443
0.915129151291513,0.5734104046242775,0.30377665162086487
0.915129151291513,0.573742047426258,0.3038293719291687
0.915129151291513,0.5740740740740741,0.30403926968574524
0.9142066420664207,0.5741599073001159,0.3041428029537201
0.9132841328413284,0.5739130434782609,0.3042460083961487
0.9132841328413284,0.574245939675174,0.3044613003730774
0.9123616236162362,0.5739988392338944,0.3050061762332916
0.9114391143911439,0.5737514518002322,0.3051021099090576
0.9114391143911439,0.5740848343986055,0.3051183223724365
0.9095940959409594,0.5742574257425742,0.3053774833679199
0.9095940959409594,0.5745920745920746,0.3053802251815796
0.9095940959409594,0.574927113702624,0.3054027557373047
0.9095940959409594,0.5752625437572929,0.3055117428302765
0.9095940959409594,0.5755983654407473,0.30569517612457275
0.9095940959409594,0.5759345794392523,0.30571433901786804
0.9095940959409594,0.576271186440678,0.3058057725429535
0.9095940959409594,0.5766081871345029,0.3058381974697113
0.9095940959409594,0.5769455822118198,0.3058409094810486
0.9095940959409594,0.5772833723653396,0.30601662397384644
0.9095940959409594,0.5776215582893967,0.30609479546546936
0.9095940959409594,0.5779601406799532,0.30620741844177246
0.9086715867158671,0.5777126099706745,0.30629923939704895
0.9086715867158671,0.5780516431924883,0.3063073754310608
0.9086715867158671,0.5783910745742806,0.3064722716808319
0.9086715867158671,0.5787309048178614,0.30651792883872986
0.9086715867158671,0.5790711346266901,0.3067241609096527
0.9077490774907749,0.5788235294117647,0.30675506591796875
0.9077490774907749,0.5791642142436727,0.3067813217639923
0.9077490774907749,0.5795053003533569,0.3068876266479492
0.9077490774907749,0.5798467884502062,0.3069307506084442
0.9077490774907749,0.5805309734513274,0.30695462226867676
0.9068265682656826,0.5802833530106257,0.30710917711257935
0.9068265682656826,0.5806261075014767,0.30725133419036865
0.9068265682656826,0.5809692671394799,0.307257741689682
0.9068265682656826,0.582345971563981,0.30736044049263
0.9059040590405905,0.5820983995257855,0.30757686495780945
0.9059040590405905,0.5824436536180309,0.3076763153076172
0.9049815498154982,0.582541567695962,0.3079216480255127
0.9049815498154982,0.5828877005347594,0.30798327922821045
0.9049815498154982,0.5832342449464922,0.3080400824546814
0.9049815498154982,0.5835812016656752,0.30820992588996887
0.9049815498154982,0.5839285714285715,0.30824586749076843
0.9049815498154982,0.5842763549731983,0.30827412009239197
0.9040590405904059,0.5840286054827175,0.3085719347000122
0.9031365313653137,0.5837805605247466,0.3087114691734314
0.9031365313653137,0.584128878281623,0.3087539076805115
0.9022140221402214,0.5838805970149253,0.3088141977787018
0.9022140221402214,0.5842293906810035,0.30899280309677124
0.9012915129151291,0.5839808726838015,0.30910414457321167
0.9012915129151291,0.5843301435406698,0.3091127574443817
0.9012915129151291,0.5846798324356672,0.3092878758907318
0.9003690036900369,0.5844311377245509,0.309340238571167
0.9003690036900369,0.5847813061713601,0.30936601758003235
0.8994464944649446,0.5845323741007195,0.30937302112579346
0.8994464944649446,0.584883023395321,0.30946266651153564
0.8985239852398524,0.5846338535414166,0.30959227681159973
0.8985239852398524,0.584984984984985,0.30963024497032166
0.8985239852398524,0.5853365384615384,0.3097221255302429
0.8985239852398524,0.5856885147324113,0.30973130464553833
0.8976014760147601,0.585439229843562,0.3098331391811371
0.8966789667896679,0.5851896447922939,0.3098863363265991
0.8966789667896679,0.5855421686746988,0.3101385533809662
0.8957564575645757,0.5852923447860157,0.31022152304649353
0.8957564575645757,0.5856453558504222,0.31024760007858276
0.8948339483394834,0.5853952926976463,0.3103412091732025
0.8948339483394834,0.5857487922705314,0.31065160036087036
0.8939114391143912,0.5858524788391778,0.31104451417922974
0.8939114391143912,0.5862068965517241,0.31106412410736084
0.8939114391143912,0.5865617433414043,0.31111374497413635
0.8939114391143912,0.5872727272727273,0.3111865222454071
0.8939114391143912,0.5876288659793815,0.31126880645751953
0.8939114391143912,0.5879854368932039,0.31130534410476685
0.8939114391143912,0.5883424408014571,0.3119127154350281
0.8929889298892989,0.5884498480243161,0.3119181990623474
0.8920664206642066,0.5896341463414634,0.3119235932826996
0.8911439114391144,0.5893837705918242,0.3119666874408722
0.8911439114391144,0.5897435897435898,0.3122110664844513
0.8911439114391144,0.5901038485033598,0.31228378415107727
0.8911439114391144,0.5904645476772616,0.31230658292770386
0.8911439114391144,0.5908256880733945,0.31231316924095154
0.8911439114391144,0.591187270501836,0.312593549489975
0.8911439114391144,0.5915492957746479,0.3128187656402588
0.8911439114391144,0.5919117647058824,0.3128606975078583
0.8902214022140221,0.5920245398773006,0.3128952085971832
0.8902214022140221,0.5927518427518428,0.3131718337535858
0.8892988929889298,0.592501536570375,0.313210666179657
0.8892988929889298,0.5928659286592866,0.3133210837841034
0.8892988929889298,0.5932307692307692,0.31361624598503113
0.8883763837638377,0.5929802955665024,0.31375613808631897
0.8883763837638377,0.5933456561922366,0.31386154890060425
0.8883763837638377,0.593711467324291,0.31421300768852234
0.8883763837638377,0.5940777297964219,0.3143902122974396
0.8883763837638377,0.5944444444444444,0.31470203399658203
0.8874538745387454,0.5941939468807906,0.314838707447052
0.8865313653136532,0.5939431396786156,0.31503042578697205
0.8865313653136532,0.5961538461538461,0.31504884362220764
0.8865313653136532,0.5965238981998758,0.315641850233078
0.8865313653136532,0.5968944099378882,0.3157588541507721
0.8856088560885609,0.5966438781852083,0.3160478472709656
0.8856088560885609,0.5970149253731343,0.31614920496940613
0.8856088560885609,0.5973864343497199,0.3165064752101898
0.8846863468634686,0.5971357409713575,0.31662803888320923
0.8846863468634686,0.5975077881619938,0.31675422191619873
0.8846863468634686,0.5978802992518704,0.317452996969223
0.8846863468634686,0.5982532751091703,0.3177638053894043
0.8846863468634686,0.5986267166042447,0.31794965267181396
0.8846863468634686,0.599000624609619,0.31832394003868103
0.8846863468634686,0.6005009392611146,0.31866511702537537
0.8837638376383764,0.600250626566416,0.31873634457588196
0.8837638376383764,0.6006269592476489,0.31889745593070984
0.8828413284132841,0.6003764115432874,0.31896406412124634
0.8828413284132841,0.60075329566855,0.3190591335296631
0.8828413284132841,0.6015084852294155,0.31918221712112427
0.8828413284132841,0.6018867924528302,0.31932756304740906
0.8828413284132841,0.6022655758338578,0.31948596239089966
0.8819188191881919,0.6020151133501259,0.31982284784317017
0.8809963099630996,0.6017643352236925,0.31988221406936646
0.8800738007380073,0.6015132408575031,0.3199164569377899
0.8791512915129152,0.6012618296529968,0.3199938237667084
0.8782287822878229,0.6017699115044248,0.32005274295806885
0.8782287822878229,0.6021505376344086,0.32006534934043884
0.8782287822878229,0.6025316455696202,0.320181280374527
0.8782287822878229,0.6029132362254591,0.3201902508735657
0.8782287822878229,0.6032953105196451,0.3202657401561737
0.8782287822878229,0.6040609137055838,0.32044777274131775
0.8773062730627307,0.6038095238095238,0.3204936981201172
0.8773062730627307,0.6041931385006353,0.3207530379295349
0.8773062730627307,0.6045772409408773,0.3208453357219696
0.8773062730627307,0.6049618320610687,0.32089757919311523
0.8763837638376384,0.60471037555697,0.3209656774997711
0.8763837638376384,0.6050955414012739,0.3209657073020935
0.8763837638376384,0.6054811982154238,0.32106906175613403
0.8754612546125461,0.6052295918367347,0.32146310806274414
0.8754612546125461,0.6056158264199106,0.3214687705039978
0.8745387453874539,0.6053639846743295,0.3218398690223694
0.8736162361623616,0.6051118210862619,0.32208260893821716
0.8726937269372693,0.6048593350383632,0.3224143385887146
0.8717712177121771,0.6046065259117083,0.3225388824939728
0.8717712177121771,0.6049935979513444,0.32254689931869507
0.8717712177121771,0.6053811659192825,0.3226260244846344
0.8717712177121771,0.6057692307692307,0.3226505517959595
0.8717712177121771,0.6061577934573444,0.3227138817310333
0.8717712177121771,0.6065468549422336,0.32280194759368896
0.8717712177121771,0.6069364161849711,0.3228912949562073
0.8717712177121771,0.6073264781491002,0.3232840895652771
0.8717712177121771,0.6077170418006431,0.3235286474227905
0.8717712177121771,0.6081081081081081,0.3235286772251129
0.8708487084870848,0.6082474226804123,0.32359951734542847
0.8699261992619927,0.6079948420373952,0.3236016631126404
0.8699261992619927,0.6083870967741936,0.3237161338329315
0.8690036900369004,0.6081342801807618,0.3238501250743866
0.8690036900369004,0.6085271317829457,0.32390937209129333
0.8690036900369004,0.6089204912734324,0.32414552569389343
0.8690036900369004,0.6093143596377749,0.3241550624370575
0.8690036900369004,0.6097087378640776,0.32417169213294983
0.8680811808118081,0.6094559585492227,0.3242855370044708
0.8671586715867159,0.609202851587816,0.3243660628795624
0.8671586715867159,0.6095979247730221,0.32448405027389526
0.8671586715867159,0.6099935107073329,0.32449856400489807
0.8671586715867159,0.6103896103896104,0.3247024118900299
0.8671586715867159,0.6107862248213125,0.32513540983200073
0.8662361623616236,0.6105331599479844,0.3252369165420532
0.8653136531365314,0.6110749185667752,0.32529085874557495
0.8653136531365314,0.6114732724902217,0.32537373900413513
0.8653136531365314,0.6118721461187214,0.32565730810165405
0.8653136531365314,0.6122715404699739,0.3257068693637848
0.8643911439114391,0.6120182887001959,0.3257453441619873
0.8634686346863468,0.6121648136036625,0.3257773220539093
0.8634686346863468,0.612565445026178,0.32582488656044006
0.8634686346863468,0.6129666011787819,0.3259669840335846
0.8625461254612546,0.6127129750982963,0.32603439688682556
0.8625461254612546,0.6131147540983607,0.3261987268924713
0.8625461254612546,0.613517060367454,0.32620781660079956
0.8625461254612546,0.6139198949441891,0.3264356553554535
0.8625461254612546,0.614323258869908,0.32650986313819885
0.8616236162361623,0.6140696909927679,0.32652348279953003
0.8616236162361623,0.6144736842105263,0.32670432329177856
0.8616236162361623,0.6148782093482554,0.3268415033817291
0.8607011070110702,0.6146245059288538,0.3270821273326874
0.8607011070110702,0.6150296638101516,0.3272145688533783
0.8607011070110702,0.6154353562005277,0.32828816771507263
0.8607011070110702,0.6158415841584158,0.3283834457397461
0.8597785977859779,0.6155878467635403,0.32842352986335754
0.8588560885608856,0.6153337739590218,0.3285202980041504
0.8588560885608856,0.6157407407407407,0.3286406099796295
0.8588560885608856,0.6161482461945731,0.32866939902305603
0.8588560885608856,0.6165562913907284,0.32870015501976013
0.8588560885608856,0.6169648774022531,0.32873445749282837
0.8588560885608856,0.6173740053050398,0.328775554895401
0.8588560885608856,0.6177836761778368,0.32907921075820923
0.8588560885608856,0.6181938911022576,0.3293384909629822
0.8588560885608856,0.6186046511627907,0.32961711287498474
0.8579335793357934,0.6187624750499002,0.3296756446361542
0.8579335793357934,0.6191744340878829,0.33029893040657043
0.8579335793357934,0.619586942038641,0.3303605318069458
0.8579335793357934,0.62,0.33055299520492554
0.8579335793357934,0.6208277703604806,0.330679327249527
0.8570110701107011,0.6205744822979292,0.33069461584091187
0.8570110701107011,0.6218206157965194,0.3306978940963745
0.8570110701107011,0.6222371064969859,0.33076438307762146
0.8570110701107011,0.6226541554959786,0.33128443360328674
0.8570110701107011,0.6230717639168344,0.33153095841407776
0.8570110701107011,0.623489932885906,0.33166998624801636
0.8570110701107011,0.6239086635325722,0.3318175673484802
0.8570110701107011,0.6243279569892473,0.3321015536785126
0.8570110701107011,0.624747814391392,0.332103431224823
0.8570110701107011,0.6251682368775235,0.33215945959091187
0.8560885608856088,0.6249158249158249,0.33216944336891174
0.8560885608856088,0.6253369272237197,0.3323040306568146
0.8560885608856088,0.6257585974376264,0.3331093490123749
0.8560885608856088,0.6261808367071525,0.33318057656288147
0.8560885608856088,0.6266036461850101,0.33331915736198425
0.8560885608856088,0.6274509803921569,0.33336612582206726
0.8560885608856088,0.6278755074424899,0.33338361978530884
0.8551660516605166,0.6276235612728503,0.33340489864349365
0.8551660516605166,0.6280487804878049,0.33344656229019165
0.8551660516605166,0.6284745762711864,0.33354201912879944
0.8551660516605166,0.6289009497964722,0.3336896300315857
0.8551660516605166,0.6293279022403259,0.33378133177757263
0.8551660516605166,0.6297554347826086,0.3337917923927307
0.8551660516605166,0.6301835486063903,0.33384448289871216
0.8542435424354243,0.630360789652825,0.33464327454566956
0.8542435424354243,0.6307901907356949,0.33485060930252075
0.8533210332103321,0.6305385139740968,0.3350827097892761
0.8523985239852399,0.6311475409836066,0.3351021707057953
0.8523985239852399,0.631578947368421,0.3352685868740082
0.8523985239852399,0.6320109439124487,0.3356880247592926
0.8514760147601476,0.6317590691307323,0.33608394861221313
0.8514760147601476,0.6321917808219178,0.3362612724304199
0.8505535055350554,0.6319396847155586,0.3363792300224304
0.8496309963099631,0.6316872427983539,0.3366067707538605
0.8496309963099631,0.632120796156486,0.3366073966026306
0.8477859778597786,0.6324845147969718,0.33663037419319153
0.8477859778597786,0.6329201101928374,0.3367200791835785
0.8468634686346863,0.6331034482758621,0.33688679337501526
0.8468634686346863,0.6335403726708074,0.33698931336402893
0.8468634686346863,0.6339779005524862,0.33703136444091797
0.8468634686346863,0.6344160331720802,0.33733895421028137
0.8468634686346863,0.6348547717842323,0.3377726376056671
0.8459409594095941,0.6359223300970874,0.337911993265152
0.8459409594095941,0.6363636363636364,0.33825212717056274
0.8459409594095941,0.6368055555555555,0.33845055103302
0.8459409594095941,0.6372480889506602,0.33845242857933044
0.8459409594095941,0.6376912378303199,0.33918243646621704
0.8459409594095941,0.6381350034794712,0.3392798602581024
0.8459409594095941,0.6385793871866295,0.33944448828697205
0.8459409594095941,0.6390243902439025,0.3395041823387146
0.8450184501845018,0.6387726638772664,0.33954137563705444
0.8440959409594095,0.6385205861828332,0.3395514190196991
0.8431734317343174,0.638268156424581,0.33985549211502075
0.8431734317343174,0.6387141858839972,0.34014973044395447
0.8431734317343174,0.6391608391608392,0.34028661251068115
0.8422509225092251,0.6393557422969187,0.3403642773628235
0.8413284132841329,0.6391030133146461,0.3405947685241699
0.8404059040590406,0.6388499298737728,0.3410244286060333
0.8404059040590406,0.639298245614035,0.34103846549987793
0.8404059040590406,0.639747191011236,0.3414483666419983
0.8394833948339483,0.6408450704225352,0.34150561690330505
0.8394833948339483,0.6412966878083157,0.34164297580718994
0.8385608856088561,0.6410437235543018,0.34169065952301025
0.8385608856088561,0.6414961185603387,0.34197738766670227
0.8385608856088561,0.6419491525423728,0.3420458734035492
0.8376383763837638,0.6416961130742049,0.3422490358352661
0.8376383763837638,0.6421499292786421,0.3424537181854248
0.8367158671586716,0.6418966737438075,0.3425067961215973
0.8367158671586716,0.6423512747875354,0.34282100200653076
0.8367158671586716,0.6428065201984409,0.342959463596344
0.8367158671586716,0.6437189496096523,0.3434627056121826
0.8357933579335793,0.6443812233285917,0.3436940908432007
0.834870848708487,0.6441281138790036,0.3442738652229309
0.834870848708487,0.6445868945868946,0.34453466534614563
0.8339483394833949,0.6443335709194583,0.3447638154029846
0.8339483394833949,0.644793152639087,0.3448614776134491
0.8339483394833949,0.6452533904354033,0.34487733244895935
0.8330258302583026,0.6454610436025733,0.3449665307998657
0.8321033210332104,0.6452074391988555,0.34533828496932983
0.8311808118081181,0.6458781362007169,0.3453545570373535
0.8311808118081181,0.6463414634146342,0.3453741669654846
0.8302583025830258,0.6460875807609476,0.34540173411369324
0.8293357933579336,0.6462976276060388,0.34644681215286255
0.8293357933579336,0.6467625899280576,0.3464951813220978
0.8284132841328413,0.646508279337653,0.34667158126831055
0.8284132841328413,0.6469740634005764,0.34671488404273987
0.8284132841328413,0.6474405191059841,0.3467351794242859
0.8284132841328413,0.6479076479076479,0.34687432646751404
0.8284132841328413,0.6483754512635379,0.34690457582473755
0.8284132841328413,0.6488439306358381,0.34703028202056885
0.8284132841328413,0.6493130874909617,0.34704476594924927
0.827490774907749,0.6490593342981187,0.34712785482406616
0.827490774907749,0.6495293265749457,0.3471358120441437
0.8265682656826568,0.6492753623188405,0.3471766412258148
0.8265682656826568,0.649746192893401,0.3472144305706024
0.8265682656826568,0.6502177068214804,0.34736713767051697
0.8256457564575646,0.6499636891793754,0.3474308252334595
0.8247232472324724,0.6501818181818182,0.3474780023097992
0.8238007380073801,0.6499272197962155,0.34757936000823975
0.8238007380073801,0.6504005826656956,0.34768345952033997
0.8228782287822878,0.6501457725947521,0.3476865589618683
0.8228782287822878,0.650619985412108,0.34797921776771545
0.8228782287822878,0.6510948905109489,0.34805572032928467
0.8228782287822878,0.6515704894083273,0.34815713763237
0.8210332103321033,0.6510607168983175,0.3485666811466217
0.8201107011070111,0.650805270863836,0.34878432750701904
0.8191881918819188,0.6505494505494506,0.34890174865722656
0.8191881918819188,0.6510263929618768,0.3490668833255768
0.8191881918819188,0.6515040352164343,0.3493507504463196
0.8182656826568265,0.6512481644640234,0.34988778829574585
0.8182656826568265,0.6517266715650257,0.35026875138282776
0.8182656826568265,0.6522058823529412,0.35055527091026306
0.8173431734317343,0.6519499632082414,0.3508091866970062
0.816420664206642,0.6516936671575847,0.35137295722961426
0.8154981549815498,0.6514369933677229,0.3515506982803345
0.8154981549815498,0.6519174041297935,0.3516893982887268
0.8154981549815498,0.6523985239852399,0.35169753432273865
0.8154981549815498,0.6528803545051699,0.35197189450263977
0.8154981549815498,0.6533628972653363,0.35232383012771606
0.8154981549815498,0.6538461538461539,0.3525920510292053
0.8154981549815498,0.6543301258327165,0.35303112864494324
0.8154981549815498,0.6548148148148148,0.3532017469406128
0.8154981549815498,0.6553002223869533,0.35361871123313904
0.8145756457564576,0.6550445103857567,0.3541002571582794
0.8145756457564576,0.6555308092056422,0.3546767234802246
0.8145756457564576,0.6560178306092125,0.3547462821006775
0.8136531365313653,0.6557620817843867,0.35483595728874207
0.8136531365313653,0.65625,0.3550858497619629
0.8136531365313653,0.6567386448250186,0.35529789328575134
0.8136531365313653,0.6572280178837556,0.3555891811847687
0.8136531365313653,0.6577181208053692,0.35598576068878174
0.8127306273062731,0.6574626865671642,0.3559879958629608
0.8127306273062731,0.6579536967886482,0.35646292567253113
0.8127306273062731,0.6584454409566517,0.3565788269042969
0.8127306273062731,0.6589379207180255,0.3566068708896637
0.8118081180811808,0.6586826347305389,0.3567502200603485
0.8118081180811808,0.6591760299625468,0.35684314370155334
0.8118081180811808,0.6596701649175413,0.35710689425468445
0.8108856088560885,0.6594148537134283,0.35718733072280884
0.8108856088560885,0.6599099099099099,0.357300341129303
0.8108856088560885,0.6604057099924868,0.3573213815689087
0.8108856088560885,0.6609022556390978,0.3573831617832184
0.8099630996309963,0.6606471030850264,0.35745468735694885
0.8099630996309963,0.661144578313253,0.3574603199958801
0.8099630996309963,0.6616428033157498,0.3575532138347626
0.809040590405904,0.6613876319758673,0.3578748404979706
0.8081180811808119,0.6611320754716982,0.35788261890411377
0.8081180811808119,0.6616314199395771,0.3578917682170868
0.8081180811808119,0.6621315192743764,0.3579849600791931
0.8081180811808119,0.6631339894019682,0.3580080270767212
0.8081180811808119,0.6636363636363637,0.3581128418445587
0.8081180811808119,0.6641394996209249,0.3581295609474182
0.8081180811808119,0.6646433990895296,0.35882583260536194
0.8081180811808119,0.6651480637813212,0.35887765884399414
0.8081180811808119,0.6656534954407295,0.3589942753314972
0.8081180811808119,0.6661596958174905,0.35923096537590027
0.8081180811808119,0.6666666666666666,0.35926324129104614
0.8071955719557196,0.6664127951256664,0.3592676818370819
0.8062730627306273,0.6661585365853658,0.3593018054962158
0.8053505535055351,0.665903890160183,0.3593830466270447
0.8044280442804428,0.665648854961832,0.35996872186660767
0.8044280442804428,0.666157372039725,0.36018115282058716
0.8035055350553506,0.6659021406727829,0.36022067070007324
0.8025830258302583,0.6656465187452181,0.36060383915901184
0.8025830258302583,0.666156202143951,0.3608744442462921
0.801660516605166,0.6659003831417625,0.360897421836853
0.8007380073800738,0.6656441717791411,0.3609626591205597
0.7998154981549815,0.6653875671527245,0.3614860475063324
0.7998154981549815,0.6658986175115207,0.361690491437912
0.7998154981549815,0.6664104534973098,0.3621159791946411
0.7998154981549815,0.666923076923077,0.36239758133888245
0.7988929889298892,0.6666666666666666,0.36245864629745483
0.7988929889298892,0.6671802773497689,0.36250290274620056
0.7988929889298892,0.6676946800308404,0.3626653552055359
0.7988929889298892,0.6682098765432098,0.3627307415008545
0.7988929889298892,0.6687258687258687,0.36281049251556396
0.7979704797047971,0.6695046439628483,0.3628830909729004
0.7979704797047971,0.6700232378001549,0.36290088295936584
0.7979704797047971,0.6705426356589147,0.3629383146762848
0.7979704797047971,0.6710628394103957,0.3629836440086365
0.7979704797047971,0.671583850931677,0.3635100722312927
0.7970479704797048,0.6713286713286714,0.36444276571273804
0.7961254612546126,0.6710730948678072,0.3645811676979065
0.7961254612546126,0.6715953307392996,0.3647151589393616
0.7952029520295203,0.6713395638629284,0.36471816897392273
0.7933579335793358,0.6708268330733229,0.36484476923942566
0.7933579335793358,0.6713505074160812,0.3650074303150177
0.7933579335793358,0.671875,0.3657478094100952
0.7933579335793358,0.6724003127443315,0.36588385701179504
0.7933579335793358,0.672926447574335,0.3658890128135681
0.7924354243542435,0.6726703210649961,0.3661542236804962
0.7924354243542435,0.6731974921630094,0.3662621080875397
0.7915129151291513,0.6729411764705883,0.3663630783557892
0.7915129151291513,0.673469387755102,0.3669436275959015
0.790590405904059,0.6732128829536528,0.3672999143600464
0.7896678966789668,0.6729559748427673,0.36757197976112366
0.7887453874538746,0.6726986624704957,0.367613285779953
0.7887453874538746,0.6732283464566929,0.36767134070396423
0.7878228782287823,0.6729708431836091,0.36800453066825867
0.7869003690036901,0.6727129337539433,0.3680781424045563
0.7859778597785978,0.6724546172059984,0.36808887124061584
0.7859778597785978,0.6729857819905213,0.3688865303993225
0.7859778597785978,0.6735177865612648,0.3690306842327118
0.7859778597785978,0.6740506329113924,0.36927473545074463
0.7850553505535055,0.6737925574030087,0.36938053369522095
0.7841328413284133,0.6735340729001584,0.36989182233810425
0.7841328413284133,0.6740681998413958,0.3715371787548065
0.783210332103321,0.6738095238095239,0.3718619644641876
0.7822878228782287,0.6735504368546466,0.3726482689380646
0.7822878228782287,0.6740858505564388,0.37271055579185486
0.7813653136531366,0.6738265712012729,0.3727740943431854
0.7813653136531366,0.6743630573248408,0.37322524189949036
0.7804428044280443,0.6741035856573705,0.3733169734477997
0.7804428044280443,0.6751795690343176,0.3736427426338196
0.7804428044280443,0.6757188498402555,0.3737436532974243
0.7795202952029521,0.6754596322941646,0.37388163805007935
0.7785977859778598,0.6752,0.3740406632423401
0.7785977859778598,0.6757405924739792,0.3743076026439667
0.7785977859778598,0.6762820512820513,0.3743424713611603
0.7785977859778598,0.6768243785084203,0.3743738532066345
0.7776752767527675,0.6765650080256822,0.37445610761642456
0.7776752767527675,0.6771084337349398,0.37496834993362427
0.7776752767527675,0.677652733118971,0.37538549304008484
0.7776752767527675,0.6781979082864039,0.3758161664009094
0.7776752767527675,0.678743961352657,0.3759039640426636
0.7776752767527675,0.6792908944399678,0.3777759075164795
0.7776752767527675,0.6798387096774193,0.37781772017478943
0.7776752767527675,0.6803874092009685,0.37817442417144775
0.7776752767527675,0.6814874696847211,0.37846264243125916
0.7776752767527675,0.6820388349514563,0.3785019814968109
0.7767527675276753,0.6817813765182186,0.3790079355239868
0.775830258302583,0.6815235008103727,0.37911736965179443
0.7749077490774908,0.681265206812652,0.37954437732696533
0.7749077490774908,0.6818181818181818,0.3796662390232086
0.7749077490774908,0.6823720552396426,0.37968215346336365
0.7749077490774908,0.6829268292682927,0.38001805543899536
0.7749077490774908,0.6834825061025224,0.3806043863296509
0.7739852398523985,0.6832247557003257,0.38085225224494934
0.7730627306273062,0.6829665851670742,0.3810621201992035
0.7730627306273062,0.6835236541598695,0.3811228573322296
0.7730627306273062,0.6840816326530612,0.3812551498413086
0.772140221402214,0.6838235294117647,0.3814215362071991
0.772140221402214,0.6843826655764513,0.38168221712112427
0.772140221402214,0.6849427168576104,0.38185006380081177
0.772140221402214,0.6855036855036855,0.3818792998790741
0.772140221402214,0.6860655737704918,0.38189929723739624
0.7712177121771218,0.6858080393765381,0.3823551833629608
0.7702952029520295,0.6855500821018062,0.3824068307876587
0.7702952029520295,0.686113393590797,0.382436066865921
0.7702952029520295,0.6866776315789473,0.38261982798576355
0.7693726937269373,0.6864197530864198,0.38266244530677795
0.7693726937269373,0.6869851729818781,0.38290202617645264
0.7693726937269373,0.6875515251442704,0.38298287987709045
0.7693726937269373,0.6881188118811881,0.3829841911792755
0.7693726937269373,0.6886870355078447,0.3844526410102844
0.7693726937269373,0.6892561983471074,0.38469743728637695
0.7693726937269373,0.6898263027295285,0.3847866952419281
0.768450184501845,0.6895695364238411,0.38486191630363464
0.7675276752767528,0.6904564315352697,0.3855530023574829
0.7666051660516605,0.6901993355481728,0.3856918215751648
0.7666051660516605,0.6907730673316709,0.3863805830478668
0.7666051660516605,0.6913477537437605,0.38669493794441223
0.7666051660516605,0.6919233971690258,0.38681361079216003
0.7656826568265682,0.6916666666666667,0.3871738314628601
0.7656826568265682,0.6922435362802335,0.38728487491607666
0.764760147601476,0.6919866444073456,0.3875889182090759
0.7638376383763837,0.6917293233082706,0.3879322111606598
0.7638376383763837,0.6923076923076923,0.3884003758430481
0.7629151291512916,0.6920502092050209,0.388420969247818
0.7629151291512916,0.6926298157453936,0.3886141777038574
0.7619926199261993,0.6923721709974854,0.38875076174736023
0.7619926199261993,0.6929530201342282,0.38943496346473694
0.761070110701107,0.6926952141057935,0.39036017656326294
0.7601476014760148,0.692436974789916,0.39047375321388245
0.7601476014760148,0.6936026936026936,0.391319215297699
0.7601476014760148,0.6941870261162595,0.391348272562027
0.7601476014760148,0.6947723440134908,0.3915006220340729
0.7583025830258303,0.694843617920541,0.3922082185745239
0.7583025830258303,0.6954314720812182,0.3922640085220337
0.757380073800738,0.6951735817104149,0.3924081027507782
0.757380073800738,0.6957627118644067,0.3928605616092682
0.757380073800738,0.6963528413910093,0.39300209283828735
0.7564575645756457,0.6960950764006791,0.39305391907691956
0.7564575645756457,0.6966864910790145,0.39308997988700867
0.7555350553505535,0.6964285714285714,0.39311420917510986
0.7546125461254612,0.696763202725724,0.39334821701049805
0.7546125461254612,0.6973572037510657,0.3938644230365753
0.753690036900369,0.697098976109215,0.39469873905181885
0.753690036900369,0.6976942783945346,0.3948083519935608
0.753690036900369,0.6982905982905983,0.394991934299469
0.7527675276752768,0.69803250641574,0.39499786496162415
0.7518450184501845,0.6977739726027398,0.39530298113822937
0.7518450184501845,0.6983718937446444,0.39553165435791016
0.7509225092250923,0.6981132075471698,0.39580875635147095
0.7509225092250923,0.6987124463519313,0.3961970806121826
0.7509225092250923,0.6993127147766323,0.39695048332214355
0.7509225092250923,0.6999140154772141,0.3969700336456299
0.75,0.6996557659208261,0.3977523148059845
0.7490774907749077,0.6993970714900948,0.3981415033340454
0.7490774907749077,0.7,0.3990263342857361
0.7490774907749077,0.7006039689387403,0.3992474675178528
0.7490774907749077,0.7012089810017271,0.3994203209877014
0.7490774907749077,0.7018150388936906,0.3998258709907532
0.7481549815498155,0.7015570934256056,0.4000411331653595
0.7481549815498155,0.7021645021645022,0.40008580684661865
0.7472324723247232,0.7019064124783362,0.40064841508865356
0.7472324723247232,0.7025151777970512,0.40068405866622925
0.7472324723247232,0.703125,0.40071406960487366
0.7472324723247232,0.7037358818418766,0.4008196294307709
0.7472324723247232,0.7043478260869566,0.40136030316352844
0.7472324723247232,0.7049608355091384,0.4014614522457123
0.746309963099631,0.7047038327526133,0.4018803536891937
0.7453874538745388,0.7044463818657367,0.4030609130859375
0.7444649446494465,0.7041884816753927,0.403446763753891
0.7435424354243543,0.7039301310043669,0.40369951725006104
0.742619926199262,0.7042869641294838,0.4040537476539612
0.7416974169741697,0.7046450482033304,0.4047378897666931
0.7407749077490775,0.7043859649122807,0.4048559069633484
0.7407749077490775,0.7050043898156277,0.4049057066440582
0.7407749077490775,0.7056239015817223,0.4052893817424774
0.7398523985239852,0.7053649956024626,0.40644291043281555
0.738929889298893,0.7051056338028169,0.4071919023990631
0.7380073800738007,0.7048458149779736,0.4074428677558899
0.7380073800738007,0.7054673721340388,0.40749815106391907
0.7361623616236163,0.7049469964664311,0.4079749584197998
0.735239852398524,0.7046861184792219,0.40809202194213867
0.735239852398524,0.7053097345132744,0.4086129665374756
0.7343173431734318,0.7050487156775908,0.40887701511383057
0.7343173431734318,0.7056737588652482,0.40908581018447876
0.7333948339483395,0.7060390763765542,0.40933895111083984
0.7333948339483395,0.7066666666666667,0.40992259979248047
0.7333948339483395,0.7072953736654805,0.4103105366230011
0.7324723247232472,0.7070347284060552,0.41040071845054626
0.7324723247232472,0.7076648841354723,0.41059911251068115
0.7324723247232472,0.7082961641391614,0.4120703339576721
0.731549815498155,0.7080357142857143,0.41264617443084717
0.731549815498155,0.7086684539767649,0.4128997027873993
0.7306273062730627,0.7090420769919427,0.41341638565063477
0.7306273062730627,0.7096774193548387,0.41429606080055237
0.7306273062730627,0.7103139013452915,0.41537508368492126
0.7297047970479705,0.7100538599640933,0.41543498635292053
0.7297047970479705,0.710691823899371,0.41615816950798035
0.7297047970479705,0.7113309352517986,0.4162427484989166
0.7287822878228782,0.7110711071107111,0.4165608286857605
0.727859778597786,0.7108108108108108,0.4169715642929077
0.727859778597786,0.7114517583408476,0.4170209765434265
0.727859778597786,0.7120938628158845,0.41795220971107483
0.7269372693726938,0.7118337850045167,0.418133944272995
0.7269372693726938,0.7124773960216998,0.4186331629753113
0.7260147601476015,0.7122171945701358,0.41893428564071655
0.7260147601476015,0.7128623188405797,0.4197889566421509
0.7260147601476015,0.71350861287398,0.4201374351978302
0.7260147601476015,0.7141560798548094,0.42023128271102905
0.7260147601476015,0.7148047229791099,0.4203813076019287
0.7260147601476015,0.7154545454545455,0.4205213189125061
0.7250922509225092,0.7151956323930846,0.42149922251701355
0.724169741697417,0.714936247723133,0.421979695558548
0.7232472324723247,0.7146763901549681,0.4221251308917999
0.7232472324723247,0.7153284671532847,0.4226412773132324
0.7232472324723247,0.7159817351598173,0.42276501655578613
0.7232472324723247,0.716636197440585,0.42451852560043335
0.7232472324723247,0.717291857273559,0.42453575134277344
0.7232472324723247,0.717948717948718,0.425515741109848
0.7223247232472325,0.7176901924839597,0.4255208671092987
0.7223247232472325,0.718348623853211,0.4280027449131012
0.7223247232472325,0.71900826446281,0.42882826924324036
0.7223247232472325,0.7196691176470589,0.4291295111179352
0.7223247232472325,0.7203311867525299,0.4302580952644348
0.7223247232472325,0.7209944751381215,0.4304548501968384
0.7214022140221402,0.7207373271889401,0.43157580494880676
0.7214022140221402,0.7214022140221402,0.431904137134552
0.7204797047970479,0.7211449676823638,0.43234625458717346
0.7204797047970479,0.7218114602587801,0.4324353039264679
0.7195571955719557,0.7215541165587419,0.43298113346099854
0.7195571955719557,0.7222222222222222,0.4332130253314972
0.7195571955719557,0.7228915662650602,0.43366315960884094
0.7195571955719557,0.7235621521335807,0.43379151821136475
0.7186346863468634,0.72330547818013,0.4343799948692322
0.7186346863468634,0.7239776951672863,0.43490326404571533
0.7177121771217713,0.7237209302325581,0.43645673990249634
0.7177121771217713,0.7243947858472998,0.4369623064994812
0.7177121771217713,0.7250698974836906,0.43698781728744507
0.716789667896679,0.7248134328358209,0.4383847117424011
0.7158671586715867,0.7245564892623716,0.439430296421051
0.7149446494464945,0.7242990654205608,0.43952062726020813
0.7140221402214022,0.7240411599625819,0.43968579173088074
0.7140221402214022,0.7247191011235955,0.44116395711898804
0.7121771217712177,0.724202626641651,0.44121789932250977
0.7112546125461254,0.723943661971831,0.44174233078956604
0.7112546125461254,0.724624060150376,0.44220301508903503
0.7112546125461254,0.7253057384760113,0.4425775110721588
0.7112546125461254,0.7259887005649718,0.4427441656589508
0.7103321033210332,0.7257304429783223,0.443505197763443
0.709409594095941,0.7254716981132076,0.4443550407886505
0.709409594095941,0.7261567516525024,0.4452982544898987
0.7084870848708487,0.725897920604915,0.4454054534435272
0.7084870848708487,0.7265846736045412,0.44580382108688354
0.7075645756457565,0.7263257575757576,0.4460342228412628
0.7075645756457565,0.7270142180094786,0.4463445246219635
0.7066420664206642,0.7267552182163188,0.44781574606895447
0.705719557195572,0.7264957264957265,0.44828206300735474
0.7047970479704797,0.7262357414448669,0.4484104812145233
0.7047970479704797,0.7269267364414843,0.44884100556373596
0.7038745387453874,0.7266666666666667,0.449205607175827
0.7029520295202952,0.7264061010486177,0.44991084933280945
0.7029520295202952,0.7270992366412213,0.4501044750213623
0.7020295202952029,0.7268385864374403,0.45278802514076233
0.7020295202952029,0.7275334608030593,0.4534395635128021
0.7020295202952029,0.7282296650717703,0.4558941125869751
0.7020295202952029,0.7289272030651341,0.4560977518558502
0.7020295202952029,0.7296260786193672,0.4566178619861603
0.7011070110701108,0.7293666026871402,0.4574592113494873
0.7011070110701108,0.7300672430355427,0.45780807733535767
0.7011070110701108,0.7314725697786333,0.45791640877723694
0.7011070110701108,0.7321772639691715,0.4579576849937439
0.7001845018450185,0.7319189971070396,0.4587196111679077
0.7001845018450185,0.7333333333333333,0.459181010723114
0.7001845018450185,0.7340425531914894,0.4592288136482239
0.7001845018450185,0.7347531461761858,0.45924118161201477
0.6992619926199262,0.7344961240310077,0.4594953656196594
0.698339483394834,0.7342386032977691,0.4597218930721283
0.6974169741697417,0.7339805825242719,0.46059665083885193
0.6964944649446494,0.7337220602526725,0.461208701133728
0.6964944649446494,0.7344357976653697,0.46218758821487427
0.6964944649446494,0.7351509250243428,0.4625873267650604
0.6964944649446494,0.7358674463937622,0.46332159638404846
0.6955719557195572,0.735609756097561,0.46426114439964294
0.6946494464944649,0.7353515625,0.4645892083644867
0.6946494464944649,0.7360703812316716,0.46479272842407227
0.6946494464944649,0.7367906066536204,0.4648233950138092
0.6946494464944649,0.7375122428991185,0.4655245244503021
0.6946494464944649,0.7382352941176471,0.4659717381000519
0.6937269372693727,0.7379784102060843,0.46651050448417664
0.6928044280442804,0.737721021611002,0.4667964577674866
0.6928044280442804,0.7384464110127827,0.4673956036567688
0.6928044280442804,0.7391732283464567,0.4678751230239868
0.6918819188191881,0.7389162561576355,0.46827828884124756
0.6918819188191881,0.7396449704142012,0.47117698192596436
0.690959409594096,0.7393879565646594,0.47194546461105347
0.690959409594096,0.7401185770750988,0.47417715191841125
0.6900369003690037,0.7398615232443125,0.4741813540458679
0.6900369003690037,0.7405940594059406,0.47435641288757324
0.6891143911439115,0.7403369672943508,0.4754302501678467
0.6891143911439115,0.7410714285714286,0.47707194089889526
0.6891143911439115,0.7418073485600795,0.4789610505104065
0.6891143911439115,0.742544731610338,0.47897961735725403
0.6881918819188192,0.7422885572139304,0.47972220182418823
0.6881918819188192,0.7430278884462151,0.48009148240089417
0.6872693726937269,0.7427716849451645,0.4801296889781952
0.6863468634686347,0.7425149700598802,0.48106256127357483
0.6863468634686347,0.7432567432567433,0.4826258420944214
0.6863468634686347,0.744,0.4829813838005066
0.6854243542435424,0.7437437437437437,0.4846080541610718
0.6845018450184502,0.7434869739478958,0.4863545000553131
0.6845018450184502,0.7442326980942828,0.4889048635959625
0.683579335793358,0.7439759036144579,0.4891546666622162
0.6826568265682657,0.7437185929648241,0.4918607473373413
0.6817343173431735,0.7434607645875252,0.4929453730583191
0.6817343173431735,0.7442094662638469,0.4939952492713928
0.6808118081180812,0.7439516129032258,0.4953156113624573
0.6808118081180812,0.7447023208879919,0.4984965920448303
0.6798892988929889,0.7444444444444445,0.4999452829360962
0.6798892988929889,0.7451971688574317,0.49998101592063904
0.6789667896678967,0.7449392712550608,0.5009370446205139
0.6789667896678967,0.745694022289767,0.5017865300178528
0.6789667896678967,0.7464503042596349,0.5024785399436951
0.6780442804428044,0.7461928934010152,0.5032526850700378
0.6780442804428044,0.7469512195121951,0.5063146352767944
0.6771217712177122,0.7466937945066124,0.5064749717712402
0.6771217712177122,0.7474541751527495,0.5076180100440979
0.6761992619926199,0.7471967380224261,0.5077630281448364
0.6761992619926199,0.7479591836734694,0.5078059434890747
0.6752767527675276,0.7477017364657814,0.5088731050491333
0.6752767527675276,0.7484662576687117,0.5090192556381226
0.6752767527675276,0.7492323439099283,0.5092682838439941
0.6752767527675276,0.75,0.5099629163742065
0.6752767527675276,0.7507692307692307,0.5100591778755188
0.6752767527675276,0.7515400410677618,0.5102992057800293
0.6752767527675276,0.7523124357656732,0.5105750560760498
0.6752767527675276,0.7530864197530864,0.5108487606048584
0.6743542435424354,0.752832131822863,0.5110936164855957
0.6734317343173432,0.7525773195876289,0.5113193988800049
0.672509225092251,0.7523219814241486,0.511600911617279
0.672509225092251,0.753099173553719,0.5147321224212646
0.672509225092251,0.7538779731127198,0.5152072310447693
0.6715867158671587,0.7536231884057971,0.5153176784515381
0.6715867158671587,0.7544041450777202,0.5155618786811829
0.6706642066420664,0.754149377593361,0.5169153213500977
0.6697416974169742,0.7538940809968847,0.5171383619308472
0.6697416974169742,0.7546777546777547,0.517514705657959
0.6697416974169742,0.7554630593132154,0.5183765888214111
0.6688191881918819,0.7552083333333334,0.5194859504699707
0.6678966789667896,0.7549530761209593,0.5197786092758179
0.6669741697416974,0.7546972860125261,0.5207580327987671
0.6669741697416974,0.7554858934169278,0.5209000706672668
0.6660516605166051,0.7552301255230126,0.5239015221595764
0.6660516605166051,0.7560209424083769,0.5248814821243286
0.665129151291513,0.7557651991614256,0.5263868570327759
0.6642066420664207,0.7555089192025184,0.5279651880264282
0.6632841328413284,0.7552521008403361,0.5289223194122314
0.6614391143911439,0.7547368421052632,0.5299260020256042
0.6614391143911439,0.7555321390937829,0.5302131175994873
0.6605166051660517,0.7552742616033755,0.5315680503845215
0.6595940959409594,0.7550158394931362,0.5317516326904297
0.6595940959409594,0.7558139534883721,0.5318589806556702
0.6595940959409594,0.7566137566137566,0.5323984026908875
0.6586715867158671,0.7563559322033898,0.532416820526123
0.6577490774907749,0.7560975609756098,0.5333766937255859
0.6577490774907749,0.7569002123142251,0.5347191095352173
0.6568265682656826,0.7566418703506907,0.5351850986480713
0.6559040590405905,0.7563829787234042,0.5363208651542664
0.6559040590405905,0.7571884984025559,0.5367395877838135
0.6559040590405905,0.7579957356076759,0.5377907752990723
0.6549815498154982,0.7577374599786553,0.5378215312957764
0.6540590405904059,0.7574786324786325,0.5386604070663452
0.6531365313653137,0.7572192513368984,0.5387651324272156
0.6531365313653137,0.7580299785867237,0.5394185185432434
0.6531365313653137,0.7588424437299035,0.5398079752922058
0.6531365313653137,0.759656652360515,0.5401592254638672
0.6531365313653137,0.7604726100966702,0.5407382249832153
0.6522140221402214,0.7602150537634409,0.5409678220748901
0.6512915129151291,0.759956942949408,0.5413241386413574
0.6503690036900369,0.759698275862069,0.5422577857971191
0.6494464944649446,0.7594390507011867,0.5422993898391724
0.6485239852398524,0.7591792656587473,0.5424425601959229
0.6485239852398524,0.76,0.5428093075752258
0.6476014760147601,0.7597402597402597,0.5444298982620239
0.6466789667896679,0.7594799566630552,0.5447852611541748
0.6466789667896679,0.7603036876355749,0.5468767881393433
0.6457564575645757,0.760043431053203,0.5473133325576782
0.6448339483394834,0.7597826086956522,0.5476101636886597
0.6439114391143912,0.7595212187159956,0.5487450361251831
0.6429889298892989,0.7592592592592593,0.5490572452545166
0.6429889298892989,0.7600872410032715,0.5495365858078003
0.6429889298892989,0.7609170305676856,0.5499663352966309
0.6429889298892989,0.7617486338797814,0.5514816641807556
0.6429889298892989,0.762582056892779,0.5526894927024841
0.6420664206642066,0.7623220153340635,0.552862823009491
0.6420664206642066,0.7631578947368421,0.5529124140739441
0.6420664206642066,0.7639956092206367,0.5539019107818604
0.6420664206642066,0.7648351648351648,0.5551348328590393
0.6420664206642066,0.7656765676567657,0.5554838180541992
0.6420664206642066,0.7665198237885462,0.5559281706809998
0.6411439114391144,0.7662624035281147,0.5564665794372559
0.6411439114391144,0.7671081677704195,0.5568300485610962
0.6411439114391144,0.7679558011049724,0.5568779706954956
0.6411439114391144,0.7688053097345132,0.5576009154319763
0.6402214022140221,0.7685492801771872,0.5596408843994141
0.6392988929889298,0.7682926829268293,0.5598111152648926
0.6383763837638377,0.7680355160932297,0.5598620772361755
0.6374538745387454,0.7677777777777778,0.5600850582122803
0.6374538745387454,0.7686318131256952,0.5616133213043213
0.6365313653136532,0.7683741648106904,0.5618056058883667
0.6356088560885609,0.7681159420289855,0.5620863437652588
0.6346863468634686,0.7678571428571429,0.5631898641586304
0.6346863468634686,0.7687150837988826,0.5632206201553345
0.6346863468634686,0.7695749440715883,0.563820481300354
0.6337638376383764,0.7693169092945129,0.5642398595809937
0.6328413284132841,0.7690582959641256,0.5646234154701233
0.6319188191881919,0.7687991021324355,0.5646759867668152
0.6309963099630996,0.7685393258426966,0.56467604637146
0.6300738007380073,0.7691441441441441,0.5659419894218445
0.6291512915129152,0.7688838782412627,0.5669638514518738
0.6291512915129152,0.7697516930022573,0.5673280954360962
0.6282287822878229,0.7694915254237288,0.5679965019226074
0.6273062730627307,0.7692307692307693,0.5682803988456726
0.6263837638376384,0.768969422423556,0.568374514579773
0.6263837638376384,0.7698412698412699,0.5686009526252747
0.6254612546125461,0.7695800227014756,0.5688012838363647
0.6254612546125461,0.7704545454545455,0.5691580772399902
0.6245387453874539,0.770193401592719,0.5694118738174438
0.6245387453874539,0.7710706150341685,0.5695997476577759
0.6236162361623616,0.7708095781071835,0.5700162649154663
0.6226937269372693,0.7705479452054794,0.5707014799118042
0.6217712177121771,0.7702857142857142,0.5716198086738586
0.6208487084870848,0.7700228832951945,0.5717111825942993
0.6208487084870848,0.7709049255441008,0.5720243453979492
0.6208487084870848,0.7717889908256881,0.5720294713973999
0.6208487084870848,0.7726750861079219,0.5722951292991638
0.6208487084870848,0.7735632183908046,0.5730475187301636
0.6199261992619927,0.7733026467203682,0.573800802230835
0.6190036900369004,0.7730414746543779,0.5744674801826477
0.6190036900369004,0.7739331026528259,0.5746191740036011
0.6190036900369004,0.7748267898383372,0.5758689045906067
0.6190036900369004,0.7757225433526012,0.5760740041732788
0.6190036900369004,0.7766203703703703,0.5762351751327515
0.6190036900369004,0.7775202780996524,0.5762747526168823
0.6190036900369004,0.7784222737819025,0.5773636698722839
0.6190036900369004,0.7793263646922184,0.5780714154243469
0.6180811808118081,0.7790697674418605,0.5781296491622925
0.6180811808118081,0.779976717112922,0.5785359144210815
0.6180811808118081,0.7808857808857809,0.5794229507446289
0.6180811808118081,0.7817969661610268,0.5794652104377747
0.6180811808118081,0.7827102803738317,0.5796223282814026
0.6171586715867159,0.7824561403508772,0.5798941254615784
0.6171586715867159,0.7833723653395784,0.5799649953842163
0.6162361623616236,0.7831184056271981,0.5803626775741577
0.6153136531365314,0.7828638497652582,0.5807323455810547
0.6143911439114391,0.782608695652174,0.5808776617050171
0.6134686346863468,0.7823529411764706,0.5813001394271851
0.6134686346863468,0.7832744405182568,0.5816036462783813
0.6134686346863468,0.7841981132075472,0.5825387835502625
0.6125461254612546,0.7839433293978748,0.5829763412475586
0.6125461254612546,0.7848699763593381,0.5843024253845215
0.6116236162361623,0.7846153846153846,0.5850417017936707
0.6107011070110702,0.7843601895734598,0.5852494239807129
0.6097785977859779,0.7841043890865955,0.5853129625320435
0.6097785977859779,0.7850356294536817,0.5855727195739746
0.6097785977859779,0.7859690844233056,0.585576057434082
0.6088560885608856,0.7857142857142857,0.585748553276062
0.6088560885608856,0.7866507747318237,0.587104082107544
0.6079335793357934,0.7863961813842482,0.5871811509132385
0.6070110701107011,0.7861409796893668,0.5877707004547119
0.6070110701107011,0.7870813397129187,0.5909013748168945
0.6060885608856088,0.7868263473053893,0.5910131335258484
0.6051660516605166,0.7865707434052758,0.5913489460945129
0.6042435424354243,0.7863145258103241,0.5928353667259216
0.6033210332103321,0.7860576923076923,0.5929652452468872
0.6033210332103321,0.7870036101083032,0.5951701402664185
0.6023985239852399,0.788647342995169,0.5956697463989258
0.6023985239852399,0.7896009673518742,0.5957812666893005
0.6023985239852399,0.7905569007263923,0.5966901779174805
0.6023985239852399,0.7915151515151515,0.5978113412857056
0.6014760147601476,0.7922235722964763,0.5978143811225891
0.6014760147601476,0.7931873479318735,0.5990228056907654
0.6005535055350554,0.7929354445797807,0.5994386076927185
0.6005535055350554,0.7939024390243903,0.5994388461112976
0.5996309963099631,0.7936507936507936,0.5996168851852417
0.5996309963099631,0.7946210268948656,0.6011366844177246
0.5996309963099631,0.795593635250918,0.6027629375457764
0.5996309963099631,0.7965686274509803,0.6028497219085693
0.5987084870848709,0.7963190184049079,0.603905200958252
0.5977859778597786,0.7960687960687961,0.604345977306366
0.5968634686346863,0.7958179581795818,0.6048458814620972
0.5959409594095941,0.7955665024630542,0.6057304739952087
0.5950184501845018,0.7953144266337855,0.6075046062469482
0.5940959409594095,0.7950617283950617,0.6082793474197388
0.5931734317343174,0.7948084054388134,0.6083468198776245
0.5922509225092251,0.7945544554455446,0.6085084676742554
0.5913284132841329,0.7942998760842627,0.608725905418396
0.5913284132841329,0.7952853598014888,0.6096311211585999
0.5904059040590406,0.7950310559006211,0.6100066900253296
0.5904059040590406,0.7960199004975125,0.6106477975845337
0.5894833948339483,0.7957658779576587,0.6107433438301086
0.5885608856088561,0.7955112219451371,0.6111252307891846
0.5885608856088561,0.7965043695380774,0.6127292513847351
0.5885608856088561,0.7975,0.6130474209785461
0.5876383763837638,0.7972465581977471,0.6130973100662231
0.5876383763837638,0.7982456140350878,0.6142810583114624
0.5876383763837638,0.7992471769134254,0.6147664785385132
0.5867158671586716,0.7989949748743719,0.61517333984375
0.5857933579335793,0.7987421383647799,0.6157349348068237
0.5857933579335793,0.7997481108312342,0.6159610748291016
0.5857933579335793,0.8007566204287516,0.6162855625152588
0.584870848708487,0.8005050505050505,0.6165819764137268
0.5839483394833949,0.8002528445006322,0.616777777671814
0.5830258302583026,0.8,0.6171502470970154
0.5830258302583026,0.8010139416983524,0.6186575889587402
0.5830258302583026,0.8020304568527918,0.618782639503479
0.5821033210332104,0.8017789072426937,0.6190142631530762
0.5811808118081181,0.8015267175572519,0.6205296516418457
0.5811808118081181,0.802547770700637,0.6226817965507507
0.5802583025830258,0.8022959183673469,0.6229372024536133
0.5802583025830258,0.8033205619412516,0.6232938170433044
0.5802583025830258,0.8043478260869565,0.6244366765022278
0.5793357933579336,0.8040973111395646,0.6260514259338379
0.5784132841328413,0.8038461538461539,0.6271418929100037
0.577490774907749,0.803594351732991,0.6274118423461914
0.5765682656826568,0.8033419023136247,0.6279134750366211
0.5765682656826568,0.8043758043758044,0.6282513737678528
0.5765682656826568,0.8054123711340206,0.6283934116363525
0.5756457564575646,0.8051612903225807,0.6284611225128174
0.5747232472324724,0.8049095607235142,0.6303647756576538
0.5738007380073801,0.8046571798188874,0.6307739019393921
0.5728782287822878,0.8044041450777202,0.6309248208999634
0.5719557195571956,0.8041504539559015,0.631409764289856
0.5710332103321033,0.8038961038961039,0.6314420700073242
0.5701107011070111,0.8036410923276983,0.6315083503723145
0.5691881918819188,0.8033854166666666,0.6319809556007385
0.5682656826568265,0.803129074315515,0.6320598125457764
0.5673431734317343,0.8028720626631853,0.6323118209838867
0.5673431734317343,0.803921568627451,0.6324043273925781
0.5673431734317343,0.8049738219895288,0.6328673958778381
0.5673431734317343,0.8060288335517694,0.6331464052200317
0.566420664206642,0.8057742782152231,0.6334235668182373
0.5654981549815498,0.8055190538764783,0.6335689425468445
0.5645756457564576,0.8052631578947368,0.6352989673614502
0.5636531365313653,0.8050065876152833,0.6355236768722534
0.5636531365313653,0.8060686015831134,0.6355534791946411
0.5636531365313653,0.8071334214002642,0.6355860829353333
0.5636531365313653,0.8082010582010583,0.6357325315475464
0.5627306273062731,0.8079470198675497,0.6375515460968018
0.5627306273062731,0.8090185676392573,0.6379553079605103
0.5618081180811808,0.8087649402390438,0.6380605697631836
0.5608856088560885,0.8085106382978723,0.638090193271637
0.5599630996309963,0.8082556591211718,0.6391523480415344
0.5599630996309963,0.8093333333333333,0.6397104263305664
0.5599630996309963,0.8104138851802403,0.6399470567703247
0.559040590405904,0.8101604278074866,0.6402135491371155
0.5581180811808119,0.8099062918340026,0.6420050859451294
0.5571955719557196,0.8096514745308311,0.6421729326248169
0.5571955719557196,0.810738255033557,0.642845869064331
0.5562730627306273,0.8104838709677419,0.6430026292800903
0.5553505535055351,0.8102288021534321,0.6430027484893799
0.5544280442804428,0.8099730458221024,0.6435747146606445
0.5535055350553506,0.8097165991902834,0.6441739797592163
0.5525830258302583,0.8094594594594594,0.6448803544044495
0.551660516605166,0.8092016238159675,0.6451317071914673
0.5507380073800738,0.8089430894308943,0.6452879905700684
0.5498154981549815,0.8086838534599728,0.6453064680099487
0.5488929889298892,0.8084239130434783,0.6463055610656738
0.5488929889298892,0.8095238095238095,0.6465907096862793
0.5479704797047971,0.8092643051771117,0.646902859210968
0.5470479704797048,0.8090040927694406,0.6470394134521484
0.5470479704797048,0.8101092896174863,0.647124171257019
0.5461254612546126,0.8098495212038304,0.6473978757858276
0.5461254612546126,0.810958904109589,0.6491674184799194
0.5452029520295203,0.8106995884773662,0.649647057056427
0.544280442804428,0.8104395604395604,0.6497453451156616
0.5433579335793358,0.8101788170563962,0.6501587629318237
0.5424354243542435,0.8099173553719008,0.6515504121780396
0.5415129151291513,0.8096551724137931,0.6523337364196777
0.540590405904059,0.8093922651933702,0.6554944515228271
0.5396678966789668,0.8091286307053942,0.6564568281173706
0.5387453874538746,0.8088642659279779,0.6575520634651184
0.5387453874538746,0.8099861303744799,0.6577481031417847
0.5378228782287823,0.8097222222222222,0.6583494544029236
0.5369003690036901,0.8094575799721836,0.6597301959991455
0.5369003690036901,0.8105849582172702,0.6598507165908813
0.5359778597785978,0.810320781032078,0.6612445712089539
0.5359778597785978,0.8114525139664804,0.6612464189529419
0.5359778597785978,0.8125874125874126,0.6619152426719666
0.5359778597785978,0.8137254901960784,0.6636207103729248
0.5350553505535055,0.8134642356241234,0.6641802787780762
0.5350553505535055,0.8146067415730337,0.6651589274406433
0.5350553505535055,0.8157524613220816,0.6655097603797913
0.5341328413284133,0.8154929577464789,0.6661480069160461
0.533210332103321,0.8152327221438646,0.6673389673233032
0.5322878228782287,0.8149717514124294,0.6690163016319275
0.5322878228782287,0.8161244695898161,0.6712010502815247
0.5313653136531366,0.8158640226628895,0.6718930006027222
0.5304428044280443,0.8156028368794326,0.6720454692840576
0.5295202952029521,0.8153409090909091,0.6727310419082642
0.5295202952029521,0.8165007112375533,0.672900915145874
0.5285977859778598,0.8162393162393162,0.6733673214912415
0.5276752767527675,0.8159771754636234,0.6754844188690186
0.5276752767527675,0.8171428571428572,0.6785293817520142
0.5267527675276753,0.8168812589413448,0.6788660287857056
0.5267527675276753,0.8180515759312321,0.6789301037788391
0.5267527675276753,0.8192252510760402,0.6798849105834961
0.5267527675276753,0.8204022988505747,0.6803634166717529
0.5267527675276753,0.8215827338129497,0.6870001554489136
0.525830258302583,0.8213256484149856,0.6872127056121826
0.5249077490774908,0.8210678210678211,0.6900851130485535
0.5249077490774908,0.8222543352601156,0.692033052444458
0.5249077490774908,0.8234442836468886,0.6925410628318787
0.5239852398523985,0.8231884057971014,0.6926227807998657
0.5230627306273062,0.8229317851959361,0.6926534175872803
0.522140221402214,0.8226744186046512,0.6928595900535583
0.5212177121771218,0.8224163027656477,0.6931754946708679
0.5212177121771218,0.8236151603498543,0.6934523582458496
0.5212177121771218,0.8248175182481752,0.6939167976379395
0.5202952029520295,0.8245614035087719,0.6984738111495972
0.5193726937269373,0.8243045387994143,0.6987492442131042
0.5193726937269373,0.8255131964809385,0.704073429107666
0.518450184501845,0.8252569750367107,0.7041997313499451
0.518450184501845,0.8264705882352941,0.7054255604743958
0.5175276752767528,0.8262150220913107,0.7072299718856812
0.5166051660516605,0.8259587020648967,0.7082157135009766
0.5156826568265682,0.8257016248153619,0.7084760069847107
0.514760147601476,0.8254437869822485,0.7111703753471375
0.5138376383763837,0.8251851851851851,0.7113595008850098
0.5129151291512916,0.8249258160237388,0.7133661508560181
0.5119926199261993,0.8246656760772659,0.7140121459960938
0.5119926199261993,0.8258928571428571,0.7245287895202637
0.511070110701107,0.8256333830104322,0.7263171672821045
0.5101476014760148,0.8253731343283582,0.7292752265930176
0.5092250922509225,0.8251121076233184,0.7301440238952637
0.5083025830258303,0.8248502994011976,0.7308435440063477
0.5083025830258303,0.8260869565217391,0.7311577200889587
0.507380073800738,0.8258258258258259,0.7312986850738525
0.5064575645756457,0.825563909774436,0.7315817475318909
0.5064575645756457,0.8268072289156626,0.731843113899231
0.5055350553505535,0.8265460030165912,0.7331489324569702
0.5055350553505535,0.8277945619335347,0.7346166372299194
0.5046125461254612,0.8275340393343419,0.7349296808242798
0.5046125461254612,0.8287878787878787,0.7355817556381226
0.503690036900369,0.8285280728376327,0.7369282245635986
0.5027675276752768,0.8282674772036475,0.7369685173034668
0.5027675276752768,0.8295281582952816,0.7371903657913208
0.5018450184501845,0.8292682926829268,0.7373743057250977
0.5009225092250923,0.8290076335877863,0.737396240234375
0.5,0.8287461773700305,0.7375405430793762
0.49907749077490776,0.8284839203675345,0.738386869430542
0.4981549815498155,0.8282208588957055,0.7385107278823853
0.49723247232472323,0.8279569892473119,0.7392251491546631
0.496309963099631,0.8276923076923077,0.7401749491691589
0.49538745387453875,0.827426810477658,0.7407618761062622
0.4944649446494465,0.8271604938271605,0.7428112030029297
0.4935424354243542,0.8268933539412674,0.7438767552375793
0.492619926199262,0.826625386996904,0.7441900372505188
0.49169741697416974,0.8263565891472868,0.7447772026062012
0.49169741697416974,0.827639751552795,0.7452424168586731
0.4907749077490775,0.8273716951788491,0.7457008361816406
0.4907749077490775,0.8286604361370716,0.7459830641746521
0.4907749077490775,0.8299531981279251,0.7463117837905884
0.48985239852398527,0.8296875,0.7463269233703613
0.488929889298893,0.8294209702660407,0.7467348575592041
0.48800738007380073,0.829153605015674,0.7470400929450989
0.4870848708487085,0.8288854003139717,0.7478999495506287
0.48616236162361626,0.8286163522012578,0.7479380369186401
0.48523985239852396,0.8283464566929134,0.7479574084281921
0.4843173431734317,0.8280757097791798,0.7481470108032227
0.4843173431734317,0.8293838862559242,0.7489748001098633
0.4833948339483395,0.8291139240506329,0.7501879930496216
0.48247232472324725,0.8288431061806656,0.7509194016456604
0.48154981549815495,0.8285714285714286,0.7509216666221619
0.4806273062730627,0.8282988871224165,0.7524216175079346
0.4806273062730627,0.8296178343949044,0.752936601638794
0.4806273062730627,0.8309409888357256,0.7537393569946289
0.4797047970479705,0.8306709265175719,0.7537454962730408
0.47878228782287824,0.8304,0.7539570331573486
0.477859778597786,0.8301282051282052,0.7554746866226196
0.4769372693726937,0.8298555377207063,0.7554769515991211
0.4769372693726937,0.8311897106109325,0.7558795213699341
0.47601476014760147,0.8309178743961353,0.7558837532997131
0.47509225092250923,0.8306451612903226,0.7561686038970947
0.474169741697417,0.8303715670436187,0.75653475522995
0.4732472324723247,0.8300970873786407,0.7570583820343018
0.47232472324723246,0.8298217179902755,0.7571227550506592
0.4714022140221402,0.8295454545454546,0.7571974992752075
0.4714022140221402,0.8308943089430895,0.7573073506355286
0.470479704797048,0.8306188925081434,0.7576778531074524
0.46955719557195574,0.8303425774877651,0.7598716020584106
0.46863468634686345,0.8300653594771242,0.7607204914093018
0.46863468634686345,0.8314238952536824,0.7627239227294922
0.46863468634686345,0.8327868852459016,0.7644792199134827
0.46863468634686345,0.8341543513957307,0.7652046084403992
0.46863468634686345,0.8355263157894737,0.766339898109436
0.4677121771217712,0.8352553542009885,0.7673762440681458
0.466789667896679,0.834983498349835,0.7677409648895264
0.466789667896679,0.8363636363636363,0.7685505747795105
0.466789667896679,0.8377483443708609,0.7686858773231506
0.466789667896679,0.8391376451077943,0.7696501016616821
0.466789667896679,0.840531561461794,0.7697024345397949
0.466789667896679,0.8419301164725458,0.7698290944099426
0.46586715867158673,0.8416666666666667,0.7700152397155762
0.46494464944649444,0.8414023372287145,0.7700273990631104
0.4640221402214022,0.8411371237458194,0.7700679898262024
0.4640221402214022,0.8425460636515912,0.7700701951980591
0.46309963099630996,0.8422818791946308,0.7700867056846619
0.46309963099630996,0.8436974789915966,0.7700984477996826
0.4621771217712177,0.8434343434343434,0.7701438665390015
0.4612546125461255,0.8431703204047217,0.7707669734954834
0.4612546125461255,0.8445945945945946,0.7710896730422974
0.4603321033210332,0.8443316412859561,0.7711176872253418
0.45940959409594095,0.8440677966101695,0.7711509466171265
0.4584870848708487,0.8438030560271647,0.7712167501449585
0.4566420664206642,0.8432708688245315,0.7715033292770386
0.45571955719557194,0.8430034129692833,0.7715442180633545
0.4547970479704797,0.8427350427350427,0.7716192007064819
0.45387453874538747,0.8424657534246576,0.7716256380081177
0.45295202952029523,0.8421955403087479,0.7721213102340698
0.45202952029520294,0.8419243986254296,0.7722046375274658
0.4511070110701107,0.8416523235800344,0.7725995779037476
0.4511070110701107,0.843103448275862,0.7726007699966431
0.45018450184501846,0.842832469775475,0.7726637721061707
0.4492619926199262,0.842560553633218,0.7727006077766418
0.4474169741697417,0.8420138888888888,0.7727590203285217
0.4474169741697417,0.8434782608695652,0.7729130983352661
0.44649446494464945,0.8432055749128919,0.7729955911636353
0.4455719557195572,0.8429319371727748,0.7730222940444946
0.4455719557195572,0.8444055944055944,0.7730228900909424
0.4455719557195572,0.8458844133099825,0.7730617523193359
0.4446494464944649,0.8456140350877193,0.7730769515037537
0.4437269372693727,0.8453427065026362,0.7733389139175415
0.44280442804428044,0.8450704225352113,0.7733687162399292
0.4418819188191882,0.8447971781305115,0.7739362716674805
0.44095940959409596,0.8445229681978799,0.7745734453201294
0.44003690036900367,0.8442477876106195,0.774649977684021
0.43911439114391143,0.8439716312056738,0.7750068306922913
0.43911439114391143,0.8454706927175843,0.7750321626663208
0.4381918819188192,0.8451957295373665,0.7751421928405762
0.4381918819188192,0.8467023172905526,0.7752072215080261
0.43726937269372695,0.8464285714285714,0.775545060634613
0.43726937269372695,0.8479427549194991,0.7757312059402466
0.43634686346863466,0.8476702508960573,0.7757906913757324
0.4354243542435424,0.8473967684021544,0.776002049446106
0.4345018450184502,0.8471223021582733,0.7763930559158325
0.43357933579335795,0.8468468468468469,0.776496171951294
0.4326568265682657,0.8465703971119134,0.776695966720581
0.4317343173431734,0.8462929475587704,0.7769546508789062
0.4308118081180812,0.8460144927536232,0.777040958404541
0.42988929889298894,0.8457350272232305,0.777250349521637
0.4289667896678967,0.8454545454545455,0.7774820327758789
0.4280442804428044,0.8451730418943534,0.7778754234313965
0.42712177121771217,0.8448905109489051,0.7778998613357544
0.4261992619926199,0.8446069469835467,0.778110146522522
0.4261992619926199,0.8461538461538461,0.7782538533210754
0.4261992619926199,0.8477064220183487,0.778256356716156
0.4252767527675277,0.8474264705882353,0.7783339619636536
0.42435424354243545,0.8471454880294659,0.778451681137085
0.42343173431734316,0.8468634686346863,0.778532862663269
0.4225092250922509,0.8465804066543438,0.7787675857543945
0.4215867158671587,0.8462962962962963,0.778769314289093
0.42066420664206644,0.8460111317254174,0.7790350317955017
0.41974169741697415,0.845724907063197,0.7790465354919434
0.4188191881918819,0.845437616387337,0.7791579961776733
0.41789667896678967,0.8451492537313433,0.7792739272117615
0.41697416974169743,0.8448598130841122,0.7792763113975525
0.4160516605166052,0.8445692883895131,0.7794268131256104
0.4151291512915129,0.8442776735459663,0.7794619798660278
0.41420664206642066,0.8439849624060151,0.7794632911682129
0.41420664206642066,0.8455743879472694,0.7796508073806763
0.4132841328413284,0.8452830188679246,0.7798198461532593
0.4123616236162362,0.8449905482041588,0.7798782587051392
0.4114391143911439,0.8446969696969697,0.7803859710693359
0.41051660516605165,0.8444022770398482,0.7806645035743713
0.4095940959409594,0.844106463878327,0.7807393670082092
0.4095940959409594,0.8457142857142858,0.7808933258056641
0.4086715867158672,0.8454198473282443,0.7810877561569214
0.4077490774907749,0.8451242829827916,0.7812008261680603
0.4077490774907749,0.8467432950191571,0.78131502866745
0.40682656826568264,0.8464491362763915,0.7813290357589722
0.4059040590405904,0.8461538461538461,0.7814164757728577
0.40498154981549817,0.8458574181117534,0.7814931273460388
0.4040590405904059,0.8455598455598455,0.7817203998565674
0.40313653136531363,0.8452611218568665,0.7822200655937195
0.4022140221402214,0.8449612403100775,0.7822842001914978
0.40129151291512916,0.8446601941747572,0.7823177576065063
0.4003690036900369,0.8443579766536965,0.7823560237884521
0.4003690036900369,0.8460038986354775,0.7827006578445435
0.3994464944649446,0.845703125,0.7827366590499878
0.3985239852398524,0.8454011741682974,0.7828224897384644
0.39760147601476015,0.8450980392156863,0.782893717288971
0.3966789667896679,0.8447937131630648,0.7829015851020813
0.39575645756457567,0.844488188976378,0.7829179167747498
0.3948339483394834,0.8441814595660749,0.7830478549003601
0.39391143911439114,0.8438735177865613,0.7830754518508911
0.3929889298892989,0.8435643564356435,0.7832207679748535
0.3929889298892989,0.8452380952380952,0.7832638025283813
0.39206642066420666,0.8449304174950298,0.78341144323349
0.39206642066420666,0.8466135458167331,0.7836989760398865
0.39114391143911437,0.846307385229541,0.7838300466537476
0.39022140221402213,0.846,0.783888041973114
0.3892988929889299,0.845691382765531,0.7838987112045288
0.38837638376383765,0.8453815261044176,0.7840069532394409
0.3874538745387454,0.8450704225352113,0.7840090394020081
0.3865313653136531,0.844758064516129,0.7841207981109619
0.3856088560885609,0.8444444444444444,0.7841397523880005
0.38468634686346864,0.8441295546558705,0.7842684984207153
0.3837638376383764,0.8438133874239351,0.7842898964881897
0.3828413284132841,0.8434959349593496,0.784376323223114
0.38191881918819187,0.8431771894093686,0.7844501733779907
0.38191881918819187,0.8448979591836735,0.7844980359077454
0.38191881918819187,0.8466257668711656,0.7848488092422485
0.38099630996309963,0.8463114754098361,0.7850202322006226
0.38099630996309963,0.8480492813141683,0.7851970195770264
0.3800738007380074,0.8477366255144033,0.7852616310119629
0.37915129151291516,0.8474226804123711,0.7853461503982544
0.37822878228782286,0.8471074380165289,0.7853814959526062
0.3773062730627306,0.8467908902691511,0.7854428291320801
0.37546125461254615,0.8461538461538461,0.7854459881782532
0.37546125461254615,0.8479166666666667,0.7854833602905273
0.37453874538745385,0.8475991649269311,0.7855572700500488
0.37453874538745385,0.8493723849372385,0.7856655120849609
0.37453874538745385,0.8511530398322851,0.7857359647750854
0.3736162361623616,0.8508403361344538,0.7857525944709778
0.3726937269372694,0.8505263157894737,0.7859050035476685
0.37177121771217714,0.8502109704641351,0.7859534621238708
0.37084870848708484,0.8498942917547568,0.7861267924308777
0.3699261992619926,0.8495762711864406,0.7861399054527283
0.36900369003690037,0.8492569002123143,0.7862088680267334
0.36900369003690037,0.851063829787234,0.7863065004348755
0.36808118081180813,0.8507462686567164,0.7864028811454773
0.3671586715867159,0.8504273504273504,0.7864114046096802
0.3671586715867159,0.8522483940042827,0.7864847779273987
0.3662361623616236,0.851931330472103,0.7865338325500488
0.36531365313653136,0.8516129032258064,0.7866109013557434
0.3643911439114391,0.8512931034482759,0.7867707014083862
0.3643911439114391,0.8531317494600432,0.7867943644523621
0.3634686346863469,0.8528138528138528,0.7871139645576477
0.3625461254612546,0.8524945770065075,0.7871793508529663
0.36162361623616235,0.8521739130434782,0.7872233986854553
0.3607011070110701,0.8518518518518519,0.7872486114501953
0.35977859778597787,0.851528384279476,0.7873150110244751
0.35885608856088563,0.8512035010940919,0.7876657247543335
0.35885608856088563,0.8530701754385965,0.7876915335655212
0.35793357933579334,0.8527472527472527,0.7876932621002197
0.3570110701107011,0.8524229074889867,0.787796676158905
0.35608856088560886,0.8520971302428256,0.7878835797309875
0.35424354243542433,0.8514412416851441,0.787986159324646
0.3533210332103321,0.8511111111111112,0.7879868745803833
0.3533210332103321,0.8530066815144766,0.7880805134773254
0.35239852398523985,0.8526785714285714,0.7881526947021484
0.35239852398523985,0.854586129753915,0.7882726788520813
0.3514760147601476,0.8542600896860987,0.7885779142379761
0.3505535055350554,0.8539325842696629,0.788646936416626
0.34870848708487084,0.8532731376975169,0.7886639833450317
0.3477859778597786,0.8529411764705882,0.7887209057807922
0.34686346863468637,0.8526077097505669,0.7887389659881592
0.3459409594095941,0.8522727272727273,0.7889693975448608
0.34501845018450183,0.8519362186788155,0.7891141772270203
0.3440959409594096,0.8515981735159818,0.7891695499420166
0.34317343173431736,0.851258581235698,0.7891799211502075
0.3422509225092251,0.8509174311926605,0.7891851663589478
0.3422509225092251,0.8528735632183908,0.7892249822616577
0.3413284132841328,0.8525345622119815,0.7892941832542419
0.3404059040590406,0.8521939953810623,0.7895286083221436
0.33948339483394835,0.8518518518518519,0.7895857095718384
0.3385608856088561,0.851508120649652,0.7896839380264282
0.3376383763837638,0.8511627906976744,0.7897509336471558
0.3367158671586716,0.8508158508158508,0.7899423837661743
0.33579335793357934,0.8504672897196262,0.7901129126548767
0.3348708487084871,0.8501170960187353,0.7901256680488586
0.3348708487084871,0.852112676056338,0.7902705669403076
0.3339483394833948,0.851764705882353,0.7902808785438538
0.33302583025830257,0.8514150943396226,0.7902810573577881
0.33210332103321033,0.851063829787234,0.7902921438217163
0.3311808118081181,0.8507109004739336,0.7905518412590027
0.33025830258302585,0.850356294536817,0.7905702590942383
0.33025830258302585,0.8523809523809524,0.7906150817871094
0.32933579335793356,0.8520286396181385,0.7906254529953003
0.3284132841328413,0.8516746411483254,0.7906296849250793
0.3274907749077491,0.8513189448441247,0.7906332015991211
0.32656826568265684,0.8509615384615384,0.7908044457435608
0.32564575645756455,0.8506024096385543,0.7908861637115479
0.3247232472324723,0.8502415458937198,0.7910376787185669
0.3238007380073801,0.8498789346246973,0.7910841703414917
0.32287822878228783,0.8495145631067961,0.7911023497581482
0.3219557195571956,0.8491484184914841,0.7911214828491211
0.3210332103321033,0.848780487804878,0.7912464737892151
0.32011070110701106,0.8484107579462102,0.791263222694397
0.3191881918819188,0.8480392156862745,0.7913057208061218
0.3182656826568266,0.8476658476658476,0.7914429903030396
0.3173431734317343,0.8472906403940886,0.7914750576019287
0.31642066420664205,0.8469135802469135,0.7915422320365906
0.31642066420664205,0.849009900990099,0.7916041016578674
0.3154981549815498,0.8486352357320099,0.7916340827941895
0.3145756457564576,0.8482587064676617,0.7917217016220093
0.3145756457564576,0.8503740648379052,0.7919498682022095
0.31365313653136534,0.85,0.7921144366264343
0.31273062730627305,0.849624060150376,0.7921381592750549
0.3118081180811808,0.8492462311557789,0.7921911478042603
0.31088560885608857,0.8488664987405542,0.7922139763832092
0.30996309963099633,0.8484848484848485,0.7922448515892029
0.30904059040590404,0.8481012658227848,0.7922559976577759
0.3081180811808118,0.8477157360406091,0.7923024892807007
0.30719557195571956,0.8473282442748091,0.7923174500465393
0.3062730627306273,0.8469387755102041,0.7923984527587891
0.3053505535055351,0.8465473145780051,0.7924216985702515
0.3044280442804428,0.8461538461538461,0.7925169467926025
0.30350553505535055,0.8457583547557841,0.7926400303840637
0.3025830258302583,0.845360824742268,0.792701244354248
0.3016605166051661,0.8449612403100775,0.792951226234436
0.3007380073800738,0.844559585492228,0.7931236028671265
0.29981549815498154,0.8441558441558441,0.7931438684463501
0.2988929889298893,0.84375,0.7931885719299316
0.29797047970479706,0.8433420365535248,0.7932833433151245
0.29704797047970477,0.8429319371727748,0.7932922840118408
0.29704797047970477,0.8451443569553806,0.7934466004371643
0.29612546125461253,0.8447368421052631,0.7934674024581909
0.2952029520295203,0.8443271767810027,0.7934871912002563
0.29428044280442806,0.843915343915344,0.793573260307312
0.2933579335793358,0.843501326259947,0.793654203414917
0.2933579335793358,0.8457446808510638,0.7937665581703186
0.2924354243542435,0.8453333333333334,0.7939037084579468
0.2915129151291513,0.8449197860962567,0.7940402030944824
0.29059040590405905,0.8445040214477212,0.7940720319747925
0.2896678966789668,0.8440860215053764,0.7941188812255859
0.2887453874538745,0.8436657681940701,0.7942126393318176
0.2878228782287823,0.8432432432432433,0.794310450553894
0.28690036900369004,0.8428184281842819,0.7943596243858337
0.2859778597785978,0.842391304347826,0.7944381237030029
0.28505535055350556,0.8419618528610354,0.7945998907089233
0.28413284132841327,0.8415300546448088,0.794723629951477
0.283210332103321,0.8410958904109589,0.7948012351989746
0.2822878228782288,0.8406593406593407,0.7950047254562378
0.28136531365313655,0.8402203856749312,0.795052707195282
0.28136531365313655,0.8425414364640884,0.79522705078125
0.28044280442804426,0.8421052631578947,0.7952519655227661
0.279520295202952,0.8416666666666667,0.7953982949256897
0.2785977859778598,0.841225626740947,0.7954747676849365
0.2785977859778598,0.8435754189944135,0.7955309748649597
0.27767527675276754,0.8431372549019608,0.7956769466400146
0.2767527675276753,0.8426966292134831,0.7957044243812561
0.2767527675276753,0.8450704225352113,0.7957534193992615
0.275830258302583,0.844632768361582,0.7958247661590576
0.275830258302583,0.8470254957507082,0.7958769798278809
0.27490774907749077,0.8465909090909091,0.7959297299385071
0.27398523985239853,0.8461538461538461,0.7960239052772522
0.2730627306273063,0.8457142857142858,0.7960493564605713
0.2730627306273063,0.8481375358166189,0.7961409687995911
0.272140221402214,0.8477011494252874,0.7961587905883789
0.27121771217712176,0.8472622478386167,0.7962157130241394
0.2702952029520295,0.846820809248555,0.796388566493988
0.2693726937269373,0.8463768115942029,0.7964720726013184
0.2693726937269373,0.8488372093023255,0.7965171337127686
0.26845018450184505,0.8483965014577259,0.7965325117111206
0.26845018450184505,0.8508771929824561,0.7966002225875854
0.26752767527675275,0.8504398826979472,0.7967252731323242
0.2666051660516605,0.85,0.7967336177825928
0.2656826568265683,0.8495575221238938,0.7967972755432129
0.26476014760147604,0.849112426035503,0.7968287467956543
0.26383763837638374,0.8486646884272997,0.796863317489624
0.2629151291512915,0.8482142857142857,0.7969247698783875
0.26199261992619927,0.8477611940298507,0.7969788312911987
0.261070110701107,0.8473053892215568,0.7970160245895386
0.26014760147601473,0.8468468468468469,0.7970485687255859
0.2592250922509225,0.8463855421686747,0.7971199154853821
0.2592250922509225,0.8489425981873112,0.7972637414932251
0.25830258302583026,0.8484848484848485,0.7972976565361023
0.257380073800738,0.8480243161094225,0.7974360585212708
0.2564575645756458,0.8475609756097561,0.7974612712860107
0.2555350553505535,0.8470948012232415,0.7974936962127686
0.25461254612546125,0.8466257668711656,0.7975534796714783
0.25461254612546125,0.8492307692307692,0.7975839376449585
0.253690036900369,0.8487654320987654,0.7976345419883728
0.25276752767527677,0.848297213622291,0.7977389693260193
0.2518450184501845,0.8478260869565217,0.7977432012557983
0.25092250922509224,0.8473520249221184,0.7977831363677979
0.25,0.846875,0.7981977462768555
0.24907749077490776,0.8463949843260188,0.7981992363929749
0.2481549815498155,0.8459119496855346,0.7982043027877808
0.2481549815498155,0.8485804416403786,0.7982707023620605
0.24723247232472326,0.8481012658227848,0.7985467910766602
0.246309963099631,0.8476190476190476,0.7986514568328857
0.24538745387453875,0.8471337579617835,0.7987250685691833
0.2444649446494465,0.8466453674121406,0.7987323999404907
0.24261992619926198,0.8456591639871383,0.7987538576126099
0.24261992619926198,0.8483870967741935,0.7988239526748657
0.24261992619926198,0.8511326860841424,0.7990918159484863
0.24169741697416974,0.8506493506493507,0.7992672324180603
0.24077490774907748,0.8501628664495114,0.7994430065155029
0.23985239852398524,0.8496732026143791,0.7995494604110718
0.238929889298893,0.8491803278688524,0.7996609807014465
0.23800738007380073,0.8486842105263158,0.799777626991272
0.2370848708487085,0.8481848184818482,0.7998412251472473
0.23616236162361623,0.847682119205298,0.799977719783783
0.235239852398524,0.8471760797342193,0.8000226616859436
0.23431734317343172,0.8466666666666667,0.8001489639282227
0.2333948339483395,0.8461538461538461,0.8003416061401367
0.23247232472324722,0.8456375838926175,0.800445556640625
0.23154981549815498,0.8451178451178452,0.8005317449569702
0.23062730627306274,0.8445945945945946,0.8006344437599182
0.22970479704797048,0.8440677966101695,0.8007327318191528
0.22970479704797048,0.8469387755102041,0.8009766340255737
0.22878228782287824,0.8464163822525598,0.8011122345924377
0.22878228782287824,0.8493150684931506,0.8011268973350525
0.22785977859778597,0.8487972508591065,0.8013505339622498
0.22693726937269373,0.8482758620689655,0.8014100790023804
0.22601476014760147,0.8477508650519031,0.8014506101608276
0.22601476014760147,0.8506944444444444,0.8017541766166687
0.22509225092250923,0.8501742160278746,0.8018258213996887
0.22509225092250923,0.8531468531468531,0.8018330335617065
0.22416974169741696,0.8526315789473684,0.8018354177474976
0.22324723247232472,0.852112676056338,0.8019020557403564
0.22232472324723246,0.8515901060070671,0.801971435546875
0.22140221402214022,0.851063829787234,0.8020774722099304
0.22140221402214022,0.8540925266903915,0.802219569683075
0.22047970479704798,0.8535714285714285,0.8023327589035034
0.21955719557195572,0.8530465949820788,0.8023658990859985
0.21863468634686348,0.8525179856115108,0.8024272918701172
0.2177121771217712,0.851985559566787,0.8025878071784973
0.21678966789667897,0.8514492753623188,0.8025943040847778
0.2158671586715867,0.850909090909091,0.8026913404464722
0.21494464944649447,0.8503649635036497,0.8027531504631042
0.2140221402214022,0.8498168498168498,0.8029994964599609
0.21309963099630996,0.8492647058823529,0.8033517599105835
0.21217712177121772,0.8487084870848709,0.8034641146659851
0.21125461254612546,0.8481481481481481,0.8037380576133728
0.21033210332103322,0.8475836431226765,0.8038880825042725
0.20940959409594095,0.8470149253731343,0.8040894269943237
0.20848708487084872,0.846441947565543,0.8041239976882935
0.20756457564575645,0.8458646616541353,0.8042977452278137
0.2066420664206642,0.8452830188679246,0.8043628334999084
0.20571955719557194,0.8446969696969697,0.8044374585151672
0.20571955719557194,0.8479087452471483,0.8046016097068787
0.2047970479704797,0.8473282442748091,0.8046942353248596
0.2047970479704797,0.8505747126436781,0.8048131465911865
0.20387453874538744,0.85,0.8048302531242371
0.2029520295202952,0.8494208494208494,0.8049941062927246
0.20202952029520296,0.8488372093023255,0.8051420450210571
0.2011070110701107,0.8482490272373541,0.8051936030387878
0.20018450184501846,0.84765625,0.805195152759552
0.1992619926199262,0.8470588235294118,0.8055002689361572
0.19833948339483395,0.8464566929133859,0.8055849075317383
0.1974169741697417,0.8458498023715415,0.8057460784912109
0.1974169741697417,0.8492063492063492,0.8059898614883423
0.19649446494464945,0.848605577689243,0.8059931993484497
0.19557195571955718,0.848,0.8060764670372009
0.19557195571955718,0.8514056224899599,0.8061069846153259
0.19557195571955718,0.8548387096774194,0.8062533140182495
0.19557195571955718,0.8582995951417004,0.8064136505126953
0.19464944649446494,0.8577235772357723,0.8066924810409546
0.1937269372693727,0.8571428571428571,0.8067263960838318
0.19280442804428044,0.8565573770491803,0.8069210052490234
0.1918819188191882,0.8559670781893004,0.8069833517074585
0.19095940959409594,0.8553719008264463,0.8071121573448181
0.1900369003690037,0.8547717842323651,0.8071842193603516
0.18911439114391143,0.8541666666666666,0.8072221875190735
0.1881918819188192,0.8535564853556485,0.8073045611381531
0.18726937269372693,0.8529411764705882,0.8073691725730896
0.1863468634686347,0.8523206751054853,0.8076431751251221
0.18542435424354242,0.8516949152542372,0.807838499546051
0.18450184501845018,0.851063829787234,0.807884156703949
0.18450184501845018,0.8547008547008547,0.8082197904586792
0.18357933579335795,0.8540772532188842,0.8082306385040283
0.18265682656826568,0.853448275862069,0.8083808422088623
0.18173431734317344,0.8528138528138528,0.8084685206413269
0.18081180811808117,0.8521739130434782,0.8091268539428711
0.17988929889298894,0.851528384279476,0.8092865347862244
0.17896678966789667,0.8508771929824561,0.8093152046203613
0.17804428044280443,0.8502202643171806,0.8093587160110474
0.17712177121771217,0.8495575221238938,0.8094212412834167
0.17619926199261993,0.8488888888888889,0.8096281290054321
0.17619926199261993,0.8526785714285714,0.80977463722229
0.1752767527675277,0.852017937219731,0.8098194599151611
0.17435424354243542,0.8513513513513513,0.8098964691162109
0.17435424354243542,0.8552036199095022,0.8099336624145508
0.17343173431734318,0.8545454545454545,0.810343325138092
0.17250922509225092,0.8538812785388128,0.8104526996612549
0.17158671586715868,0.8532110091743119,0.8104696869850159
0.1706642066420664,0.8525345622119815,0.8105394244194031
0.16974169741697417,0.8518518518518519,0.8109334707260132
0.1688191881918819,0.8511627906976744,0.8110754489898682
0.1688191881918819,0.8551401869158879,0.8111969232559204
0.16789667896678967,0.8544600938967136,0.8112374544143677
0.1669741697416974,0.8537735849056604,0.8113284707069397
0.16605166051660517,0.8530805687203792,0.8114128708839417
0.16512915129151293,0.8523809523809524,0.8115028142929077
0.16420664206642066,0.8516746411483254,0.8117855787277222
0.16328413284132842,0.8509615384615384,0.8118311166763306
0.16236162361623616,0.8502415458937198,0.811930775642395
0.16236162361623616,0.8543689320388349,0.8119508624076843
0.16143911439114392,0.8536585365853658,0.8120511174201965
0.16051660516605165,0.8529411764705882,0.8120515942573547
0.1595940959409594,0.8522167487684729,0.8124090433120728
0.15867158671586715,0.8514851485148515,0.8125613927841187
0.1577490774907749,0.8507462686567164,0.8125906586647034
0.15682656826568267,0.85,0.8127940893173218
0.1559040590405904,0.8492462311557789,0.8129467964172363
0.15498154981549817,0.8484848484848485,0.8131734728813171
0.1540590405904059,0.8477157360406091,0.8131754398345947
0.15313653136531366,0.8469387755102041,0.8132472038269043
0.1522140221402214,0.8461538461538461,0.8132985830307007
0.1522140221402214,0.8505154639175257,0.8136300444602966
0.15129151291512916,0.8497409326424871,0.8139877319335938
0.1503690036900369,0.8489583333333334,0.8141103982925415
0.14944649446494465,0.8481675392670157,0.8142247200012207
0.14852398523985239,0.8473684210526315,0.8143662214279175
0.14760147601476015,0.8465608465608465,0.8147810101509094
0.1466789667896679,0.8457446808510638,0.8147919178009033
0.1466789667896679,0.8502673796791443,0.81492018699646
0.1466789667896679,0.8548387096774194,0.8151049017906189
0.14575645756457564,0.8540540540540541,0.8151262998580933
0.14575645756457564,0.8586956521739131,0.8151921033859253
0.1448339483394834,0.8579234972677595,0.815360426902771
0.14391143911439114,0.8571428571428571,0.8154464960098267
0.1429889298892989,0.856353591160221,0.8156616687774658
0.14206642066420663,0.8555555555555555,0.8156846761703491
0.1411439114391144,0.8547486033519553,0.8159404397010803
0.14022140221402213,0.8539325842696629,0.8159799575805664
0.1392988929889299,0.8531073446327684,0.8159897923469543
0.13837638376383765,0.8522727272727273,0.8160408139228821
0.13837638376383765,0.8571428571428571,0.8161336183547974
0.13745387453874539,0.8563218390804598,0.816533088684082
0.13653136531365315,0.8554913294797688,0.8166057467460632
0.13560885608856088,0.8546511627906976,0.8167917132377625
0.13560885608856088,0.8596491228070176,0.8169240355491638
0.13468634686346864,0.8588235294117647,0.8173869848251343
0.13376383763837638,0.8579881656804734,0.8174686431884766
0.13284132841328414,0.8571428571428571,0.8177577257156372
0.13191881918819187,0.8562874251497006,0.8178102970123291
0.13099630996309963,0.8554216867469879,0.8178204298019409
0.13099630996309963,0.8606060606060606,0.8178604245185852
0.13007380073800737,0.8597560975609756,0.8179214596748352
0.12915129151291513,0.8588957055214724,0.8183268904685974
0.12915129151291513,0.8641975308641975,0.8184027671813965
0.1282287822878229,0.8633540372670807,0.8184208273887634
0.1282287822878229,0.86875,0.8187036514282227
0.12730627306273062,0.8679245283018868,0.8188295364379883
0.12638376383763839,0.8670886075949367,0.8190618753433228
0.12546125461254612,0.8662420382165605,0.8191402554512024
0.12453874538745388,0.8653846153846154,0.8191782236099243
0.12361623616236163,0.864516129032258,0.8193387389183044
0.12269372693726938,0.8636363636363636,0.8196045756340027
0.12177121771217712,0.8627450980392157,0.8197680711746216
0.12084870848708487,0.8618421052631579,0.8198009133338928
0.11992619926199262,0.8609271523178808,0.8198388814926147
0.11900369003690037,0.86,0.8199717402458191
0.11900369003690037,0.8657718120805369,0.8200966715812683
0.11808118081180811,0.8648648648648649,0.8201237320899963
0.11715867158671586,0.8639455782312925,0.8201372623443604
0.11623616236162361,0.863013698630137,0.8201828598976135
0.11531365313653137,0.8620689655172413,0.820270299911499
0.11439114391143912,0.8611111111111112,0.8203868865966797
0.11439114391143912,0.8671328671328671,0.8207545280456543
0.11346863468634687,0.8661971830985915,0.8208189606666565
0.11254612546125461,0.8652482269503546,0.8208463191986084
0.11162361623616236,0.8642857142857143,0.8208501935005188
0.11162361623616236,0.8705035971223022,0.8210265040397644
0.11070110701107011,0.8695652173913043,0.8210314512252808
0.10977859778597786,0.8686131386861314,0.8210731744766235
0.1088560885608856,0.8676470588235294,0.821115255355835
0.10793357933579335,0.8666666666666667,0.8212140798568726
0.1070110701107011,0.8656716417910447,0.8213075995445251
0.1070110701107011,0.8721804511278195,0.8213726282119751
0.10608856088560886,0.8712121212121212,0.8214073777198792
0.10608856088560886,0.8778625954198473,0.8214369416236877
0.10516605166051661,0.8769230769230769,0.8215097784996033
0.10424354243542436,0.875968992248062,0.8218111991882324
0.1033210332103321,0.875,0.8219519257545471
0.10239852398523985,0.8740157480314961,0.8220230340957642
0.1014760147601476,0.873015873015873,0.8220706582069397
0.10055350553505535,0.872,0.8221340179443359
0.0996309963099631,0.8709677419354839,0.8224928975105286
0.09870848708487084,0.8699186991869918,0.8224984407424927
0.09778597785977859,0.8688524590163934,0.8226141929626465
0.09686346863468635,0.8677685950413223,0.8226575255393982
0.0959409594095941,0.8666666666666667,0.8227783441543579
0.09501845018450185,0.865546218487395,0.8227885961532593
0.0940959409594096,0.864406779661017,0.8229917287826538
0.09317343173431734,0.8632478632478633,0.8231096267700195
0.09225092250922509,0.8620689655172413,0.8231245875358582
0.09132841328413284,0.8608695652173913,0.8231441974639893
0.09040590405904059,0.8596491228070176,0.8233537673950195
0.08948339483394833,0.8584070796460177,0.82350754737854
0.08856088560885608,0.8571428571428571,0.8236372470855713
0.08763837638376384,0.8558558558558559,0.8236424326896667
0.08671586715867159,0.8545454545454545,0.8239734172821045
0.08671586715867159,0.8623853211009175,0.8240747451782227
0.08579335793357934,0.8611111111111112,0.8242385983467102
0.08487084870848709,0.8598130841121495,0.8243347406387329
0.08394833948339483,0.8584905660377359,0.8244005441665649
0.08302583025830258,0.8571428571428571,0.824463427066803
0.08210332103321033,0.8557692307692307,0.8244975209236145
0.08118081180811808,0.8543689320388349,0.825147271156311
0.08025830258302583,0.8529411764705882,0.825320303440094
0.07933579335793357,0.8514851485148515,0.8253446817398071
0.07841328413284133,0.85,0.825541079044342
0.07841328413284133,0.8585858585858586,0.8256211280822754
0.07749077490774908,0.8571428571428571,0.8256625533103943
0.07656826568265683,0.8556701030927835,0.825756311416626
0.07564575645756458,0.8541666666666666,0.8257898092269897
0.07472324723247233,0.8526315789473684,0.8259807825088501
0.07380073800738007,0.851063829787234,0.8263689279556274
0.07287822878228782,0.8494623655913979,0.8264796733856201
0.07195571955719557,0.8478260869565217,0.826740026473999
0.07103321033210332,0.8461538461538461,0.8268099427223206
0.07103321033210332,0.8555555555555555,0.8274595737457275
0.07011070110701106,0.8539325842696629,0.8276421427726746
0.06918819188191883,0.8522727272727273,0.8276640176773071
0.06826568265682657,0.8505747126436781,0.8276710510253906
0.06734317343173432,0.8488372093023255,0.8281924724578857
0.06642066420664207,0.8470588235294118,0.8282709121704102
0.06549815498154982,0.8452380952380952,0.8282787799835205
0.06457564575645756,0.8433734939759037,0.8284270763397217
0.06365313653136531,0.8414634146341463,0.8285422325134277
0.06273062730627306,0.8395061728395061,0.829047441482544
0.061808118081180814,0.8375,0.8292022347450256
0.06088560885608856,0.8354430379746836,0.829680323600769
0.05996309963099631,0.8333333333333334,0.8299843072891235
0.05904059040590406,0.8311688311688312,0.8303096294403076
0.058118081180811805,0.8289473684210527,0.8309341073036194
0.05719557195571956,0.8266666666666667,0.8311916589736938
0.05627306273062731,0.8243243243243243,0.8316776156425476
0.055350553505535055,0.821917808219178,0.8317883014678955
0.0544280442804428,0.8194444444444444,0.8320851922035217
0.05350553505535055,0.8169014084507042,0.8321264982223511
0.052583025830258305,0.8142857142857143,0.832139253616333
0.05166051660516605,0.8115942028985508,0.832240879535675
0.05166051660516605,0.8235294117647058,0.832409143447876
0.05166051660516605,0.835820895522388,0.8324187994003296
0.05166051660516605,0.8484848484848485,0.8324315547943115
0.0507380073800738,0.8461538461538461,0.8324669003486633
0.0507380073800738,0.859375,0.8326537013053894
0.0507380073800738,0.873015873015873,0.8330850601196289
0.04981549815498155,0.8709677419354839,0.833328366279602
0.048892988929889296,0.8688524590163934,0.8341138958930969
0.04797047970479705,0.8666666666666667,0.8342794179916382
0.0470479704797048,0.864406779661017,0.8345414996147156
0.046125461254612546,0.8620689655172413,0.8349053263664246
0.045202952029520294,0.8596491228070176,0.8349248170852661
0.04428044280442804,0.8571428571428571,0.8349605798721313
0.043357933579335796,0.8545454545454545,0.8352226614952087
0.042435424354243544,0.8518518518518519,0.8354290127754211
0.04151291512915129,0.8490566037735849,0.8357023000717163
0.04151291512915129,0.8653846153846154,0.8361801505088806
0.04059040590405904,0.8627450980392157,0.8363482356071472
0.03966789667896679,0.86,0.8363556861877441
0.03874538745387454,0.8571428571428571,0.8365040421485901
0.03782287822878229,0.8541666666666666,0.8371239304542542
0.03690036900369004,0.851063829787234,0.8377903699874878
0.035977859778597784,0.8478260869565217,0.8383556008338928
0.03505535055350553,0.8444444444444444,0.8392964601516724
0.03505535055350553,0.8636363636363636,0.8393388986587524
0.03413284132841329,0.8604651162790697,0.8395286798477173
0.03413284132841329,0.8809523809523809,0.8406518697738647
0.033210332103321034,0.8780487804878049,0.8415067195892334
0.03228782287822878,0.875,0.8420159816741943
0.03136531365313653,0.8717948717948718,0.8422011137008667
0.03044280442804428,0.868421052631579,0.8422954082489014
0.03044280442804428,0.8918918918918919,0.8425041437149048
0.02952029520295203,0.8888888888888888,0.8425397872924805
0.02859778597785978,0.8857142857142857,0.8425523042678833
0.027675276752767528,0.8823529411764706,0.8429433703422546
0.026752767527675275,0.8787878787878788,0.8430882096290588
0.025830258302583026,0.875,0.843201220035553
0.024907749077490774,0.8709677419354839,0.8437032699584961
0.024907749077490774,0.9,0.8444289565086365
0.023985239852398525,0.896551724137931,0.8444399237632751
0.023062730627306273,0.8928571428571429,0.8447264432907104
0.02214022140221402,0.8888888888888888,0.8449074625968933
0.021217712177121772,0.8846153846153846,0.8455780744552612
0.02029520295202952,0.88,0.8456236720085144
0.01937269372693727,0.875,0.8456306457519531
0.01845018450184502,0.8695652173913043,0.846328616142273
0.017527675276752766,0.8636363636363636,0.8466472029685974
0.016605166051660517,0.8571428571428571,0.8467379808425903
0.015682656826568265,0.85,0.8471193313598633
0.014760147601476014,0.8421052631578947,0.8476725816726685
0.013837638376383764,0.8333333333333334,0.849227786064148
0.012915129151291513,0.8235294117647058,0.8496385812759399
0.011992619926199263,0.8125,0.8504734635353088
0.01107011070110701,0.8,0.8507469892501831
0.01107011070110701,0.8571428571428571,0.8507646918296814
0.01014760147601476,0.8461538461538461,0.850861132144928
0.00922509225092251,0.8333333333333334,0.8508993983268738
0.008302583025830259,0.8181818181818182,0.8521286845207214
0.007380073800738007,0.8,0.8529545068740845
0.006457564575645757,0.7777777777777778,0.8530018925666809
0.006457564575645757,0.875,0.8536316752433777
0.005535055350553505,0.8571428571428571,0.8549429178237915
0.004612546125461255,0.8333333333333334,0.8577069044113159
0.0036900369003690036,0.8,0.8584169745445251
0.0027675276752767526,0.75,0.8593261241912842
0.0018450184501845018,0.6666666666666666,0.8594308495521545
0.0009225092250922509,0.5,0.8625229597091675
0.0009225092250922509,1.0,0.866724967956543
0.0,1.0,
