Recall,Precision,Threshold
1.0,0.49610983981693363,0.14776532351970673
1.0,0.49633699633699635,0.1479695737361908
1.0,0.49656436097114065,0.15046532452106476
1.0,0.49679193400549954,0.15464752912521362
1.0,0.49701971572673087,0.1558588147163391
0.9990774907749077,0.49678899082568806,0.16039901971817017
0.9990774907749077,0.49701698026617713,0.16047324240207672
0.9990774907749077,0.4972451790633609,0.1634414941072464
0.9990774907749077,0.49747358750574183,0.16346262395381927
0.9990774907749077,0.4977022058823529,0.16889669001102448
0.9981549815498155,0.4974712643678161,0.16988500952720642
0.9981549815498155,0.49770009199632015,0.17011184990406036
0.9981549815498155,0.4979291302346986,0.1705576330423355
0.9981549815498155,0.498158379373849,0.17200201749801636
0.9981549815498155,0.49838783970520495,0.1722617894411087
0.9981549815498155,0.4986175115207373,0.1729152947664261
0.9981549815498155,0.4988473951129553,0.1742364466190338
0.9981549815498155,0.49907749077490776,0.1747356355190277
0.9981549815498155,0.4993077988001846,0.17525944113731384
0.9981549815498155,0.4995383194829178,0.17537102103233337
0.9981549815498155,0.4997690531177829,0.17614546418190002
0.9981549815498155,0.5,0.17673298716545105
0.9981549815498155,0.5002311604253352,0.1781223565340042
0.9981549815498155,0.5004625346901017,0.17813917994499207
0.9981549815498155,0.5006941230911615,0.1791958212852478
0.9972324723247232,0.500462962962963,0.17938774824142456
0.9972324723247232,0.5006947660954145,0.17989957332611084
0.9972324723247232,0.5009267840593142,0.18045446276664734
0.9972324723247232,0.5011590171534539,0.18109776079654694
0.996309963099631,0.5009276437847866,0.1812315732240677
0.9953874538745388,0.5006960556844547,0.1814948171377182
0.9953874538745388,0.5009285051067781,0.18165676295757294
0.9953874538745388,0.5013940520446096,0.18222962319850922
0.9953874538745388,0.501627150162715,0.18314360082149506
0.9953874538745388,0.501860465116279,0.18348681926727295
0.9944649446494465,0.501628664495114,0.1836911141872406
0.9944649446494465,0.5018621973929237,0.18376481533050537
0.9944649446494465,0.5023299161230196,0.18382658064365387
0.9944649446494465,0.5025641025641026,0.1838662028312683
0.9944649446494465,0.5027985074626866,0.18426217138767242
0.9944649446494465,0.5030331311245917,0.18477904796600342
0.9944649446494465,0.5032679738562091,0.18515729904174805
0.9944649446494465,0.5035030359645025,0.18615084886550903
0.9944649446494465,0.5037383177570094,0.1867721974849701
0.9944649446494465,0.503973819541842,0.186937153339386
0.9944649446494465,0.5042095416276894,0.18703509867191315
0.9935424354243543,0.5039775386055217,0.18721772730350494
0.9935424354243543,0.5042134831460674,0.18730001151561737
0.9935424354243543,0.5044496487119438,0.18822818994522095
0.9935424354243543,0.5046860356138707,0.18858873844146729
0.9935424354243543,0.5049226441631505,0.1898445188999176
0.992619926199262,0.5046904315196998,0.1918165683746338
0.992619926199262,0.5049272641952135,0.1923726350069046
0.9916974169741697,0.5046948356807511,0.19261635839939117
0.9916974169741697,0.5049318929074683,0.19301337003707886
0.9916974169741697,0.5051691729323309,0.1932913213968277
0.9916974169741697,0.5054066760695816,0.193653866648674
0.9916974169741697,0.5056444026340545,0.19402971863746643
0.9916974169741697,0.5058823529411764,0.19446681439876556
0.9916974169741697,0.506120527306968,0.19573092460632324
0.9916974169741697,0.5063589260480452,0.1959303468465805
0.9916974169741697,0.5065975494816211,0.19668398797512054
0.9916974169741697,0.5068363979255068,0.19679877161979675
0.9907749077490775,0.5066037735849057,0.19756992161273956
0.9907749077490775,0.5068428504011326,0.19786126911640167
0.9898523985239852,0.5066100094428706,0.1979292780160904
0.9898523985239852,0.5068493150684932,0.19827121496200562
0.9898523985239852,0.5070888468809074,0.19848012924194336
0.9898523985239852,0.5073286052009456,0.19848103821277618
0.9898523985239852,0.5075685903500473,0.19852055609226227
0.9898523985239852,0.5078088026502603,0.19888907670974731
0.9898523985239852,0.5080492424242424,0.19962044060230255
0.9898523985239852,0.5082899099952629,0.2002803087234497
0.9898523985239852,0.5085308056872038,0.20038627088069916
0.988929889298893,0.5082977714556662,0.20063821971416473
0.988929889298893,0.50853889943074,0.20192192494869232
0.988929889298893,0.5087802562885619,0.20200839638710022
0.988929889298893,0.5090218423551757,0.20289093255996704
0.9880073800738007,0.5087885985748218,0.20310723781585693
0.9880073800738007,0.5090304182509505,0.20334945619106293
0.9880073800738007,0.5092724679029957,0.20347049832344055
0.9880073800738007,0.5095147478591817,0.20365232229232788
0.9880073800738007,0.509757258448358,0.2037394642829895
0.9880073800738007,0.51,0.2047272026538849
0.9880073800738007,0.5102429728442115,0.20475395023822784
0.9880073800738007,0.5104861773117254,0.20507313311100006
0.9880073800738007,0.5107296137339056,0.2055809646844864
0.9870848708487084,0.5104961832061069,0.20590698719024658
0.9870848708487084,0.5107398568019093,0.20592768490314484
0.9870848708487084,0.5109837631327603,0.20636236667633057
0.9861623616236163,0.5107501194457716,0.20637613534927368
0.9861623616236163,0.5109942638623327,0.20641779899597168
0.9861623616236163,0.5112386417981827,0.20747801661491394
0.9861623616236163,0.5114832535885168,0.20751574635505676
0.9861623616236163,0.5117280995691719,0.20775488018989563
0.9861623616236163,0.5119731800766284,0.20790289342403412
0.9861623616236163,0.5122184954480115,0.20795056223869324
0.9861623616236163,0.512464046021093,0.20814986526966095
0.9861623616236163,0.5127098321342926,0.2083258032798767
0.9861623616236163,0.5129558541266794,0.20840255916118622
0.9861623616236163,0.5132021123379741,0.20851008594036102
0.9861623616236163,0.5134486071085494,0.2085375189781189
0.9861623616236163,0.513695338779433,0.2085885852575302
0.9861623616236163,0.5139423076923076,0.20892976224422455
0.9861623616236163,0.5141895141895142,0.20932810008525848
0.9861623616236163,0.5144369586140519,0.20959411561489105
0.9861623616236163,0.5146846413095811,0.2096743881702423
0.9861623616236163,0.5149325626204239,0.20968036353588104
0.9861623616236163,0.5151807228915662,0.2102188616991043
0.9861623616236163,0.5154291224686596,0.2105177789926529
0.985239852398524,0.5151953690303908,0.21058979630470276
0.985239852398524,0.51569290197972,0.21074295043945312
0.985239852398524,0.5159420289855072,0.21094752848148346
0.9833948339483395,0.5154738878143134,0.21166974306106567
0.9824723247232472,0.5152394775036284,0.2117004245519638
0.981549815498155,0.5150048402710552,0.2119089514017105
0.981549815498155,0.5152542372881356,0.2124471664428711
0.981549815498155,0.5157537566650509,0.21272866427898407
0.981549815498155,0.516003879728419,0.21279442310333252
0.981549815498155,0.5162542455118875,0.21290241181850433
0.981549815498155,0.5167557066537154,0.21313583850860596
0.981549815498155,0.5170068027210885,0.21317675709724426
0.981549815498155,0.5172581429265921,0.21360176801681519
0.981549815498155,0.5175097276264592,0.21364083886146545
0.981549815498155,0.5177615571776155,0.21394775807857513
0.981549815498155,0.5180136319376826,0.21402372419834137
0.981549815498155,0.5185185185185185,0.21404924988746643
0.981549815498155,0.5187713310580204,0.21432901918888092
0.9806273062730627,0.5185365853658537,0.21445894241333008
0.9806273062730627,0.5187896534895071,0.21448425948619843
0.9797047970479705,0.5185546875,0.21448621153831482
0.9797047970479705,0.5190615835777126,0.21466590464115143
0.9797047970479705,0.5193154034229829,0.21467328071594238
0.9797047970479705,0.5195694716242661,0.21479633450508118
0.9797047970479705,0.5198237885462555,0.21508930623531342
0.9787822878228782,0.519588638589618,0.2152126133441925
0.9787822878228782,0.5198432141107301,0.21532577276229858
0.9787822878228782,0.5200980392156863,0.21564194560050964
0.9787822878228782,0.5203531142717018,0.21581943333148956
0.9787822878228782,0.5206084396467124,0.21626175940036774
0.977859778597786,0.5203730976926854,0.21669575572013855
0.977859778597786,0.5206286836935167,0.21687082946300507
0.9769372693726938,0.5203931203931204,0.21698038280010223
0.9760147601476015,0.52015732546706,0.216997429728508
0.9760147601476015,0.5204131824889326,0.21736957132816315
0.9760147601476015,0.5206692913385826,0.21740449965000153
0.9760147601476015,0.5209256523879862,0.21741840243339539
0.9760147601476015,0.5211822660098522,0.21742816269397736
0.9760147601476015,0.5214391325776244,0.21762911975383759
0.9760147601476015,0.5216962524654832,0.21833251416683197
0.9760147601476015,0.5219536260483473,0.21842315793037415
0.9760147601476015,0.5222112537018756,0.21861793100833893
0.9760147601476015,0.5224691358024691,0.21878156065940857
0.9760147601476015,0.5227272727272727,0.21910786628723145
0.9750922509225092,0.5224913494809689,0.21916763484477997
0.9750922509225092,0.5227497527200792,0.219334676861763
0.9750922509225092,0.5230084116773874,0.21954122185707092
0.9750922509225092,0.5232673267326733,0.21959249675273895
0.9750922509225092,0.5235264982664686,0.21978095173835754
0.9750922509225092,0.5237859266600595,0.21998383104801178
0.9750922509225092,0.5240456122954883,0.22002486884593964
0.974169741697417,0.5238095238095238,0.22029389441013336
0.974169741697417,0.5240694789081886,0.2203884869813919
0.974169741697417,0.5243296921549155,0.22057025134563446
0.974169741697417,0.5245901639344263,0.22087550163269043
0.974169741697417,0.5251118846345102,0.22133894264698029
0.974169741697417,0.5253731343283582,0.2213648110628128
0.974169741697417,0.525634644101543,0.22181357443332672
0.974169741697417,0.5258964143426295,0.22190091013908386
0.9732472324723247,0.5256601893373194,0.22196435928344727
0.9723247232472325,0.5254237288135594,0.22208428382873535
0.9723247232472325,0.5256857855361596,0.22219276428222656
0.9714022140221402,0.5254491017964071,0.22226007282733917
0.9704797047970479,0.5252121817274089,0.22256959974765778
0.9704797047970479,0.5254745254745254,0.2229769229888916
0.9704797047970479,0.5257371314342829,0.22308127582073212
0.9704797047970479,0.526,0.22316722571849823
0.9704797047970479,0.5262631315657829,0.2231791615486145
0.9704797047970479,0.5265265265265265,0.2233162373304367
0.9704797047970479,0.5267901852779169,0.22338546812534332
0.9695571955719557,0.5265531062124249,0.2234547734260559
0.9695571955719557,0.5268170426065163,0.22345902025699615
0.9695571955719557,0.5270812437311936,0.2243061512708664
0.9695571955719557,0.5273457099849473,0.2243647426366806
0.9695571955719557,0.5276104417670683,0.2247115820646286
0.9695571955719557,0.5278754394776495,0.22478468716144562
0.9686346863468634,0.5279034690799397,0.22479693591594696
0.9686346863468634,0.528169014084507,0.22483855485916138
0.9686346863468634,0.5284348263714141,0.22496667504310608
0.9686346863468634,0.5287009063444109,0.22528135776519775
0.9677121771217713,0.528463476070529,0.22538985311985016
0.9677121771217713,0.5287298387096774,0.22540338337421417
0.9677121771217713,0.5289964699949571,0.22548559308052063
0.9677121771217713,0.529263370332997,0.22562852501869202
0.9677121771217713,0.5295305401312469,0.225804403424263
0.9677121771217713,0.5297979797979798,0.22586137056350708
0.9677121771217713,0.5300656897422941,0.22621993720531464
0.966789667896679,0.5298281092012134,0.22626760601997375
0.966789667896679,0.530096105209914,0.22630247473716736
0.966789667896679,0.5303643724696356,0.2266559600830078
0.966789667896679,0.5306329113924051,0.22671367228031158
0.966789667896679,0.5309017223910841,0.22680188715457916
0.966789667896679,0.5311708058793715,0.22688333690166473
0.966789667896679,0.5314401622718052,0.2270927131175995
0.966789667896679,0.5317097919837646,0.22731256484985352
0.966789667896679,0.531979695431472,0.22770775854587555
0.966789667896679,0.5322498730319959,0.2277650535106659
0.9658671586715867,0.5320121951219512,0.22850438952445984
0.9658671586715867,0.5322826639552618,0.22852261364459991
0.9649446494464945,0.5320447609359105,0.22869984805583954
0.9649446494464945,0.5323155216284987,0.2287086695432663
0.9649446494464945,0.5325865580448065,0.229137122631073
0.9649446494464945,0.5328578706062149,0.2293255627155304
0.9649446494464945,0.5331294597349643,0.2294115126132965
0.9649446494464945,0.533401325854156,0.22956590354442596
0.9649446494464945,0.5336734693877551,0.2296125739812851
0.9640221402214022,0.5334354262378764,0.2297460287809372
0.9630996309963099,0.533197139938713,0.22998254001140594
0.9630996309963099,0.5334695963208993,0.2304726392030716
0.9630996309963099,0.5337423312883436,0.23072867095470428
0.9630996309963099,0.5340153452685422,0.2308150976896286
0.9630996309963099,0.534288638689867,0.23111559450626373
0.9630996309963099,0.5348360655737705,0.23123149573802948
0.9621771217712177,0.5345976422347514,0.23132669925689697
0.9621771217712177,0.5348717948717949,0.23148252069950104
0.9621771217712177,0.5351462288353002,0.23185455799102783
0.9621771217712177,0.5354209445585215,0.231864795088768
0.9621771217712177,0.5356959424756035,0.23195762932300568
0.9621771217712177,0.5362467866323908,0.2327243834733963
0.9621771217712177,0.536522633744856,0.23288999497890472
0.9612546125461254,0.5362840967575914,0.23347806930541992
0.9612546125461254,0.5365602471678682,0.23361341655254364
0.9603321033210332,0.5363214837712519,0.23391157388687134
0.9603321033210332,0.5365979381443299,0.23398293554782867
0.9603321033210332,0.5368746776689015,0.23418690264225006
0.9603321033210332,0.5371517027863777,0.23431605100631714
0.9603321033210332,0.537429013939081,0.23433078825473785
0.959409594095941,0.5371900826446281,0.23442363739013672
0.959409594095941,0.537467700258398,0.23450659215450287
0.959409594095941,0.5377456049638056,0.23467925190925598
0.959409594095941,0.5385810460901087,0.23472833633422852
0.959409594095941,0.538860103626943,0.2349647730588913
0.959409594095941,0.5391394504924831,0.23523838818073273
0.959409594095941,0.5394190871369294,0.23532579839229584
0.959409594095941,0.5396990140114167,0.2354613095521927
0.959409594095941,0.5399792315680166,0.23551379144191742
0.959409594095941,0.5402597402597402,0.23551972210407257
0.959409594095941,0.5405405405405406,0.2356385588645935
0.9584870848708487,0.5403016120644826,0.23566250503063202
0.9575645756457565,0.5400624349635796,0.23611147701740265
0.9575645756457565,0.5403435710567412,0.23612619936466217
0.9575645756457565,0.540625,0.2361636906862259
0.9575645756457565,0.5411887382690302,0.23628684878349304
0.9566420664206642,0.5409494001043297,0.23653088510036469
0.9566420664206642,0.541231732776618,0.2367432415485382
0.9566420664206642,0.5415143603133159,0.23685669898986816
0.955719557195572,0.5415577626764244,0.23689155280590057
0.955719557195572,0.5421245421245421,0.2369081676006317
0.9547970479704797,0.5418848167539267,0.23714679479599
0.9547970479704797,0.5421686746987951,0.2371969223022461
0.9547970479704797,0.5424528301886793,0.23725485801696777
0.9538745387453874,0.5422128998426848,0.23734743893146515
0.9538745387453874,0.5424973767051416,0.23784001171588898
0.9538745387453874,0.5427821522309711,0.23820269107818604
0.9538745387453874,0.5430672268907563,0.23859155178070068
0.9538745387453874,0.5433526011560693,0.23861978948116302
0.9538745387453874,0.5436382754994742,0.23871973156929016
0.9529520295202952,0.5436842105263158,0.23883749544620514
0.9529520295202952,0.5439705107951553,0.2388942986726761
0.9529520295202952,0.5442571127502634,0.2389867752790451
0.9520295202952029,0.544016868740116,0.23950143158435822
0.9520295202952029,0.5443037974683544,0.23978634178638458
0.9520295202952029,0.5445910290237467,0.23998025059700012
0.9520295202952029,0.5448785638859557,0.24012769758701324
0.9511070110701108,0.5446381405176968,0.24064137041568756
0.9511070110701108,0.5449260042283298,0.24078983068466187
0.9511070110701108,0.5452141723955579,0.24079008400440216
0.9511070110701108,0.5455026455026455,0.2408173382282257
0.9501845018450185,0.5452620434092113,0.24120497703552246
0.9501845018450185,0.5455508474576272,0.24124112725257874
0.9492619926199262,0.5453100158982512,0.24150073528289795
0.948339483394834,0.545068928950159,0.2415824979543686
0.948339483394834,0.5453580901856764,0.24173347651958466
0.948339483394834,0.5456475583864119,0.2418127954006195
0.9474169741697417,0.5454062665958577,0.2421843558549881
0.9464944649446494,0.5451647183846972,0.24251782894134521
0.9464944649446494,0.5454545454545454,0.2425856590270996
0.9455719557195572,0.5452127659574468,0.2426304966211319
0.9455719557195572,0.545502927088877,0.24277451634407043
0.9455719557195572,0.5457933972310969,0.24308228492736816
0.9455719557195572,0.5460841768779968,0.24319835007190704
0.9455719557195572,0.5463752665245203,0.24341310560703278
0.9455719557195572,0.5466666666666666,0.24352429807186127
0.9446494464944649,0.5464247598719317,0.2437708079814911
0.9446494464944649,0.5467164975974372,0.24399729073047638
0.9446494464944649,0.5470085470085471,0.24406015872955322
0.9446494464944649,0.547300908605024,0.2440769076347351
0.9446494464944649,0.5475935828877005,0.24415628612041473
0.9446494464944649,0.5478865703584804,0.24433554708957672
0.9437269372693727,0.547644539614561,0.24444995820522308
0.9437269372693727,0.5479378682378147,0.24450483918190002
0.9437269372693727,0.5482315112540193,0.24462203681468964
0.9437269372693727,0.5485254691689008,0.24473708868026733
0.9437269372693727,0.5488197424892703,0.24480131268501282
0.9437269372693727,0.5491143317230274,0.2450101673603058
0.9437269372693727,0.5497044599677593,0.2450127899646759
0.9437269372693727,0.55,0.24505364894866943
0.9428044280442804,0.549757934373319,0.24523818492889404
0.9418819188191881,0.5495156081808397,0.2452680617570877
0.9418819188191881,0.5498115239633818,0.24533623456954956
0.9418819188191881,0.5501077586206896,0.24563314020633698
0.9418819188191881,0.5504043126684636,0.24610936641693115
0.9418819188191881,0.5507011866235167,0.2461346536874771
0.9418819188191881,0.5509983810037776,0.24625147879123688
0.9418819188191881,0.5512958963282938,0.24633283913135529
0.9418819188191881,0.5515937331172339,0.24652330577373505
0.9418819188191881,0.5518918918918919,0.24672698974609375
0.940959409594096,0.5516495402920497,0.24729488790035248
0.940959409594096,0.551948051948052,0.2473343163728714
0.9400369003690037,0.5517054683270168,0.24736759066581726
0.9400369003690037,0.5520043336944745,0.2473795861005783
0.9400369003690037,0.5523035230352303,0.24797621369361877
0.9400369003690037,0.5526030368763557,0.24815446138381958
0.9400369003690037,0.5529028757460662,0.2482065111398697
0.9400369003690037,0.5532030401737242,0.24853119254112244
0.9391143911439115,0.5529603476371537,0.24889211356639862
0.9381918819188192,0.5530179445350734,0.2489732950925827
0.9381918819188192,0.5533188248095756,0.24927932024002075
0.9381918819188192,0.5536200326619488,0.24978072941303253
0.9372693726937269,0.5533769063180828,0.24981479346752167
0.9372693726937269,0.5536784741144414,0.24983693659305573
0.9372693726937269,0.5539803707742639,0.24997690320014954
0.9372693726937269,0.5545851528384279,0.2506829500198364
0.9372693726937269,0.5548880393227744,0.25107982754707336
0.9372693726937269,0.555494805904866,0.25168952345848083
0.9372693726937269,0.5557986870897156,0.2522227168083191
0.9372693726937269,0.5561029009304871,0.25222912430763245
0.9372693726937269,0.556407447973713,0.2522660493850708
0.9372693726937269,0.5567123287671233,0.2525258958339691
0.9363468634686347,0.5564692982456141,0.2526038885116577
0.9363468634686347,0.5567745474492595,0.25279250741004944
0.9363468634686347,0.5570801317233809,0.25287356972694397
0.9363468634686347,0.557386051619989,0.252921462059021
0.9363468634686347,0.5576923076923077,0.25295817852020264
0.9363468634686347,0.5579989004947774,0.2532055675983429
0.9363468634686347,0.5583058305830583,0.2536509037017822
0.9354243542435424,0.558062740781508,0.25375401973724365
0.9354243542435424,0.5583700440528634,0.25401994585990906
0.9345018450184502,0.5581267217630854,0.25403931736946106
0.9345018450184502,0.5584343991179713,0.2542276680469513
0.9345018450184502,0.5587424158852731,0.25436267256736755
0.933579335793358,0.5584988962472406,0.2545429468154907
0.9326568265682657,0.5582551076753175,0.2549684941768646
0.9326568265682657,0.5588723051409619,0.25518089532852173
0.9326568265682657,0.5594908688433868,0.255287766456604
0.9326568265682657,0.5598006644518272,0.2554309368133545
0.9317343173431735,0.5595567867036011,0.2557198405265808
0.9317343173431735,0.5598669623059866,0.2558327317237854
0.9317343173431735,0.5601774819744869,0.255839079618454
0.9308118081180812,0.5599334073251943,0.25592052936553955
0.9298892988929889,0.56,0.25647875666618347
0.9298892988929889,0.5603112840466926,0.25664618611335754
0.9298892988929889,0.560622914349277,0.2574242949485779
0.9298892988929889,0.5609348914858097,0.257851779460907
0.9298892988929889,0.5618729096989966,0.25792717933654785
0.9298892988929889,0.5625,0.2579547166824341
0.9298892988929889,0.5628140703517588,0.25823473930358887
0.9298892988929889,0.5634432643935159,0.2583974599838257
0.9289667896678967,0.5631991051454138,0.25874119997024536
0.9289667896678967,0.5635142697257974,0.25898224115371704
0.9280442804428044,0.5632698768197089,0.2592031955718994
0.9280442804428044,0.5635854341736695,0.2592369318008423
0.9271217712177122,0.5636567582725743,0.2592886984348297
0.9271217712177122,0.563973063973064,0.259325236082077
0.9271217712177122,0.5642897248736665,0.2594525218009949
0.9271217712177122,0.5646067415730337,0.2595022916793823
0.9271217712177122,0.5649241146711635,0.2599697411060333
0.9271217712177122,0.5652418447694039,0.26000237464904785
0.9261992619926199,0.5649971862689926,0.26033496856689453
0.9261992619926199,0.5653153153153153,0.2607068419456482
0.9252767527675276,0.5650704225352112,0.26088136434555054
0.9243542435424354,0.5648252536640361,0.2609165906906128
0.9243542435424354,0.5651438240270727,0.26098141074180603
0.9243542435424354,0.5654627539503386,0.26112252473831177
0.9243542435424354,0.5657820440429137,0.2612542510032654
0.922509225092251,0.5652911249293386,0.261348158121109
0.922509225092251,0.5656108597285068,0.26139935851097107
0.922509225092251,0.5659309564233164,0.2617509961128235
0.922509225092251,0.5662514156285391,0.26185059547424316
0.922509225092251,0.56657223796034,0.2618587911128998
0.922509225092251,0.5668934240362812,0.2619791328907013
0.922509225092251,0.5672149744753261,0.2624875605106354
0.922509225092251,0.5675368898978433,0.26254504919052124
0.922509225092251,0.5678591709256104,0.26293128728866577
0.922509225092251,0.5681818181818182,0.26359495520591736
0.922509225092251,0.5685048322910745,0.2637481987476349
0.922509225092251,0.5688282138794084,0.26392805576324463
0.9215867158671587,0.5685828116107,0.26396796107292175
0.9215867158671587,0.5689066059225513,0.264000803232193
0.9206642066420664,0.5686609686609687,0.26425567269325256
0.9206642066420664,0.5689851767388826,0.26450949907302856
0.9206642066420664,0.5693097547062179,0.26479649543762207
0.9206642066420664,0.569634703196347,0.26494425535202026
0.9206642066420664,0.5699600228440891,0.2650819718837738
0.9206642066420664,0.5702857142857143,0.2652471363544464
0.9206642066420664,0.5706117781589479,0.2659401297569275
0.9197416974169742,0.5710194730813287,0.2663708031177521
0.9188191881918819,0.5707736389684813,0.2664813697338104
0.9188191881918819,0.5711009174311926,0.26665255427360535
0.9188191881918819,0.5714285714285714,0.2668282389640808
0.9188191881918819,0.5717566016073479,0.26682963967323303
0.9188191881918819,0.5720850086157381,0.2668607831001282
0.9188191881918819,0.5724137931034483,0.2673366367816925
0.9188191881918819,0.5727429557216791,0.26778745651245117
0.9188191881918819,0.57307249712313,0.2687186896800995
0.9188191881918819,0.5734024179620034,0.2689535319805145
0.9169741697416974,0.5735718407386036,0.26906123757362366
0.9169741697416974,0.5739030023094688,0.2698347568511963
0.9160516605166051,0.5736568457538995,0.2701402008533478
0.9160516605166051,0.5739884393063583,0.2704428732395172
0.9160516605166051,0.5743204164256795,0.27103251218795776
0.915129151291513,0.5744064852345108,0.271323561668396
0.9142066420664207,0.5741599073001159,0.271677166223526
0.9132841328413284,0.5739130434782609,0.27175870537757874
0.9132841328413284,0.574245939675174,0.27203717827796936
0.9132841328413284,0.5745792222867092,0.27221962809562683
0.9123616236162362,0.5743321718931476,0.2722432613372803
0.9123616236162362,0.5746658919233004,0.272464781999588
0.9123616236162362,0.575,0.27262213826179504
0.9123616236162362,0.5753344968004653,0.2735130190849304
0.9114391143911439,0.5750873108265425,0.2736360430717468
0.9105166051660517,0.574839836924869,0.27375584840774536
0.9095940959409594,0.5745920745920746,0.27402666211128235
0.9095940959409594,0.574927113702624,0.2740724980831146
0.9077490774907749,0.5751022793687902,0.274333655834198
0.9077490774907749,0.5754385964912281,0.2758578658103943
0.9077490774907749,0.5757753071971914,0.27601709961891174
0.9077490774907749,0.5761124121779859,0.27611666917800903
0.9077490774907749,0.5764499121265377,0.2764863967895508
0.9077490774907749,0.5767878077373975,0.2766079902648926
0.9068265682656826,0.5765395894428152,0.2766147255897522
0.9068265682656826,0.5768779342723005,0.2771560847759247
0.9059040590405905,0.5766294773928362,0.2773091793060303
0.9059040590405905,0.5769682726204466,0.2774166464805603
0.9059040590405905,0.5773074661963551,0.27790820598602295
0.9059040590405905,0.5776470588235294,0.2780379354953766
0.9059040590405905,0.5779870512065921,0.27830639481544495
0.9049815498154982,0.5777385159010601,0.27851423621177673
0.9049815498154982,0.578078962875663,0.27871230244636536
0.9049815498154982,0.5784198113207547,0.2787546217441559
0.9049815498154982,0.5787610619469027,0.27878692746162415
0.9049815498154982,0.5791027154663518,0.2790895700454712
0.9049815498154982,0.5794447725930302,0.2792123258113861
0.9049815498154982,0.5801301005322295,0.27957266569137573
0.9049815498154982,0.580473372781065,0.2797195613384247
0.9049815498154982,0.5808170515097691,0.27972063422203064
0.9049815498154982,0.5811611374407583,0.2801258862018585
0.9049815498154982,0.5815056312981625,0.2801441252231598
0.9049815498154982,0.5828877005347594,0.2801796495914459
0.9049815498154982,0.5832342449464922,0.2802199125289917
0.9049815498154982,0.5835812016656752,0.28043708205223083
0.9040590405904059,0.5833333333333334,0.2810547947883606
0.9040590405904059,0.5836807623585467,0.28133878111839294
0.9031365313653137,0.5837805605247466,0.28158101439476013
0.9022140221402214,0.5835322195704057,0.28176867961883545
0.9022140221402214,0.5838805970149253,0.28203120827674866
0.9012915129151291,0.5836320191158901,0.282039999961853
0.9012915129151291,0.5839808726838015,0.282216340303421
0.9012915129151291,0.5843301435406698,0.28225553035736084
0.9012915129151291,0.5846798324356672,0.28228533267974854
0.9003690036900369,0.5844311377245509,0.28237882256507874
0.9003690036900369,0.5847813061713601,0.2828507125377655
0.9003690036900369,0.5851318944844125,0.2828649878501892
0.9003690036900369,0.5854829034193162,0.2829679548740387
0.9003690036900369,0.5858343337334934,0.2830488979816437
0.8994464944649446,0.5855855855855856,0.28357550501823425
0.8994464944649446,0.5859375,0.2839024066925049
0.8985239852398524,0.5856885147324113,0.2840057611465454
0.8976014760147601,0.585439229843562,0.28461119532585144
0.8976014760147601,0.5857916917519567,0.2851104736328125
0.8966789667896679,0.5855421686746988,0.2854304313659668
0.8966789667896679,0.5858951175406871,0.28545060753822327
0.8966789667896679,0.586248492159228,0.28545522689819336
0.8966789667896679,0.5866022933011467,0.28610944747924805
0.8966789667896679,0.5869565217391305,0.2861836552619934
0.8957564575645757,0.5867069486404833,0.2862038314342499
0.8957564575645757,0.5870616686819831,0.286234587430954
0.8948339483394834,0.5868118572292801,0.28646185994148254
0.8939114391143912,0.5865617433414043,0.2868351340293884
0.8939114391143912,0.5869170199878861,0.28708338737487793
0.8939114391143912,0.5872727272727273,0.28720927238464355
0.8939114391143912,0.5876288659793815,0.2872355878353119
0.8929889298892989,0.587378640776699,0.2875292897224426
0.8920664206642066,0.5871281117182756,0.28768253326416016
0.8920664206642066,0.5874848116646415,0.2876925468444824
0.8920664206642066,0.5878419452887538,0.2884104549884796
0.8911439114391144,0.5875912408759124,0.2886499762535095
0.8911439114391144,0.5879488740109555,0.2887253165245056
0.8902214022140221,0.5876979293544458,0.28874915838241577
0.8892988929889298,0.5874466788543571,0.2897982597351074
0.8883763837638377,0.5871951219512195,0.28989318013191223
0.8883763837638377,0.5875533862111043,0.2898932099342346
0.8874538745387454,0.5873015873015873,0.2903928756713867
0.8874538745387454,0.5876603543066585,0.290706992149353
0.8865313653136532,0.5874083129584352,0.2909086346626282
0.8865313653136532,0.5877675840978593,0.2910308837890625
0.8865313653136532,0.5881272949816402,0.291087806224823
0.8865313653136532,0.5884874464176363,0.2912314832210541
0.8865313653136532,0.5892090741876149,0.29142433404922485
0.8865313653136532,0.5895705521472393,0.291681170463562
0.8865313653136532,0.5899324739103745,0.29178714752197266
0.8865313653136532,0.5902948402948403,0.29180365800857544
0.8865313653136532,0.5906576521204672,0.29220476746559143
0.8856088560885609,0.5904059040590406,0.2924814224243164
0.8846863468634686,0.5901538461538461,0.2926681935787201
0.8846863468634686,0.5905172413793104,0.2929897606372833
0.8846863468634686,0.5908810844115835,0.2933371365070343
0.8846863468634686,0.5912453760789149,0.29355135560035706
0.8837638376383764,0.591358024691358,0.29356735944747925
0.8828413284132841,0.5925696594427244,0.2935829758644104
0.8819188191881919,0.5923172242874845,0.2936481833457947
0.8819188191881919,0.592684438933664,0.29370829463005066
0.8819188191881919,0.5930521091811415,0.2946312725543976
0.8819188191881919,0.5934202358783365,0.2946976125240326
0.8819188191881919,0.5937888198757764,0.29471683502197266
0.8819188191881919,0.5941578620261032,0.29476797580718994
0.8819188191881919,0.5945273631840796,0.29478511214256287
0.8819188191881919,0.5948973242065961,0.2950522303581238
0.8809963099630996,0.5946450809464509,0.29508185386657715
0.8800738007380073,0.594392523364486,0.29514646530151367
0.8800738007380073,0.5947630922693267,0.2955339550971985
0.8800738007380073,0.595134123518403,0.29564833641052246
0.8800738007380073,0.5955056179775281,0.29631349444389343
0.8791512915129152,0.595625,0.29641419649124146
0.8791512915129152,0.5963704630788486,0.29722222685813904
0.8782287822878229,0.5961177207263619,0.29733583331108093
0.8782287822878229,0.5964912280701754,0.2983498275279999
0.8782287822878229,0.5968652037617554,0.29893210530281067
0.8782287822878229,0.5972396486825596,0.29922497272491455
0.8782287822878229,0.5976145637162587,0.2994520664215088
0.8782287822878229,0.5979899497487438,0.2994788587093353
0.8782287822878229,0.5987421383647799,0.30003243684768677
0.8782287822878229,0.5991189427312775,0.30097970366477966
0.8782287822878229,0.5994962216624685,0.3011571764945984
0.8773062730627307,0.5992438563327032,0.3014717400074005
0.8763837638376384,0.5989911727616646,0.3015659749507904
0.8763837638376384,0.5993690851735016,0.30190420150756836
0.8763837638376384,0.5997474747474747,0.30191317200660706
0.8763837638376384,0.6020278833967047,0.302011102437973
0.8763837638376384,0.6024096385542169,0.30236104130744934
0.8754612546125461,0.6021573604060914,0.3023994266986847
0.8745387453874539,0.6019047619047619,0.3031238913536072
0.8736162361623616,0.6016518424396442,0.303427517414093
0.8736162361623616,0.6020343293070566,0.30361083149909973
0.8736162361623616,0.6024173027989822,0.30371418595314026
0.8736162361623616,0.602800763844685,0.30385279655456543
0.8736162361623616,0.6031847133757962,0.30393078923225403
0.8736162361623616,0.6035691523263225,0.30434152483940125
0.8726937269372693,0.6033163265306123,0.304507851600647
0.8726937269372693,0.6037013401403957,0.3046804666519165
0.8726937269372693,0.6040868454661558,0.30552390217781067
0.8726937269372693,0.6044728434504792,0.3055616617202759
0.8726937269372693,0.6048593350383632,0.3060625195503235
0.8726937269372693,0.6052463211772233,0.30631712079048157
0.8726937269372693,0.6056338028169014,0.3068298399448395
0.8726937269372693,0.6071887034659821,0.3069518506526947
0.8717712177121771,0.6069364161849711,0.30729740858078003
0.8708487084870848,0.6066838046272494,0.30739501118659973
0.8708487084870848,0.6070739549839228,0.3076417148113251
0.8708487084870848,0.6074646074646075,0.30770713090896606
0.8708487084870848,0.6078557630392788,0.30783745646476746
0.8708487084870848,0.6086395873629916,0.308422714471817
0.8699261992619927,0.6083870967741936,0.30888479948043823
0.8690036900369004,0.6081342801807618,0.30890628695487976
0.8680811808118081,0.6078811369509044,0.3091193735599518
0.8671586715867159,0.6084142394822006,0.3092001974582672
0.8671586715867159,0.6088082901554405,0.30921170115470886
0.8671586715867159,0.609202851587816,0.30921754240989685
0.8671586715867159,0.6095979247730221,0.3094925284385681
0.8671586715867159,0.6103896103896104,0.309805303812027
0.8671586715867159,0.6107862248213125,0.310161292552948
0.8671586715867159,0.611183355006502,0.3102880120277405
0.8671586715867159,0.6115810019518543,0.31045326590538025
0.8671586715867159,0.6123778501628665,0.31068360805511475
0.8671586715867159,0.6127770534550195,0.311066597700119
0.8662361623616236,0.6125244618395304,0.311136394739151
0.8662361623616236,0.6129242819843342,0.31135016679763794
0.8653136531365314,0.6126714565643371,0.3116539418697357
0.8643911439114391,0.6124183006535948,0.3119875192642212
0.8634686346863468,0.6121648136036625,0.31210917234420776
0.8634686346863468,0.612565445026178,0.31244343519210815
0.8625461254612546,0.6123117223313687,0.31261467933654785
0.8625461254612546,0.6127129750982963,0.312734454870224
0.8625461254612546,0.6131147540983607,0.31276822090148926
0.8625461254612546,0.613517060367454,0.3128552734851837
0.8625461254612546,0.6139198949441891,0.3129763603210449
0.8625461254612546,0.614323258869908,0.313099205493927
0.8625461254612546,0.6147271531886916,0.31373095512390137
0.8616236162361623,0.6144736842105263,0.31397587060928345
0.8607011070110702,0.6150296638101516,0.3140762746334076
0.8607011070110702,0.6154353562005277,0.31441816687583923
0.8607011070110702,0.6158415841584158,0.3144374191761017
0.8607011070110702,0.6162483487450462,0.314547598361969
0.8597785977859779,0.6159947124917383,0.31474071741104126
0.8588560885608856,0.6157407407407407,0.315017431974411
0.8579335793357934,0.6154864328259431,0.31529077887535095
0.8579335793357934,0.6158940397350994,0.31559139490127563
0.8579335793357934,0.6163021868787276,0.3156788647174835
0.8579335793357934,0.616710875331565,0.3157590925693512
0.8570110701107011,0.6164565361645654,0.3157860338687897
0.8570110701107011,0.6168658698539177,0.31632760167121887
0.8560885608856088,0.6174318030605456,0.316401869058609
0.8560885608856088,0.6178428761651131,0.3166637122631073
0.8551660516605166,0.6175882744836776,0.3167771100997925
0.8542435424354243,0.6173333333333333,0.31693723797798157
0.8542435424354243,0.6177451634422949,0.31702807545661926
0.8533210332103321,0.6179024716098864,0.3175075650215149
0.8533210332103321,0.6183155080213903,0.31765303015708923
0.8533210332103321,0.6187290969899666,0.3176655173301697
0.8533210332103321,0.6191432396251674,0.3177780508995056
0.8533210332103321,0.6195579370395178,0.3179796636104584
0.8533210332103321,0.6199731903485255,0.31808194518089294
0.8523985239852399,0.6197183098591549,0.3181007504463196
0.8523985239852399,0.6201342281879194,0.3184201419353485
0.8514760147601476,0.6198791134989926,0.3185393512248993
0.8505535055350554,0.6196236559139785,0.3188712000846863
0.8505535055350554,0.6200403496973773,0.31905388832092285
0.8505535055350554,0.620457604306864,0.3202902674674988
0.8505535055350554,0.6208754208754209,0.3205356001853943
0.8505535055350554,0.6212938005390836,0.320585161447525
0.8505535055350554,0.6217127444369521,0.32062116265296936
0.8505535055350554,0.6221322537112011,0.32072246074676514
0.8496309963099631,0.6218771100607697,0.3207911550998688
0.8496309963099631,0.6222972972972973,0.32085612416267395
0.8496309963099631,0.6227180527383367,0.32102224230766296
0.8496309963099631,0.6231393775372125,0.32106199860572815
0.8496309963099631,0.6235612728503723,0.3211044669151306
0.8496309963099631,0.6239837398373984,0.32115188241004944
0.8496309963099631,0.624406779661017,0.32160133123397827
0.8487084870848709,0.6241519674355496,0.3221033811569214
0.8487084870848709,0.6245756958587916,0.32210829854011536
0.8487084870848709,0.625,0.322371244430542
0.8477859778597786,0.6251700680272109,0.3224521279335022
0.8477859778597786,0.6255956432947584,0.322815477848053
0.8468634686346863,0.6253405994550408,0.3233136832714081
0.8468634686346863,0.6257668711656442,0.32342788577079773
0.8468634686346863,0.626193724420191,0.3238397538661957
0.8459409594095941,0.625938566552901,0.32386088371276855
0.8459409594095941,0.6272229822161423,0.3238653838634491
0.8459409594095941,0.6276522929500342,0.3238806128501892
0.8459409594095941,0.6280821917808219,0.3239573836326599
0.8459409594095941,0.6285126799177518,0.3246767520904541
0.8459409594095941,0.6289437585733882,0.3253253102302551
0.8450184501845018,0.6286890871654084,0.3254145383834839
0.8450184501845018,0.6291208791208791,0.32550084590911865
0.8450184501845018,0.629553264604811,0.32577449083328247
0.8450184501845018,0.6299862448418156,0.3258076012134552
0.8450184501845018,0.6304198210598762,0.325901597738266
0.8450184501845018,0.6308539944903582,0.32608795166015625
0.8450184501845018,0.631288766368022,0.32704564929008484
0.8440959409594095,0.6310344827586207,0.3272031247615814
0.8440959409594095,0.6314699792960663,0.32730188965797424
0.8440959409594095,0.6319060773480663,0.3274938762187958
0.8440959409594095,0.6327800829875518,0.32761263847351074
0.8440959409594095,0.6332179930795848,0.3276703357696533
0.8440959409594095,0.6336565096952909,0.3278026580810547
0.8440959409594095,0.6340956340956341,0.32822176814079285
0.8431734317343174,0.6342817487855655,0.328441858291626
0.8431734317343174,0.6347222222222222,0.32932913303375244
0.8431734317343174,0.6351633078526755,0.3295165002346039
0.8422509225092251,0.6357938718662952,0.3296167552471161
0.8413284132841329,0.6355400696864112,0.3296872675418854
0.8404059040590406,0.6352859135285913,0.32996565103530884
0.8404059040590406,0.6357292393579902,0.33019647002220154
0.8404059040590406,0.6361731843575419,0.33034706115722656
0.8404059040590406,0.636617749825297,0.3306816816329956
0.8404059040590406,0.637062937062937,0.33077847957611084
0.8394833948339483,0.6368089573128062,0.3309710621833801
0.8394833948339483,0.6372549019607843,0.3313279151916504
0.8394833948339483,0.6377014716187807,0.3314473032951355
0.8385608856088561,0.6374474053295933,0.331574022769928
0.8376383763837638,0.6371929824561403,0.33173778653144836
0.8367158671586716,0.636938202247191,0.33205363154411316
0.8367158671586716,0.6373858046380886,0.3320545256137848
0.834870848708487,0.6377730796335448,0.3322110176086426
0.8339483394833949,0.6379675370501059,0.3325848877429962
0.8339483394833949,0.6384180790960452,0.3326433002948761
0.8339483394833949,0.6388692579505301,0.3330705761909485
0.8339483394833949,0.6393210749646393,0.33325716853141785
0.8339483394833949,0.6397735314932768,0.33367303013801575
0.8330258302583026,0.6408800567778566,0.33373066782951355
0.8330258302583026,0.6413352272727273,0.3337564468383789
0.8330258302583026,0.6417910447761194,0.3340330719947815
0.8321033210332104,0.6415362731152204,0.33458542823791504
0.8311808118081181,0.6412811387900356,0.33461520075798035
0.8311808118081181,0.6417378917378918,0.33461782336235046
0.8311808118081181,0.6421952957947256,0.3351949155330658
0.8302583025830258,0.6419400855920114,0.33576831221580505
0.8302583025830258,0.6423982869379015,0.3358752429485321
0.8302583025830258,0.6428571428571429,0.3359972834587097
0.8302583025830258,0.6433166547533953,0.33608025312423706
0.8293357933579336,0.6430615164520744,0.3361319601535797
0.8284132841328413,0.642806012884753,0.3361459970474243
0.827490774907749,0.6425501432664756,0.3365689814090729
0.827490774907749,0.6430107526881721,0.33674705028533936
0.827490774907749,0.6434720229555236,0.33685770630836487
0.8265682656826568,0.6432160804020101,0.33697831630706787
0.8265682656826568,0.6436781609195402,0.33707380294799805
0.8256457564575646,0.6434219985621855,0.3371689021587372
0.8247232472324724,0.6436285097192225,0.3375977575778961
0.8238007380073801,0.6433717579250721,0.3380568027496338
0.8238007380073801,0.6438356164383562,0.3383365869522095
0.8238007380073801,0.6443001443001443,0.3385013937950134
0.8228782287822878,0.6454413892908828,0.33856144547462463
0.8228782287822878,0.6459087617668356,0.33870553970336914
0.8219557195571956,0.6456521739130435,0.3387555480003357
0.8219557195571956,0.646120377084844,0.3393411636352539
0.8219557195571956,0.6465892597968069,0.33955585956573486
0.8210332103321033,0.6463326071169209,0.3399410545825958
0.8210332103321033,0.6468023255813954,0.34008628129959106
0.8210332103321033,0.6477438136826783,0.3405660390853882
0.8201107011070111,0.6474872541879096,0.3406141996383667
0.8191881918819188,0.6481751824817519,0.34085696935653687
0.8182656826568265,0.647918188458729,0.3410225808620453
0.8182656826568265,0.6483918128654971,0.3410293459892273
0.8173431734317343,0.648134601316752,0.34146514534950256
0.8173431734317343,0.6486090775988287,0.3415749669075012
0.816420664206642,0.6483516483516484,0.3416268527507782
0.816420664206642,0.6488269794721407,0.3418738842010498
0.816420664206642,0.6493030080704328,0.342003732919693
0.816420664206642,0.6497797356828194,0.34209829568862915
0.8154981549815498,0.65,0.3421918749809265
0.8145756457564576,0.6497424576894776,0.3425818979740143
0.8136531365313653,0.6504424778761062,0.3426484763622284
0.8127306273062731,0.6506646971935007,0.343512624502182
0.8127306273062731,0.6511456023651145,0.34374502301216125
0.8127306273062731,0.6516272189349113,0.3437957465648651
0.8118081180811808,0.6513693560325685,0.34396135807037354
0.8118081180811808,0.6518518518518519,0.3440476357936859
0.8118081180811808,0.6523350630096367,0.34422537684440613
0.8118081180811808,0.6528189910979229,0.34451088309288025
0.8118081180811808,0.6533036377134372,0.3447107970714569
0.8108856088560885,0.6530460624071323,0.34477758407592773
0.8099630996309963,0.6532738095238095,0.34493350982666016
0.8099630996309963,0.6537602382725242,0.34504276514053345
0.809040590405904,0.6535022354694486,0.3450644314289093
0.8081180811808119,0.6532438478747203,0.34519529342651367
0.8081180811808119,0.6537313432835821,0.3455398380756378
0.8062730627306273,0.6532137518684604,0.34649458527565
0.8062730627306273,0.6537023186237846,0.34735623002052307
0.8062730627306273,0.6541916167664671,0.3477562367916107
0.8062730627306273,0.6546816479400749,0.34810376167297363
0.8053505535055351,0.6544227886056971,0.34832343459129333
0.8044280442804428,0.6541635408852213,0.3490319550037384
0.8044280442804428,0.6546546546546547,0.34910184144973755
0.8044280442804428,0.6551465063861758,0.3492474853992462
0.8044280442804428,0.6556390977443609,0.3492560088634491
0.8044280442804428,0.6561324303987961,0.34954407811164856
0.8044280442804428,0.6566265060240963,0.3499135673046112
0.8044280442804428,0.6571213262999246,0.35019516944885254
0.8044280442804428,0.6576168929110106,0.3507746458053589
0.8035055350553506,0.6573584905660378,0.3508353531360626
0.8035055350553506,0.6578549848942599,0.3517787754535675
0.8035055350553506,0.6583522297808012,0.35238412022590637
0.8035055350553506,0.6588502269288956,0.352813720703125
0.8035055350553506,0.6593489780469342,0.3531636595726013
0.8035055350553506,0.6598484848484848,0.35335350036621094
0.8025830258302583,0.6595905989385898,0.35372456908226013
0.801660516605166,0.6593323216995448,0.3537927269935608
0.8007380073800738,0.6590736522399393,0.354202002286911
0.7998154981549815,0.6588145896656535,0.35431116819381714
0.7988929889298892,0.6585551330798479,0.35438165068626404
0.7988929889298892,0.6590563165905632,0.3549363613128662
0.7979704797047971,0.6587966488956588,0.35502079129219055
0.7979704797047971,0.6592987804878049,0.35513949394226074
0.7979704797047971,0.6598016781083142,0.3553016483783722
0.7979704797047971,0.6603053435114504,0.35530751943588257
0.7979704797047971,0.6608097784568373,0.35576072335243225
0.7979704797047971,0.6613149847094801,0.35580530762672424
0.7979704797047971,0.6618209640397857,0.3558586537837982
0.7979704797047971,0.6628352490421456,0.3559929430484772
0.7979704797047971,0.6633435582822086,0.3560105264186859
0.7979704797047971,0.6638526477359938,0.35622838139533997
0.7979704797047971,0.6643625192012289,0.3563114404678345
0.7979704797047971,0.6648731744811683,0.35643526911735535
0.7979704797047971,0.6653846153846154,0.3567911684513092
0.7979704797047971,0.665896843725943,0.35688871145248413
0.7970479704797048,0.6656394453004623,0.35700780153274536
0.7961254612546126,0.6653816499614496,0.3571675419807434
0.7961254612546126,0.6658950617283951,0.3572060763835907
0.7952029520295203,0.6656370656370656,0.35722851753234863
0.7952029520295203,0.6661514683153014,0.3572419285774231
0.794280442804428,0.665893271461717,0.3574460744857788
0.794280442804428,0.6664086687306502,0.35796597599983215
0.7933579335793358,0.6661502711076684,0.3586796522140503
0.7933579335793358,0.6666666666666666,0.358778178691864
0.7933579335793358,0.6671838634600465,0.35887739062309265
0.7933579335793358,0.6677018633540373,0.35891827940940857
0.7924354243542435,0.6674436674436675,0.35897213220596313
0.7924354243542435,0.6679626749611197,0.359536737203598
0.7924354243542435,0.6684824902723735,0.35975155234336853
0.7924354243542435,0.6690031152647975,0.36042657494544983
0.7924354243542435,0.6695245518316446,0.3608446419239044
0.7924354243542435,0.6700468018720749,0.36092838644981384
0.7915129151291513,0.6708365910867865,0.36100471019744873
0.7915129151291513,0.6713615023474179,0.3610234558582306
0.7915129151291513,0.6718872357086922,0.36165639758110046
0.7915129151291513,0.6724137931034483,0.3616635799407959
0.790590405904059,0.672156862745098,0.36227089166641235
0.7896678966789668,0.6718995290423861,0.3627893030643463
0.7896678966789668,0.6724273369992144,0.3629301190376282
0.7887453874538746,0.6721698113207547,0.36293327808380127
0.7869003690036901,0.6716535433070866,0.36306634545326233
0.7869003690036901,0.6721828211189913,0.363109290599823
0.7869003690036901,0.6727129337539433,0.3631443679332733
0.7869003690036901,0.6732438831886346,0.36323729157447815
0.7869003690036901,0.6737756714060031,0.36351728439331055
0.7869003690036901,0.6743083003952569,0.36415621638298035
0.7859778597785978,0.6740506329113924,0.3641584813594818
0.7859778597785978,0.6745843230403801,0.3642732799053192
0.7859778597785978,0.6751188589540412,0.3644426167011261
0.7859778597785978,0.675654242664552,0.36455604434013367
0.7850553505535055,0.6753968253968254,0.36466214060783386
0.7850553505535055,0.675933280381255,0.36564692854881287
0.7841328413284133,0.6756756756756757,0.36597633361816406
0.7841328413284133,0.6762132060461417,0.3660373389720917
0.783210332103321,0.6759554140127388,0.36638760566711426
0.7822878228782287,0.6756972111553785,0.36647626757621765
0.7822878228782287,0.6762360446570973,0.36746641993522644
0.7822878228782287,0.6767757382282522,0.3674948215484619
0.7822878228782287,0.6773162939297125,0.3677230477333069
0.7813653136531366,0.6770583533173461,0.36783429980278015
0.7804428044280443,0.6768,0.3701018691062927
0.7795202952029521,0.6765412329863891,0.3704433739185333
0.7785977859778598,0.6762820512820513,0.371122270822525
0.7776752767527675,0.6760224538893344,0.3714025616645813
0.7776752767527675,0.6765650080256822,0.3718770146369934
0.7767527675276753,0.6763052208835342,0.37197345495224
0.7767527675276753,0.6773934030571199,0.37204673886299133
0.775830258302583,0.677133655394525,0.372174471616745
0.775830258302583,0.67767929089444,0.3724221885204315
0.7749077490774908,0.6774193548387096,0.3725672960281372
0.7739852398523985,0.6771589991928975,0.3730519711971283
0.7739852398523985,0.6777059773828756,0.37308502197265625
0.7730627306273062,0.677445432497979,0.37337228655815125
0.772140221402214,0.6771844660194175,0.37414902448654175
0.772140221402214,0.6777327935222672,0.3746020495891571
0.772140221402214,0.6782820097244733,0.3758860230445862
0.7712177121771218,0.6780210867802109,0.376663476228714
0.7712177121771218,0.6785714285714286,0.37670740485191345
0.7712177121771218,0.6791226645004061,0.3770827054977417
0.7712177121771218,0.6802278275020341,0.3770851492881775
0.7712177121771218,0.6807817589576547,0.37713807821273804
0.7702952029520295,0.680521597392013,0.37795954942703247
0.7693726937269373,0.6802610114192496,0.3780747354030609
0.768450184501845,0.68,0.37852397561073303
0.768450184501845,0.6805555555555556,0.3786521553993225
0.768450184501845,0.6811120196238757,0.378668874502182
0.768450184501845,0.6816693944353519,0.3790223300457001
0.768450184501845,0.6822276822276823,0.37963923811912537
0.7675276752767528,0.6819672131147541,0.3801208734512329
0.7675276752767528,0.682526661197703,0.38018471002578735
0.7675276752767528,0.6830870279146142,0.3803595304489136
0.7666051660516605,0.6828266228430567,0.3804990351200104
0.7666051660516605,0.6833881578947368,0.38077327609062195
0.7666051660516605,0.6839506172839506,0.38086220622062683
0.7666051660516605,0.6845140032948929,0.3809499442577362
0.7666051660516605,0.685078318219291,0.3809807002544403
0.7666051660516605,0.6856435643564357,0.3812226355075836
0.7666051660516605,0.6862097440132122,0.3815357983112335
0.7666051660516605,0.6867768595041323,0.3818047344684601
0.7666051660516605,0.6873449131513648,0.38189488649368286
0.7666051660516605,0.6879139072847682,0.38214200735092163
0.7666051660516605,0.6884838442419221,0.38411945104599
0.7656826568265682,0.6893687707641196,0.38474041223526
0.764760147601476,0.6891105569409809,0.3849928677082062
0.764760147601476,0.6896838602329451,0.38533806800842285
0.7638376383763837,0.6894254787676936,0.38571786880493164
0.7638376383763837,0.69,0.385722815990448
0.7638376383763837,0.6905754795663053,0.38604867458343506
0.7638376383763837,0.6911519198664441,0.38617363572120667
0.7629151291512916,0.6908939014202172,0.3862780034542084
0.7629151291512916,0.6914715719063546,0.3865527808666229
0.7629151291512916,0.6920502092050209,0.38677674531936646
0.7629151291512916,0.6926298157453936,0.38687556982040405
0.7629151291512916,0.6932103939647947,0.387532114982605
0.7629151291512916,0.6937919463087249,0.3875453472137451
0.7629151291512916,0.6949579831932773,0.38796067237854004
0.7629151291512916,0.695542472666106,0.38806888461112976
0.7619926199261993,0.6952861952861953,0.3889329135417938
0.761070110701107,0.6950294860994103,0.3889864385128021
0.761070110701107,0.6956155143338955,0.38990694284439087
0.7601476014760148,0.6953586497890295,0.3902744650840759
0.7592250922509225,0.6951013513513513,0.3909165859222412
0.7592250922509225,0.6956889264581573,0.39110761880874634
0.757380073800738,0.6957627118644067,0.3918803632259369
0.757380073800738,0.6963528413910093,0.3924468755722046
0.7564575645756457,0.6960950764006791,0.3925394117832184
0.7564575645756457,0.6966864910790145,0.39261430501937866
0.7564575645756457,0.6972789115646258,0.3926883935928345
0.7555350553505535,0.6970212765957446,0.39278098940849304
0.7546125461254612,0.696763202725724,0.3928064703941345
0.753690036900369,0.697098976109215,0.39347830414772034
0.753690036900369,0.6976942783945346,0.3937211036682129
0.7527675276752768,0.6974358974358974,0.39447495341300964
0.7527675276752768,0.69803250641574,0.3945903182029724
0.7527675276752768,0.6986301369863014,0.3947836756706238
0.7518450184501845,0.6983718937446444,0.39504846930503845
0.7509225092250923,0.6981132075471698,0.39511120319366455
0.7509225092250923,0.6987124463519313,0.39564380049705505
0.7509225092250923,0.6993127147766323,0.39574718475341797
0.7509225092250923,0.6999140154772141,0.3962392508983612
0.7509225092250923,0.7005163511187608,0.3967326581478119
0.7509225092250923,0.7011197243755384,0.39684614539146423
0.7509225092250923,0.7017241379310345,0.39686673879623413
0.75,0.7014667817083693,0.39810046553611755
0.75,0.7020725388601037,0.39893707633018494
0.75,0.7026793431287813,0.39899614453315735
0.7490774907749077,0.7024221453287197,0.3990323543548584
0.7490774907749077,0.703030303030303,0.39926522970199585
0.7490774907749077,0.7036395147313691,0.4001011252403259
0.7490774907749077,0.7042497831743278,0.4001481831073761
0.7481549815498155,0.7039930555555556,0.40064722299575806
0.7472324723247232,0.7037358818418766,0.4007408320903778
0.7472324723247232,0.7043478260869566,0.40077832341194153
0.7472324723247232,0.7049608355091384,0.4008099138736725
0.7472324723247232,0.705574912891986,0.4009210765361786
0.7472324723247232,0.7061900610287707,0.40224653482437134
0.746309963099631,0.705933682373473,0.4023119807243347
0.7453874538745388,0.7056768558951965,0.4024578630924225
0.7444649446494465,0.7054195804195804,0.4036884903907776
0.7435424354243543,0.705161854768154,0.4039546549320221
0.742619926199262,0.7055214723926381,0.4043278396129608
0.7416974169741697,0.7058823529411765,0.40452390909194946
0.7416974169741697,0.7065026362038664,0.40470248460769653
0.7407749077490775,0.7062445030782761,0.40522530674934387
0.7407749077490775,0.7068661971830986,0.4059847593307495
0.7398523985239852,0.7066079295154185,0.4063892066478729
0.738929889298893,0.7063492063492064,0.4070757329463959
0.7380073800738007,0.706090026478376,0.4071260392665863
0.7380073800738007,0.7067137809187279,0.4079565107822418
0.7361623616236163,0.7061946902654868,0.4085822105407715
0.7361623616236163,0.7068201948627104,0.408593088388443
0.7361623616236163,0.7074468085106383,0.409183144569397
0.735239852398524,0.707187222715173,0.4094446003437042
0.7343173431734318,0.7069271758436945,0.4096292555332184
0.7333948339483395,0.7072953736654805,0.40989595651626587
0.7333948339483395,0.7079252003561888,0.4109196960926056
0.7324723247232472,0.7076648841354723,0.41122373938560486
0.7324723247232472,0.7082961641391614,0.4113256335258484
0.7324723247232472,0.7089285714285715,0.4121152460575104
0.7324723247232472,0.709562109025916,0.4127740263938904
0.731549815498155,0.7093023255813954,0.41364791989326477
0.7306273062730627,0.7096774193548387,0.41419243812561035
0.7306273062730627,0.7103139013452915,0.4151194393634796
0.7306273062730627,0.7109515260323159,0.4156382977962494
0.7297047970479705,0.710691823899371,0.41568219661712646
0.7297047970479705,0.7113309352517986,0.4157271683216095
0.7287822878228782,0.7110711071107111,0.4162566065788269
0.727859778597786,0.7108108108108108,0.4164749085903168
0.7269372693726938,0.7105500450856628,0.4170818328857422
0.7269372693726938,0.7111913357400722,0.4171709418296814
0.7260147601476015,0.7109304426377597,0.41732051968574524
0.7260147601476015,0.7115732368896925,0.4177224338054657
0.7260147601476015,0.7122171945701358,0.417904257774353
0.7260147601476015,0.7128623188405797,0.41793906688690186
0.7260147601476015,0.71350861287398,0.4182073771953583
0.7260147601476015,0.7141560798548094,0.41903379559516907
0.7250922509225092,0.7138964577656676,0.41916409134864807
0.7250922509225092,0.7145454545454546,0.41920897364616394
0.7250922509225092,0.7151956323930846,0.41969019174575806
0.724169741697417,0.714936247723133,0.41971611976623535
0.724169741697417,0.715587967183227,0.41988077759742737
0.724169741697417,0.7162408759124088,0.420133501291275
0.724169741697417,0.7168949771689498,0.42068716883659363
0.724169741697417,0.7175502742230347,0.42127561569213867
0.724169741697417,0.7182067703568161,0.4230819642543793
0.724169741697417,0.7188644688644689,0.4230864942073822
0.724169741697417,0.7195233730522457,0.424045205116272
0.724169741697417,0.7201834862385321,0.42431947588920593
0.7232472324723247,0.7199265381083563,0.42520537972450256
0.7232472324723247,0.7205882352941176,0.4258490800857544
0.7232472324723247,0.7212511499540019,0.42589348554611206
0.7232472324723247,0.7219152854511971,0.42591166496276855
0.7232472324723247,0.7225806451612903,0.42629796266555786
0.7223247232472325,0.7223247232472325,0.42736274003982544
0.7214022140221402,0.7220683287165282,0.42806482315063477
0.7204797047970479,0.7218114602587801,0.4281420111656189
0.7204797047970479,0.7224791859389454,0.4296768307685852
0.7204797047970479,0.7231481481481481,0.43014591932296753
0.7204797047970479,0.7238183503243745,0.43043652176856995
0.7204797047970479,0.7244897959183674,0.43059253692626953
0.7204797047970479,0.7251624883936861,0.43061473965644836
0.7204797047970479,0.7258364312267658,0.43071281909942627
0.7204797047970479,0.7265116279069768,0.4307540953159332
0.7204797047970479,0.7271880819366853,0.43215128779411316
0.7195571955719557,0.7269338303821062,0.43229153752326965
0.7186346863468634,0.726679104477612,0.432297945022583
0.7186346863468634,0.7273576097105509,0.43262186646461487
0.7186346863468634,0.72803738317757,0.43314579129219055
0.7177121771217713,0.7277829747427502,0.43333888053894043
0.716789667896679,0.7275280898876404,0.43367913365364075
0.7158671586715867,0.7272727272727273,0.4341451823711395
0.7158671586715867,0.7279549718574109,0.43423905968666077
0.7149446494464945,0.7276995305164319,0.4350590109825134
0.7149446494464945,0.7283834586466166,0.4362892210483551
0.7149446494464945,0.729068673565381,0.4368409514427185
0.7140221402214022,0.7288135593220338,0.43741145730018616
0.7140221402214022,0.7295004712535345,0.4383244514465332
0.7130996309963099,0.7292452830188679,0.43901175260543823
0.7130996309963099,0.7299338999055713,0.43903863430023193
0.7121771217712177,0.7296786389413988,0.43912601470947266
0.7121771217712177,0.7303689687795648,0.43925756216049194
0.7121771217712177,0.7310606060606061,0.4405113756656647
0.7112546125461254,0.7308056872037915,0.44057339429855347
0.7112546125461254,0.7314990512333965,0.44161128997802734
0.7112546125461254,0.7321937321937322,0.4416137635707855
0.7103321033210332,0.7319391634980988,0.4417089819908142
0.709409594095941,0.7316841103710752,0.4426347315311432
0.709409594095941,0.7323809523809524,0.4426467716693878
0.7084870848708487,0.7321258341277407,0.44344159960746765
0.7066420664206642,0.731614135625597,0.4440514147281647
0.7066420664206642,0.7323135755258127,0.44453710317611694
0.7066420664206642,0.7330143540669857,0.4451793432235718
0.705719557195572,0.7327586206896551,0.44591009616851807
0.7047970479704797,0.7325023969319271,0.44774770736694336
0.7047970479704797,0.7332053742802304,0.44780054688453674
0.7038745387453874,0.7329490874159462,0.44791358709335327
0.7038745387453874,0.7336538461538461,0.44833359122276306
0.7029520295202952,0.7333974975938402,0.4485764801502228
0.7029520295202952,0.7341040462427746,0.4489036798477173
0.7020295202952029,0.733847637415622,0.44914817810058594
0.7020295202952029,0.7345559845559846,0.45082446932792664
0.7011070110701108,0.7342995169082126,0.45088768005371094
0.7001845018450185,0.7340425531914894,0.45094648003578186
0.6992619926199262,0.7337850919651501,0.4519202411174774
0.698339483394834,0.7335271317829457,0.45238038897514343
0.698339483394834,0.7342386032977691,0.4524386525154114
0.6974169741697417,0.7339805825242719,0.45286792516708374
0.6964944649446494,0.7337220602526725,0.4534362554550171
0.6964944649446494,0.7344357976653697,0.4545336365699768
0.6955719557195572,0.7341772151898734,0.45457538962364197
0.6946494464944649,0.7339181286549707,0.45767742395401
0.6946494464944649,0.7346341463414634,0.45897215604782104
0.6946494464944649,0.7353515625,0.4591439962387085
0.6946494464944649,0.7360703812316716,0.46013781428337097
0.6937269372693727,0.735812133072407,0.4603442847728729
0.6928044280442804,0.7355533790401567,0.4606221914291382
0.6928044280442804,0.7362745098039216,0.4609900414943695
0.6928044280442804,0.737721021611002,0.4610777497291565
0.6918819188191881,0.7374631268436578,0.4611477851867676
0.690959409594096,0.7372047244094488,0.4619511067867279
0.690959409594096,0.7386587771203156,0.4621175229549408
0.690959409594096,0.7393879565646594,0.46250101923942566
0.6900369003690037,0.7391304347826086,0.4626700282096863
0.6900369003690037,0.7398615232443125,0.46276894211769104
0.6891143911439115,0.7396039603960396,0.46300777792930603
0.6881918819188192,0.7393458870168483,0.4639202356338501
0.6881918819188192,0.7400793650793651,0.46393001079559326
0.6872693726937269,0.7398212512413108,0.4648735821247101
0.6863468634686347,0.7395626242544732,0.46529775857925415
0.6854243542435424,0.7393034825870647,0.46620166301727295
0.6854243542435424,0.7400398406374502,0.4665406346321106
0.6854243542435424,0.7407776669990029,0.46716219186782837
0.6854243542435424,0.7415169660678643,0.46860265731811523
0.6854243542435424,0.7422577422577422,0.4686601459980011
0.6845018450184502,0.742,0.4704795181751251
0.6845018450184502,0.7427427427427428,0.4707546532154083
0.6845018450184502,0.7434869739478958,0.4711883068084717
0.683579335793358,0.7432296890672017,0.47149303555488586
0.6826568265682657,0.7429718875502008,0.47155308723449707
0.6817343173431735,0.742713567839196,0.4715627133846283
0.6808118081180812,0.7424547283702213,0.4736243486404419
0.6808118081180812,0.743202416918429,0.47390827536582947
0.6808118081180812,0.7439516129032258,0.47439175844192505
0.6808118081180812,0.7447023208879919,0.47592467069625854
0.6808118081180812,0.7454545454545455,0.47599223256111145
0.6808118081180812,0.7462082912032356,0.4763735830783844
0.6808118081180812,0.7469635627530364,0.47643205523490906
0.6808118081180812,0.7477203647416414,0.4774014949798584
0.6798892988929889,0.7474645030425964,0.4775584042072296
0.6798892988929889,0.7482233502538072,0.4778594672679901
0.6789667896678967,0.7479674796747967,0.4787245988845825
0.6789667896678967,0.7487283825025433,0.47880855202674866
0.6789667896678967,0.7494908350305499,0.4795667827129364
0.6789667896678967,0.7502548419979612,0.4795722961425781
0.6789667896678967,0.7510204081632653,0.4797517657279968
0.6780442804428044,0.7507660878447395,0.48001906275749207
0.6780442804428044,0.7515337423312883,0.483187735080719
0.6771217712177122,0.7512794268167861,0.48467108607292175
0.6771217712177122,0.7520491803278688,0.48619648814201355
0.6771217712177122,0.7528205128205128,0.486570805311203
0.6761992619926199,0.7525667351129364,0.48756903409957886
0.6761992619926199,0.7533401849948612,0.48779770731925964
0.6761992619926199,0.7541152263374485,0.4882310628890991
0.6761992619926199,0.7548918640576725,0.48934808373451233
0.6761992619926199,0.7556701030927835,0.4912651479244232
0.6752767527675276,0.7554179566563467,0.4927946925163269
0.6743542435424354,0.7551652892561983,0.4935833811759949
0.6734317343173432,0.7549120992761117,0.4939521849155426
0.6734317343173432,0.7556935817805382,0.4944249987602234
0.6734317343173432,0.7564766839378239,0.49461257457733154
0.672509225092251,0.7562240663900415,0.4959704279899597
0.672509225092251,0.7570093457943925,0.49623680114746094
0.6715867158671587,0.7567567567567568,0.4966467320919037
0.6706642066420664,0.7565036420395421,0.4995920658111572
0.6706642066420664,0.7572916666666667,0.5014200210571289
0.6697416974169742,0.7570385818561001,0.5016538500785828
0.6688191881918819,0.7567849686847599,0.5023795366287231
0.6688191881918819,0.7575757575757576,0.503568708896637
0.6678966789667896,0.7573221757322176,0.504288911819458
0.6669741697416974,0.7570680628272252,0.5043735504150391
0.6660516605166051,0.7568134171907757,0.5045933723449707
0.665129151291513,0.7565582371458552,0.5069739818572998
0.6642066420664207,0.7563025210084033,0.5074285864830017
0.6632841328413284,0.7560462670872765,0.5096110701560974
0.6632841328413284,0.7568421052631579,0.5113022327423096
0.6614391143911439,0.7563291139240507,0.5128016471862793
0.6614391143911439,0.7571277719112989,0.5131880044937134
0.6614391143911439,0.7579281183932347,0.5137125849723816
0.6605166051660517,0.7576719576719577,0.5145106315612793
0.6605166051660517,0.7584745762711864,0.5149530172348022
0.6605166051660517,0.7592788971367974,0.5166182518005371
0.6605166051660517,0.7600849256900213,0.5178682804107666
0.6595940959409594,0.7598299681190224,0.5189734697341919
0.6586715867158671,0.7595744680851064,0.5193171501159668
0.6577490774907749,0.759318423855165,0.5196717977523804
0.6577490774907749,0.7601279317697228,0.519762396812439
0.6577490774907749,0.7609391675560299,0.520340085029602
0.6568265682656826,0.7606837606837606,0.5221941471099854
0.6559040590405905,0.760427807486631,0.5225887298583984
0.6549815498154982,0.7601713062098501,0.5252034068107605
0.6549815498154982,0.7609860664523044,0.5256023406982422
0.6540590405904059,0.7607296137339056,0.5259243249893188
0.6540590405904059,0.761546723952739,0.5259901285171509
0.6540590405904059,0.7623655913978494,0.526515781879425
0.6540590405904059,0.7631862217438106,0.5269464254379272
0.6540590405904059,0.7640086206896551,0.5276652574539185
0.6540590405904059,0.7648327939590076,0.5278005599975586
0.6531365313653137,0.7645788336933045,0.5278202295303345
0.6522140221402214,0.7643243243243243,0.5279647707939148
0.6512915129151291,0.7640692640692641,0.5302867889404297
0.6503690036900369,0.7638136511375948,0.5311187505722046
0.6494464944649446,0.7635574837310195,0.5317532420158386
0.6494464944649446,0.7643865363735071,0.5324029922485352
0.6485239852398524,0.7641304347826087,0.5325262546539307
0.6485239852398524,0.764961915125136,0.5334998369216919
0.6476014760147601,0.7647058823529411,0.5339309573173523
0.6466789667896679,0.7644492911668485,0.5349446535110474
0.6466789667896679,0.7652838427947598,0.5353606939315796
0.6457564575645757,0.7650273224043715,0.5363525152206421
0.6448339483394834,0.7647702407002188,0.5364307165145874
0.6439114391143912,0.764512595837897,0.5366994142532349
0.6439114391143912,0.7653508771929824,0.5386764407157898
0.6429889298892989,0.7650933040614709,0.5390032529830933
0.6429889298892989,0.765934065934066,0.5391062498092651
0.6429889298892989,0.7667766776677668,0.5392429232597351
0.6420664206642066,0.7665198237885462,0.5402116775512695
0.6420664206642066,0.7673649393605292,0.540428638458252
0.6411439114391144,0.7671081677704195,0.540739893913269
0.6411439114391144,0.7679558011049724,0.5410953760147095
0.6411439114391144,0.7688053097345132,0.5414838790893555
0.6411439114391144,0.769656699889258,0.5454856157302856
0.6402214022140221,0.7694013303769401,0.5458362102508545
0.6392988929889298,0.7691453940066593,0.5467550754547119
0.6383763837638377,0.7688888888888888,0.5490716695785522
0.6374538745387454,0.7686318131256952,0.5492789149284363
0.6374538745387454,0.7694877505567929,0.5527195334434509
0.6374538745387454,0.770345596432553,0.5542515516281128
0.6365313653136532,0.7700892857142857,0.5559045076370239
0.6356088560885609,0.7698324022346369,0.5559346675872803
0.6346863468634686,0.7695749440715883,0.5563214421272278
0.6346863468634686,0.7704367301231803,0.5573152303695679
0.6346863468634686,0.7713004484304933,0.5575553178787231
0.6337638376383764,0.7710437710437711,0.5581721067428589
0.6337638376383764,0.7719101123595505,0.5598163604736328
0.6337638376383764,0.7727784026996626,0.5604768395423889
0.6337638376383764,0.7736486486486487,0.5606280565261841
0.6328413284132841,0.7733934611048479,0.5611288547515869
0.6328413284132841,0.7742663656884876,0.5613912343978882
0.6319188191881919,0.7740112994350282,0.5619591474533081
0.6309963099630996,0.7737556561085973,0.5636435151100159
0.6309963099630996,0.7746319365798414,0.5637214183807373
0.6309963099630996,0.7755102040816326,0.5637329816818237
0.6309963099630996,0.7763904653802497,0.5650827288627625
0.6300738007380073,0.7761363636363636,0.566746175289154
0.6291512915129152,0.7758816837315131,0.5670081377029419
0.6291512915129152,0.7767653758542141,0.5673149824142456
0.6282287822878229,0.7765108323831242,0.5688883066177368
0.6273062730627307,0.776255707762557,0.5691013932228088
0.6263837638376384,0.776,0.569300651550293
0.6254612546125461,0.7757437070938215,0.5701913833618164
0.6245387453874539,0.7754868270332188,0.5712428092956543
0.6245387453874539,0.7763761467889908,0.5712539553642273
0.6236162361623616,0.7761194029850746,0.5712559223175049
0.6236162361623616,0.7770114942528735,0.5717138051986694
0.6236162361623616,0.7779056386651323,0.5717262029647827
0.6226937269372693,0.7776497695852534,0.5728491544723511
0.6226937269372693,0.7785467128027682,0.5734444260597229
0.6217712177121771,0.7782909930715936,0.5740000009536743
0.6217712177121771,0.7791907514450868,0.5749655961990356
0.6208487084870848,0.7789351851851852,0.5754269957542419
0.6199261992619927,0.7786790266512167,0.5754983425140381
0.6199261992619927,0.7795823665893271,0.575541615486145
0.6190036900369004,0.7793263646922184,0.5765119791030884
0.6180811808118081,0.7790697674418605,0.5766713619232178
0.6171586715867159,0.7788125727590222,0.5767849087715149
0.6171586715867159,0.7797202797202797,0.5772587060928345
0.6162361623616236,0.779463243873979,0.578057587146759
0.6153136531365314,0.7792056074766355,0.5781642198562622
0.6143911439114391,0.7789473684210526,0.5782619714736938
0.6125461254612546,0.7793427230046949,0.5785645246505737
0.6125461254612546,0.7802585193889542,0.580710768699646
0.6125461254612546,0.7811764705882352,0.5812931060791016
0.6125461254612546,0.7820965842167256,0.5820479393005371
0.6125461254612546,0.7830188679245284,0.5831549763679504
0.6116236162361623,0.7827626918536009,0.5834276676177979
0.6116236162361623,0.7836879432624113,0.5839314460754395
0.6116236162361623,0.7846153846153846,0.5840646028518677
0.6107011070110702,0.7843601895734598,0.5849531888961792
0.6097785977859779,0.7841043890865955,0.5859185457229614
0.6097785977859779,0.7850356294536817,0.5859413743019104
0.6097785977859779,0.7859690844233056,0.588382363319397
0.6097785977859779,0.7869047619047619,0.5924631357192993
0.6088560885608856,0.7866507747318237,0.5929951667785645
0.6088560885608856,0.7875894988066826,0.5936673283576965
0.6088560885608856,0.7885304659498208,0.5951658487319946
0.6079335793357934,0.7882775119617225,0.5969521999359131
0.6070110701107011,0.7889688249400479,0.5975197553634644
0.6060885608856088,0.7887154861944778,0.5997042059898376
0.6060885608856088,0.7896634615384616,0.6001200675964355
0.6051660516605166,0.789410348977136,0.6013069152832031
0.6042435424354243,0.7891566265060241,0.6031409502029419
0.6042435424354243,0.7901085645355851,0.6037060022354126
0.6033210332103321,0.7898550724637681,0.6038878560066223
0.6033210332103321,0.7908101571946796,0.6055173873901367
0.6033210332103321,0.7917675544794189,0.6055951118469238
0.6033210332103321,0.7927272727272727,0.6065126061439514
0.6023985239852399,0.7924757281553398,0.6065775156021118
0.6023985239852399,0.7934386391251519,0.6067457795143127
0.6014760147601476,0.7931873479318735,0.6085637807846069
0.6014760147601476,0.7941534713763703,0.6092858910560608
0.6005535055350554,0.7939024390243903,0.609646201133728
0.5996309963099631,0.7936507936507936,0.6112304925918579
0.5987084870848709,0.793398533007335,0.6115337610244751
0.5977859778597786,0.7931456548347613,0.6116226315498352
0.5968634686346863,0.7928921568627451,0.614456057548523
0.5959409594095941,0.7926380368098159,0.6162832975387573
0.5959409594095941,0.7936117936117936,0.6163016557693481
0.5959409594095941,0.7945879458794588,0.6166421175003052
0.5959409594095941,0.7955665024630542,0.6167147159576416
0.5950184501845018,0.7953144266337855,0.617096483707428
0.5950184501845018,0.7962962962962963,0.6172513961791992
0.5940959409594095,0.796044499381953,0.6173818111419678
0.5931734317343174,0.7957920792079208,0.6192275285720825
0.5922509225092251,0.7955390334572491,0.6197081804275513
0.5913284132841329,0.7952853598014888,0.6215914487838745
0.5913284132841329,0.7962732919254658,0.6218167543411255
0.5904059040590406,0.7960199004975125,0.6226975917816162
0.5894833948339483,0.7957658779576587,0.6227355003356934
0.5894833948339483,0.7967581047381546,0.6239027976989746
0.5885608856088561,0.7965043695380774,0.6240723729133606
0.5885608856088561,0.7975,0.6253176927566528
0.5876383763837638,0.7972465581977471,0.6254185438156128
0.5876383763837638,0.7982456140350878,0.6264301538467407
0.5867158671586716,0.7979924717691342,0.6268538236618042
0.5857933579335793,0.7977386934673367,0.627130389213562
0.584870848708487,0.7994955863808323,0.6272881031036377
0.584870848708487,0.8005050505050505,0.6274553537368774
0.584870848708487,0.8015170670037927,0.6275182366371155
0.584870848708487,0.8025316455696202,0.6281694769859314
0.5839483394833949,0.8022813688212928,0.6291829943656921
0.5839483394833949,0.8032994923857868,0.6295030117034912
0.5830258302583026,0.8030495552731893,0.6297957897186279
0.5821033210332104,0.8027989821882952,0.6301209926605225
0.5811808118081181,0.802547770700637,0.6308598518371582
0.5802583025830258,0.8022959183673469,0.6312007308006287
0.5802583025830258,0.8033205619412516,0.6317616701126099
0.5802583025830258,0.8043478260869565,0.6320152282714844
0.5802583025830258,0.8053777208706786,0.6330173015594482
0.5793357933579336,0.8051282051282052,0.6332629919052124
0.5784132841328413,0.8048780487804879,0.6339101791381836
0.577490774907749,0.8046272493573264,0.6340805292129517
0.5765682656826568,0.8043758043758044,0.634162962436676
0.5756457564575646,0.8041237113402062,0.6342892646789551
0.5756457564575646,0.8051612903225807,0.636387825012207
0.5747232472324724,0.8049095607235142,0.6367034912109375
0.5738007380073801,0.8046571798188874,0.6367152333259583
0.5738007380073801,0.805699481865285,0.6380878686904907
0.5738007380073801,0.8067444876783398,0.6413506269454956
0.5728782287822878,0.8064935064935065,0.6414740085601807
0.5719557195571956,0.8062418725617685,0.6428843140602112
0.5710332103321033,0.8059895833333334,0.6442760229110718
0.5701107011070111,0.8057366362451108,0.6443588137626648
0.5691881918819188,0.8054830287206266,0.6444753408432007
0.5691881918819188,0.8065359477124183,0.6456453800201416
0.5682656826568265,0.806282722513089,0.6462693214416504
0.5682656826568265,0.8073394495412844,0.6469056010246277
0.5673431734317343,0.8070866141732284,0.6485718488693237
0.566420664206642,0.8068331143232589,0.6486350297927856
0.5654981549815498,0.8065789473684211,0.6501059532165527
0.5654981549815498,0.8076416337285902,0.6503653526306152
0.5645756457564576,0.8073878627968337,0.6504889726638794
0.5636531365313653,0.8071334214002642,0.6505699753761292
0.5627306273062731,0.8068783068783069,0.6507970094680786
0.5618081180811808,0.8066225165562914,0.6508376598358154
0.5608856088560885,0.8063660477453581,0.6517157554626465
0.5599630996309963,0.8061088977423638,0.6525909900665283
0.559040590405904,0.8058510638297872,0.6544281244277954
0.559040590405904,0.8069241011984021,0.6547053456306458
0.5581180811808119,0.8066666666666666,0.6556628942489624
0.5581180811808119,0.807743658210948,0.6560415625572205
0.5571955719557196,0.8074866310160428,0.6575018167495728
0.5571955719557196,0.8085676037483266,0.6585104465484619
0.5571955719557196,0.8096514745308311,0.6590166687965393
0.5562730627306273,0.8093959731543624,0.6595195531845093
0.5553505535055351,0.8091397849462365,0.6597830057144165
0.5544280442804428,0.8088829071332436,0.6611185073852539
0.5535055350553506,0.8086253369272237,0.6620938777923584
0.5525830258302583,0.8083670715249662,0.6627470254898071
0.551660516605166,0.8081081081081081,0.6632883548736572
0.551660516605166,0.8092016238159675,0.6633760929107666
0.551660516605166,0.8102981029810298,0.6634351015090942
0.551660516605166,0.8113975576662144,0.663699746131897
0.5507380073800738,0.811141304347826,0.6649949550628662
0.5498154981549815,0.8108843537414966,0.6661352515220642
0.5488929889298892,0.8106267029972752,0.6679002046585083
0.5479704797047971,0.810368349249659,0.669191837310791
0.5470479704797048,0.8101092896174863,0.6692988276481628
0.5461254612546126,0.8098495212038304,0.6698648929595947
0.5461254612546126,0.810958904109589,0.670445442199707
0.5461254612546126,0.8120713305898491,0.6712930202484131
0.5452029520295203,0.8118131868131868,0.6717714071273804
0.544280442804428,0.811554332874828,0.6727319955825806
0.5433579335793358,0.8112947658402204,0.6730747222900391
0.5433579335793358,0.8124137931034483,0.6738113164901733
0.5424354243542435,0.8121546961325967,0.6749159693717957
0.5424354243542435,0.8132780082987552,0.6752831339836121
0.5424354243542435,0.814404432132964,0.6763612031936646
0.5415129151291513,0.8141470180305131,0.6767208576202393
0.540590405904059,0.8138888888888889,0.6767670512199402
0.5396678966789668,0.8136300417246175,0.6773079633712769
0.5387453874538746,0.8133704735376045,0.6773325800895691
0.5378228782287823,0.8131101813110181,0.6777886152267456
0.5369003690036901,0.8128491620111732,0.678267240524292
0.5369003690036901,0.813986013986014,0.6784316301345825
0.5359778597785978,0.8137254901960784,0.678442120552063
0.5350553505535055,0.8134642356241234,0.6785156726837158
0.5341328413284133,0.8132022471910112,0.6792739629745483
0.5341328413284133,0.8143459915611815,0.6804642081260681
0.5341328413284133,0.8154929577464789,0.6807082891464233
0.533210332103321,0.8152327221438646,0.68084317445755
0.5322878228782287,0.8149717514124294,0.6812437772750854
0.5313653136531366,0.8147100424328148,0.6814011335372925
0.5304428044280443,0.8144475920679887,0.6818264126777649
0.5295202952029521,0.8141843971631205,0.6820245385169983
0.5285977859778598,0.8139204545454546,0.6829690337181091
0.5276752767527675,0.813655761024182,0.6830936074256897
0.5276752767527675,0.8148148148148148,0.6831170320510864
0.5276752767527675,0.8159771754636234,0.6840481758117676
0.5267527675276753,0.8157142857142857,0.6840872764587402
0.5267527675276753,0.8168812589413448,0.6854873895645142
0.525830258302583,0.8166189111747851,0.6856699585914612
0.525830258302583,0.8177905308464849,0.6860438585281372
0.5249077490774908,0.8175287356321839,0.6871198415756226
0.5249077490774908,0.818705035971223,0.6879909038543701
0.5249077490774908,0.8198847262247838,0.6888545155525208
0.5239852398523985,0.8196248196248196,0.6890664100646973
0.5230627306273062,0.819364161849711,0.6891231536865234
0.522140221402214,0.8191027496382055,0.6901006698608398
0.5212177121771218,0.8188405797101449,0.6904624104499817
0.5202952029520295,0.818577648766328,0.6910884976387024
0.5202952029520295,0.8197674418604651,0.6947580575942993
0.5202952029520295,0.8209606986899564,0.6948031187057495
0.5193726937269373,0.8206997084548106,0.6949390172958374
0.518450184501845,0.8204379562043795,0.6952206492424011
0.5175276752767528,0.8201754385964912,0.6959761381149292
0.5166051660516605,0.8199121522693997,0.6975555419921875
0.5166051660516605,0.8211143695014663,0.6976237297058105
0.5166051660516605,0.8223201174743024,0.6982082724571228
0.5156826568265682,0.8220588235294117,0.698499321937561
0.5138376383763837,0.8215339233038348,0.6990050077438354
0.5138376383763837,0.8227474150664698,0.6996484994888306
0.5129151291512916,0.8224852071005917,0.6998095512390137
0.5119926199261993,0.8222222222222222,0.7008467316627502
0.5119926199261993,0.8234421364985163,0.7016199827194214
0.511070110701107,0.8231797919762258,0.701751172542572
0.5101476014760148,0.8229166666666666,0.7025344371795654
0.5092250922509225,0.8226527570789866,0.7028566002845764
0.5083025830258303,0.8223880597014925,0.7035079002380371
0.507380073800738,0.8221225710014948,0.7040044069290161
0.5064575645756457,0.8218562874251497,0.7040208578109741
0.5055350553505535,0.8215892053973014,0.7046475410461426
0.5055350553505535,0.8228228228228228,0.7053658962249756
0.5046125461254612,0.8225563909774436,0.7053748965263367
0.503690036900369,0.822289156626506,0.7064889669418335
0.503690036900369,0.8235294117647058,0.706627368927002
0.5027675276752768,0.823262839879154,0.7067400813102722
0.5018450184501845,0.8229954614220878,0.7076382637023926
0.5018450184501845,0.8242424242424242,0.7077443599700928
0.5009225092250923,0.8239757207890743,0.7091134190559387
0.5,0.8237082066869301,0.7096612453460693
0.5,0.8249619482496194,0.7104703187942505
0.5,0.8262195121951219,0.7119808793067932
0.49907749077490776,0.8259541984732824,0.7122235894203186
0.4981549815498155,0.8256880733944955,0.7122357487678528
0.4981549815498155,0.8269525267993875,0.7123144865036011
0.49723247232472323,0.8266871165644172,0.7129263877868652
0.496309963099631,0.82642089093702,0.713068962097168
0.49538745387453875,0.8261538461538461,0.7131367921829224
0.4944649446494465,0.8258859784283513,0.7132718563079834
0.4935424354243542,0.8256172839506173,0.7133911848068237
0.492619926199262,0.8253477588871716,0.7138628959655762
0.492619926199262,0.826625386996904,0.7141131162643433
0.49169741697416974,0.8263565891472868,0.7141993045806885
0.4907749077490775,0.8260869565217391,0.714682400226593
0.4907749077490775,0.8273716951788491,0.7149548530578613
0.48985239852398527,0.8271028037383178,0.7165588736534119
0.488929889298893,0.8268330733229329,0.7169144153594971
0.488929889298893,0.828125,0.7176612615585327
0.48800738007380073,0.8278560250391236,0.7182457447052002
0.4870848708487085,0.8275862068965517,0.7183962464332581
0.48616236162361626,0.8273155416012559,0.7184960246086121
0.48523985239852396,0.8270440251572327,0.7186557650566101
0.4843173431734317,0.8267716535433071,0.7196232080459595
0.4833948339483395,0.8264984227129337,0.7196729183197021
0.48247232472324725,0.8262243285939969,0.7196893692016602
0.48154981549815495,0.8259493670886076,0.7199246883392334
0.4806273062730627,0.8256735340729001,0.7203255891799927
0.4797047970479705,0.8253968253968254,0.7204247713088989
0.47878228782287824,0.8251192368839427,0.7206470966339111
0.477859778597786,0.8248407643312102,0.7220789790153503
0.4769372693726937,0.8245614035087719,0.722426176071167
0.47509225092250923,0.824,0.7225859761238098
0.474169741697417,0.8237179487179487,0.7226641178131104
0.4732472324723247,0.8234349919743178,0.7227518558502197
0.47232472324723246,0.8231511254019293,0.7229081392288208
0.4714022140221402,0.822866344605475,0.723427414894104
0.470479704797048,0.8225806451612904,0.723572850227356
0.46955719557195574,0.8222940226171244,0.7240420579910278
0.46955719557195574,0.8236245954692557,0.7242345213890076
0.46863468634686345,0.8233387358184765,0.7244918346405029
0.4677121771217712,0.823051948051948,0.7245500683784485
0.466789667896679,0.8227642276422764,0.7249389886856079
0.46586715867158673,0.8224755700325733,0.7254357933998108
0.46494464944649444,0.8221859706362153,0.7255899906158447
0.4640221402214022,0.8218954248366013,0.7258492708206177
0.46309963099630996,0.8216039279869067,0.726433515548706
0.4621771217712177,0.8213114754098361,0.726537823677063
0.4612546125461255,0.8210180623973727,0.7268422842025757
0.4603321033210332,0.8207236842105263,0.7271204590797424
0.4603321033210332,0.8220757825370676,0.7271630764007568
0.4603321033210332,0.8234323432343235,0.7272428274154663
0.4603321033210332,0.824793388429752,0.7276437282562256
0.4603321033210332,0.8261589403973509,0.7276507616043091
0.45940959409594095,0.8258706467661692,0.7279425859451294
0.4584870848708487,0.8255813953488372,0.7281938195228577
0.4575645756457565,0.8252911813643927,0.7283231616020203
0.4575645756457565,0.8266666666666667,0.7283482551574707
0.4566420664206642,0.8263772954924875,0.7286349534988403
0.45571955719557194,0.8260869565217391,0.730165958404541
0.45571955719557194,0.8274706867671692,0.7306927442550659
0.4547970479704797,0.8271812080536913,0.7306991815567017
0.45387453874538747,0.826890756302521,0.7312024831771851
0.45295202952029523,0.8265993265993266,0.7315390110015869
0.45202952029520294,0.8263069139966274,0.7315725684165955
0.45202952029520294,0.8277027027027027,0.7315795421600342
0.4511070110701107,0.8274111675126904,0.7316850423812866
0.45018450184501846,0.8271186440677966,0.7320588827133179
0.4492619926199262,0.8268251273344652,0.7322894334793091
0.4483394833948339,0.826530612244898,0.7325750589370728
0.4474169741697417,0.8262350936967632,0.7326226830482483
0.44649446494464945,0.825938566552901,0.7328394055366516
0.44649446494464945,0.8273504273504273,0.7328710556030273
0.4455719557195572,0.827054794520548,0.7336120009422302
0.4446494464944649,0.8267581475128645,0.7339922189712524
0.4446494464944649,0.8281786941580757,0.7340971231460571
0.4437269372693727,0.8278829604130808,0.7343076467514038
0.44280442804428044,0.8275862068965517,0.7343258857727051
0.4418819188191882,0.8272884283246977,0.7344474792480469
0.4418819188191882,0.828719723183391,0.7344850301742554
0.44095940959409596,0.82842287694974,0.734634280204773
0.44003690036900367,0.828125,0.7348669171333313
0.43911439114391143,0.8278260869565217,0.7348917722702026
0.4381918819188192,0.8275261324041812,0.7349162101745605
0.43726937269372695,0.8272251308900523,0.7350570559501648
0.43634686346863466,0.8269230769230769,0.7350854873657227
0.4354243542435424,0.8266199649737302,0.7351571321487427
0.4354243542435424,0.8280701754385965,0.7352237105369568
0.4345018450184502,0.827768014059754,0.735490083694458
0.43357933579335795,0.8274647887323944,0.7354929447174072
0.4326568265682657,0.8271604938271605,0.7356442809104919
0.4317343173431734,0.8268551236749117,0.735721230506897
0.4308118081180812,0.8265486725663717,0.735764741897583
0.4308118081180812,0.8280141843971631,0.7361128330230713
0.4308118081180812,0.8294849023090586,0.7362910509109497
0.42988929889298894,0.8291814946619217,0.7370550036430359
0.4289667896678967,0.8288770053475936,0.7372649908065796
0.4280442804428044,0.8285714285714286,0.7375966310501099
0.42712177121771217,0.8282647584973166,0.737794041633606
0.4261992619926199,0.8279569892473119,0.738206148147583
0.4252767527675277,0.8276481149012568,0.738267183303833
0.42435424354243545,0.8273381294964028,0.7398481965065002
0.42343173431734316,0.827027027027027,0.7398940324783325
0.42343173431734316,0.8285198555956679,0.7399533987045288
0.4225092250922509,0.8282097649186256,0.7402942776679993
0.4215867158671587,0.8278985507246377,0.7403416037559509
0.42066420664206644,0.8275862068965517,0.7404239177703857
0.41974169741697415,0.8272727272727273,0.7405202388763428
0.4188191881918819,0.8269581056466302,0.740744948387146
0.41789667896678967,0.8266423357664233,0.7409226894378662
0.41697416974169743,0.8263254113345521,0.7409336566925049
0.4160516605166052,0.826007326007326,0.74109947681427
0.4151291512915129,0.8256880733944955,0.7413753271102905
0.41420664206642066,0.8253676470588235,0.7416859269142151
0.4132841328413284,0.8250460405156538,0.7418399453163147
0.4123616236162362,0.8247232472324724,0.7421995401382446
0.4123616236162362,0.8262476894639557,0.7424271702766418
0.4123616236162362,0.8277777777777777,0.7426314353942871
0.4114391143911439,0.8274582560296846,0.742789089679718
0.41051660516605165,0.8271375464684015,0.7432045936584473
0.4095940959409594,0.8268156424581006,0.7432845830917358
0.4086715867158672,0.8264925373134329,0.7432934045791626
0.4077490774907749,0.8261682242990654,0.7433589696884155
0.40682656826568264,0.8258426966292135,0.7434177994728088
0.4059040590405904,0.8255159474671669,0.7436449527740479
0.4059040590405904,0.8270676691729323,0.7438551187515259
0.40498154981549817,0.8267419962335216,0.7438720464706421
0.4040590405904059,0.8264150943396227,0.7438921928405762
0.40313653136531363,0.8260869565217391,0.7439165115356445
0.4022140221402214,0.8257575757575758,0.7440499067306519
0.40129151291512916,0.825426944971537,0.7441326379776001
0.4003690036900369,0.8250950570342205,0.7441738843917847
0.4003690036900369,0.8266666666666667,0.7441781163215637
0.3994464944649446,0.8263358778625954,0.7442389130592346
0.3994464944649446,0.8279158699808795,0.7442673444747925
0.3985239852398524,0.8275862068965517,0.7446249723434448
0.39760147601476015,0.8272552783109405,0.7446645498275757
0.3966789667896679,0.8269230769230769,0.7452998161315918
0.39575645756457567,0.8265895953757225,0.745603084564209
0.3948339483394834,0.8262548262548263,0.7458019256591797
0.3948339483394834,0.8278529980657641,0.7461031675338745
0.3948339483394834,0.8294573643410853,0.7466418147087097
0.39391143911439114,0.829126213592233,0.746673047542572
0.3929889298892989,0.8287937743190662,0.746841311454773
0.39206642066420666,0.8284600389863548,0.7476515769958496
0.39114391143911437,0.828125,0.7477703094482422
0.39114391143911437,0.8297455968688845,0.7478759288787842
0.39114391143911437,0.8313725490196079,0.7478820085525513
0.39114391143911437,0.8330058939096268,0.7478872537612915
0.39022140221402213,0.8326771653543307,0.7479808330535889
0.3892988929889299,0.8323471400394478,0.7480989694595337
0.3892988929889299,0.83399209486166,0.7482331991195679
0.3892988929889299,0.8356435643564356,0.7482819557189941
0.38837638376383765,0.8353174603174603,0.7484046816825867
0.3874538745387454,0.8349900596421471,0.748672366142273
0.3865313653136531,0.8346613545816733,0.7488925457000732
0.3856088560885609,0.8343313373253493,0.7491673231124878
0.38468634686346864,0.834,0.7492265701293945
0.3837638376383764,0.8336673346693386,0.7492996454238892
0.3828413284132841,0.8333333333333334,0.7493538856506348
0.38191881918819187,0.8329979879275654,0.7495855093002319
0.38191881918819187,0.8346774193548387,0.7497135400772095
0.38099630996309963,0.8343434343434344,0.7499240636825562
0.38099630996309963,0.8360323886639676,0.7501112818717957
0.3800738007380074,0.8356997971602435,0.7501446008682251
0.37915129151291516,0.8353658536585366,0.7501967549324036
0.37822878228782286,0.835030549898167,0.750368595123291
0.3773062730627306,0.8346938775510204,0.7503686547279358
0.3773062730627306,0.83640081799591,0.7506732940673828
0.3763837638376384,0.8360655737704918,0.7508247494697571
0.37546125461254615,0.8357289527720739,0.7508342266082764
0.37453874538745385,0.8353909465020576,0.7508683800697327
0.37453874538745385,0.8371134020618557,0.7508853673934937
0.37453874538745385,0.8388429752066116,0.7509370446205139
0.3736162361623616,0.8385093167701864,0.7509698867797852
0.3726937269372694,0.8381742738589212,0.7513014078140259
0.3726937269372694,0.83991683991684,0.7513662576675415
0.37177121771217714,0.8395833333333333,0.7514070868492126
0.37084870848708484,0.8392484342379958,0.7518483400344849
0.37084870848708484,0.8410041841004184,0.7519353032112122
0.3699261992619926,0.8406708595387841,0.7519375085830688
0.36900369003690037,0.8403361344537815,0.7522276639938354
0.36808118081180813,0.84,0.7524033784866333
0.3671586715867159,0.8396624472573839,0.7528555989265442
0.3662361623616236,0.8393234672304439,0.7528760433197021
0.36531365313653136,0.8389830508474576,0.7530957460403442
0.3643911439114391,0.8386411889596603,0.7534582614898682
0.3634686346863469,0.8382978723404255,0.7535562515258789
0.3625461254612546,0.837953091684435,0.753558874130249
0.36162361623616235,0.8376068376068376,0.7535724639892578
0.36162361623616235,0.8394004282655246,0.7536971569061279
0.3607011070110701,0.8390557939914163,0.7538715600967407
0.35977859778597787,0.8387096774193549,0.7539712190628052
0.35977859778597787,0.8405172413793104,0.7540450692176819
0.35885608856088563,0.8401727861771058,0.7540976405143738
0.35793357933579334,0.8398268398268398,0.7542005181312561
0.35793357933579334,0.841648590021692,0.7542530298233032
0.35793357933579334,0.8434782608695652,0.7544409036636353
0.3570110701107011,0.8431372549019608,0.7544869184494019
0.35608856088560886,0.8427947598253275,0.7547666430473328
0.3551660516605166,0.8424507658643327,0.7548592686653137
0.35424354243542433,0.8421052631578947,0.7552129030227661
0.3533210332103321,0.8417582417582418,0.7553598284721375
0.35239852398523985,0.8414096916299559,0.7553627490997314
0.3514760147601476,0.8410596026490066,0.7553674578666687
0.3514760147601476,0.8429203539823009,0.7559681534767151
0.3505535055350554,0.8425720620842572,0.7561529278755188
0.3505535055350554,0.8444444444444444,0.7562253475189209
0.3496309963099631,0.844097995545657,0.756232738494873
0.34870848708487084,0.84375,0.7563298344612122
0.3477859778597786,0.843400447427293,0.7565438747406006
0.3477859778597786,0.8452914798206278,0.7568705081939697
0.34686346863468637,0.8449438202247191,0.7570502161979675
0.34686346863468637,0.8468468468468469,0.7571651935577393
0.3459409594095941,0.8465011286681715,0.7573447823524475
0.3459409594095941,0.8484162895927602,0.7573776841163635
0.3459409594095941,0.8503401360544217,0.7574365735054016
0.34501845018450183,0.85,0.7576110363006592
0.3440959409594096,0.8496583143507973,0.7577255964279175
0.34317343173431736,0.8493150684931506,0.7579470276832581
0.3422509225092251,0.8489702517162472,0.7581925392150879
0.3413284132841328,0.8486238532110092,0.7584344148635864
0.3413284132841328,0.8505747126436781,0.7584960460662842
0.3404059040590406,0.8502304147465438,0.7585236430168152
0.33948339483394835,0.8498845265588915,0.7585756778717041
0.3385608856088561,0.8495370370370371,0.7586109042167664
0.3376383763837638,0.8491879350348028,0.7591848373413086
0.33579335793357934,0.8484848484848485,0.7595943212509155
0.3348708487084871,0.8481308411214953,0.7595945000648499
0.3339483394833948,0.8477751756440282,0.7599855661392212
0.3339483394833948,0.8497652582159625,0.7601326704025269
0.33302583025830257,0.8494117647058823,0.7601791620254517
0.33302583025830257,0.8514150943396226,0.7602158784866333
0.33210332103321033,0.851063829787234,0.7602434754371643
0.3311808118081181,0.8507109004739336,0.7603759169578552
0.3311808118081181,0.8527315914489311,0.7603760957717896
0.33025830258302585,0.8523809523809524,0.7607851028442383
0.33025830258302585,0.8544152744630071,0.7608618140220642
0.33025830258302585,0.8564593301435407,0.760959267616272
0.32933579335793356,0.8561151079136691,0.760960578918457
0.3284132841328413,0.8557692307692307,0.760964035987854
0.3274907749077491,0.8554216867469879,0.7611575722694397
0.32656826568265684,0.855072463768116,0.7612505555152893
0.32656826568265684,0.8571428571428571,0.761383056640625
0.32564575645756455,0.8567961165048543,0.7615939974784851
0.3247232472324723,0.8564476885644768,0.761726975440979
0.3247232472324723,0.8585365853658536,0.7618343830108643
0.3238007380073801,0.8581907090464548,0.7618739604949951
0.32287822878228783,0.8578431372549019,0.7619072198867798
0.3219557195571956,0.8574938574938575,0.7620713114738464
0.3210332103321033,0.8571428571428571,0.7620786428451538
0.32011070110701106,0.8567901234567902,0.7622158527374268
0.3191881918819188,0.8564356435643564,0.7622979283332825
0.3191881918819188,0.858560794044665,0.7623056173324585
0.3182656826568266,0.8582089552238806,0.7623885273933411
0.3173431734317343,0.85785536159601,0.762578010559082
0.31642066420664205,0.8575,0.7628204226493835
0.31642066420664205,0.8596491228070176,0.7630935907363892
0.3154981549815498,0.8592964824120602,0.7631619572639465
0.3154981549815498,0.8614609571788413,0.7631644010543823
0.3145756457564576,0.8611111111111112,0.7631893157958984
0.31365313653136534,0.8607594936708861,0.7633868455886841
0.31365313653136534,0.8629441624365483,0.7636860609054565
0.31273062730627305,0.8625954198473282,0.7637250423431396
0.31273062730627305,0.8647959183673469,0.7638235092163086
0.3118081180811808,0.8644501278772379,0.7638825178146362
0.31088560885608857,0.8641025641025641,0.7639660835266113
0.30996309963099633,0.8637532133676092,0.7641512155532837
0.30904059040590404,0.8634020618556701,0.7641680240631104
0.3081180811808118,0.8630490956072352,0.76419997215271
0.30719557195571956,0.8626943005181347,0.7642965912818909
0.3062730627306273,0.8623376623376623,0.7647238969802856
0.3053505535055351,0.8619791666666666,0.7647343873977661
0.3044280442804428,0.8616187989556136,0.7647995352745056
0.30350553505535055,0.8612565445026178,0.7648268938064575
0.3025830258302583,0.8608923884514436,0.764924943447113
0.3016605166051661,0.8605263157894737,0.7650266885757446
0.3007380073800738,0.8601583113456465,0.7651132941246033
0.29981549815498154,0.8597883597883598,0.7652198076248169
0.2988929889298893,0.8594164456233422,0.7654623985290527
0.29797047970479706,0.8590425531914894,0.7655736804008484
0.29704797047970477,0.8586666666666667,0.7657107710838318
0.29704797047970477,0.8609625668449198,0.7657968401908875
0.29612546125461253,0.8605898123324397,0.7660459280014038
0.2952029520295203,0.8602150537634409,0.766207754611969
0.29428044280442806,0.8598382749326146,0.7662164568901062
0.2933579335793358,0.8594594594594595,0.7662774324417114
0.2924354243542435,0.8590785907859079,0.7662807703018188
0.2915129151291513,0.8586956521739131,0.7663922309875488
0.29059040590405905,0.8583106267029973,0.7665014266967773
0.2896678966789668,0.8579234972677595,0.7665282487869263
0.2887453874538745,0.8575342465753425,0.7666484117507935
0.2878228782287823,0.8571428571428571,0.7667037844657898
0.28690036900369004,0.8567493112947658,0.7667250037193298
0.2859778597785978,0.856353591160221,0.7668033838272095
0.28505535055350556,0.8559556786703602,0.7669699192047119
0.28413284132841327,0.8555555555555555,0.7671650648117065
0.28413284132841327,0.8579387186629527,0.7673965096473694
0.283210332103321,0.8575418994413407,0.7674016952514648
0.2822878228782288,0.8571428571428571,0.7676663398742676
0.2822878228782288,0.8595505617977528,0.7676764726638794
0.28136531365313655,0.8591549295774648,0.7677158117294312
0.28044280442804426,0.8587570621468926,0.767738938331604
0.279520295202952,0.8583569405099151,0.7678168416023254
0.2785977859778598,0.8579545454545454,0.7679446935653687
0.27767527675276754,0.8575498575498576,0.7679474949836731
0.2767527675276753,0.8571428571428571,0.7680255770683289
0.275830258302583,0.8567335243553008,0.7680400609970093
0.275830258302583,0.8591954022988506,0.7681261301040649
0.27490774907749077,0.8587896253602305,0.7681269645690918
0.27398523985239853,0.8583815028901735,0.7682676315307617
0.2730627306273063,0.8579710144927536,0.7683182954788208
0.272140221402214,0.8575581395348837,0.7683685421943665
0.27121771217712176,0.8571428571428571,0.7685844302177429
0.27121771217712176,0.8596491228070176,0.7686822414398193
0.2702952029520295,0.8592375366568915,0.7689247131347656
0.2693726937269373,0.8588235294117647,0.7690051794052124
0.26845018450184505,0.8584070796460177,0.7692754864692688
0.26752767527675275,0.8579881656804734,0.7694274187088013
0.2666051660516605,0.857566765578635,0.7694389820098877
0.2656826568265683,0.8571428571428571,0.7694517374038696
0.26476014760147604,0.8567164179104477,0.7695931792259216
0.26476014760147604,0.8592814371257484,0.7696290016174316
0.26383763837638374,0.8588588588588588,0.7696496248245239
0.26383763837638374,0.8614457831325302,0.7697149515151978
0.2629151291512915,0.8610271903323263,0.7697696089744568
0.26199261992619927,0.8606060606060606,0.769825279712677
0.261070110701107,0.8601823708206687,0.7698754072189331
0.26014760147601473,0.8597560975609756,0.7699629068374634
0.2592250922509225,0.8593272171253823,0.7699720859527588
0.2592250922509225,0.8619631901840491,0.7700743675231934
0.25830258302583026,0.8615384615384616,0.7701128125190735
0.257380073800738,0.8611111111111112,0.7701677680015564
0.2564575645756458,0.8606811145510835,0.7702013254165649
0.2555350553505535,0.860248447204969,0.7702876329421997
0.25461254612546125,0.8598130841121495,0.770293116569519
0.253690036900369,0.859375,0.7703239917755127
0.253690036900369,0.8620689655172413,0.7703418731689453
0.25276752767527677,0.8616352201257862,0.7703870534896851
0.2518450184501845,0.861198738170347,0.7704037427902222
0.25092250922509224,0.8607594936708861,0.7705850601196289
0.25,0.8603174603174604,0.770597517490387
0.24907749077490776,0.8598726114649682,0.770622968673706
0.24907749077490776,0.8626198083067093,0.7706317901611328
0.2481549815498155,0.8621794871794872,0.7707018852233887
0.24723247232472326,0.8617363344051447,0.7713606357574463
0.246309963099631,0.8612903225806452,0.7713800668716431
0.24538745387453875,0.86084142394822,0.7714821100234985
0.2444649446494465,0.8603896103896104,0.7715452909469604
0.24354243542435425,0.8599348534201955,0.7719292044639587
0.24261992619926198,0.8594771241830066,0.7719508409500122
0.24261992619926198,0.8622950819672132,0.7719810009002686
0.24169741697416974,0.8618421052631579,0.7720935344696045
0.24077490774907748,0.8613861386138614,0.7722206115722656
0.24077490774907748,0.8642384105960265,0.7723972797393799
0.23985239852398524,0.8637873754152824,0.772453784942627
0.238929889298893,0.8633333333333333,0.7725076079368591
0.23800738007380073,0.862876254180602,0.7725691795349121
0.2370848708487085,0.8624161073825504,0.7726427316665649
0.23616236162361623,0.8619528619528619,0.7726560831069946
0.235239852398524,0.8614864864864865,0.7729491591453552
0.23431734317343172,0.8610169491525423,0.7730122208595276
0.2333948339483395,0.8605442176870748,0.7731359004974365
0.23247232472324722,0.8600682593856656,0.7731715440750122
0.23154981549815498,0.8595890410958904,0.7732914090156555
0.23062730627306274,0.8591065292096219,0.7732970118522644
0.22970479704797048,0.8586206896551725,0.7732999324798584
0.22878228782287824,0.8581314878892734,0.7734506130218506
0.22785977859778597,0.8576388888888888,0.7738702893257141
0.22785977859778597,0.8606271777003485,0.7741673588752747
0.22693726937269373,0.8601398601398601,0.7742164134979248
0.22601476014760147,0.8596491228070176,0.774220883846283
0.22509225092250923,0.8591549295774648,0.774498701095581
0.22416974169741696,0.8586572438162544,0.7746098041534424
0.22324723247232472,0.8581560283687943,0.774698793888092
0.22232472324723246,0.8576512455516014,0.7750092148780823
0.22140221402214022,0.8571428571428571,0.7751131653785706
0.22047970479704798,0.8566308243727598,0.775149941444397
0.21955719557195572,0.8561151079136691,0.7751744985580444
0.21863468634686348,0.855595667870036,0.7755656838417053
0.2177121771217712,0.855072463768116,0.775628924369812
0.2177121771217712,0.8581818181818182,0.7758219838142395
0.21678966789667897,0.8576642335766423,0.776059627532959
0.21678966789667897,0.8608058608058609,0.7761176824569702
0.2158671586715867,0.8602941176470589,0.7763735055923462
0.21494464944649447,0.8597785977859779,0.776461660861969
0.2140221402214022,0.8592592592592593,0.7765202522277832
0.21309963099630996,0.8587360594795539,0.7767213582992554
0.21217712177121772,0.8582089552238806,0.7768088579177856
0.21125461254612546,0.8576779026217228,0.776955246925354
0.21033210332103322,0.8571428571428571,0.777121901512146
0.20848708487084872,0.8560606060606061,0.7773532867431641
0.20756457564575645,0.8555133079847909,0.7773560881614685
0.2066420664206642,0.8549618320610687,0.7776071429252625
0.20571955719557194,0.8544061302681992,0.7776738405227661
0.20571955719557194,0.8576923076923076,0.7777383327484131
0.2047970479704797,0.8571428571428571,0.7777724862098694
0.20387453874538744,0.8565891472868217,0.7778041958808899
0.20387453874538744,0.8599221789883269,0.7779414057731628
0.2029520295202952,0.859375,0.778124988079071
0.20202952029520296,0.8588235294117647,0.7781274318695068
0.2011070110701107,0.8582677165354331,0.7781705856323242
0.20018450184501846,0.857707509881423,0.7781739234924316
0.1992619926199262,0.8571428571428571,0.7783418297767639
0.19833948339483395,0.8565737051792829,0.7784549593925476
0.1974169741697417,0.856,0.7785815000534058
0.19649446494464945,0.8554216867469879,0.7791032791137695
0.19557195571955718,0.8548387096774194,0.7791091203689575
0.19464944649446494,0.854251012145749,0.7791141271591187
0.1937269372693727,0.8536585365853658,0.7791773080825806
0.19280442804428044,0.8530612244897959,0.7793920040130615
0.1918819188191882,0.8524590163934426,0.7794411778450012
0.19095940959409594,0.8518518518518519,0.779606819152832
0.1900369003690037,0.8512396694214877,0.7797830700874329
0.18911439114391143,0.8506224066390041,0.7797961831092834
0.1881918819188192,0.85,0.7799387574195862
0.18726937269372693,0.8493723849372385,0.7800050377845764
0.1863468634686347,0.8487394957983193,0.7800241708755493
0.18542435424354242,0.8481012658227848,0.7802836894989014
0.18542435424354242,0.8516949152542372,0.7803556323051453
0.18450184501845018,0.851063829787234,0.7803613543510437
0.18357933579335795,0.8504273504273504,0.7805190682411194
0.18357933579335795,0.8540772532188842,0.7805530428886414
0.18265682656826568,0.853448275862069,0.7805720567703247
0.18173431734317344,0.8528138528138528,0.7806628346443176
0.18081180811808117,0.8521739130434782,0.7806928753852844
0.17988929889298894,0.851528384279476,0.7807036638259888
0.17896678966789667,0.8508771929824561,0.7808431386947632
0.17804428044280443,0.8502202643171806,0.7808753252029419
0.17804428044280443,0.8539823008849557,0.7811857461929321
0.17712177121771217,0.8533333333333334,0.7813845872879028
0.17712177121771217,0.8571428571428571,0.781406581401825
0.17619926199261993,0.8565022421524664,0.7814646363258362
0.1752767527675277,0.8558558558558559,0.7816644906997681
0.17435424354243542,0.8552036199095022,0.7817770838737488
0.17343173431734318,0.8545454545454545,0.7817903757095337
0.17250922509225092,0.8538812785388128,0.7818371653556824
0.17158671586715868,0.8532110091743119,0.7818970680236816
0.1706642066420664,0.8525345622119815,0.7819347977638245
0.16974169741697417,0.8518518518518519,0.7820084095001221
0.1688191881918819,0.8511627906976744,0.7820769548416138
0.16789667896678967,0.8504672897196262,0.7822610139846802
0.16789667896678967,0.8544600938967136,0.7822988033294678
0.1669741697416974,0.8537735849056604,0.7824118733406067
0.16605166051660517,0.8530805687203792,0.7825356721878052
0.16512915129151293,0.8523809523809524,0.7825408577919006
0.16420664206642066,0.8516746411483254,0.7827869653701782
0.16420664206642066,0.8557692307692307,0.7829145789146423
0.16328413284132842,0.855072463768116,0.7829158306121826
0.16236162361623616,0.8543689320388349,0.7831840515136719
0.16236162361623616,0.8585365853658536,0.7838451266288757
0.16143911439114392,0.8578431372549019,0.7841196060180664
0.16051660516605165,0.8571428571428571,0.7841541171073914
0.1595940959409594,0.8564356435643564,0.7842411994934082
0.15867158671586715,0.8557213930348259,0.7842838764190674
0.1577490774907749,0.855,0.7843161225318909
0.15682656826568267,0.8542713567839196,0.7843227386474609
0.1559040590405904,0.8535353535353535,0.7843576073646545
0.15498154981549817,0.8527918781725888,0.7843877077102661
0.1540590405904059,0.8520408163265306,0.7844163179397583
0.15313653136531366,0.8512820512820513,0.7845081090927124
0.1522140221402214,0.8505154639175257,0.7847326993942261
0.15129151291512916,0.8497409326424871,0.7847328186035156
0.1503690036900369,0.8489583333333334,0.7847951650619507
0.14944649446494465,0.8481675392670157,0.7850790619850159
0.14852398523985239,0.8473684210526315,0.7851177453994751
0.14760147601476015,0.8465608465608465,0.7851468324661255
0.1466789667896679,0.8457446808510638,0.785214364528656
0.14575645756457564,0.8449197860962567,0.7852896451950073
0.1448339483394834,0.8440860215053764,0.7853426933288574
0.14391143911439114,0.8432432432432433,0.785476803779602
0.1429889298892989,0.842391304347826,0.7857347726821899
0.14206642066420663,0.8415300546448088,0.7857447266578674
0.1411439114391144,0.8406593406593407,0.785768985748291
0.1411439114391144,0.8453038674033149,0.7858958840370178
0.14022140221402213,0.8444444444444444,0.785896897315979
0.1392988929889299,0.8435754189944135,0.7858986854553223
0.13837638376383765,0.8426966292134831,0.7859728336334229
0.13745387453874539,0.8418079096045198,0.7862324714660645
0.13653136531365315,0.8409090909090909,0.7863062024116516
0.13560885608856088,0.84,0.7864415049552917
0.13468634686346864,0.8390804597701149,0.7865983843803406
0.13376383763837638,0.838150289017341,0.7866114377975464
0.13284132841328414,0.8372093023255814,0.7871220707893372
0.13191881918819187,0.8362573099415205,0.7873743176460266
0.13191881918819187,0.8411764705882353,0.7874091267585754
0.13191881918819187,0.8461538461538461,0.787419855594635
0.13099630996309963,0.8452380952380952,0.7875584363937378
0.13007380073800737,0.844311377245509,0.7875939607620239
0.13007380073800737,0.8493975903614458,0.7876183986663818
0.13007380073800737,0.8545454545454545,0.7876715064048767
0.13007380073800737,0.8597560975609756,0.787681519985199
0.12915129151291513,0.8588957055214724,0.7878508567810059
0.1282287822878229,0.8580246913580247,0.7879800796508789
0.1282287822878229,0.8633540372670807,0.787988543510437
0.12730627306273062,0.8625,0.7881751656532288
0.12638376383763839,0.8616352201257862,0.7883553504943848
0.12546125461254612,0.8607594936708861,0.7886494398117065
0.12453874538745388,0.8598726114649682,0.789129376411438
0.12453874538745388,0.8653846153846154,0.7892882823944092
0.12361623616236163,0.864516129032258,0.7893327474594116
0.12361623616236163,0.8701298701298701,0.7893556356430054
0.12269372693726938,0.869281045751634,0.789402961730957
0.12084870848708487,0.8675496688741722,0.7894963026046753
0.11992619926199262,0.8666666666666667,0.7896687984466553
0.11992619926199262,0.87248322147651,0.7896946668624878
0.11900369003690037,0.8716216216216216,0.7898069620132446
0.11808118081180811,0.8707482993197279,0.789941132068634
0.11715867158671586,0.8698630136986302,0.7900609374046326
0.11623616236162361,0.8689655172413793,0.790398120880127
0.11531365313653137,0.8680555555555556,0.7904461026191711
0.11439114391143912,0.8671328671328671,0.7905724048614502
0.11346863468634687,0.8661971830985915,0.7909544706344604
0.11254612546125461,0.8652482269503546,0.7910175919532776
0.11162361623616236,0.8642857142857143,0.7911357879638672
0.11070110701107011,0.8633093525179856,0.7914004325866699
0.10977859778597786,0.8623188405797102,0.7914632558822632
0.1088560885608856,0.8613138686131386,0.7917711138725281
0.10793357933579335,0.8602941176470589,0.7919671535491943
0.1070110701107011,0.8592592592592593,0.7921469211578369
0.10608856088560886,0.8582089552238806,0.7923574447631836
0.10516605166051661,0.8571428571428571,0.7923792004585266
0.10424354243542436,0.8560606060606061,0.7926403880119324
0.1033210332103321,0.8549618320610687,0.7929485440254211
0.10239852398523985,0.8538461538461538,0.7931369543075562
0.1014760147601476,0.8527131782945736,0.7931615710258484
0.10055350553505535,0.8515625,0.7931674122810364
0.0996309963099631,0.8503937007874016,0.7932114601135254
0.09870848708487084,0.8492063492063492,0.7935007810592651
0.09778597785977859,0.848,0.793659508228302
0.09686346863468635,0.8467741935483871,0.7936692237854004
0.0959409594095941,0.8455284552845529,0.7936941385269165
0.09501845018450185,0.8442622950819673,0.7937248945236206
0.0940959409594096,0.8429752066115702,0.7940295934677124
0.09317343173431734,0.8416666666666667,0.7944672107696533
0.09225092250922509,0.8403361344537815,0.7945943474769592
0.09225092250922509,0.847457627118644,0.7946017384529114
0.09132841328413284,0.8461538461538461,0.7948312163352966
0.09040590405904059,0.8448275862068966,0.7950566411018372
0.09040590405904059,0.8521739130434782,0.7950946092605591
0.08948339483394833,0.8508771929824561,0.7951494455337524
0.08856088560885608,0.8495575221238938,0.7951787114143372
0.08856088560885608,0.8571428571428571,0.7954297661781311
0.08763837638376384,0.8558558558558559,0.7956308722496033
0.08671586715867159,0.8545454545454545,0.7956477403640747
0.08579335793357934,0.8532110091743119,0.7956632375717163
0.08579335793357934,0.8611111111111112,0.7956973314285278
0.08487084870848709,0.8598130841121495,0.7958406209945679
0.08394833948339483,0.8584905660377359,0.7958558797836304
0.08302583025830258,0.8571428571428571,0.7959616184234619
0.08210332103321033,0.8557692307692307,0.796116292476654
0.08118081180811808,0.8543689320388349,0.7962610721588135
0.08025830258302583,0.8529411764705882,0.7964386343955994
0.08025830258302583,0.8613861386138614,0.7966414093971252
0.07933579335793357,0.86,0.7968080043792725
0.07933579335793357,0.8686868686868687,0.7968789339065552
0.07841328413284133,0.8673469387755102,0.7969518899917603
0.07749077490774908,0.865979381443299,0.7970257997512817
0.07656826568265683,0.8645833333333334,0.7972997426986694
0.07564575645756458,0.8631578947368421,0.7973397374153137
0.07472324723247233,0.8617021276595744,0.7973973155021667
0.07380073800738007,0.8602150537634409,0.7974252700805664
0.07287822878228782,0.8586956521739131,0.7975562810897827
0.07195571955719557,0.8571428571428571,0.7976505756378174
0.07103321033210332,0.8555555555555555,0.7976886034011841
0.07011070110701106,0.8539325842696629,0.7977710366249084
0.06918819188191883,0.8522727272727273,0.7981716394424438
0.06826568265682657,0.8505747126436781,0.7982632517814636
0.06734317343173432,0.8488372093023255,0.7982903122901917
0.06642066420664207,0.8470588235294118,0.7985198497772217
0.06549815498154982,0.8452380952380952,0.7990337014198303
0.06457564575645756,0.8433734939759037,0.7991890907287598
0.06457564575645756,0.8536585365853658,0.7994202375411987
0.06365313653136531,0.8518518518518519,0.7995458841323853
0.06273062730627306,0.85,0.7996885776519775
0.06273062730627306,0.8607594936708861,0.79974764585495
0.061808118081180814,0.8589743589743589,0.8001874685287476
0.06088560885608856,0.8571428571428571,0.8003737926483154
0.05996309963099631,0.8552631578947368,0.80098956823349
0.05996309963099631,0.8666666666666667,0.8010187745094299
0.05904059040590406,0.8648648648648649,0.8011592626571655
0.058118081180811805,0.863013698630137,0.8012508153915405
0.05719557195571956,0.8611111111111112,0.8012916445732117
0.05627306273062731,0.8591549295774648,0.8013447523117065
0.055350553505535055,0.8571428571428571,0.801852822303772
0.0544280442804428,0.855072463768116,0.8019052147865295
0.05350553505535055,0.8529411764705882,0.8019958138465881
0.052583025830258305,0.8507462686567164,0.8022173643112183
0.05166051660516605,0.8484848484848485,0.8022890686988831
0.0507380073800738,0.8461538461538461,0.8023720979690552
0.04981549815498155,0.84375,0.802490234375
0.048892988929889296,0.8412698412698413,0.8030655384063721
0.04797047970479705,0.8387096774193549,0.8034828901290894
0.0470479704797048,0.8360655737704918,0.8035489320755005
0.046125461254612546,0.8333333333333334,0.8036422729492188
0.045202952029520294,0.8305084745762712,0.8037543296813965
0.04428044280442804,0.8275862068965517,0.8048137426376343
0.04428044280442804,0.8421052631578947,0.8048692345619202
0.043357933579335796,0.8392857142857143,0.8049027919769287
0.043357933579335796,0.8545454545454545,0.8049283027648926
0.042435424354243544,0.8518518518518519,0.8049750924110413
0.04151291512915129,0.8490566037735849,0.8050279021263123
0.04059040590405904,0.8461538461538461,0.8052108287811279
0.03966789667896679,0.8431372549019608,0.8055537939071655
0.03874538745387454,0.84,0.8056989908218384
0.03874538745387454,0.8571428571428571,0.8060004711151123
0.03782287822878229,0.8541666666666666,0.8060786128044128
0.03690036900369004,0.851063829787234,0.8061144351959229
0.035977859778597784,0.8478260869565217,0.8062002658843994
0.03505535055350553,0.8444444444444444,0.8062034249305725
0.03413284132841329,0.8409090909090909,0.8063898086547852
0.033210332103321034,0.8372093023255814,0.8064941763877869
0.03228782287822878,0.8333333333333334,0.8068392276763916
0.03136531365313653,0.8292682926829268,0.8069620728492737
0.03044280442804428,0.825,0.8071905374526978
0.02952029520295203,0.8205128205128205,0.8073272109031677
0.02859778597785978,0.8157894736842105,0.8074660897254944
0.02859778597785978,0.8378378378378378,0.8075075149536133
0.027675276752767528,0.8333333333333334,0.8075085878372192
0.027675276752767528,0.8571428571428571,0.8086684346199036
0.026752767527675275,0.8529411764705882,0.8088480830192566
0.025830258302583026,0.8484848484848485,0.8089290857315063
0.024907749077490774,0.84375,0.8093010187149048
0.023985239852398525,0.8387096774193549,0.8093507289886475
0.023062730627306273,0.8333333333333334,0.8094431757926941
0.02214022140221402,0.8275862068965517,0.809894859790802
0.021217712177121772,0.8214285714285714,0.8100256323814392
0.02029520295202952,0.8148148148148148,0.8101412653923035
0.01937269372693727,0.8076923076923077,0.8103359341621399
0.01937269372693727,0.84,0.8103920817375183
0.01845018450184502,0.8333333333333334,0.8104074001312256
0.017527675276752766,0.8260869565217391,0.8111310005187988
0.016605166051660517,0.8181818181818182,0.8114025592803955
0.015682656826568265,0.8095238095238095,0.8120337724685669
0.015682656826568265,0.85,0.8136935234069824
0.014760147601476014,0.8421052631578947,0.8140194416046143
0.014760147601476014,0.8888888888888888,0.8158674836158752
0.013837638376383764,0.8823529411764706,0.8158953785896301
0.012915129151291513,0.875,0.8159277439117432
0.011992619926199263,0.8666666666666667,0.8175379037857056
0.01107011070110701,0.8571428571428571,0.8182380199432373
0.01014760147601476,0.8461538461538461,0.8187812566757202
0.00922509225092251,0.8333333333333334,0.818829357624054
0.008302583025830259,0.8181818181818182,0.8196085095405579
0.007380073800738007,0.8,0.8199895024299622
0.006457564575645757,0.7777777777777778,0.8200647234916687
0.005535055350553505,0.75,0.8200780749320984
0.004612546125461255,0.7142857142857143,0.8211079239845276
0.0036900369003690036,0.6666666666666666,0.821845293045044
0.0027675276752767526,0.6,0.8227773904800415
0.0018450184501845018,0.5,0.8232219219207764
0.0009225092250922509,0.3333333333333333,0.823532223701477
0.0,0.0,0.82353276014328
0.0,0.0,0.8256506323814392
0.0,1.0,
