Model,Accuracy,Precision,Recall,F1-Score,ROC-AUC,PR-AUC
Neural Network,0.7262019021027833,0.5356200527704486,0.1891891891891892,0.2796143250688705,0.7408174958213031,0.47224629552357006
Scaled Neural Network,0.748538521943984,0.5977945443993036,0.3199751475613545,0.4168352893565358,0.7616317524127815,0.5282090792266145
Random Forest,0.7362359305470727,0.5373760488176964,0.4377135756446101,0.4824516349940079,0.7511735706285907,0.5128017328623232
LightGBM,0.7594450746008202,0.608044901777362,0.40385212799005904,0.4853462759006907,0.8044221140870765,0.5765607184206452
