tree
version=v4
num_class=1
num_tree_per_iteration=1
label_index=0
max_feature_idx=3
objective=binary sigmoid:1
feature_names=Cholesterol_Level Diastolic_Blood_Pressure Glucose_Level Systolic_Blood_Pressure
feature_infos=[1:3] [60:120] [1:3] [80:200]
tree_sizes=3287 3366 3377 3389 3370 3356 3375 3363 3375 3375 3380 3384 3389 3369 3382 3381 3379 3381 3368 3357 3367 3387 3376 3348 3352 3362 3390 3371 3374 3395 3364 3361 3372 3384 3377 3367 3408 3422 3394 3387 3376 3375 3386 3355 3379 3378 3357 3388 3367 3355 3350 3398 3392 3373 3365 3382 3396 3378 3391 3375 3358 3375 3379 3371 3359 3368 3379 3369 3384 3363 3397 3365 3402 3385 3369 3390 3385 3400 3381 3365 3364 3393 3391 3362 3379 3394 3364 3388 3385 3380 3390 3383 3379 3379 3384 3365 3350 3377 3363 3385

Tree=0
num_leaves=31
num_cat=0
split_feature=3 2 0 1 3 3 3 3 0 0 3 1 0 1 1 3 0 3 3 2 3 0 1 1 3 3 1 1 1 2
split_gain=3254.25 2148.4 824.678 525.711 450.474 272.762 217.125 147.697 95.6459 69.0235 60.132 43.8773 43.494 43.3384 213.6 50.4879 41.0749 39.4404 72.369 38.5407 34.0958 33.7718 33.386 53.0695 36.4123 56.0897 31.1452 89.5702 29.5707 47.3923
threshold=120.50000000000001 1.5000000000000002 2.5000000000000004 80.500000000000014 119.50000000000001 130.50000000000003 129.50000000000003 119.50000000000001 2.5000000000000004 2.5000000000000004 150.50000000000003 74.500000000000014 1.5000000000000002 70.500000000000014 69.500000000000014 93.500000000000014 1.5000000000000002 110.50000000000001 119.50000000000001 1.5000000000000002 99.500000000000014 2.5000000000000004 77.500000000000014 80.500000000000014 98.500000000000014 110.50000000000001 89.500000000000014 93.500000000000014 68.500000000000014 1.5000000000000002
decision_type=2 2 2 2 2 2 2 2 2 2 2 2 2 2 2 2 2 2 2 2 2 2 2 2 2 2 2 2 2 2
left_child=1 2 3 16 13 6 12 26 -8 -6 -7 28 -2 14 15 -3 17 -1 -19 -13 -16 -22 -15 24 -24 -26 -5 -28 -12 -30
right_child=5 4 -4 7 9 10 8 -9 -10 -11 11 19 -14 22 20 -17 -18 18 -20 -21 21 -23 23 -25 25 -27 27 -29 29 -31
leaf_value=0.36876059136502692 0.57695877346390811 0.50394067298125977 0.6145942453333656 0.64430948325564519 0.42075100980944624 0.61835843479235897 0.4974759265112807 0.43095382515416431 0.59050149574775279 0.52617742003111523 0.56747656335127195 0.6184265418544177 0.64016821729113405 0.66518993214578304 0.6318265255646125 0.64785389994506315 0.43038713469591378 0.51524776026463215 0.39252305809323285 0.56532431326222776 0.37915319255060331 0.53626569485383524 0.67370497617503511 0.62085511742616084 0.43216310874294578 0.64232568069470863 0.44999376110004519 0.6498670507807911 0.36204971527831498 0.57376776068278745
leaf_weight=767.41216123104095 242.86970317363739 28.284152150154114 199.62533831596375 76.90484344959259 170.40617287158966 1858.5726755857468 564.28052306175232 78.073610067367554 137.44695425033569 97.708889245986938 63.580904006958008 303.41181397438049 197.28780508041382 128.79808127880096 8.1813663244247419 176.48375928401947 245.6747430562973 49.555704593658447 1580.8737272024155 248.71353626251221 57.035810947418213 17.999005913734436 14.258952736854551 479.42806661128998 41.841844916343689 18.232759237289429 41.608091592788696 48.620691299438477 22.907825708389282 19.635279178619385
leaf_count=3004 238 40 422 41 657 4819 2279 289 543 391 38 1100 124 65 8 116 925 86 6736 380 199 50 7 224 107 15 88 28 35 12
internal_value=0.521346 0.462646 0.418021 0.404437 0.573909 0.590768 0.550232 0.544507 0.515697 0.459171 0.60916 0.583187 0.605291 0.605606 0.573073 0.627975 0.391444 0.387454 0.396253 0.594506 0.437977 0.416841 0.619332 0.608665 0.530046 0.495948 0.597551 0.557698 0.524297 0.459766
internal_weight=7985.71 4327.01 3088.35 2888.72 1238.66 3658.71 1141.88 245.207 701.727 268.115 2516.82 658.249 440.158 970.544 287.984 204.768 2643.52 2397.84 1630.43 552.125 83.2162 75.0348 682.56 553.762 74.3336 60.0746 167.134 90.2288 106.124 42.5431
internal_count=23066 13498 11619 11197 1879 9568 3184 446 2822 1048 6384 1565 362 831 413 156 10751 9826 6822 1480 257 249 418 353 129 122 157 116 85 47
is_linear=0
shrinkage=1


Tree=1
num_leaves=31
num_cat=0
split_feature=3 2 0 1 3 3 3 3 0 0 3 0 1 1 3 3 3 0 1 1 3 3 3 3 0 3 1 1 3 3
split_gain=2645.75 1698.05 649.147 404.098 373.536 233.07 181.544 120.362 78.4337 53.7604 52.2812 38.14 37.2969 177.003 43.6123 36.8532 34.5109 30.7002 29.9284 45.2441 30.7655 45.6954 29.1797 55.8073 28.7139 27.1857 26.9556 74.714 26.9542 153.226
threshold=120.50000000000001 1.5000000000000002 2.5000000000000004 80.500000000000014 119.50000000000001 130.50000000000003 129.50000000000003 119.50000000000001 2.5000000000000004 2.5000000000000004 150.50000000000003 1.5000000000000002 70.500000000000014 69.500000000000014 93.500000000000014 159.50000000000003 160.50000000000003 1.5000000000000002 77.500000000000014 80.500000000000014 98.500000000000014 110.50000000000001 110.50000000000001 118.50000000000001 2.5000000000000004 99.500000000000014 89.500000000000014 93.500000000000014 108.50000000000001 100.50000000000001
decision_type=2 2 2 2 2 2 2 2 2 2 2 2 2 2 2 2 2 2 2 2 2 2 2 2 2 2 2 2 2 2
left_child=1 2 3 17 12 6 11 26 -8 -6 -7 -2 13 14 -3 24 -17 22 -14 20 -20 -22 28 -24 -12 -15 -5 -28 29 -1
right_child=5 4 -4 7 9 10 8 -9 -10 -11 15 -13 18 25 -16 16 -18 -19 19 -21 21 -23 23 -25 -26 -27 27 -29 -30 -31
leaf_value=-0.13756778379156173 0.050843809471667736 -0.015592764152304955 0.086234840179796934 0.11480294937656528 -0.088334871831325268 0.089822133591278941 -0.021348493704227523 -0.079555903029097874 0.063481653100669652 0.0043539248313369016 0.035406206401502757 0.11078669114629192 0.1352323395199338 0.10273155703695419 0.11824959805595051 0.099022434771427525 0.047189141285545119 -0.080044456354811111 0.1436516053684431 0.092206437245511544 -0.078512970622661091 0.11287758542565243 0.0015350436584708532 -0.1122818662531558 -0.08043591105291574 -0.09172914731194709 -0.063073705239641606 0.12021102974039469 -0.14630567784704332 0.073870481815781416
leaf_weight=243.86515888571739 239.27860032021999 28.407915458083153 194.54337042570114 74.271457523107529 174.41616439819336 1809.2217849642038 567.64892256259918 79.739990651607513 134.89509984850883 97.588090300559998 75.571026220917702 190.77742284536362 123.56932038068771 7.9317178428173056 170.25204062461853 209.42619472742081 332.21642395853996 250.9485144764185 13.642542526125906 466.34804552793503 42.723926052451134 17.619298458099365 44.247727051377296 1632.6459193229675 29.848664000630379 76.788927495479584 42.321152806282043 46.874282360076904 509.72410491108894 39.878840953111649
leaf_count=874 238 40 422 41 657 4819 2279 289 543 391 66 124 65 8 116 880 598 925 7 224 107 15 81 6741 21 249 88 28 2091 39
internal_value=0.000142939 -0.05203 -0.0907196 -0.102332 0.0482111 0.0637926 0.0262638 0.0211682 -0.0050603 -0.0550805 0.0810972 0.0774351 0.0778704 0.0474991 0.0991104 0.0567019 0.0672305 -0.113369 0.0908341 0.0806807 0.00803147 -0.0226299 -0.116755 -0.109279 0.00260652 -0.0735233 0.0703019 0.0332467 -0.132554 -0.107851
internal_weight=7967.23 4378.35 3159.06 2964.52 1219.29 3588.88 1132.6 243.207 702.544 272.004 2456.28 430.056 947.284 283.381 198.66 647.062 541.643 2721.31 663.903 540.334 73.9858 60.3432 2470.36 1676.89 105.42 84.7206 163.467 89.1954 793.468 283.744
internal_count=23066 13498 11619 11197 1879 9568 3184 446 2822 1048 6384 362 831 413 156 1565 1478 10751 418 353 129 122 9826 6822 87 257 157 116 3004 913
is_linear=0
shrinkage=0.1


Tree=2
num_leaves=31
num_cat=0
split_feature=3 2 0 1 3 3 3 3 0 3 0 1 0 1 1 3 2 1 1 3 3 1 1 1 3 3 1 1 1 1
split_gain=2161.93 1356.82 517.216 315.707 311.056 199.541 152.07 98.6375 64.3678 45.8467 42.3487 34.2211 33.7873 32.1412 147.528 38.0456 31.5614 27.4634 208.698 61.445 48.5732 27.4168 27.2656 38.5548 26.2025 37.4586 25.9679 25.3096 31.3352 37.6775
threshold=120.50000000000001 1.5000000000000002 2.5000000000000004 80.500000000000014 119.50000000000001 130.50000000000003 129.50000000000003 119.50000000000001 2.5000000000000004 150.50000000000003 2.5000000000000004 74.500000000000014 1.5000000000000002 70.500000000000014 69.500000000000014 95.500000000000014 1.5000000000000002 60.500000000000007 69.500000000000014 99.500000000000014 110.50000000000001 64.500000000000014 77.500000000000014 80.500000000000014 98.500000000000014 110.50000000000001 112.50000000000001 83.500000000000014 93.500000000000014 89.500000000000014
decision_type=2 2 2 2 2 2 2 2 2 2 2 2 2 2 2 2 2 2 2 2 2 2 2 2 2 2 2 2 2 2
left_child=1 2 3 17 13 6 12 27 -8 -7 -6 -11 -2 14 15 -3 -13 -1 21 -20 -21 -19 -15 24 -24 -26 -18 -5 29 -29
right_child=5 4 -4 7 10 9 8 -9 -10 11 -12 16 -14 22 -16 -17 26 18 19 20 -22 -23 23 -25 25 -27 -28 28 -30 -31
leaf_value=-0.13741149837721489 0.046482441022429113 0.0047788671629577888 0.079883098872890967 0.14680817819245692 -0.078130801604238617 0.083325595764630556 -0.019110522781375729 -0.070446242543692361 0.058297839907802587 -0.00015683460787749932 0.0039231900836869081 0.084653614621267997 0.10367556514242274 0.12794252751400376 -0.065285349164395032 0.11505271851082399 0.026238793891710133 0.147526150827716 0.025096880638844157 -0.12649744683743627 -0.095349186459079957 0.020695221381928693 0.13644481581342327 0.085619879539186414 -0.069532766124650688 0.10572777299168767 0.14891677810689341 0.078231096961907567 0.11295937942404471 -0.055991127422418824
leaf_weight=183.84295481443405 235.74776965379715 39.347251564264297 189.28996336460114 30.622476056218147 177.30661003291607 1757.9687266349792 570.54900991916656 80.974477291107178 132.33834800124168 105.04444669187069 97.478440880775452 288.59565171599388 183.84042263031006 117.84532628953457 85.755002945661545 152.72341507673264 223.63082028925419 28.593927502632141 37.370536923408508 696.01719900965691 1783.5513845980167 42.194249242544174 12.961892068386076 452.72250013053417 43.379455253481865 16.96404755115509 18.697148501873016 40.829968094825745 44.993288397789001 42.875199317932129
leaf_count=722 238 45 422 15 657 4819 2279 289 543 85 391 1100 124 65 257 111 361 20 53 2711 7178 67 7 224 107 15 19 26 28 88
internal_value=0.000240836 -0.0464962 -0.080455 -0.0905319 0.0443595 0.0586904 0.023902 0.0194229 -0.00453622 0.075002 -0.0490226 0.0519937 0.0715413 0.0721994 0.0437711 0.0924622 0.0623118 -0.100065 -0.0974118 -0.102174 -0.104093 0.0719269 0.0844659 0.0747259 0.00744639 -0.0202627 0.0357042 0.0650987 0.0456568 0.00948021
internal_weight=7914.05 4397.64 3201.16 3011.87 1196.48 3516.41 1122.48 240.295 702.887 2393.94 274.785 635.968 419.588 921.699 277.826 192.071 530.924 2771.57 2587.73 2516.94 2479.57 70.7882 643.873 526.028 73.3054 60.3435 242.328 159.321 128.698 83.7052
internal_count=23066 13498 11619 11197 1879 9568 3184 446 2822 6384 1048 1565 362 831 413 156 1480 10751 10029 9942 9889 87 418 353 129 122 380 157 142 114
is_linear=0
shrinkage=0.1


Tree=3
num_leaves=31
num_cat=0
split_feature=3 2 0 3 1 3 3 3 0 3 0 0 3 3 1 1 3 2 0 3 3 3 3 3 3 3 1 2 3 3
split_gain=1772.72 1092.6 415.622 259.735 249.54 171.05 127.511 81.1882 52.9154 40.3245 33.6415 30.1313 29.3164 28.834 27.803 123.396 34.2812 26.9437 28.7128 32.3759 26.0081 151.655 34.8132 142.738 41.5099 42.4839 25.7435 65.6533 26.2151 32.9064
threshold=120.50000000000001 1.5000000000000002 2.5000000000000004 119.50000000000001 80.500000000000014 130.50000000000003 129.50000000000003 119.50000000000001 1.5000000000000002 150.50000000000003 2.5000000000000004 1.5000000000000002 159.50000000000003 160.50000000000003 70.500000000000014 69.500000000000014 93.500000000000014 2.5000000000000004 2.5000000000000004 155.50000000000003 91.500000000000014 99.500000000000014 100.50000000000001 108.50000000000001 110.50000000000001 118.50000000000001 89.500000000000014 2.5000000000000004 147.50000000000003 145.50000000000003
decision_type=2 2 2 2 2 2 2 2 2 2 2 2 2 2 2 2 2 2 2 2 2 2 2 2 2 2 2 2 2 2
left_child=1 2 4 14 20 6 11 -6 -8 26 -5 -2 17 -14 15 16 -3 18 19 -11 -1 -22 -23 -24 -25 -26 -7 -28 29 -29
right_child=5 3 -4 10 7 9 8 -9 -10 12 -12 -13 13 -15 -16 -17 -18 -19 -20 -21 21 22 23 24 25 -27 27 28 -30 -31
leaf_value=-0.14750475255591122 0.042484132530411486 -0.014471672279069312 0.074071899864360954 -0.069476206944266164 0.060452072309598009 0.091073497827378433 -0.02308727286753854 -0.06266525465580286 0.035515896567592478 0.094162578151359047 0.0035346737039194001 0.097274404843811224 0.087424682291953063 0.038949015641409013 0.078710013160011749 -0.0581033902188441 0.10478203101134982 0.059954135980202244 -0.14260192708988967 -0.082488885174788099 0.10301177293825542 -0.13293657429835107 0.085022242701688691 -0.11359747876281007 -0.00042891671293194259 -0.086030755280897403 0.077970304158714837 0.0036122402384900446 0.089528886351284254 -0.16534245984330062
leaf_weight=74.063723877072334 232.32674789428711 28.483040407299995 184.00785881280899 179.33534109592438 154.89179244637489 761.39308699965477 474.77459907531738 81.873694717884064 228.10373717546463 20.305582225322723 97.379012286663055 176.71891856193542 198.05285531282425 322.52334654331207 623.20993840694427 86.666623756289482 156.83592438697815 43.023224577307701 19.735912501811981 21.214298337697983 41.176380902528763 179.28118780255318 47.152085393667221 596.01303116977215 59.902724072337151 1803.761124625802 791.43680879473686 110.0886862128973 30.472891986370087 12.875869274139403
leaf_count=289 238 40 422 657 157 1397 1883 289 939 36 391 124 880 598 418 257 116 26 12 13 25 693 44 2366 98 7236 3031 288 97 6
internal_value=0.000308938 -0.0417911 -0.071864 0.0408933 -0.0807028 0.0540372 0.0217645 0.017878 -0.0040689 0.0694309 -0.0437828 0.066155 0.0476971 0.0573915 0.0670676 0.040391 0.086453 -0.000698863 -0.0432987 0.00390372 -0.0890347 -0.0874468 -0.0903665 -0.087322 -0.0906258 -0.0832793 0.0773901 0.0663639 0.00649739 -0.0140794
internal_weight=7837.08 4394.03 3222.12 1171.91 3038.12 3443.05 1111.92 236.765 702.878 2331.12 276.714 409.046 624.855 520.576 895.196 271.986 185.319 104.279 61.2558 41.5199 2801.35 2727.29 2686.11 2506.83 2459.68 1863.66 1706.27 944.874 153.437 122.965
internal_count=23066 13498 11619 1879 11197 9568 3184 446 2822 6384 1048 362 1565 1478 831 413 156 87 61 49 10751 10462 10437 9744 9700 7334 4819 3422 391 294
is_linear=0
shrinkage=0.1


Tree=4
num_leaves=31
num_cat=0
split_feature=3 2 0 3 1 3 3 1 1 0 3 1 0 0 2 1 2 1 1 3 1 1 3 3 1 1 0 1 3 0
split_gain=1457.56 884.73 336.135 216.764 199.457 146.879 106.973 70.3727 85.7584 46.2195 35.537 27.243 26.9762 26.8939 26.385 25.3972 36.9231 23.7037 103.518 30.6689 26.425 34.1912 23.2335 31.5399 23.0045 39.0259 22.9468 22.8561 22.2718 25.0359
threshold=120.50000000000001 1.5000000000000002 2.5000000000000004 119.50000000000001 80.500000000000014 130.50000000000003 129.50000000000003 89.500000000000014 90.500000000000014 2.5000000000000004 150.50000000000003 74.500000000000014 1.5000000000000002 2.5000000000000004 1.5000000000000002 68.500000000000014 1.5000000000000002 70.500000000000014 69.500000000000014 95.500000000000014 77.500000000000014 80.500000000000014 98.500000000000014 110.50000000000001 106.50000000000001 111.50000000000001 1.5000000000000002 112.50000000000001 109.50000000000001 2.5000000000000004
decision_type=2 2 2 2 2 2 2 2 2 2 2 2 2 2 2 2 2 2 2 2 2 2 2 2 2 2 2 2 2 2
left_child=1 2 4 17 26 6 12 -6 -9 -8 24 15 -2 -5 -13 -12 -17 18 19 -3 -19 22 -22 -24 -7 -26 -1 -16 -20 -30
right_child=5 3 -4 13 7 10 9 8 -10 -11 11 14 -14 -15 27 16 -18 20 28 -21 21 -23 23 -25 25 -27 -28 -29 29 -31
leaf_value=-0.082623425416466278 0.038812942659446452 0.00255328414625864 0.068712692725901386 -0.062027824824938772 0.092482480909675729 0.073918613247474715 -0.015765101224249921 -0.094466144294179419 0.054828753462116388 0.050634558043976652 0.037995872668668634 0.074430929880772795 0.09142851458062573 0.0031843122903710431 0.020015052115089679 -0.14671077104387703 0.041275434216418327 0.11800639110071057 0.018834845768891592 0.10290267396070896 0.12714521929733577 0.074132736651037673 -0.070564433830685891 0.094655253631317993 -0.087944318410634534 0.098249434885076203 -0.051455198022796557 0.13884588418512683 -0.12578060108598826 0.026456119769787304
leaf_weight=2553.7280259877443 229.04967753589153 38.961212605237961 178.80166655778885 180.70265874266624 79.913527101278305 1609.8837542831898 574.65089109539986 80.53964775800705 73.669314056634903 128.22331163287163 61.808982759714127 273.58747680485249 169.59216421842575 97.288919866085052 218.73363295197487 23.350714534521103 18.909357875585556 107.97851033508778 29.501626804471016 139.50963158905506 11.812043249607084 425.47585932910442 43.308957830071449 15.758114337921141 23.432516127824783 21.664782762527466 260.28456512093544 17.479610413312912 43.457014292478561 14.376129373908041
leaf_count=9826 238 45 422 657 67 4767 2279 328 51 543 38 1100 124 391 361 35 12 65 68 111 7 224 107 15 40 12 925 19 148 41
internal_value=0.000352837 -0.0377218 -0.0645452 0.037668 -0.072362 0.0497775 0.019817 0.0163228 -0.0231444 -0.003652 0.0643232 0.0437739 0.0611969 -0.0392055 0.053292 -0.00285217 -0.0625959 0.0622275 0.0373406 0.0809958 0.0731735 0.0634204 -0.000883743 -0.0264866 0.0719453 0.00150333 -0.0797405 0.0288084 -0.05187 -0.0879377
internal_weight=7745.43 4375.07 3226.94 1148.13 3048.14 3370.37 1101.52 234.122 154.209 702.874 2268.85 613.87 398.642 277.992 509.801 104.069 42.2601 870.139 265.806 178.471 604.333 496.355 70.8791 59.0671 1654.98 45.0973 2814.01 236.213 87.3348 57.8331
internal_count=23066 13498 11619 1879 11197 9568 3184 446 379 2822 6384 1565 362 1048 1480 85 47 831 413 156 418 353 129 122 4819 52 10751 380 257 189
is_linear=0
shrinkage=0.1


Tree=5
num_leaves=31
num_cat=0
split_feature=3 2 0 3 1 3 3 1 1 0 3 1 0 0 3 3 3 3 3 0 1 2 1 1 0 1 3 1 2 3
split_gain=1199.85 718.967 272.769 181.655 160.028 126.01 89.7172 59.1611 69.7016 37.9555 31.212 25.67 24.1944 23.5323 23.3217 24.5452 24.2644 36.2455 34.9353 28.3201 23.2848 58.3882 26.1355 24.1838 23.797 57.3786 22.0277 21.64 21.555 27.6849
threshold=120.50000000000001 1.5000000000000002 2.5000000000000004 119.50000000000001 80.500000000000014 130.50000000000003 129.50000000000003 89.500000000000014 93.500000000000014 2.5000000000000004 150.50000000000003 93.500000000000014 1.5000000000000002 2.5000000000000004 159.50000000000003 160.50000000000003 168.50000000000003 171.50000000000003 179.50000000000003 1.5000000000000002 89.500000000000014 2.5000000000000004 94.500000000000014 99.500000000000014 1.5000000000000002 61.500000000000007 144.50000000000003 90.500000000000014 2.5000000000000004 157.50000000000003
decision_type=2 2 2 2 2 2 2 2 2 2 2 2 2 2 2 2 2 2 2 2 2 2 2 2 2 2 2 2 2 2
left_child=1 2 4 -3 -1 6 12 -6 -9 27 20 13 -2 -5 28 -16 19 -18 -19 -17 24 -22 -23 -24 25 -7 -25 -8 29 -12
right_child=5 3 -4 11 7 10 9 8 -10 -11 14 -13 -14 -15 15 16 17 18 -20 -21 21 22 23 26 -26 -27 -28 -29 -30 -31
leaf_value=-0.071629175220402949 0.035439153012039586 0.057938312013580434 0.063740022428575502 -0.06388169151836022 0.086528339599381665 -0.10561144570505172 -0.017858529475136456 -0.066445385167772167 0.078636866413104689 0.046476424198784484 0.005848123636187837 0.10341608819771918 0.086024599581310798 -0.0017228500902325711 0.077805999152532279 0.045173389721660358 0.10601286738477632 -0.016027895814032696 0.085745091288324346 -0.066185988442521035 0.067552165451917848 0.029837761930886688 -0.1387099200820735 0.059182220160079825 0.10189393533738332 0.072981328268467899 -0.120476334910517 0.086736067318717205 0.052199518863774344 -0.13768349636373603
leaf_weight=2819.050371825695 225.93894685804844 843.34846603870392 173.74645629525185 171.60244607925415 77.024208053946495 18.849751114845276 556.08798588812351 105.37571720778942 48.288914799690247 125.85381814837456 41.166712939739227 12.753047645092009 162.59091198444366 94.41670173406601 186.76249501109123 44.979491963982582 75.727245569229126 93.292001739144325 52.828104734420776 46.390868097543716 744.98400989174843 96.364221125841141 21.701786741614342 20.446469306945804 298.38755202293396 394.24054431915283 10.243611991405485 20.510164931416512 41.769062325358391 19.951255559921265
leaf_count=10751 238 831 422 653 67 22 2229 339 40 543 48 7 124 388 880 36 228 54 249 31 3031 311 14 35 534 841 31 50 26 13
internal_value=0.000384185 -0.0341345 -0.0581331 0.0348056 -0.0650764 0.045853 0.0180491 0.015 -0.0208535 -0.0032781 0.0595905 -0.0351759 0.056608 -0.04182 0.0401902 0.0491124 0.0320033 0.0498655 0.020767 -0.0113664 0.0668767 0.0561307 -0.0010689 -0.0579154 0.0803754 0.0648319 -0.00078349 -0.014138 -0.00316741 -0.0410061
internal_weight=7644.67 4345.61 3223.49 1122.12 3049.74 3299.07 1090.98 230.689 153.665 702.452 2208.09 278.772 388.53 266.019 602.867 499.98 313.218 221.847 146.12 91.3704 1605.22 893.74 148.756 52.3919 711.478 413.09 30.6901 576.598 102.887 61.118
internal_count=23066 13498 11619 1879 11197 9568 3184 446 379 2822 6384 1048 362 1041 1565 1478 598 531 303 67 4819 3422 391 80 1397 863 66 2279 87 61
is_linear=0
shrinkage=0.1


Tree=6
num_leaves=31
num_cat=0
split_feature=3 2 0 3 1 3 3 1 1 0 3 1 1 2 3 3 0 1 1 1 0 3 3 3 3 3 3 1 1 2
split_gain=988.945 585.11 222.022 150.917 128.906 108.21 75.1938 49.7755 59.7169 32.235 27.4499 23.8122 22.2869 48.858 23.6162 24.6791 22.5512 47.233 22.0855 112.924 21.7017 21.5821 121.097 29.4443 114.306 36.1887 33.9985 21.4607 35.709 28.955
threshold=120.50000000000001 1.5000000000000002 2.5000000000000004 119.50000000000001 80.500000000000014 130.50000000000003 129.50000000000003 89.500000000000014 90.500000000000014 1.5000000000000002 152.50000000000003 74.500000000000014 89.500000000000014 2.5000000000000004 147.50000000000003 145.50000000000003 1.5000000000000002 61.500000000000007 65.500000000000014 66.500000000000014 1.5000000000000002 91.500000000000014 99.500000000000014 100.50000000000001 108.50000000000001 110.50000000000001 118.50000000000001 85.500000000000014 76.500000000000014 1.5000000000000002
decision_type=2 2 2 2 2 2 2 2 2 2 2 2 2 2 2 2 2 2 2 2 2 2 2 2 2 2 2 2 2 2
left_child=1 2 4 -3 21 6 20 -6 -9 -8 12 -12 16 -14 15 -15 17 -7 -19 -20 27 -1 -23 -24 -25 -26 -27 28 29 -2
right_child=5 3 -4 -5 7 10 9 8 -10 -11 11 -13 13 14 -16 -17 -18 18 19 -21 -22 22 23 24 25 26 -28 -29 -30 -31
leaf_value=-0.11784650335583312 -0.032336692361615307 0.053476984880012381 0.059105150387881639 -0.031606943360486139 0.081014994119523287 -0.090661186750057465 -0.017502284743446329 -0.07713603962679455 0.048219732028547888 0.028600456190801288 -0.0075062389674660709 0.045944776235743501 0.062213823601372953 -0.0041129925281934215 0.080532775347307503 -0.14821017475516066 0.096998756482286924 0.13571927736860806 -0.27682482334256014 0.069439771307075418 0.080978949596667738 0.10662347620352951 -0.10492538338669298 0.090395610622879069 -0.087379962693022617 0.014090201985018522 -0.061543993042153203 0.068390378955308848 -0.052844435643802215 0.1011767305545533
leaf_weight=73.929620236158371 25.327164888381958 823.40914395451546 168.89442583918571 279.14224055409431 74.189743056893349 19.711628496646881 480.15540125966072 81.695009648799896 71.054888755083084 221.68127106130123 100.81926500797272 480.91522110998631 730.1936144977808 106.65785011649132 28.892910808324814 13.37612199783325 286.98875349760056 42.856023266911507 9.6959328651428205 328.89650174975395 155.80837255716324 41.407528787851334 178.65902078151703 47.711736738681793 594.38368725776672 61.439990639686584 1818.8164165616035 94.869550824165344 57.5227130651474 45.28840559720993
leaf_count=289 37 831 422 1048 67 22 1883 328 51 939 84 1471 3038 288 98 6 535 23 5 814 124 25 693 44 2366 98 7236 64 115 22
internal_value=0.000404034 -0.0309198 -0.0524943 0.0319356 -0.0586878 0.0422518 0.0164392 0.0138147 -0.0188241 -0.00294033 0.055232 0.0366813 0.0621176 0.0515672 -0.000633425 -0.0201706 0.075596 0.0602845 0.0680847 0.0595241 0.052344 -0.06453 -0.0630927 -0.0656945 -0.0629158 -0.0658717 -0.0590725 0.0323376 0.00564531 0.0532905
internal_weight=7544.39 4314.73 3212.18 1102.55 3043.29 3229.66 1080.65 226.94 152.75 701.837 2149 581.734 1567.27 879.12 148.927 120.034 688.149 401.16 381.448 338.592 378.816 2816.35 2742.42 2701.01 2522.35 2474.64 1880.26 223.008 128.138 70.6156
internal_count=23066 13498 11619 1879 11197 9568 3184 446 379 2822 6384 1555 4829 3430 392 294 1399 864 842 819 362 10751 10462 10437 9744 9700 7334 238 174 59
is_linear=0
shrinkage=0.1


Tree=7
num_leaves=31
num_cat=0
split_feature=3 2 0 3 1 3 1 0 1 1 2 1 1 3 1 1 1 1 1 3 3 1 3 2 3 3 0 3 3 3
split_gain=815.892 477.968 181.443 125.324 104.463 92.6835 63.3226 50.1228 41.9201 49.5957 37.5377 43.1655 34.5329 24.4597 22.0709 91.0266 29.6189 26.557 30.957 21.0111 26.752 20.839 20.7637 35.7556 20.0167 19.8502 21.2354 19.5165 19.3134 21.2919
threshold=120.50000000000001 1.5000000000000002 2.5000000000000004 119.50000000000001 80.500000000000014 130.50000000000003 91.500000000000014 1.5000000000000002 89.500000000000014 93.500000000000014 1.5000000000000002 65.500000000000014 64.500000000000014 150.50000000000003 70.500000000000014 69.500000000000014 60.500000000000007 77.500000000000014 80.500000000000014 98.500000000000014 110.50000000000001 93.500000000000014 129.50000000000003 2.5000000000000004 104.50000000000001 99.500000000000014 2.5000000000000004 123.50000000000001 159.50000000000003 160.50000000000003
decision_type=2 2 2 2 2 2 2 2 2 2 2 2 2 2 2 2 2 2 2 2 2 2 2 2 2 2 2 2 2 2
left_child=1 2 4 14 -1 6 7 10 -6 -10 12 -12 -2 -7 15 16 -3 -16 19 -19 24 -5 23 -9 -21 -17 -27 -14 -15 -30
right_child=5 3 -4 21 8 13 -8 22 9 -11 11 -13 27 28 17 25 -18 18 -20 20 -22 -23 -24 -25 -26 26 -28 -29 29 -31
leaf_value=-0.05838137908343484 -0.2343196256334483 -0.026702551773827271 0.054771468192004069 -0.0342751011060623 0.075867804158802288 0.057866730846709548 0.079704237895759297 0.10840743101908706 -0.054571185663386673 0.070062929857916054 0.1457118099306636 0.0077404345253755738 0.08875249063688527 -0.0058595501674657668 0.10822718770938951 0.095354007387124587 0.087643454597891524 0.11847077792949921 0.061215367785482137 0.0070255256411553973 0.082775734145398572 0.097119581316833001 0.020003237648815543 -0.024355179530839641 -0.13184972113660531 -0.10196765096843091 0.021054989129766291 -0.024552873129236822 0.069721952991462791 0.026095145800625875
leaf_weight=2802.3483569324017 7.6952873319387427 27.187210947275162 164.28014889359474 267.44494220614433 71.446579113602638 1510.063008800149 132.4546532034874 79.430906757712364 106.00930865108967 45.688247323036194 27.706664994359016 124.87734225392342 15.730069324374197 101.62904897332191 96.094686731696129 7.6496877968311301 135.83080779016018 10.435909390449522 391.38930667936802 17.526248931884766 14.278716444969175 12.640872478485106 202.85542920231819 27.243562757968903 25.449073791503906 60.38774599134922 18.277875810861588 452.85544754564762 176.78292667865753 304.65459208190441
leaf_count=10751 16 78 422 1041 67 4819 121 80 339 40 14 217 19 87 65 8 78 7 224 19 15 7 906 19 88 199 50 1792 880 598
internal_value=0.000413202 -0.0280812 -0.0475804 0.0292657 -0.0531379 0.0389076 0.0149789 0.00584292 0.0127115 -0.0170339 -0.0103714 0.0327937 -0.0242 0.0511495 0.0493227 0.0246072 0.0685735 0.0604226 0.0504161 -0.012026 -0.0358122 -0.028345 0.0387851 0.0745012 -0.0752134 -0.0584291 -0.0733835 -0.0207493 0.0337528 0.0421148
internal_weight=7438.34 4274.37 3189.77 1084.59 3025.49 3163.98 1070.85 938.395 223.144 151.698 628.865 152.584 476.281 2093.13 804.507 249.333 163.018 555.174 459.079 67.6899 57.254 280.086 309.53 106.674 42.9753 86.3153 78.6656 468.586 583.067 481.438
internal_count=23066 13498 11619 1879 11197 9568 3184 3063 446 379 2058 231 1827 6384 831 413 156 418 353 129 122 1048 1005 99 107 257 249 1811 1565 1478
is_linear=0
shrinkage=0.1


Tree=8
num_leaves=31
num_cat=0
split_feature=3 2 0 3 1 3 1 0 3 2 1 1 3 1 2 0 1 1 3 1 3 3 3 1 1 3 1 1 1 2
split_gain=672.422 390.99 148.244 105.048 84.5985 78.8131 53.7051 41.3865 36.9738 30.5385 37.9723 25.9625 21.5877 20.8367 43.175 22.2694 34.4741 20.7621 25.1639 20.0811 24.6037 31.3317 19.5367 18.9214 75.824 30.1229 24.5693 26.0624 18.8429 19.236
threshold=120.50000000000001 1.5000000000000002 2.5000000000000004 119.50000000000001 80.500000000000014 130.50000000000003 91.500000000000014 1.5000000000000002 119.50000000000001 1.5000000000000002 65.500000000000014 64.500000000000014 152.50000000000003 89.500000000000014 2.5000000000000004 2.5000000000000004 61.500000000000007 94.500000000000014 139.50000000000003 83.500000000000014 110.50000000000001 109.50000000000001 144.50000000000003 70.500000000000014 69.500000000000014 95.500000000000014 77.500000000000014 80.500000000000014 74.500000000000014 1.5000000000000002
decision_type=2 2 2 2 2 2 2 2 2 2 2 2 2 2 2 2 2 2 2 2 2 2 2 2 2 2 2 2 2 2
left_child=1 2 4 23 -1 6 7 9 19 11 -11 -2 13 15 -15 16 -7 -16 -19 -6 21 -21 -20 24 25 -3 -25 -28 -14 -30
right_child=5 3 -4 -5 8 12 -8 -9 -10 10 -12 -13 28 14 17 -17 -18 18 22 20 -22 -23 -24 26 -26 -27 27 -29 29 -31
leaf_value=-0.052794070671761117 -0.19875686161153727 -0.015091097931888646 0.050711219616436924 -0.02544576908218445 0.1271914895834266 -0.065513890699709199 0.074448080430535496 0.035648527810745616 -0.041391283877879409 0.13962526610239701 0.0069838135671255091 -0.018595751069201718 -0.0086364365105041311 0.053639266191579993 0.022110389005015628 0.099785176650614912 0.062359327941937583 -0.158268575038195 0.05606025662113559 0.028092813681439371 0.086706239386421899 -0.12564364565363972 -0.092535256106140995 0.10392782153186433 -0.052498418977455601 0.088272920084843998 -0.010788696657610147 0.056893984088663675 0.058318837393767864 0.017505360262552245
leaf_weight=2789.6915299147367 8.1371852159500104 36.79955966770649 159.92468789219856 280.70498013496399 23.699324831366539 22.087890207767487 127.8695600181818 303.84821413457394 82.046518072485924 26.105377092957497 124.5820796340704 470.29125328361988 100.44751204550266 688.9372079372406 92.613994568586349 157.79335916042328 463.45543614029884 16.633671164512634 20.061870276927948 53.919419214129448 42.029791012406349 17.578341856598854 15.828987240791319 90.361378341913223 86.38711915910244 120.56640388071537 66.922091156244278 379.63612921535969 245.71492940187454 217.87675459682941
leaf_count=10751 16 45 422 1048 15 25 121 1005 289 14 217 1811 84 3038 311 269 1105 8 35 45 25 72 38 65 257 111 129 224 1095 376
internal_value=0.000420775 -0.0255121 -0.0431067 0.0270192 -0.0480931 0.0357827 0.013672 0.00534214 0.0117147 -0.00929513 0.0299629 -0.02166 0.0472725 0.0536264 0.0431965 0.0671486 0.0565422 -0.00637268 -0.0565955 0.0434663 0.0259883 -0.00970462 -0.009475 0.0458839 0.022778 0.0641016 0.0563736 0.0467509 0.0306296 0.0391375
internal_weight=7332.55 4230.27 3168.89 1061.38 3008.96 3102.29 1060.83 932.964 219.273 629.116 150.687 478.428 2041.45 1477.41 834.076 643.337 485.543 145.139 52.5245 137.227 113.528 71.4978 35.8909 780.673 243.753 157.366 536.92 446.558 564.039 463.592
internal_count=23066 13498 11619 1879 11197 9568 3184 3063 446 2058 231 1827 6384 4829 3430 1399 1130 392 81 157 142 117 73 831 413 156 418 353 1555 1471
is_linear=0
shrinkage=0.1


Tree=9
num_leaves=31
num_cat=0
split_feature=1 2 0 1 3 1 3 3 0 2 1 3 1 3 1 2 3 3 1 0 1 1 3 3 3 3 3 3 3 1
split_gain=561.398 331.32 176.861 160.409 114.504 54.8954 35.748 34.1788 29.4473 27.6751 40.1141 35.5244 48.4144 32.6853 28.2624 35.4156 30.2633 32.8902 61.5731 26.8257 26.1979 24.4554 20.0827 20.0325 29.1591 19.9608 19.8778 18.9593 75.992 23.1924
threshold=80.500000000000014 1.5000000000000002 2.5000000000000004 79.500000000000014 130.50000000000003 83.500000000000014 170.50000000000003 90.500000000000014 2.5000000000000004 2.5000000000000004 91.500000000000014 135.50000000000003 89.500000000000014 95.500000000000014 100.50000000000001 1.5000000000000002 101.50000000000001 141.50000000000003 109.50000000000001 1.5000000000000002 117.50000000000001 114.50000000000001 161.50000000000003 110.50000000000001 114.50000000000001 125.50000000000001 128.50000000000003 110.50000000000001 109.50000000000001 77.500000000000014
decision_type=2 2 2 2 2 2 2 2 2 2 2 2 2 2 2 2 2 2 2 2 2 2 2 2 2 2 2 2 2 2
left_child=1 2 4 7 19 -2 -6 -3 22 10 11 12 -7 -11 15 -12 -16 -18 -19 23 21 -15 26 -1 -25 -14 -5 28 29 -9
right_child=5 3 -4 8 6 9 -8 27 -10 13 14 -13 25 20 16 -17 17 18 -20 -21 -22 -23 -24 24 -26 -27 -28 -29 -30 -31
leaf_value=-0.062118859207931976 0.097885728402700503 -0.077551295198694081 0.053083733329328434 -0.062308466081273717 0.03124059644850756 0.058632507602079879 -0.10367031713517912 0.074282100122330413 0.011169456149416166 0.13069566155525877 0.051111782244738363 0.04657217804503061 -0.042040821773330031 0.010663472393265648 -0.12052006375939146 0.10385950928491955 0.085584860440987995 -0.12388104167205116 0.065855128248457268 -0.017655048809442325 -0.11414293225387742 0.1334173319631278 -0.23760418236348443 0.11185031414741547 -0.044287596202299606 0.0074920081189394569 0.0037122466494462548 0.066779484363330685 -0.074169336913302492 -0.036606798065771176
leaf_weight=792.77572371065617 149.43337358534336 19.658408939838409 216.86204838752747 166.99579235911369 260.01526215672493 145.77672240138054 21.245550394058228 170.89558726549149 125.5954644382 23.720759451389313 340.86427074670792 562.6884091347456 124.61910375952721 497.08087123930454 13.556400015950201 203.14905336499214 68.167692691087723 28.939746990799904 41.819515123963356 310.02336852252483 16.288912937045097 16.777278184890747 5.5020481348037711 12.032522216439245 2003.9464392662048 234.34957680106163 62.737245202064514 520.25270584225655 52.0563093572855 21.201122745871544
leaf_count=3004 109 42 711 657 955 168 24 179 557 15 1118 2819 412 801 13 270 53 29 147 1089 13 9 8 13 7923 971 282 464 200 11
internal_value=0.000425216 -0.0196341 -0.0344747 0.0272499 -0.0400594 0.0391399 0.0210499 0.0526425 -0.0279268 0.0353525 0.0414755 0.0292941 0.0100326 0.015852 0.0601444 0.0708092 0.0220958 0.0360122 -0.0117448 -0.0455704 0.0107135 0.0146713 -0.0488008 -0.0486516 -0.0433557 -0.00970375 -0.044279 0.0559907 0.0330014 0.0620436
internal_weight=7229.03 4761.8 3616.9 1144.89 3400.04 2467.23 281.261 784.064 360.831 2317.8 1763.93 1067.43 504.745 553.868 696.497 544.013 152.483 138.927 70.7593 3118.78 530.147 513.858 235.235 2808.75 2015.98 358.969 229.733 764.406 244.153 192.097
internal_count=23066 16119 13719 2400 13008 6947 979 896 1504 6838 6000 4370 1551 838 1630 1388 242 229 176 12029 823 810 947 10940 7936 1383 939 854 390 190
is_linear=0
shrinkage=0.1


Tree=10
num_leaves=31
num_cat=0
split_feature=1 2 0 1 3 1 3 3 0 2 1 3 1 3 1 2 3 3 1 1 1 1 1 3 1 1 0 2 0 3
split_gain=463.883 271.391 144.968 133.823 93.1523 48.9039 28.5721 28.2105 23.7552 23.6781 34.843 30.0865 40.4893 29.1011 24.5787 32.4173 23.722 28.2112 48.4156 22.8497 101.123 38.2034 159.076 26.4847 20.3152 21.6962 18.3304 18.0428 25.9033 17.3946
threshold=80.500000000000014 1.5000000000000002 2.5000000000000004 79.500000000000014 130.50000000000003 83.500000000000014 170.50000000000003 90.500000000000014 2.5000000000000004 2.5000000000000004 91.500000000000014 135.50000000000003 89.500000000000014 95.500000000000014 100.50000000000001 1.5000000000000002 101.50000000000001 141.50000000000003 109.50000000000001 60.500000000000007 69.500000000000014 70.500000000000014 78.500000000000014 114.50000000000001 117.50000000000001 114.50000000000001 2.5000000000000004 1.5000000000000002 2.5000000000000004 105.50000000000001
decision_type=2 2 2 2 2 2 2 2 2 2 2 2 2 2 2 2 2 2 2 2 2 2 2 2 2 2 2 2 2 2
left_child=1 2 4 7 19 -2 -6 -3 -5 10 11 12 26 -11 15 29 -16 -18 -19 -1 23 -22 -23 -21 25 -15 -7 -13 -29 -12
right_child=5 3 -4 8 6 9 -8 -9 -10 13 14 27 -14 24 16 -17 17 18 -20 20 21 22 -24 -25 -26 -27 -28 28 -30 -31
leaf_value=-0.075225355672570687 0.093003282790684316 -0.067748339897404475 0.049161527316737591 -0.043818438232889688 0.02859489088099226 0.035359932137994085 -0.090491807064476043 0.051965783413058832 0.010089293687755444 0.12693497410932295 -0.022912463279748566 0.050566100621921753 -0.0087287953330480918 0.0096469011709416803 -0.101599779697916 0.098822690912342817 0.080793117795931471 -0.10552055965382855 0.061335167440185939 0.11096420226456077 -0.063169316221136515 0.0800877704461819 -0.042162520802191308 -0.005622469552539768 -0.097397504854690398 0.12926336981701325 0.12235096896853553 0.028991277511510111 -0.10888890555326379 0.05472711952167774
leaf_weight=185.85787044465542 141.94372236728668 20.220157906413078 211.06009094417095 235.64839962124825 255.89062820374966 110.56937313079834 21.869116634130478 742.76362723112106 125.16157247126102 22.066218137741089 31.924636632204056 468.00187429785728 359.02564264833927 494.65029494464397 14.421319663524626 192.7000949382782 65.149145990610123 30.485936149954796 40.48273678123951 53.878200113773346 668.62703660130501 112.26206474006176 2052.2964883446693 30.523609533905983 17.130767583847046 15.643105387687681 31.017814189195633 63.506839156150818 17.347337007522583 300.28113865852356
leaf_count=740 109 42 711 947 955 141 24 854 557 15 19 2534 1383 801 13 270 53 29 147 69 2755 123 8310 32 13 9 27 247 38 1099
internal_value=0.00042833 -0.0178264 -0.0312438 0.0250628 -0.0362628 0.0360567 0.0192187 0.0487932 -0.0251184 0.0325027 0.0382616 0.0268595 0.00913066 0.014425 0.0559775 0.0661932 0.020357 0.033278 -0.0103409 -0.0412284 -0.0390627 -0.042276 -0.0358222 0.0688011 0.00971785 0.0133138 0.0544172 0.0430299 -0.000591041 0.047266
internal_weight=7132.41 4716.06 3592.27 1123.79 3381.21 2416.35 277.76 762.984 360.81 2274.4 1724.91 1049.47 500.613 549.49 675.445 524.906 150.539 136.118 70.9687 3103.45 2917.59 2833.19 2164.56 84.4018 527.424 510.293 141.587 548.856 80.8542 332.206
internal_count=23066 16119 13719 2400 13008 6947 979 896 1504 6838 6000 4370 1551 838 1630 1388 242 229 176 12029 11289 11188 8433 101 823 810 168 2819 285 1118
is_linear=0
shrinkage=0.1


Tree=11
num_leaves=31
num_cat=0
split_feature=3 2 0 3 1 3 1 1 1 1 3 3 1 1 3 3 3 1 2 3 0 3 1 1 3 3 3 0 1 1
split_gain=394.041 212.946 88.7586 65.4999 46.6955 45.6495 38.6594 33.2101 28.8838 26.6577 34.1714 21.3746 25.4674 20.902 30.0946 23.0546 19.5864 22.4348 41.8582 33.9632 19.5093 25.7038 18.3472 17.7741 17.7116 17.4139 31.2528 16.3533 15.6937 53.5814
threshold=120.50000000000001 1.5000000000000002 1.5000000000000002 117.50000000000001 99.500000000000014 130.50000000000003 91.500000000000014 91.500000000000014 80.500000000000014 79.500000000000014 123.50000000000001 125.50000000000001 86.500000000000014 80.500000000000014 117.50000000000001 112.50000000000001 139.50000000000003 63.500000000000007 2.5000000000000004 134.50000000000003 1.5000000000000002 119.50000000000001 83.500000000000014 111.50000000000001 129.50000000000003 109.50000000000001 100.50000000000001 2.5000000000000004 70.500000000000014 69.500000000000014
decision_type=2 2 2 2 2 2 2 2 2 2 2 2 2 2 2 2 2 2 2 2 2 2 2 2 2 2 2 2 2 2
left_child=1 2 13 28 6 7 20 9 -4 10 -2 12 22 -1 15 25 17 -7 -19 -20 -5 -22 -11 -9 -13 26 -15 -26 29 -3
right_child=5 3 8 4 -6 16 -8 23 -10 11 -12 24 -14 14 -16 -17 -18 18 19 -21 21 -23 -24 -25 27 -27 -28 -29 -30 -31
leaf_value=-0.04193561110408426 0.1284073854344509 0.055773243528260054 -0.0044659807063523174 -0.047355216758740284 -0.22044855422254292 -0.029055214239006946 0.13870363535626348 0.079167410851466877 0.058325062706308176 -0.063856458687236065 0.01873441037236152 0.055824450640902759 0.021517751293462433 -0.03946515726688285 -0.053008270132365531 0.12748889284361667 0.033297453058833852 0.10329253437156685 0.073575946432404699 -0.042863505512102995 0.11921125461508147 -0.0084947116204575433 -0.21380863061453967 -0.026375867118444304 -0.011388901906545928 -0.057746012694239228 0.1288703105152976 0.033550246825726805 0.048861489207092379 -0.046410545497339112
leaf_weight=2475.2319519668818 33.650909334421158 132.31521233916283 359.92147806286812 126.08347162604332 10.808434844017027 24.734136462211609 16.765958309173584 97.089462220668793 91.980503812432289 25.282621085643768 182.39514891803265 53.979202002286911 23.001894876360893 22.016886413097382 72.587834104895592 20.226112991571426 1625.9736139029264 155.14914578199387 55.035758346319199 45.976829215884209 17.485715612769127 159.75957129895687 12.047730997204779 19.094097495079041 493.69139432907104 26.461892873048782 22.099445819854736 96.863879233598709 455.70082548260689 83.825707837939262
leaf_count=9826 22 149 1296 435 7 14 9 110 116 95 344 48 27 26 255 13 6136 171 33 30 12 618 22 11 2018 73 14 487 393 256
internal_value=0.000424339 -0.0196435 -0.0326356 0.0203989 -0.0160184 0.0283265 -0.00911551 0.0114415 0.00831456 0.00508543 0.0358169 -0.00433395 -0.0612511 -0.0396489 -0.00500732 0.033364 0.0375099 0.0618937 0.0706754 0.0205774 -0.017286 0.00410382 -0.112251 0.061822 0.000993839 0.00638998 0.0448601 -0.00401791 0.0383356 0.0161434
internal_weight=7037.24 4093.27 3090.53 1002.74 330.903 2943.97 320.095 1037.1 451.902 920.913 216.046 704.867 60.3322 2638.62 163.392 90.8043 1906.87 280.896 256.162 101.013 303.329 177.245 37.3304 116.184 644.534 70.5782 44.1163 590.555 671.842 216.141
internal_count=23066 13498 11619 1879 1081 9568 1074 3184 1412 3063 366 2697 144 10207 381 126 6384 248 234 63 1065 630 117 121 2553 113 40 2505 798 405
is_linear=0
shrinkage=0.1


Tree=12
num_leaves=31
num_cat=0
split_feature=3 2 0 3 3 1 1 1 1 1 1 1 0 3 3 2 1 2 0 1 3 3 3 0 3 1 1 3 3 3
split_gain=324.091 174.297 72.6322 54.3884 38.4746 34.7047 33.3385 28.1457 25.5705 22.4014 21.0887 22.5047 19.6359 17.8817 19.3626 26.3916 19.2026 28.837 21.3803 28.4306 20.5909 18.1384 19.2595 17.8531 17.1556 17.0902 26.6031 18.985 24.7389 16.6417
threshold=120.50000000000001 1.5000000000000002 1.5000000000000002 117.50000000000001 130.50000000000003 99.500000000000014 91.500000000000014 91.500000000000014 93.500000000000014 65.500000000000014 91.500000000000014 80.500000000000014 1.5000000000000002 152.50000000000003 159.50000000000003 2.5000000000000004 89.500000000000014 2.5000000000000004 2.5000000000000004 61.500000000000007 147.50000000000003 143.50000000000003 138.50000000000003 1.5000000000000002 157.50000000000003 80.500000000000014 83.500000000000014 117.50000000000001 112.50000000000001 123.50000000000001
decision_type=2 2 2 2 2 2 2 2 2 2 2 2 2 2 2 2 2 2 2 2 2 2 2 2 2 2 2 2 2 2
left_child=1 2 25 -3 7 6 -5 9 10 -2 11 -4 -11 16 15 24 18 -18 19 -6 21 22 -19 -24 -15 -1 -27 28 -28 -14
right_child=4 3 8 5 13 -7 -8 -9 -10 12 -12 -13 29 14 -16 -17 17 20 -20 -21 -22 -23 23 -25 -26 26 27 -29 -30 -31
leaf_value=-0.038039929995224174 0.069676683272611756 0.035389185032832983 -0.004017604518309909 -0.015580223477438133 -0.067283265036422318 -0.18446823826800321 0.13397758779192789 0.057656324229310177 0.091225946348257814 -0.0093096069501138624 -0.13990123232696949 0.070702544103606962 0.12119255816902706 -0.024462965668427449 0.027479709299685892 0.03737528674462022 0.039554712666219426 -0.078516250643567209 0.088893718488324572 0.049503811490977503 0.069126042197202212 -0.1065498865456927 0.095465997429157165 -0.015977333813159841 -0.14541483569379487 0.10913522258627857 -0.014571829376493872 -0.057427766814896364 0.12449033060329805 0.016886345512597347
leaf_weight=2456.8449812829494 50.064241543412209 656.17401017248631 360.07255932688713 302.37784926593304 21.941035896539688 11.577313780784605 15.677663207054136 112.40376251935959 33.767241701483727 594.28104177117348 10.394952178001402 45.389802172780037 16.26790589094162 29.271108776330948 441.3066868185997 39.035493329167366 620.87773860991001 27.515588015317917 137.19067224860191 417.17203341424465 26.511570334434509 23.719548031687737 21.634157106280327 42.840718016028404 19.565242573618889 18.286016076803207 59.067178174853325 67.630681693553925 16.329272791743279 256.01885250210762
leaf_count=9826 49 798 1296 1065 25 7 9 121 26 2025 5 85 14 39 1478 25 3038 16 269 1105 98 19 47 212 13 18 105 247 11 975
internal_value=0.000417314 -0.0178386 -0.0295932 0.0187412 0.0259562 -0.0143988 -0.00820819 0.0104285 0.00753679 0.00463715 0.000741309 0.004347 0.000879618 0.0345074 0.0189441 -0.0239232 0.0406563 0.0302508 0.0544344 0.0436683 -0.0103659 -0.0285791 -0.00847452 0.0214168 -0.0729198 -0.0359697 -0.00443926 -0.0189598 0.0155461 0.0231182
internal_weight=6951.21 4053.59 3067.78 985.807 2897.62 329.633 318.056 1029.04 449.625 916.632 415.857 405.462 866.568 1868.58 529.179 87.8718 1339.4 763.099 576.304 439.113 142.222 115.71 91.9905 64.4749 48.8364 2618.16 161.313 143.027 75.3965 272.287
internal_count=23066 13498 11619 1879 9568 1081 1074 3184 1412 3063 1386 1381 3014 6384 1555 77 4829 3430 1399 1130 392 294 275 259 52 10207 381 363 116 989
is_linear=0
shrinkage=0.1


Tree=13
num_leaves=31
num_cat=0
split_feature=1 0 2 1 3 1 1 1 1 3 1 0 3 3 3 1 3 1 1 3 1 1 1 1 3 3 2 1 3 3
split_gain=273.896 165.481 99.1984 85.37 42.7126 41.8741 34.7101 27.8651 44.1275 33.2719 30.5551 40.7779 28.0477 23.7576 22.9054 21.3072 22.5988 24.3806 19.8411 46.648 19.8173 80.5258 32.503 122.834 25.3819 18.4204 16.4883 27.0535 24.4392 28.3561
threshold=80.500000000000014 2.5000000000000004 1.5000000000000002 79.500000000000014 130.50000000000003 83.500000000000014 77.500000000000014 69.500000000000014 70.500000000000014 138.50000000000003 63.500000000000007 1.5000000000000002 140.50000000000003 111.50000000000001 170.50000000000003 70.500000000000014 153.50000000000003 67.500000000000014 118.50000000000001 139.50000000000003 60.500000000000007 69.500000000000014 70.500000000000014 78.500000000000014 118.50000000000001 99.500000000000014 2.5000000000000004 91.500000000000014 148.50000000000003 104.50000000000001
decision_type=2 2 2 2 2 2 2 2 2 2 2 2 2 2 2 2 2 2 2 2 2 2 2 2 2 2 2 2 2 2
left_child=1 2 4 7 20 -2 15 10 12 -10 11 13 25 -4 -6 16 17 -3 26 -20 -1 24 -23 -24 -22 -9 27 -7 29 -29
right_child=5 6 3 -5 14 18 -8 8 9 -11 -12 -13 -14 -15 -16 -17 -18 -19 19 -21 21 22 23 -25 -26 -27 -28 28 -30 -31
leaf_value=-0.063446213782111002 0.084462479116948624 0.092512430448013439 -0.025420153112306609 -0.03843363544215353 0.019656092457526725 0.02120807652097809 0.012974353383990406 0.093192657426089065 0.065157538417307509 -0.030007137327724104 0.086496649518410587 -0.10596142818383232 0.11833544554833381 0.098729168499087472 -0.086861979291208313 0.10622270862933698 -0.058722783504301893 0.013434478481542556 -0.25091930217855341 0.058905926603964265 0.097243632884496778 -0.051699253034450214 0.076462869608953182 -0.031781255097423793 -0.033863799517097622 -0.070148367174580104 0.010890920924850991 0.0124156609533789 0.02175521034687615 0.077611034168059825
leaf_weight=179.86226645112038 127.11330676078796 88.889730200171471 24.807769641280174 234.54494158923626 241.18177962303162 1003.0752737671137 242.14249694347382 7.5141944587230673 146.82893045246601 48.999290525913239 151.47539874911308 21.878259405493736 10.135720625519751 40.706018999218941 22.032062977552414 86.15904013812542 18.58943147957325 69.450038567185402 8.5178834348917025 11.31493043899536 64.714880347251892 650.68107490241528 110.57469861209393 2019.9705677181482 19.131496921181679 85.035000771284103 522.94863966107368 85.724790617823601 225.97833201289177 300.81928682327271
leaf_count=740 109 95 52 947 955 4370 1135 8 112 30 99 34 16 30 24 68 12 193 11 56 78 2755 123 8310 23 280 828 53 1020 500
internal_value=0.000405729 -0.0136902 -0.0203752 0.011904 -0.0279073 0.028686 0.0402954 0.0338743 0.0135046 0.0413458 0.0593305 0.0122437 -0.0395909 0.0517182 0.0107401 0.0654414 0.0455821 0.0578277 0.0254012 -0.0741592 -0.0312481 -0.0292268 -0.0321376 -0.0261634 0.0673284 -0.0568865 0.0263245 0.0313201 0.0478798 0.0631525
internal_weight=6870.8 4585.31 4080.07 771.926 3308.15 2285.49 505.231 537.381 298.513 195.828 238.867 87.392 102.685 65.5138 263.214 263.088 176.929 158.34 2158.38 19.8328 3044.93 2865.07 2781.23 2130.55 83.8464 92.5492 2138.55 1615.6 612.522 386.544
internal_count=23066 16119 14616 1608 13008 6947 1503 661 446 142 215 116 304 82 979 368 300 288 6838 67 12029 11289 11188 8433 101 288 6771 5943 1573 553
is_linear=0
shrinkage=0.1


Tree=14
num_leaves=31
num_cat=0
split_feature=1 0 3 1 3 1 1 1 3 1 1 1 3 1 3 2 3 1 2 3 1 3 1 1 3 1 2 3 3 3
split_gain=225.228 136.648 83.1527 37.1887 36.3939 42.5208 31.3843 134.97 45.2046 33.2233 99.9278 30.6053 25.4849 19.8679 18.9903 19.5735 18.8824 22.0272 16.3557 25.9435 20.9812 24.352 28.5756 24.4619 22.817 21.4164 30.9126 16.7128 18.5998 16.6734
threshold=80.500000000000014 2.5000000000000004 120.50000000000001 83.500000000000014 170.50000000000003 79.500000000000014 69.500000000000014 60.500000000000007 99.500000000000014 70.500000000000014 78.500000000000014 77.500000000000014 90.500000000000014 70.500000000000014 123.50000000000001 2.5000000000000004 153.50000000000003 67.500000000000014 2.5000000000000004 95.500000000000014 91.500000000000014 145.50000000000003 89.500000000000014 85.500000000000014 125.50000000000001 100.50000000000001 1.5000000000000002 158.50000000000003 174.50000000000003 101.50000000000001
decision_type=2 2 2 2 2 2 2 2 2 2 2 2 2 2 2 2 2 2 2 2 2 2 2 2 2 2 2 2 2 2
left_child=1 2 6 -2 5 14 7 -1 12 -10 -11 13 -8 16 -4 -16 17 -3 20 -20 21 22 23 -5 -24 26 -22 -28 -29 -27
right_child=3 11 4 18 -6 -7 8 -9 9 10 -12 -13 -14 -15 15 -17 -18 -19 19 -21 25 -23 24 -25 -26 29 27 28 -30 -31
leaf_value=-0.053607653962681148 0.080243267250532491 0.088420612647447161 0.1231568048725674 0.00086482873586028535 -0.086328117972137464 -0.0094114472790137425 -0.051128966455334823 0.071411041489238589 -0.051313242350826238 0.068749650531992876 -0.030819872638315062 0.011745634659285492 0.087517888261646304 0.10253336844247581 0.015320409967470208 0.06323451322551446 -0.051928695803680869 0.012168429052037008 0.1216852771960467 0.0036118065690262007 0.033979558608372477 0.050101309646660958 -0.036940559647221288 0.080364240349388827 0.011079410668827195 -0.09159928412776791 0.10114732320005314 -0.051619436336195257 0.12312475341925931 0.020392096101061102
leaf_weight=194.63753668963909 120.7525909692049 83.961267918348312 22.754481732845306 64.169201523065567 39.442507714033127 458.85909296572208 18.060936689376831 155.22313186526299 667.4859923273325 106.38596253097057 1917.4720885157585 240.79995660483837 49.848842725157738 80.620971828699112 291.90907421708107 120.43573793768883 18.901561856269836 69.031387373805046 19.315743327140808 508.63966616988182 302.03947930037975 203.7069455832243 123.03198848664761 97.532975420355797 505.51858529448509 14.882014527916906 141.15820679068565 16.248151808977131 9.7441475093364698 124.58038391172886
leaf_count=799 109 95 17 120 34 2129 49 148 2804 124 7903 1135 30 68 490 89 12 193 15 823 1118 1125 412 97 2616 13 173 72 25 229
internal_value=0.000399646 -0.0124342 -0.0184975 0.0262566 0.00767806 0.0118257 -0.0263558 0.00185955 -0.0299334 -0.0319666 -0.0255859 0.0372522 0.0506441 0.0615754 0.0342226 0.0293149 0.0423655 0.0540151 0.0231968 0.00793164 0.0282257 0.019272 0.011325 0.048816 0.00168002 0.0428475 0.0530744 0.0875786 0.0138897 0.00844151
internal_weight=6787.15 4535.83 4042.52 2251.32 933.401 893.958 3109.11 349.861 2759.25 2691.34 2023.86 493.315 67.9098 252.515 435.099 412.345 171.894 152.993 2130.57 527.955 1602.61 993.96 790.253 161.702 628.551 608.652 469.19 167.151 25.9923 139.462
internal_count=23066 16119 14616 6947 2759 2725 11857 947 10910 10831 8027 1503 79 368 596 579 300 288 6838 838 6000 4370 3245 217 3028 1630 1388 270 97 242
is_linear=0
shrinkage=0.1


Tree=15
num_leaves=31
num_cat=0
split_feature=1 0 3 3 2 1 1 1 3 1 1 3 1 2 3 3 1 1 1 1 3 1 1 1 3 1 1 3 1 1
split_gain=185.577 112.818 69.9116 40.8081 36.0138 38.6612 33.5155 26.9347 20.9147 19.1013 56.5276 23.0514 18.5168 17.6613 17.3767 16.8372 15.7079 26.6959 38.1072 31.2966 32.6824 16.0977 26.8149 15.5784 33.1197 13.2462 48.2482 12.9611 12.2206 18.7405
threshold=80.500000000000014 2.5000000000000004 130.50000000000003 170.50000000000003 1.5000000000000002 79.500000000000014 82.500000000000014 77.500000000000014 90.500000000000014 69.500000000000014 70.500000000000014 124.50000000000001 70.500000000000014 2.5000000000000004 153.50000000000003 110.50000000000001 61.500000000000007 65.500000000000014 66.500000000000014 69.500000000000014 138.50000000000003 74.500000000000014 71.500000000000014 118.50000000000001 139.50000000000003 76.500000000000014 71.500000000000014 123.50000000000001 89.500000000000014 92.500000000000014
decision_type=2 2 2 2 2 2 2 2 2 2 2 2 2 2 2 2 2 2 2 2 2 2 2 2 2 2 2 2 2 2
left_child=1 2 4 16 15 8 -2 12 -6 -10 -11 -12 13 14 -3 -1 -4 -18 -19 -20 -21 22 -22 28 -25 26 -17 -9 -8 -30
right_child=6 7 3 -5 5 -7 23 27 9 10 11 -13 -14 -15 -16 25 17 18 19 20 21 -23 -24 24 -26 -27 -28 -29 29 -31
leaf_value=-0.037684965669279091 0.087193506936983051 0.078707764423495488 -0.038212226522388433 -0.075779037794737394 -0.08324847721293259 -0.032602722912786007 0.040143640414153511 -0.0084063346724545691 0.057310434233063118 -0.052760570335471574 0.079120265146662663 -0.027629724977054439 0.099045441823184172 -0.00524066894420355 -0.038632099367154338 -0.018062331249684642 0.1033899667980788 -0.12829147059240717 0.12380331013224473 0.10665813400286123 0.020351930058083167 0.022071180850455039 -0.11924468046379906 -0.20219662628557511 0.053788124073689395 -0.024404486026794583 0.093495090396724212 0.039050044530172405 0.010228220051924499 0.030911516749182157
leaf_weight=857.72434560954571 81.058690868318081 94.555878192186356 31.604768887162209 40.385216847062111 17.88906541466713 205.02268087863922 331.68911332637072 143.48566199839115 131.84428957104683 86.304790362715721 87.742571875452995 26.289172530174255 75.386132523417473 58.008699893951416 14.564398452639578 275.37832520902157 49.839686810970306 15.480749368667601 33.492228791117668 38.937065094709396 32.429683104157448 187.74520106613636 23.902185082435608 9.4633112698793429 10.848190203309057 1819.5067680478096 45.121349766850471 96.092575162649155 1005.5845998823643 776.21580803394318
leaf_count=3417 73 158 36 34 39 813 370 637 132 275 76 18 68 133 9 987 36 9 23 48 104 927 17 11 56 7558 67 498 4645 1792
internal_value=0.000393042 -0.0112944 -0.0167937 0.0201663 -0.0215147 0.00188236 0.0240794 0.0344093 0.022079 0.0277512 0.00829785 0.0545098 0.0579027 0.0393446 0.0630463 -0.0258471 0.0295385 0.0351464 0.0249013 0.0323942 0.0215767 0.00800385 -0.0388803 0.0216818 -0.0654775 -0.0211025 -0.00235679 0.010628 0.0225194 0.0192386
internal_weight=6703.59 4488.73 4006.64 453.817 3552.82 555.093 2214.86 482.093 350.07 332.181 200.337 114.032 242.515 167.129 109.12 2997.73 413.432 381.827 331.987 316.506 283.014 244.077 56.3319 2133.8 20.3115 2140.01 320.5 239.578 2113.49 1781.8
internal_count=23066 16119 14616 1234 13382 1353 6947 1503 540 501 369 94 368 300 167 12029 1200 1164 1128 1119 1096 1048 121 6874 67 8612 1054 1135 6807 6437
is_linear=0
shrinkage=0.1


Tree=16
num_leaves=31
num_cat=0
split_feature=3 1 0 3 1 0 2 0 2 1 3 1 1 1 3 1 1 3 3 3 3 3 1 1 3 3 3 1 1 1
split_gain=155.343 82.8164 42.2025 27.9484 34.8057 32.1686 45.1162 25.7856 24.3057 23.962 23.1169 35.3259 23.0402 106.074 35.9702 25.1249 71.0703 20.7683 32.3334 25.5553 26.0579 19.6904 19.2678 44.2719 22.3526 19.2085 20.3879 17.7399 27.2516 19.1731
threshold=120.50000000000001 80.500000000000014 2.5000000000000004 117.50000000000001 101.50000000000001 1.5000000000000002 2.5000000000000004 2.5000000000000004 1.5000000000000002 77.500000000000014 135.50000000000003 60.500000000000007 69.500000000000014 60.500000000000007 99.500000000000014 70.500000000000014 78.500000000000014 163.50000000000003 168.50000000000003 170.50000000000003 179.50000000000003 90.500000000000014 86.500000000000014 93.500000000000014 102.50000000000001 93.500000000000014 114.50000000000001 65.500000000000014 66.500000000000014 79.500000000000014
decision_type=2 2 2 2 2 2 2 2 2 2 2 2 2 2 2 2 2 2 2 2 2 2 2 2 2 2 2 2 2 2
left_child=1 2 12 22 5 6 8 10 -5 -4 11 -2 13 -1 21 -16 -17 -12 -19 -20 -21 -14 24 -24 -3 -15 -27 -13 -29 -30
right_child=7 3 9 4 -6 -7 -8 -9 -10 -11 17 27 14 25 15 16 -18 18 19 20 -22 -23 23 -25 -26 26 -28 28 29 -31
leaf_value=-0.046693599283087965 -0.16524877664135185 0.017313529911454465 0.053100348460886272 -0.039236275722584736 -0.22832151003960199 0.060797740220775609 -0.25572799019055181 0.037494259762697095 0.11449596012634729 -0.0075416510144779058 0.027821433711130224 0.070899947841157246 -0.04024641879393856 -0.025210352127093522 -0.043743099769460649 0.059991092758368919 -0.025532429218238978 -0.093399969197160065 0.088637171925314118 -0.044689216551150386 0.05972321010771945 0.08210738512288869 -0.015588777821921758 0.05828171548471827 0.11391610583468861 0.10490738785149188 0.01594923298127935 -0.13186387486416259 0.036880293929043337 -0.0032835910965077113
leaf_weight=190.20607733726501 12.510111495852469 40.601440012454987 119.06650927662849 68.936294868588448 7.2671866416931143 49.591689184308052 8.7169617861509305 572.39057102054358 12.087737098336218 143.91913810372353 1066.0699539482594 37.922011137008667 18.193358302116394 19.951868653297424 652.91262328624725 102.41979338973761 1894.4258052110672 36.196904823184013 33.629549726843834 74.155377045273781 35.270629972219467 47.473817452788353 151.62655827403069 174.5010971724987 58.412466086447239 92.937367767095566 35.644177302718163 15.161553010344504 142.5074210613966 716.13926913589239
leaf_count=799 21 32 231 254 3 108 9 1839 18 637 4579 28 49 14 2804 124 7903 35 166 47 205 30 177 124 48 102 32 9 278 2361
internal_value=0.000386166 -0.0124661 -0.0185245 0.0226841 -0.0149671 -0.00383912 -0.039558 0.0186144 -0.0163014 0.019914 0.0136334 0.00165145 -0.0218344 0.00275703 -0.0249021 -0.0267139 -0.0211459 0.022526 -0.00896742 0.0123963 -0.0110346 0.0482088 0.0356672 0.0239371 0.0743035 0.0660816 0.0802472 0.00394153 0.00103563 0.00338231
internal_weight=6630.85 3888.89 3317.15 571.741 146.6 139.333 89.741 2741.95 81.024 262.986 2169.56 924.24 3054.16 338.739 2715.43 2649.76 1996.85 1245.32 179.252 143.056 109.426 65.6672 425.142 326.128 99.0139 148.533 128.582 911.73 873.808 858.647
internal_count=23066 13498 12725 773 392 389 281 9568 272 868 7729 2697 11857 947 10910 10831 8027 5032 453 418 252 79 381 301 80 148 134 2676 2648 2639
is_linear=0
shrinkage=0.1


Tree=17
num_leaves=31
num_cat=0
split_feature=3 1 0 1 1 1 3 3 3 1 2 3 0 3 3 3 3 3 3 1 3 1 3 3 3 3 1 1 2 3
split_gain=127.381 68.2891 34.5815 23.3289 27.2469 28.5238 51.6093 38.8331 51.7261 23.6265 25.5742 22.8477 21.712 20.8396 84.0425 35.94 118.175 31.8575 23.8563 20.2048 19.1886 27.7098 17.1068 25.1399 21.836 21.3007 15.8694 15.3561 20.5912 13.1682
threshold=120.50000000000001 80.500000000000014 2.5000000000000004 83.500000000000014 93.500000000000014 89.500000000000014 97.500000000000014 101.50000000000001 103.50000000000001 109.50000000000001 2.5000000000000004 109.50000000000001 2.5000000000000004 90.500000000000014 99.500000000000014 100.50000000000001 109.50000000000001 110.50000000000001 114.50000000000001 77.500000000000014 135.50000000000003 60.500000000000007 163.50000000000003 168.50000000000003 170.50000000000003 179.50000000000003 62.500000000000007 69.500000000000014 1.5000000000000002 176.50000000000003
decision_type=2 2 2 2 2 2 2 2 2 2 2 2 2 2 2 2 2 2 2 2 2 2 2 2 2 2 2 2 2 2
left_child=1 2 13 -3 5 -5 -7 -8 -9 10 -6 -10 20 -1 -15 -16 -17 -18 -19 -4 21 -2 27 -24 -25 29 -23 28 -22 -26
right_child=12 3 19 4 9 6 7 8 11 -11 -12 -13 -14 14 15 16 17 18 -20 -21 22 26 23 24 25 -27 -28 -29 -30 -31
leaf_value=-0.069304774691020019 -0.1440784082941747 0.087970694873963029 0.04935343344179139 0.03363841826363774 0.094075457661894429 -0.2078483521950284 0.10777960805862721 -0.25072310346811916 0.12980057501848355 -0.017602257559811346 0.0098496650281136178 -0.027034659707390152 0.03451087558085357 0.077619929325945233 -0.064887718519235638 0.086861121791071805 -0.04319856506762168 0.055478988206074803 -0.01833419718692595 -0.0067682917193563315 0.0076849205037509589 0.12150570916121771 -0.080527106135095866 0.084014899548005256 -0.0018708859482874101 0.055648027311569731 0.0020939719076250767 0.021742540752246707 0.10433841069315374 -0.085974771967180327
leaf_weight=82.835722416639328 12.890435189008711 47.495395384728909 115.48807328939438 122.85565620660782 96.096797928214073 14.754394769668577 23.069356024265289 10.049166321754454 10.000239133834837 48.448434397578239 57.694567263126373 130.54750250279903 560.33983479440212 88.332692682743073 178.32471020519733 102.33999616652727 586.22115455567837 44.795691430568695 1942.489553399384 144.30571742355824 37.363035708665848 11.268885254859923 37.697304159402847 32.016786113381386 41.503656044602394 34.129399552941322 898.16230727732182 957.66980259120464 53.751812979578972 33.758887618780136
leaf_count=329 21 47 231 109 81 9 25 5 6 36 38 417 1839 60 779 91 2586 38 7974 637 44 8 35 166 30 205 2668 4498 37 17
internal_value=0.000375392 -0.0113257 -0.0168322 0.0209186 0.014717 -0.00385005 -0.0282936 -0.0130389 -0.0315467 0.0432943 0.0624783 -0.0158755 0.0169787 -0.0198387 -0.0184462 -0.0214193 -0.0185225 -0.0227132 -0.0166704 0.0181799 0.0124099 0.00151002 0.0205972 -0.00796509 0.0113788 -0.00988032 0.00357362 0.0254749 0.0647042 -0.0395955
internal_weight=6556.7 3846.14 3285.13 561.012 513.516 311.276 188.421 173.666 150.597 202.24 153.791 140.548 2710.55 3025.34 2942.5 2854.17 2675.85 2573.51 1987.29 259.794 2150.21 922.322 1227.89 179.106 141.409 109.392 909.431 1048.78 91.1148 75.2625
internal_count=23066 13498 12725 773 726 571 462 453 428 155 119 423 9568 11857 11528 11468 10689 10598 8012 868 7729 2697 5032 453 418 252 2676 4579 81 47
is_linear=0
shrinkage=0.1


Tree=18
num_leaves=31
num_cat=0
split_feature=1 0 3 1 3 1 1 3 3 1 1 1 2 1 1 3 1 3 3 1 3 3 3 1 3 3 3 0 2 3
split_gain=105.201 65.9863 38.8021 28.7797 25.841 20.6781 81.0382 23.7519 22.3678 18.6118 18.9135 16.483 15.9505 15.359 40.0029 19.8603 14.0921 14.0271 13.4503 13.134 13.1115 12.7264 27.8099 12.6658 22.596 11.8558 18.1136 10.4348 10.3094 21.6544
threshold=80.500000000000014 2.5000000000000004 130.50000000000003 82.500000000000014 170.50000000000003 69.500000000000014 60.500000000000007 99.500000000000014 110.50000000000001 77.500000000000014 70.500000000000014 67.500000000000014 2.5000000000000004 79.500000000000014 70.500000000000014 115.50000000000001 65.500000000000014 95.500000000000014 114.50000000000001 72.500000000000014 151.50000000000003 140.50000000000003 134.50000000000003 118.50000000000001 139.50000000000003 100.50000000000001 104.50000000000001 1.5000000000000002 2.5000000000000004 95.500000000000014
decision_type=2 2 2 2 2 2 2 2 2 2 2 2 2 2 2 2 2 2 2 2 2 2 2 2 2 2 2 2 2 2
left_child=1 2 5 -2 12 6 25 17 -9 10 11 20 -4 14 15 -10 -8 19 -18 -7 -3 22 -14 28 -25 -1 -27 -15 -5 -30
right_child=3 9 4 23 -6 7 16 8 13 -11 -12 -13 21 27 -16 -17 18 -19 -20 -21 -22 -23 -24 24 -26 26 -28 -29 29 -31
leaf_value=-0.061206200478192398 0.080432006378739318 0.076865716082616664 0.012418402497891435 0.021287834147189679 -0.059501513934159284 -0.064754698526498733 0.080331241699705444 -0.035638673163678469 -0.15787721980731459 0.0078282010560409062 0.092890128820936141 -0.0080708281390298002 0.11687959236668151 -0.021410229823621979 0.045225610407158799 -0.016471226721209001 0.059481909810728484 0.09897585892829644 -0.01674423267758679 0.055166319539182052 -0.020089760288485164 0.090445415387753525 -0.064084733060717353 -0.16911174770489268 0.043708689593666403 0.16326233333025061 -0.023653656730135468 0.0026729489085771212 0.11753534375352021 0.0010592151712411838
leaf_weight=109.94229164719582 72.6890734359622 70.442370928823948 303.52417059242725 1527.2979283481836 41.6209746748209 16.235864490270615 92.968686379492283 718.88579177856445 10.432802379131315 234.89508616924286 66.406690344214439 67.414777636528015 14.804185867309569 1748.983879968524 140.35547383129597 207.03627218306065 51.724329605698586 25.555364310741425 41.900556057691574 20.87571382522583 17.391352295875549 54.82957436144352 19.916998103260994 9.9940240383148211 9.9616741091012937 5.5555835962295523 77.631113961338997 200.53948666155338 16.49724018573761 491.45407381653786
leaf_count=506 73 94 1109 5973 34 46 88 3009 24 1135 68 198 12 7389 209 850 62 18 36 15 8 44 35 11 56 3 309 818 13 821
internal_value=0.000365811 -0.00853029 -0.0127377 0.0185932 0.0154264 -0.0162673 0.00575411 -0.0189744 -0.0202363 0.0274416 0.0482265 0.0291218 0.0233602 -0.0154375 0.00360629 -0.023255 0.0527529 0.0419623 0.0253679 0.00270233 0.0576682 0.0604463 0.0130736 0.016406 -0.062874 -0.0396543 -0.0111706 -0.0189329 0.0171834 0.00484213
internal_weight=6487.76 4359.87 3903.32 2127.89 434.696 3468.62 379.723 3088.9 3026.23 456.55 221.655 155.249 393.075 2307.35 357.825 217.469 186.594 62.6669 93.6249 37.1116 87.8337 89.5508 34.7212 2055.2 19.9557 193.129 83.1867 1949.52 2035.25 507.951
internal_count=23066 16119 14616 6947 1234 13382 1004 12378 12299 1503 368 300 1200 9290 1083 874 186 79 98 61 102 91 47 6874 67 818 312 8207 6807 834
is_linear=0
shrinkage=0.1


Tree=19
num_leaves=31
num_cat=0
split_feature=3 1 1 2 0 1 1 1 2 3 1 1 3 1 3 3 3 3 3 3 3 3 3 1 3 3 0 1 3 1
split_gain=86.5142 57.6393 44.2445 34.7002 31.8135 15.5485 60.072 22.8073 27.9363 27.7249 19.7998 15.2613 29.1017 14.8594 12.3862 12.2223 11.8619 44.7933 21.8 16.146 10.684 13.8837 10.6816 10.0389 9.52424 19.374 8.55326 11.8421 21.5202 8.50904
threshold=130.50000000000003 93.500000000000014 116.50000000000001 1.5000000000000002 1.5000000000000002 112.50000000000001 106.50000000000001 108.50000000000001 2.5000000000000004 171.50000000000003 101.50000000000001 65.500000000000014 100.50000000000001 100.50000000000001 94.500000000000014 133.50000000000003 95.500000000000014 96.500000000000014 92.500000000000014 99.500000000000014 110.50000000000001 117.50000000000001 92.500000000000014 90.500000000000014 115.50000000000001 114.50000000000001 2.5000000000000004 69.500000000000014 96.500000000000014 90.500000000000014
decision_type=2 2 2 2 2 2 2 2 2 2 2 2 2 2 2 2 2 2 2 2 2 2 2 2 2 2 2 2 2 2
left_child=1 3 14 4 20 6 10 -8 9 -9 13 12 22 15 -3 -2 18 -18 -13 -19 -1 24 -5 -23 25 -22 -6 -28 -29 -30
right_child=5 2 -4 11 26 -7 7 8 -10 -11 -12 16 -14 -15 -16 -17 17 19 -20 -21 21 23 -24 -25 -26 -27 27 28 29 -31
leaf_value=-0.028542539831954095 0.063967251743984516 0.11654831757792672 -0.10279710056491985 0.028549439529855381 -0.00055166428657062562 0.082018936689287392 -0.18209147679513649 0.076642654035401145 -0.15858728444770331 -0.14499173720930317 0.12996859647046274 -0.0094809536007609326 0.079319253617267216 -0.10290634374478354 0.041555716496817718 0.019836124249297971 -0.2260782577582694 0.067188654892253522 0.1141979690058303 -0.00077729945266680255 0.06411215038321931 -0.016263909443324936 -0.084708843879420181 0.12613817953538375 0.090980550559100953 -0.08443183829687223 0.090974292652574229 -0.15522449240358727 0.01848999406804545 0.12603641882113817
leaf_weight=739.84222556650639 65.530022330582142 24.2843267172575 20.86437463760376 15.185441717505453 356.21352596580982 39.3587396889925 16.218223184347153 20.258342400193218 13.865807041525839 7.8239209502935401 16.834350794553757 31.325562968850136 71.223433770239353 9.6291297078132612 236.65962348878384 1483.0389454141259 8.6861764192581159 36.543023705482483 26.147560074925423 803.26980639249086 21.839773014187813 2125.7206359058619 18.437927708029747 4.9621048718690863 19.477997943758965 14.683554284274576 24.425867557525635 7.0046403408050528 138.517314709723 7.769437074661254
leaf_count=3097 58 19 17 35 1266 77 11 83 12 25 20 24 90 8 231 6090 7 27 22 2170 20 8820 39 4 16 52 36 4 681 5
internal_value=0.000349506 -0.00653366 0.0373306 -0.00929826 -0.0140595 0.0199101 0.0184134 -0.0813855 -0.0424499 0.0148937 0.0220989 0.00700146 0.0431207 0.0209336 0.0485348 0.0217036 0.00282144 -0.000156583 0.0467871 0.00218012 -0.018155 -0.0146405 -0.0335576 -0.0159323 0.0345091 0.00439268 0.00838824 0.0263072 0.016003 0.0242019
internal_weight=6425.64 4753.08 281.808 4471.28 3460.46 1672.56 1633.2 58.1663 41.9481 28.0823 1575.03 1010.82 104.847 1558.2 260.944 1548.57 905.972 848.499 57.4731 839.813 2926.53 2186.68 33.6234 2130.68 56.0013 36.5233 533.931 177.717 153.291 146.287
internal_count=23066 16682 267 16415 14001 6384 6307 131 120 108 6176 2414 164 6156 250 6148 2250 2204 46 2197 12009 8912 74 8824 88 72 1992 726 690 686
is_linear=0
shrinkage=0.1


Tree=20
num_leaves=31
num_cat=0
split_feature=3 1 1 2 1 1 1 3 0 3 3 1 1 3 3 3 3 3 3 1 3 1 3 3 2 2 1 3 1 2
split_gain=73.431 39.7489 28.206 23.9107 19.2122 31.2037 21.2131 19.0165 16.4034 15.233 15.9644 14.8489 20.1903 18.093 64.9425 28.9414 15.7139 14.2025 24.9266 14.5224 14.1959 24.9075 21.1183 13.462 19.6793 13.3553 12.9085 19.5308 19.1891 15.3636
threshold=125.50000000000001 93.500000000000014 109.50000000000001 1.5000000000000002 112.50000000000001 106.50000000000001 101.50000000000001 103.50000000000001 1.5000000000000002 123.50000000000001 120.50000000000001 79.500000000000014 70.500000000000014 95.500000000000014 97.500000000000014 99.500000000000014 121.50000000000001 102.50000000000001 109.50000000000001 80.500000000000014 141.50000000000003 108.50000000000001 171.50000000000003 161.50000000000003 2.5000000000000004 2.5000000000000004 69.500000000000014 95.500000000000014 60.500000000000007 2.5000000000000004
decision_type=2 2 2 2 2 2 2 2 2 2 2 2 2 2 2 2 2 2 2 2 2 2 2 2 2 2 2 2 2 2
left_child=1 3 7 8 5 6 -2 -3 9 10 -1 12 26 -13 -15 -16 17 -17 -19 -20 -7 -22 23 24 -23 -9 27 29 -29 -5
right_child=4 2 -4 11 -6 20 -8 25 -10 -11 -12 13 -14 14 15 16 -18 18 19 -21 21 22 -24 -25 -26 -27 -28 28 -30 -31
leaf_value=-0.017811655810411883 0.013765927540439605 0.10101946313655462 -0.022893277493029669 0.01645330153596844 0.081728878753773604 0.038568366969783052 0.12506684988732072 0.05844076191603869 0.0037875855314987595 -0.089180200814634208 0.080372869507449207 0.075400171503232083 0.05437001306126206 -0.2608865729926676 0.12132276798603359 -0.082977273291611114 -0.088464768046468675 0.074212685291038846 -0.023143582526529396 0.02740934050995518 -0.18434026288972005 0.05113475255374296 -0.15087818662778663 0.12146984486182551 -0.16418445163166467 -0.014901272059571539 -0.022456274852294872 -0.046686681558787885 0.065308337102949088 -0.12410195574874955
leaf_weight=2426.2091894894838 2345.8909052982926 57.548070639371872 65.508838072419167 17.860631048679352 40.992682874202728 12.883581876754759 17.249934256076813 62.579057440161705 401.38737525045872 29.710083767771721 16.674086108803749 24.835571005940437 114.45267736911774 10.264652013778685 17.048876643180847 22.843028381466866 25.009395733475685 38.591736376285553 236.42024053633213 74.806541606783867 15.632635593414305 10.793002650141721 10.844965383410452 8.1773951351642591 6.9961138367652884 41.157539784908295 107.4298160225153 18.675599791109562 84.6099663823843 13.774201065301897
leaf_count=10179 9083 46 47 30 79 22 21 63 1421 105 21 20 119 6 12 29 26 27 981 101 9 52 27 20 5 28 328 61 83 15
internal_value=0.000341363 -0.00818951 0.032442 -0.0106932 0.0138397 0.0126937 0.0145784 0.0549175 -0.0149632 -0.0180071 -0.0171415 0.00452084 0.0197549 -0.00756304 -0.0124113 -0.00626134 -0.0117311 -0.00658149 -0.00159287 -0.0109927 -0.0554825 -0.0785873 -0.0336775 0.0152716 -0.0335461 0.0293423 0.00340756 0.0240015 0.0450579 -0.0447462
internal_weight=6376.86 3907.4 226.794 3680.6 2469.46 2428.47 2363.14 161.285 2873.98 2472.59 2442.88 806.623 356.803 449.82 424.984 414.72 397.671 372.662 349.819 311.227 65.3277 52.4441 36.8115 25.9665 17.7891 103.737 242.35 134.92 103.286 31.6348
internal_count=23066 13748 184 13564 9318 9239 9104 137 11726 10305 10200 1838 636 1202 1182 1176 1164 1138 1109 1082 135 113 104 77 57 91 517 189 144 45
is_linear=0
shrinkage=0.1


Tree=21
num_leaves=31
num_cat=0
split_feature=1 0 1 1 1 3 3 3 3 3 1 3 3 1 1 3 2 3 3 1 1 3 3 3 3 3 3 1 1 3
split_gain=61.5673 44.1265 26.5338 22.397 59.5844 22.4359 17.2852 23.7901 17.2571 21.686 20.0869 16.6489 22.3445 19.4168 28.0382 19.902 16.2754 23.3873 26.3289 25.886 18.8516 30.2402 18.5121 27.1758 24.5142 17.9598 17.0748 12.9481 45.4655 12.118
threshold=80.500000000000014 2.5000000000000004 89.500000000000014 69.500000000000014 60.500000000000007 167.50000000000003 135.50000000000003 131.50000000000003 168.50000000000003 153.50000000000003 64.500000000000014 99.500000000000014 115.50000000000001 79.500000000000014 74.500000000000014 153.50000000000003 2.5000000000000004 110.50000000000001 120.50000000000001 95.500000000000014 90.500000000000014 129.50000000000003 148.50000000000003 97.500000000000014 149.50000000000003 145.50000000000003 122.50000000000001 65.500000000000014 66.500000000000014 95.500000000000014
decision_type=2 2 2 2 2 2 2 2 2 2 2 2 2 2 2 2 2 2 2 2 2 2 2 2 2 2 2 2 2 2
left_child=1 3 -2 4 6 27 7 -1 9 10 -3 29 -13 14 15 -14 20 19 -19 -18 21 -4 23 -22 -24 -23 -20 -6 -29 -5
right_child=2 8 16 11 5 -7 -8 -9 -10 -11 -12 12 13 -15 -16 -17 17 18 26 -21 22 25 24 -25 -26 -27 -28 28 -30 -31
leaf_value=-0.033243156139737391 0.038626936107028581 0.083151255480796812 -0.046044793044238572 0.0025292081762550746 0.068824599138500406 -0.05694341627281866 0.082278324500893008 -0.26027634284871198 0.1213757688352263 -0.088361719088686896 0.015797981952063465 -0.029008332461897553 0.0012182254165605155 -0.013459694645848711 0.04798813382633757 -0.085897373438283811 -0.028657356045181315 -0.090307879488646964 0.12477843803839438 0.096523643583352942 -0.02944171270246649 0.0021780532991504549 -0.19388329644369609 0.05272356046015414 0.010651642071212277 0.040594816812284724 -0.013340325358516751 -0.05153156704833925 0.069184464316828773 0.094136726635638171
leaf_weight=188.22427855432034 373.71222928166389 50.596716336905956 104.08890233933926 36.061176627874374 134.71972259134054 22.541571140289307 12.555877193808554 4.7314996719360343 17.291440278291702 17.867917165160179 354.60012595355511 752.13282828778028 287.89963937550783 2069.8568992614746 133.04169301688671 28.852527543902397 28.408365175127983 46.205182880163193 9.2747137546539289 39.47120189666748 46.251144304871559 470.92232824862003 6.0289772748947135 310.42667358368635 208.82687965035439 164.0952832698822 256.11113746464252 49.241539895534515 85.153990209102631 24.084019124507904
leaf_count=818 443 78 407 61 126 11 29 2 19 29 1377 3099 984 9105 195 38 26 42 6 30 36 2605 5 541 1070 1087 649 33 97 18
internal_value=0.000332719 -0.00652234 0.0145139 -0.00996994 0.00982903 0.0388891 -0.0314123 -0.0388103 0.0234562 0.019454 0.0242083 -0.0129242 -0.0138826 -0.00936751 0.00946388 -0.00671702 0.00918204 -0.00905529 -0.0206425 0.044134 0.0144623 0.00391603 0.0281007 0.042069 0.00491228 0.0121054 -0.00851335 0.0469162 0.024955 0.0392117
internal_weight=6333.28 4269.45 2063.82 3829.1 497.168 291.657 205.512 192.956 440.356 423.065 405.197 3331.93 3271.78 2519.65 449.794 316.752 1690.11 379.471 311.591 67.8796 1310.64 739.107 571.534 356.678 214.856 635.018 265.386 269.115 134.396 60.1452
internal_count=23066 16119 6947 14616 1116 267 849 820 1503 1484 1455 13500 13421 10322 1217 1022 6504 753 697 56 5751 4099 1652 577 1075 3692 655 256 130 79
is_linear=0
shrinkage=0.1


Tree=22
num_leaves=31
num_cat=0
split_feature=3 1 1 2 0 3 1 1 1 2 1 3 1 1 3 1 3 3 3 3 2 1 1 0 3 3 3 3 3 3
split_gain=52.92 34.268 32.2845 19.5973 19.7705 12.0126 11.8557 38.6927 15.7261 14.5795 16.2625 12.0295 15.2573 10.2618 22.726 9.51698 9.15652 8.81336 27.3205 12.1258 10.3844 8.79458 8.59549 8.55 8.50444 18.4522 14.0817 46.7737 11.5378 10.5105
threshold=130.50000000000003 93.500000000000014 116.50000000000001 1.5000000000000002 1.5000000000000002 94.500000000000014 112.50000000000001 106.50000000000001 101.50000000000001 2.5000000000000004 109.50000000000001 133.50000000000003 100.50000000000001 65.500000000000014 100.50000000000001 91.500000000000014 92.500000000000014 95.500000000000014 96.500000000000014 98.500000000000014 2.5000000000000004 90.500000000000014 60.500000000000007 1.5000000000000002 91.500000000000014 99.500000000000014 100.50000000000001 107.50000000000001 110.50000000000001 117.50000000000001
decision_type=2 2 2 2 2 2 2 2 2 2 2 2 2 2 2 2 2 2 2 2 2 2 2 2 2 2 2 2 2 2
left_child=1 3 5 4 24 -3 7 8 11 10 -9 -2 -13 14 16 21 -5 20 -19 -20 -15 -6 -16 -12 -1 -26 -27 -28 -29 -30
right_child=6 2 -4 13 15 -7 -8 9 -10 -11 23 12 -14 17 22 -17 -18 18 19 -21 -22 -23 -24 -25 25 26 27 28 29 -31
leaf_value=-0.053995278363628212 0.059776687640296935 0.11272995590083426 -0.087373279169003434 0.028479606673084731 0.0078676479547834972 0.033566546253744195 0.07288482876309739 -0.096506772608399377 0.12110518820036165 -0.1410847285744761 0.077355224640025685 0.015676357242061078 -0.11598499019288754 0.080682276197368757 0.0026151318234210069 -0.0769463129016148 -0.075767469197044135 -0.1627338393179783 0.074764335191059766 -0.00065555726302880184 -0.0076267418501194152 0.1369869757963087 0.091363830848438535 -0.0486536121893969 0.055772725546735541 -0.04650853892476791 0.096300088727445998 -0.028616518678726097 0.032130149954106325 -0.012337666414692486
leaf_weight=52.272546365857124 62.218269966542721 20.995217606425285 21.520211532711983 15.111890971660612 507.41493794322014 220.32096432894468 35.69410128891468 20.700038373470306 14.572217375040053 17.403443902730942 13.337903715670111 1438.8141261637211 8.8557875305414182 29.686220869421959 14.034502498805521 13.149901628494261 19.04314698278904 10.274534821510313 21.89763343334198 804.69402705132961 24.147260658442974 5.3305416107177725 49.066960647702217 9.0304922834038717 38.165866255760193 128.93884906172752 38.815510123968124 462.59186354279518 54.527429990470409 2109.1108669489622
leaf_count=254 59 19 17 35 1982 231 77 14 20 13 66 6090 7 26 38 7 39 7 18 2179 20 3 52 38 26 611 40 2166 88 8824
internal_value=0.000324967 -0.00508714 0.0299879 -0.00718319 -0.010776 0.040454 0.0158908 0.0146073 0.0177192 -0.0638423 -0.0326295 0.0167214 0.0148709 0.00521864 0.0360611 0.00705566 -0.0296434 0.00185092 -0.000672002 0.00134243 0.0410709 0.00920998 0.0716251 0.0264834 -0.0140271 -0.0132894 -0.0142328 -0.0126712 -0.0142818 -0.011217
internal_weight=6281.74 4661.11 262.836 4398.27 3410.32 241.316 1620.63 1584.93 1524.46 60.4719 43.0684 1509.89 1447.67 987.956 97.2565 525.895 34.155 890.7 836.866 826.592 53.8335 512.745 63.1015 22.3684 2884.42 2832.15 2793.98 2665.05 2626.23 2163.64
internal_count=23066 16682 267 16415 14001 250 6384 6307 6176 131 118 6156 6097 2414 164 1992 74 2250 2204 2197 46 1985 90 104 12009 11755 11729 11118 11078 8912
is_linear=0
shrinkage=0.1


Tree=23
num_leaves=31
num_cat=0
split_feature=3 1 1 0 2 3 2 3 3 1 3 3 1 1 1 1 0 3 1 0 1 2 1 3 1 1 2 1 3 1
split_gain=43.351 28.3294 26.207 16.4502 18.3152 25.3471 14.3971 13.3003 15.9985 14.6225 11.6759 13.4374 11.2993 20.2842 30.8725 20.2292 16.1208 14.6514 15.161 30.1626 10.8771 9.8179 16.3727 9.75675 32.3224 20.6639 12.1081 9.37704 12.1014 12.3022
threshold=130.50000000000003 93.500000000000014 116.50000000000001 2.5000000000000004 2.5000000000000004 97.500000000000014 1.5000000000000002 109.50000000000001 93.500000000000014 65.500000000000014 106.50000000000001 98.500000000000014 61.500000000000007 65.500000000000014 66.500000000000014 68.500000000000014 1.5000000000000002 137.50000000000003 84.500000000000014 2.5000000000000004 61.500000000000007 2.5000000000000004 90.500000000000014 100.50000000000001 81.500000000000014 78.500000000000014 2.5000000000000004 77.500000000000014 101.50000000000001 80.500000000000014
decision_type=2 2 2 2 2 2 2 2 2 2 2 2 2 2 2 2 2 2 2 2 2 2 2 2 2 2 2 2 2 2
left_child=1 3 -3 6 27 -6 -1 8 -8 20 11 -10 -2 16 -15 -16 -14 18 -17 21 -9 22 -20 24 26 -25 -13 -5 -29 -30
right_child=12 2 -4 4 5 -7 7 9 10 -11 -12 23 13 14 15 17 -18 -19 19 -21 -22 -23 -24 25 -26 -27 -28 28 29 -31
leaf_value=-0.011386582010376189 -0.035530322051647002 0.037457890218159921 -0.076418900746992161 0.058330900705022795 -0.15408573745656129 -0.0017930874999317358 -0.02932690040428735 0.00047234611026552144 0.075764764526798575 -0.0090460139296404396 0.11601994078784822 -0.046723083237250086 0.12049808758007866 -0.10867535129466424 0.095534032860772472 0.084228813613075049 0.015372860973736861 0.010508382413621337 -0.083942627858410418 0.11711087677736354 0.11310183409568667 -0.071578849317976451 0.087298889144095754 0.10700154111992898 0.12193745188833607 -0.0089311241727142061 -0.19713074888244506 -0.062012611701213853 0.0022463741568655108 0.061688007702015324
leaf_weight=3222.9229252934456 43.935598306357861 235.01399797946215 22.110405430197716 79.835357971489429 11.606789246201513 187.07511059194803 42.307039871811867 16.627741262316704 45.273090124130249 471.12388513237238 17.826544217765331 19.044723644852642 32.567627429962158 20.358451247215271 30.78030127286911 57.21561885625124 26.42168802022934 1323.3925386741757 9.3279148042202014 20.217512145638466 17.703962489962578 25.177205175161362 13.908998712897299 24.15448347479105 10.010180935263632 42.296268716454506 7.4444006681442252 17.522859767079353 87.269310891628265 57.930429905653
leaf_count=13275 49 250 17 161 10 678 56 28 38 1302 17 68 29 12 24 82 19 6079 33 22 19 16 19 26 8 27 22 21 480 179
internal_value=0.000309014 -0.00459375 0.0276655 -0.00648838 0.0118212 -0.0106899 -0.00854057 0.00430939 0.02557 -0.00445457 0.039557 0.0303609 0.0144828 0.0158919 0.0136304 0.0153128 0.0734118 0.013609 0.0462145 0.0145234 0.0585524 -0.0283166 0.018558 0.0103942 -0.0311439 0.0332098 -0.0889931 0.0302603 0.0164883 0.0259618
internal_weight=6238.4 4635.1 257.124 4377.98 441.24 198.682 3936.74 713.812 208.357 505.456 166.05 148.223 1603.3 1559.37 1500.38 1480.02 58.9893 1449.24 125.847 68.6316 34.3317 48.4141 23.2369 102.95 36.4993 66.4508 26.4891 242.558 162.723 145.2
internal_count=23066 16682 267 16415 1529 688 14886 1611 262 1349 206 189 6384 6335 6287 6275 48 6251 172 90 47 68 52 151 98 53 90 841 680 659
is_linear=0
shrinkage=0.1


Tree=24
num_leaves=31
num_cat=0
split_feature=3 1 1 3 2 1 1 1 1 3 3 1 3 3 1 3 1 2 3 3 1 0 3 1 1 1 3 1 1 3
split_gain=37.0405 18.9464 20.2094 18.4646 15.7591 14.6706 19.8443 16.8527 15.7971 11.9249 42.5219 31.8981 27.6793 45.7607 26.6223 28.8565 36.8001 26.7109 25.2318 37.0267 24.3677 23.4915 20.3983 16.0868 14.2033 13.4746 15.6524 44.3356 11.9453 11.9267
threshold=125.50000000000001 93.500000000000014 109.50000000000001 100.50000000000001 2.5000000000000004 112.50000000000001 106.50000000000001 101.50000000000001 107.50000000000001 109.50000000000001 100.50000000000001 87.500000000000014 99.500000000000014 96.500000000000014 88.500000000000014 90.500000000000014 77.500000000000014 2.5000000000000004 110.50000000000001 119.50000000000001 64.500000000000014 2.5000000000000004 92.500000000000014 71.500000000000014 69.500000000000014 66.500000000000014 104.50000000000001 79.500000000000014 74.500000000000014 102.50000000000001
decision_type=2 2 2 2 2 2 2 2 2 2 2 2 2 2 2 2 2 2 2 2 2 2 2 2 2 2 2 2 2 2
left_child=1 9 3 -3 -5 6 7 -2 -8 10 12 25 13 14 15 16 17 -1 -11 20 -20 23 -17 24 -22 -12 29 -28 -24 -27
right_child=5 2 -4 4 -6 -7 8 -9 -10 18 11 -13 -14 -15 -16 22 -18 -19 19 -21 21 -23 28 -25 -26 26 27 -29 -30 -31
leaf_value=-0.049721462004693281 0.0099342176840895909 0.1139395024491178 -0.023200712846019138 0.057630205580340821 -0.017827859636768261 0.072594204354259492 -0.16394801957697239 0.11721643988676905 -0.024868758720578976 -0.028425778038406336 0.11581646613170878 -0.043217161065845534 -0.041877750714454522 0.088138972690922052 -0.1269307728029124 0.10056653651102168 0.14175471723443853 -0.26836653268340876 0.13396710249282615 -0.0094794164192256343 0.004597164637747223 0.088245939487598998 0.046509815387886358 0.025584691391424125 -0.10695340454535887 0.041717574561221181 -0.089503752382090046 0.12088953726043261 -0.043123952956117338 0.12480915958411605
leaf_weight=68.474508926272392 2277.5833861157298 30.137222975492477 64.004265636205673 65.799009576439857 47.771114110946655 36.920182213187218 9.545263320207594 14.737213239073752 56.552154213190079 602.3075967207551 38.593326397240162 33.354604840278625 180.75167564302683 57.092151165008545 18.75322425365448 32.646511077880859 9.465535640716551 6.083821862936019 21.828733563423157 2160.3549828082323 25.700611457228661 42.672020487487316 30.070479899644852 107.60546301305294 20.533546686172485 42.311827719211578 24.011962465941906 17.183409854769707 29.409075908362865 29.19328585267067
leaf_count=324 9083 30 47 73 34 79 5 21 130 2798 39 20 829 46 11 20 10 10 23 9053 23 41 27 126 36 30 35 16 22 25
internal_value=0.000303459 -0.00582759 0.0235385 0.0443552 0.0258902 0.0100455 0.00906631 0.0106239 -0.0449535 -0.0075227 0.00512678 0.045303 -0.012016 0.00940336 -0.0136603 -0.00160136 -0.0439823 -0.0675625 -0.0101425 -0.00551305 0.0337319 0.0225977 0.0370523 0.00438814 -0.0449448 0.0648183 0.0473545 -0.00174452 0.00219129 0.0756413
internal_weight=6201.45 3806.11 207.712 143.707 113.57 2395.34 2358.42 2292.32 66.0974 3598.4 617.395 184.648 432.747 251.995 194.903 176.15 84.0239 74.5583 2981 2378.7 218.34 196.512 92.1261 153.84 46.2342 151.294 112.7 41.1954 59.4796 71.5051
internal_count=23066 13748 184 137 107 9318 9239 9104 135 13564 1464 165 1299 470 424 413 344 334 12100 9302 249 226 69 185 59 145 106 51 49 55
is_linear=0
shrinkage=0.1


Tree=25
num_leaves=31
num_cat=0
split_feature=3 1 1 0 2 3 1 3 1 1 1 1 3 3 1 1 1 3 1 2 3 1 1 1 1 1 0 3 1 0
split_gain=30.5397 19.9877 19.5191 11.8477 11.9445 14.6694 27.7241 16.751 12.229 15.3317 26.3927 18.9879 12.0188 16.8846 15.9183 11.348 20.9882 11.9869 17.5235 10.7895 10.7877 15.3312 9.21189 17.8453 24.1264 17.9162 15.358 12.744 13.8087 26.3599
threshold=130.50000000000003 93.500000000000014 116.50000000000001 1.5000000000000002 1.5000000000000002 114.50000000000001 65.500000000000014 110.50000000000001 90.500000000000014 84.500000000000014 83.500000000000014 89.500000000000014 109.50000000000001 103.50000000000001 89.500000000000014 60.500000000000007 69.500000000000014 111.50000000000001 91.500000000000014 2.5000000000000004 108.50000000000001 91.500000000000014 61.500000000000007 65.500000000000014 66.500000000000014 68.500000000000014 1.5000000000000002 137.50000000000003 84.500000000000014 2.5000000000000004
decision_type=2 2 2 2 2 2 2 2 2 2 2 2 2 2 2 2 2 2 2 2 2 2 2 2 2 2 2 2 2 2
left_child=1 3 -3 4 -1 7 -7 12 9 10 -8 -11 13 14 -6 -5 -17 20 19 -19 21 -18 -2 26 -25 -26 -24 28 -27 -30
right_child=22 2 -4 15 5 6 8 -9 -10 11 -12 -13 -14 -15 -16 16 17 18 -20 -21 -22 -23 23 24 25 27 -28 -29 29 -31
leaf_value=-0.010758155458269657 -0.032592093385304853 0.032730105614112381 -0.064514851512880292 -0.051002349405558173 0.026081890730223024 0.10231979897366419 -0.018195636462826362 0.094735075572142544 -0.11864753230341812 0.089514753030050881 -0.19289997553659016 -0.039511143638631542 -0.033287921570873812 0.091269338309580492 -0.07213049858649824 0.061193958445685794 0.016291685969165425 0.015189276991585324 0.12313022092863957 -0.01423749253821148 -0.03812256017176361 -0.085598342711603215 0.11816594471909064 -0.094088927130694944 0.091095390853566396 0.080559676134395658 0.013037725542998431 0.0086005691292619663 -0.026259978005562231 0.11391798717561
leaf_weight=2845.8799135535955 44.426677517592907 224.80846263468266 22.727533549070358 35.916587747633457 100.87354622036219 20.452489674091339 181.90056094527245 29.83523827791214 11.687538504600523 28.076981320977211 9.0788172483444196 19.209033995866776 41.748637497425079 32.455369010567665 19.73114749789238 64.819257326424122 116.13840528577566 454.58354214578867 13.297834157943724 171.64712841063738 118.80359395593405 16.919105291366577 29.771051026880741 21.327050387859344 28.82983261346817 53.360682368278503 26.060421139001846 1306.3308191150427 48.62615393102169 18.525572508573532
leaf_count=12009 49 250 17 158 141 26 556 25 6 22 5 72 147 30 13 71 190 1811 10 639 475 9 29 12 24 82 19 6079 68 22
internal_value=0.000296491 -0.00383597 0.0238016 -0.00541483 -0.00826433 0.00607189 -0.00961804 0.024958 -0.0187774 -0.0138785 -0.0265008 0.0371005 0.0142715 0.0272438 0.0100142 0.00418072 0.00625348 0.00225836 0.00953567 0.00712353 -0.0162203 0.00333572 0.0122978 0.0135988 0.011501 0.013048 0.0690953 0.011471 0.0425864 0.0124118
internal_weight=6157.85 4580.59 247.536 4333.05 3340.93 495.049 270.405 224.644 249.953 238.265 190.979 47.286 194.809 153.06 120.605 992.125 956.209 891.39 639.529 626.231 251.861 133.058 1577.26 1532.83 1477 1455.67 55.8315 1426.84 120.512 67.1517
internal_count=23066 16682 267 16415 13052 1043 687 356 661 655 561 94 331 184 154 3363 3205 3134 2460 2450 674 199 6384 6335 6287 6275 48 6251 172 90
is_linear=0
shrinkage=0.1


Tree=26
num_leaves=31
num_cat=0
split_feature=1 0 1 3 3 1 1 3 3 1 3 3 2 1 1 1 1 3 1 1 3 0 1 3 3 3 3 3 3 0
split_gain=26.4125 23.5904 23.3551 15.5164 31.8519 17.2665 17.4148 12.7113 35.2766 24.2604 20.2377 55.7236 17.7824 16.1372 33.1369 12.4355 19.181 14.9738 11.6318 20.23 18.5656 12.3742 14.7779 11.0335 10.4564 31.6896 10.4151 9.58027 19.4564 11.6629
threshold=80.500000000000014 2.5000000000000004 82.500000000000014 159.50000000000003 155.50000000000003 64.500000000000014 60.500000000000007 90.500000000000014 99.500000000000014 78.500000000000014 100.50000000000001 104.50000000000001 2.5000000000000004 65.500000000000014 61.500000000000007 66.500000000000014 69.500000000000014 115.50000000000001 79.500000000000014 74.500000000000014 153.50000000000003 1.5000000000000002 76.500000000000014 161.50000000000003 92.500000000000014 96.500000000000014 146.50000000000003 144.50000000000003 131.50000000000003 1.5000000000000002
decision_type=2 2 2 2 2 2 2 2 2 2 2 2 2 2 2 2 2 2 2 2 2 2 2 2 2 2 2 2 2 2
left_child=1 7 -2 4 5 6 -3 9 -9 12 -10 -12 -1 14 27 -15 -17 -18 19 20 26 22 -21 -20 -7 -26 -19 28 29 -13
right_child=2 3 -4 -5 -6 24 -8 8 10 -11 11 13 -14 15 -16 16 17 18 23 21 -22 -23 -24 -25 25 -27 -28 -29 -30 -31
leaf_value=-0.046525210392132713 0.07022361205171479 -0.029204588504484787 0.0078437663196804751 0.10295620457247963 -0.17347834167577816 0.12163167952881714 0.11375669750349415 0.06083405486990151 -0.04185971697898528 0.17748071875500979 0.096233728195341151 0.0078782732925942109 -0.22676460520442054 -0.061413894300853304 0.072374616705605313 0.045774761202621868 -0.024039659534340698 -0.00063507979759998669 -0.0087548405351022401 0.076112775704563165 -0.081077227053253792 0.091117477443815875 -0.0081394655424485464 -0.11464156205248772 -0.21634031660573685 0.012039615715429249 0.10972535488328919 0.059483397339973855 -0.12573891761969344 -0.10969985394686205
leaf_weight=64.936290100216866 61.961070977151394 11.493073672056196 1915.3805278390646 20.546408019959927 8.8752266168594343 8.276137709617613 32.948291301727295 77.43499019742012 162.56817208230495 4.5097716748714438 52.75250730663538 76.897716358304024 5.9777036011219016 44.734592422842979 75.586519025266171 64.215551003813744 571.78611002117395 275.25463622063398 2032.895125374198 32.626966461539268 29.096209526062012 36.873648315668106 57.521658718585968 9.8886262476444227 6.188950076699256 332.2110593765974 8.8256036117672902 16.024280101060867 15.792235642671583 9.4759554564952833
leaf_count=316 73 44 6874 41 4 6 34 60 779 5 43 289 8 28 82 77 2537 958 9075 42 38 49 104 30 6 1368 26 18 20 32
internal_value=0.000288313 -0.00424711 0.00979847 0.0182042 0.0138507 0.0181016 0.0767852 -0.00678132 -0.0059417 -0.0474162 -0.00738896 -0.00574572 -0.0617185 -0.007348 0.0206647 -0.00906377 -0.00831293 -0.00944993 -0.00609018 0.00865407 -0.00499864 0.0423152 0.0223535 -0.00926741 0.0105788 0.00786281 0.00279352 -0.0124055 -0.023681 -0.00502109
internal_weight=6123.56 4146.21 1977.34 420.539 399.993 391.118 44.4414 3725.67 3650.25 75.4238 3572.82 3410.25 70.914 3357.5 193.777 3163.72 3118.98 3054.77 2482.98 440.199 313.176 127.022 90.1486 2042.78 346.676 338.4 284.08 118.19 102.166 86.3737
internal_count=23066 16119 6947 1503 1462 1458 78 14616 14287 329 14227 13448 324 13405 441 12964 12936 12859 10322 1217 1022 195 146 9105 1380 1374 984 359 341 321
is_linear=0
shrinkage=0.1


Tree=27
num_leaves=31
num_cat=0
split_feature=3 3 1 1 3 3 2 3 1 1 1 1 1 1 3 3 3 3 1 1 1 1 1 1 0 3 2 1 3 3
split_gain=21.5417 12.6275 11.7897 17.2831 36.7686 27.3814 27.0599 16.2776 11.6314 15.7096 15.3117 12.1627 9.36479 9.23237 8.52336 8.04757 24.644 36.6929 27.7291 13.9008 29.9354 18.3108 18.2117 12.3926 12.1913 14.8223 14.7318 17.1313 14.1671 11.1102
threshold=125.50000000000001 126.50000000000001 93.500000000000014 98.500000000000014 115.50000000000001 104.50000000000001 2.5000000000000004 111.50000000000001 112.50000000000001 106.50000000000001 101.50000000000001 107.50000000000001 117.50000000000001 110.50000000000001 101.50000000000001 140.50000000000003 150.50000000000003 159.50000000000003 88.500000000000014 65.500000000000014 66.500000000000014 71.500000000000014 74.500000000000014 79.500000000000014 1.5000000000000002 129.50000000000003 2.5000000000000004 97.500000000000014 127.50000000000001 160.50000000000003
decision_type=2 2 2 2 2 2 2 2 2 2 2 2 2 2 2 2 2 2 2 2 2 2 2 2 2 2 2 2 2 2
left_child=2 -2 -1 7 5 -5 -6 14 9 10 15 -11 -10 -13 -4 24 19 18 -18 -17 -21 -22 -23 -24 28 -26 -27 -28 -3 -19
right_child=1 8 3 4 6 -7 -8 -9 12 11 -12 13 -14 -15 -16 16 17 29 -20 20 21 22 23 -25 25 26 27 -29 -30 -31
leaf_value=-0.0057803478594365722 0.073957047167988579 -0.087004662330146448 0.064016996920584698 -0.021192186120959123 -0.0035332645759690927 0.099256236439175582 -0.15061538344558031 0.11343013342947089 0.11466727994355824 -0.14432610752960723 0.11366608971170128 -0.0032263538392019869 0.0086746880931821146 -0.10249262242591045 -0.025806703040555514 0.10876815410814322 -0.021969123567798565 0.035024084135586948 -0.15244704474543672 -0.13475590020623046 0.11604549091041581 -0.078602962778417204 0.11671102683818885 0.027372257206729696 0.0792247305050056 0.021432352508696045 -0.0079643064860688007 -0.14470067566010433 -0.0026156831392974409 -0.002659165030174054
leaf_weight=3533.3574732318521 28.477235436439514 20.345548242330551 20.507039308547974 36.549908556044102 28.050084002315998 39.025225259363651 22.57594883441925 30.672026112675667 17.950424477458 9.8510651886463148 13.511750638484953 44.882232561707497 15.562858477234839 11.841269850730894 21.787784084677696 22.53845277428627 46.822047799825668 124.99790413677692 24.976100876927376 10.982398271560667 24.645222209393978 15.643490582704542 16.346523500978947 309.61585560441017 33.532782576978207 330.31370415538549 115.90895616263151 9.9491535276174528 895.28112095594406 209.1557460129261
leaf_count=13564 25 19 21 37 34 29 15 28 17 5 21 124 61 6 20 23 36 830 38 6 43 14 19 1472 33 1641 505 35 3854 491
internal_value=0.000277975 0.00777113 -0.00444601 0.0192259 -0.00317326 0.0410046 -0.0691224 0.0579669 0.00696035 0.00610485 0.00753733 -0.0417609 0.0654466 -0.0239486 0.0177452 0.00688878 0.0148564 -0.00249885 -0.0673579 0.0324799 0.027922 0.0328 0.0267943 0.0318525 0.00232067 0.0150565 0.0103396 -0.0187734 -0.00449084 0.0114371
internal_weight=6085.66 2353.13 3732.53 199.168 126.201 75.5751 50.626 72.9668 2324.65 2291.14 2224.57 66.5746 33.5133 56.7235 42.2948 2211.06 805.724 405.952 71.7981 399.772 377.233 366.251 341.606 325.962 1405.33 489.705 456.172 125.858 915.627 334.154
internal_count=23066 9318 13748 184 115 66 49 69 9293 9215 9080 135 78 130 41 9059 2972 1395 74 1577 1554 1548 1505 1491 6087 2214 2181 540 3873 1321
is_linear=0
shrinkage=0.1


Tree=28
num_leaves=31
num_cat=0
split_feature=1 1 0 3 3 1 1 2 3 1 3 3 1 1 3 3 3 3 3 3 2 1 1 3 3 3 1 3 3 3
split_gain=18.9556 20.6946 18.6552 13.6238 14.4266 14.5197 16.2635 12.5438 17.7544 20.1495 18.8224 14.5083 12.1044 19.5543 17.7621 17.1589 76.3391 22.1423 11.9081 15.8331 19.3862 31.7595 29.1212 22.2927 13.2978 11.8944 10.7869 19.1453 13.2753 23.338
threshold=80.500000000000014 89.500000000000014 2.5000000000000004 168.50000000000003 153.50000000000003 64.500000000000014 60.500000000000007 2.5000000000000004 110.50000000000001 95.500000000000014 120.50000000000001 122.50000000000001 86.500000000000014 83.500000000000014 112.50000000000001 117.50000000000001 124.50000000000001 103.50000000000001 170.50000000000003 140.50000000000003 2.5000000000000004 65.500000000000014 66.500000000000014 161.50000000000003 143.50000000000003 142.50000000000003 90.500000000000014 140.50000000000003 148.50000000000003 104.50000000000001
decision_type=2 2 2 2 2 2 2 2 2 2 2 2 2 2 2 2 2 2 2 2 2 2 2 2 2 2 2 2 2 2
left_child=2 12 18 4 5 6 -4 26 9 -9 -10 -12 13 25 -14 17 -17 -15 19 -1 21 -21 -23 24 -24 -2 27 -3 29 -28
right_child=1 7 3 -5 -6 -7 -8 8 10 -11 11 -13 14 15 -16 16 -18 -19 -20 20 -22 22 23 -25 -26 -27 28 -29 -30 -31
leaf_value=-0.0067079820159573495 0.078012065408368719 -0.0083227810777227965 -0.027322084190833835 0.11103860103177494 -0.073945248482906956 0.010401110978533919 0.11221846014032788 -0.025565530564980829 -0.08117365141992873 0.088624138654024645 0.12074296750186669 -0.016269273641592516 -0.0050909830874790209 -0.035057928130136577 0.081416755611723193 -0.22032580317428138 0.012017111209299722 0.10243602149136551 -0.059318338889667623 0.1094262205829627 0.079519799442542963 -0.19488536409281287 0.11728523104275845 -0.13300857319171841 -0.00098549153198052258 -0.0047966469176518277 -0.016619951695135974 0.031068638189315795 -0.00055202631348311832 0.0469848408436183
leaf_weight=3479.6935161352158 62.142894819378853 556.53816951811314 11.604022666811941 14.71503299474716 18.189319774508476 339.90975844115019 29.807606160640717 28.64052926003933 46.465839177370071 33.560228198766708 7.974866271018981 250.19670195877552 33.17686802148819 20.478424221277237 83.396071322262287 17.239081472158432 78.695014029741287 27.362850815057755 41.169418781995773 23.384705483913422 46.433070637285709 8.6802986860275251 10.925596818327902 11.688775733113287 73.197459772229195 24.061990797519684 75.461848981678486 158.53003463149071 205.65621226280928 244.92012083530426
leaf_count=14137 87 2975 44 19 29 1377 34 26 42 30 6 649 27 18 104 26 132 27 34 28 44 4 10 28 331 22 62 1124 1075 515
internal_value=0.000274466 0.00838155 -0.0035814 0.0165424 0.0130618 0.0172121 0.0731176 0.00360449 -0.0126415 0.0360452 -0.0225823 -0.012037 0.0305462 0.0172404 0.0567965 -0.00533831 -0.0297342 0.0435818 -0.00583726 -0.00523469 0.0241762 0.00408053 -0.0194952 -0.00360531 0.0143751 0.054898 0.00840637 0.000410264 0.0192758 0.0320036
internal_weight=6063.9 1954.5 4109.4 414.226 399.511 381.321 41.4116 1607.94 366.838 62.2008 304.637 258.172 346.553 229.98 116.573 143.775 95.9341 47.8413 3695.17 3654 174.31 127.877 104.492 95.8118 84.1231 86.2049 1241.11 715.068 526.038 320.382
internal_count=23066 6947 16119 1503 1484 1455 78 6504 753 56 697 655 443 312 131 203 158 45 14616 14582 445 401 373 369 341 109 5751 4099 1652 577
is_linear=0
shrinkage=0.1


Tree=29
num_leaves=31
num_cat=0
split_feature=0 2 3 1 1 1 1 3 3 3 1 2 1 3 3 3 3 3 3 1 3 1 1 1 1 1 1 3 2 1
split_gain=16.188 16.9746 17.4294 18.8923 60.4925 15.1469 14.2044 21.195 12.5423 47.572 13.3324 18.5685 11.1367 16.246 10.3159 29.6058 16.4723 47.1965 13.415 13.1404 16.0929 15.7537 9.50222 9.38882 10.8743 13.4135 9.30263 9.08801 9.01717 14.5748
threshold=2.5000000000000004 2.5000000000000004 104.50000000000001 99.500000000000014 94.500000000000014 80.500000000000014 83.500000000000014 142.50000000000003 150.50000000000003 159.50000000000003 96.500000000000014 1.5000000000000002 61.500000000000007 146.50000000000003 90.500000000000014 99.500000000000014 100.50000000000001 109.50000000000001 110.50000000000001 79.500000000000014 171.50000000000003 74.500000000000014 68.500000000000014 67.500000000000014 92.500000000000014 98.500000000000014 91.500000000000014 95.500000000000014 2.5000000000000004 76.500000000000014
decision_type=2 2 2 2 2 2 2 2 2 2 2 2 2 2 2 2 2 2 2 2 2 2 2 2 2 2 2 2 2 2
left_child=5 8 -3 4 12 14 7 -7 23 -10 -11 -12 -4 22 -1 27 -17 -18 -19 20 21 -20 -14 -2 -25 -26 -24 -16 29 -23
right_child=1 2 3 -5 -6 6 -8 -9 9 10 11 -13 13 -15 15 16 17 18 19 -21 -22 28 26 24 25 -27 -28 -29 -30 -31
leaf_value=-0.042194083813514104 0.085478783075033413 -0.077234616586810939 -0.12205195702098082 0.06771920326026426 -0.1727935069753522 0.090476881276816357 0.0045786449024578504 -0.034367793450905446 -0.14975916387366781 0.095299544314290094 0.051487946739600103 -0.13375511653986208 0.11061464439168121 0.070195137207833075 0.024135274032121297 -0.037256841736944879 0.0685397134155184 -0.020760722115333502 0.004075139537593973 -0.0075371405585317438 -0.058854605355187654 0.074534815230871493 -0.0068750186491765165 0.019448241598903144 0.10576520295860022 0.021056687294219736 0.12186993567608147 0.093542868817856603 0.086520339778950295 -0.0040585702135459796
leaf_weight=74.083186417818069 30.957407057285309 28.992684505879879 6.5334491580724707 40.406512603163719 20.073609665036201 44.81530337780714 1453.2590644732118 19.522334426641464 18.625547662377357 22.243455156683922 15.744349099695683 8.2448590695858002 7.5299477726221076 38.553919993340969 39.326920613646507 159.18386855721474 86.582256495952606 534.1889247149229 549.8834066838026 2041.7703467011452 34.090723216533661 39.056815825402737 219.48646763712168 293.02252401411533 36.312715858221054 38.526481419801712 5.7596336603164664 36.257421433925629 34.386273674666882 59.605034492909908
leaf_count=329 56 36 18 114 17 66 5529 18 12 78 84 20 10 109 28 779 91 2586 1401 9129 19 67 877 1259 40 103 4 32 30 125
internal_value=0.000274003 0.0132349 -0.00282242 0.00355396 -0.00514819 -0.00179488 0.00661425 0.0525946 0.0259558 -0.0148278 0.0395314 -0.0121783 0.00696296 0.0100696 -0.00525482 -0.00449767 -0.00582039 -0.00433967 -0.00625588 -0.00344729 0.00819884 0.011546 0.000111159 0.0325883 0.0281373 0.0621581 -0.00358296 0.0574297 0.0424229 0.0270538
internal_weight=6037.03 831.014 367.336 338.344 297.937 5206.01 1517.6 64.3376 463.677 64.8582 46.2327 23.9892 277.863 271.33 3688.42 3614.33 3538.75 3379.56 3292.98 2758.79 717.022 682.932 232.776 398.819 367.862 74.8392 225.246 75.5843 133.048 98.6619
internal_count=23066 2837 1185 1149 1035 20229 5613 84 1652 194 182 104 1018 1000 14616 14287 14227 13448 13357 10771 1642 1623 891 1458 1402 143 881 60 222 192
is_linear=0
shrinkage=0.1


Tree=30
num_leaves=31
num_cat=0
split_feature=3 1 1 1 3 3 0 3 3 3 0 1 1 2 3 1 3 1 3 3 1 1 1 2 3 3 0 1 3 3
split_gain=13.6047 11.3014 16.5146 16.7301 17.9011 24.7466 22.9239 31.2531 9.81668 7.69121 7.45312 15.5043 9.18715 8.07603 8.15299 21.526 16.206 10.5811 15.8393 10.9916 7.01761 21.0229 8.2322 6.9283 20.5887 13.883 11.9321 14.6832 11.743 9.76403
threshold=130.50000000000003 118.50000000000001 96.500000000000014 99.500000000000014 115.50000000000001 104.50000000000001 2.5000000000000004 123.50000000000001 111.50000000000001 131.50000000000003 1.5000000000000002 95.500000000000014 92.500000000000014 1.5000000000000002 115.50000000000001 65.500000000000014 110.50000000000001 91.500000000000014 117.50000000000001 118.50000000000001 85.500000000000014 89.500000000000014 83.500000000000014 2.5000000000000004 97.500000000000014 119.50000000000001 2.5000000000000004 79.500000000000014 115.50000000000001 111.50000000000001
decision_type=2 2 2 2 2 2 2 2 2 2 2 2 2 2 2 2 2 2 2 2 2 2 2 2 2 2 2 2 2 2
left_child=1 2 10 8 5 -5 7 -6 -4 -2 11 13 23 -1 16 -16 -15 18 -17 -20 22 -22 -21 29 -25 28 27 -27 -26 -12
right_child=9 -3 3 4 6 -7 -8 -9 -10 -11 12 -13 -14 14 15 17 -18 -19 19 20 21 -23 -24 24 25 26 -28 -29 -30 -31
leaf_value=-0.00748349867566312 0.069248070207685405 -0.10579014757810766 0.027577835680865206 -0.017764842258982602 -0.13144238975480105 0.11342226188554634 0.09419744296223817 0.025618956203577226 0.11626236048215771 0.0076139701706730914 -0.0091324546194525413 -0.14342564222039453 0.05554000629959413 0.0088573597072130923 0.098536578060808233 0.10767620296986136 0.082637119956115071 -0.12749472453246313 -0.13356100595211925 -0.013458210462006223 0.12446810403577686 -0.026777987291335688 -0.096312552785739081 -0.11926116683206385 0.012883636893045594 -0.19166396250940868 -0.0091479503377671547 -0.026739366457321861 0.1170669125805472 0.015673268514010383
leaf_weight=2808.2810859233141 20.523921757936478 10.568537220358847 22.604613959789276 28.536693066358566 27.206419914960861 28.983322530984879 12.2233719676733 23.711028657853603 27.87111884355545 1498.5767505913973 239.01092451810837 8.1592256054282171 33.595010980963707 191.30596750602126 18.545674704015255 11.025561779737471 35.258462660014629 7.835451900959014 7.5643908977508536 170.68268389999866 14.242402747273443 25.907360792160034 12.898015126585959 16.722400926053524 55.016705021262169 8.4623047485947627 136.98152168095112 14.908686816692351 13.467158555984495 472.13467906415462
leaf_count=12015 19 11 21 24 25 26 26 55 26 6365 718 9 34 336 26 10 36 5 5 541 9 75 12 13 116 13 578 46 12 1859
internal_value=0.000267829 -0.0025032 -0.00225917 0.0282052 0.00798262 0.048338 -0.0287803 -0.0583027 0.0765467 0.00844668 -0.00347106 -0.00574716 0.00414054 -0.00540712 0.0063665 -0.00541499 0.0203391 -0.0131216 -0.00942332 -0.0150053 -0.0109969 0.0268738 -0.0192794 0.00233563 -0.0121463 -0.00431878 -0.0204154 -0.0864562 0.033371 0.00733624
internal_weight=6002.81 4483.71 4473.14 171.137 120.661 57.52 63.1408 50.9174 50.4757 1519.1 4302.01 3311.71 990.299 3303.55 495.266 268.702 226.564 250.156 242.32 231.295 223.73 40.1498 183.581 956.704 245.559 228.836 160.353 23.371 68.4839 711.146
internal_count=23066 16682 16671 203 156 50 106 80 47 6384 16468 13079 3389 13070 1055 683 372 657 652 642 637 84 553 3355 778 765 637 59 128 2577
is_linear=0
shrinkage=0.1


Tree=31
num_leaves=31
num_cat=0
split_feature=0 2 3 1 1 1 1 3 3 3 1 2 3 3 3 1 1 1 3 1 3 3 1 3 3 2 1 1 1 1
split_gain=11.6459 13.4543 12.2407 21.6694 14.9326 10.8133 12.361 19.0117 10.1974 37.8958 11.7644 14.3951 9.40275 15.3176 8.72565 8.58861 12.8093 9.29756 9.09116 18.7002 16.4413 8.61676 8.53804 8.34624 11.0591 16.0506 27.4438 22.1469 18.41 29.4259
threshold=2.5000000000000004 2.5000000000000004 115.50000000000001 87.500000000000014 71.500000000000014 80.500000000000014 83.500000000000014 142.50000000000003 150.50000000000003 159.50000000000003 96.500000000000014 1.5000000000000002 144.50000000000003 141.50000000000003 117.50000000000001 77.500000000000014 92.500000000000014 98.500000000000014 110.50000000000001 83.500000000000014 100.50000000000001 123.50000000000001 64.500000000000014 170.50000000000003 140.50000000000003 2.5000000000000004 65.500000000000014 66.500000000000014 71.500000000000014 74.500000000000014
decision_type=2 2 2 2 2 2 2 2 2 2 2 2 2 2 2 2 2 2 2 2 2 2 2 2 2 2 2 2 2 2
left_child=5 8 3 4 22 23 7 -7 12 -10 -11 -12 13 15 -4 -2 18 -18 19 20 -17 -19 -3 24 -1 26 -26 -28 -29 -30
right_child=1 2 14 -5 -6 6 -8 -9 9 10 11 -13 -14 -15 -16 16 17 21 -20 -21 -22 -23 -24 -25 25 -27 27 28 29 -31
leaf_value=-0.0051377576909984613 0.056812847227223476 0.046663622349674951 0.11848167085246875 -0.10303332445896983 0.097902771073567763 0.087643399373867559 0.0037672272137385513 -0.031100093544232134 -0.13198863602609093 0.091301444992026526 0.047502902746708459 -0.11348219582666708 0.081526865623906736 -0.072858716605059812 0.0032045086422707197 -0.011086190631168169 0.10752494832730369 -0.035766704504012828 0.017614459701931345 0.044039521825611688 -0.20444597808880258 0.077879231096668805 -0.080124579325216105 -0.048889624382791846 0.10527718818821873 0.073659350377518515 -0.16680129408676281 0.077177207446774837 -0.14097253440469801 0.0075792938423001211
leaf_weight=3449.4236181527376 83.038250274956226 8.1093882620334625 6.7173737883567801 30.874397993087769 12.787595584988592 41.910817220807076 1443.3637265712023 19.878833100199699 19.10051591694355 20.792369052767754 15.143728099763393 8.7718644961714745 31.39063623547554 15.478236883878706 291.68363206088543 8.6313719153404254 25.312585443258286 12.913394525647165 172.05764239653945 14.409936636686323 8.964879706501959 13.803011976182459 15.393116854131222 41.736473619937897 21.712528258562088 43.19001142680645 9.1610710620880109 21.590680554509163 17.514076858758926 55.874900013208389
leaf_count=14137 186 18 6 25 24 66 5529 18 12 78 84 20 149 15 1065 13 30 14 961 14 28 48 47 34 28 44 4 56 13 300
internal_value=0.000260505 0.0113671 -0.00288188 -0.041452 0.0109393 -0.00149272 0.00564225 0.0494415 0.0229475 -0.0140852 0.0362865 -0.0115439 0.0290692 0.0244256 0.00579954 0.0288657 0.0198038 0.0640957 0.008511 -0.0404271 -0.109598 0.0229484 -0.0363771 -0.00442677 -0.00391392 0.0210591 0.00300789 -0.0183145 -0.00399247 -0.0278722
internal_weight=5980.73 815.374 365.566 67.1645 36.2901 5165.36 1505.15 61.7897 449.808 63.8085 44.708 23.9156 386 354.609 298.401 339.131 256.093 52.029 204.064 32.0062 17.5963 26.7164 23.5025 3660.2 3618.47 169.043 125.853 104.141 94.9797 73.389
internal_count=23066 2837 1185 114 89 20229 5613 84 1652 194 182 104 1458 1309 1071 1294 1108 92 1016 55 41 62 65 14616 14582 445 401 373 369 313
is_linear=0
shrinkage=0.1


Tree=32
num_leaves=31
num_cat=0
split_feature=3 1 1 1 3 1 1 3 0 3 1 1 1 2 1 1 1 1 3 1 3 0 1 0 3 3 3 3 1 3
split_gain=9.68908 8.9582 13.82 14.6188 15.987 22.6242 17.2814 15.5858 9.96311 8.52468 7.70942 21.0399 11.448 9.60899 11.5553 8.33411 8.24331 7.86606 13.7266 15.8607 13.3985 19.9343 23.2578 12.0865 9.69413 6.58778 54.0713 17.9262 15.1111 12.5348
threshold=130.50000000000003 118.50000000000001 96.500000000000014 99.500000000000014 115.50000000000001 110.50000000000001 105.50000000000001 123.50000000000001 1.5000000000000002 129.50000000000003 112.50000000000001 106.50000000000001 101.50000000000001 2.5000000000000004 109.50000000000001 100.50000000000001 117.50000000000001 61.500000000000007 134.50000000000003 65.500000000000014 135.50000000000003 1.5000000000000002 84.500000000000014 1.5000000000000002 137.50000000000003 168.50000000000003 165.50000000000003 160.50000000000003 72.500000000000014 146.50000000000003
decision_type=2 2 2 2 2 2 2 2 2 2 2 2 2 2 2 2 2 2 2 2 2 2 2 2 2 2 2 2 2 2
left_child=1 2 -1 8 5 -5 7 -6 -4 -9 11 12 15 14 -13 17 -12 -2 23 -20 21 22 -21 -19 -22 26 27 29 -27 -26
right_child=10 -3 3 4 6 -7 -8 9 -10 -11 16 13 -14 -15 -16 -17 -18 18 19 20 24 -23 -24 -25 25 28 -28 -29 -30 -31
leaf_value=-0.0029657589800142813 -0.033826970865065829 -0.09362928073180056 0.11446475713733339 0.10819476288709901 -0.13728351278998194 -0.018749367192851859 0.026876564624660516 0.097827253569651232 0.022414022396379449 -0.062750960224930305 0.11047269406677646 -0.077564143942886299 0.10977388951831241 -0.11194461522362134 0.025794245766182295 -0.082596753048091651 0.0056845013966547826 0.09598518550860391 0.071475258758850579 -0.032378648664205055 0.067979330803910831 0.026550153350242345 -0.28747233250354559 0.0093696422259174419 -0.0013267654712016289 -0.052544881745639677 -0.2489249495435035 -0.059586846767610828 0.041613286629693297 0.021314592500030517
leaf_weight=4281.1026321984828 42.501420445740223 10.663997426629065 26.26500415802002 28.863805055618286 18.678253293037415 27.335362792015076 30.653517842292786 5.6150290891528103 21.288541615009308 8.0395298972725868 14.810274735093119 21.435903623700142 11.112223528325556 18.241460412740707 21.834165714681149 10.109097480773924 15.224148936569689 33.916873104870319 37.730923719704151 8.1804201230406743 25.709103167057037 13.021760202944279 6.3473340123891839 30.686395518481731 596.78407388925552 20.151022180914879 8.4316571056842786 40.890778303146362 110.55454639345407 414.25011808425188
leaf_count=16468 49 11 26 31 23 19 23 7 21 53 16 14 20 13 104 8 61 41 39 20 33 27 27 35 3131 16 12 37 407 2274
internal_value=0.000254914 -0.00208517 -0.00186569 0.0263791 0.00767586 0.0464489 -0.0269192 -0.0779209 0.0732559 0.00328203 0.00720153 0.0061781 0.00867496 -0.0510716 -0.0254093 0.00787209 0.0573566 0.00853044 0.00986727 0.00760092 0.00566409 -0.0632978 -0.143832 0.054843 0.00722549 0.00591412 0.00330302 0.00532474 0.0270968 0.00795006
internal_weight=5960.43 4458.51 4447.84 166.739 119.185 56.1992 62.9863 32.3328 47.5535 13.6546 1501.92 1471.89 1410.38 61.5115 43.2701 1399.27 30.0344 1389.16 1346.66 1282.05 1244.32 27.5495 14.5278 64.6033 1216.77 1191.06 1060.36 1051.92 130.706 1011.03
internal_count=23066 16682 16671 203 156 50 106 83 47 60 6384 6307 6176 131 118 6156 77 6148 6099 6023 5984 74 47 76 5910 5877 5454 5442 423 5405
is_linear=0
shrinkage=0.1


Tree=33
num_leaves=31
num_cat=0
split_feature=0 2 3 1 1 1 3 3 3 1 2 1 3 3 1 1 1 1 3 3 3 1 3 3 2 3 1 3 1 1
split_gain=9.08705 11.3219 10.3264 14.249 10.1574 13.3896 11.3919 9.22904 30.3169 10.2901 11.3157 8.72921 8.51612 16.5436 8.62828 8.78572 7.91901 10.8257 16.4441 8.23793 24.6802 20.0023 13.2457 41.2647 12.344 8.09795 8.05615 12.8392 17.0137 12.4871
threshold=2.5000000000000004 2.5000000000000004 108.50000000000001 102.50000000000001 90.500000000000014 99.500000000000014 141.50000000000003 150.50000000000003 159.50000000000003 96.500000000000014 1.5000000000000002 67.500000000000014 144.50000000000003 141.50000000000003 92.500000000000014 98.500000000000014 80.500000000000014 83.500000000000014 142.50000000000003 90.500000000000014 99.500000000000014 78.500000000000014 100.50000000000001 104.50000000000001 2.5000000000000004 95.500000000000014 69.500000000000014 171.50000000000003 61.500000000000007 65.500000000000014
decision_type=2 2 2 2 2 2 2 2 2 2 2 2 2 2 2 2 2 2 2 2 2 2 2 2 2 2 2 2 2 2
left_child=16 7 -3 4 6 -6 -4 11 -9 -10 -11 -2 13 14 -13 -16 19 18 -18 21 25 24 -22 -24 -1 -21 27 28 -25 -30
right_child=1 2 3 -5 5 -7 -8 8 9 10 -12 12 -14 -15 15 -17 17 -19 -20 20 22 -23 23 26 -26 -27 -28 -29 29 -31
leaf_value=-0.037022841122231857 0.080982367825574011 -0.051530097400326706 -0.0035282779080861464 0.086607629781270859 -0.079421592415683043 0.029270021767253265 0.053499427084785792 -0.11844942813805014 0.086706607198870758 0.043111452756390521 -0.098846719002978575 0.015520503757352087 0.075708384894321093 -0.087772676369004321 0.10598669865275825 0.021408983413122168 0.08465395438747858 0.0031061284917894266 -0.026120509696787808 0.023014341823891823 -0.032834955153269334 0.16801677649106639 0.087581303535351485 -0.012800843369877919 -0.18431802230687094 0.08948801852141966 -0.0058980366389432722 -0.079079867363720621 0.072837731401995384 0.015339993083532564
leaf_weight=61.957497596740723 27.598989754915237 38.982811577618122 213.3347384929657 19.153915792703629 33.896326452493668 17.027050107717514 41.910054512321949 19.396403759717941 19.166949555277824 14.497861996293068 9.1647185161709785 258.15690622478724 27.75684878975153 14.142999246716498 23.180545724928379 26.122595459222794 39.062087990343571 1433.0146044045687 20.398882120847702 39.082719132304192 155.79072518646717 4.4609089940786353 49.541838802397251 115.05256476998329 6.2648379206657401 34.507105320692062 3008.567597143352 14.8175713121891 61.784542605280876 97.182829722762108
leaf_count=316 56 44 886 22 26 91 116 12 78 84 20 1150 147 13 30 62 66 5529 18 28 779 5 43 357 8 32 12859 8 80 101
internal_value=0.000249976 0.0101398 -0.00289365 0.00293437 -0.00230023 -0.0430788 0.00583542 0.0209512 -0.0147281 0.0322446 -0.0118702 0.0268409 0.0225638 0.017977 0.0228414 0.0611744 -0.00129557 0.00484099 0.0466513 -0.00380547 -0.00312811 -0.0371345 -0.00433221 -0.00300549 -0.0505489 0.0541846 -0.00436651 0.0115861 0.0164888 0.0376872
internal_weight=5944.98 803.49 364.305 325.322 306.168 50.9234 255.245 439.185 62.2259 42.8295 23.6626 376.959 349.36 321.603 307.46 49.3031 5141.49 1492.48 59.461 3649.01 3576.33 72.6832 3502.74 3346.95 68.2223 73.5898 3297.41 288.838 274.02 158.967
internal_count=23066 2837 1185 1141 1119 117 1002 1652 194 182 104 1458 1402 1255 1242 92 20229 5613 84 14616 14287 329 14227 13448 324 60 13405 546 538 181
is_linear=0
shrinkage=0.1


Tree=34
num_leaves=31
num_cat=0
split_feature=1 1 3 3 1 1 3 1 0 3 3 1 1 3 3 3 2 1 3 1 3 3 3 3 3 3 1 1 3 3
split_gain=7.58179 21.4784 10.7173 20.1339 10.669 33.6389 21.2358 23.9452 23.0457 16.874 13.9734 10.6323 12.3667 13.4875 18.1579 10.2766 10.1945 12.5483 15.3011 14.2511 11.5349 32.966 18.4446 10.7331 23.4836 18.387 9.81726 11.4858 9.28522 11.5484
threshold=60.500000000000007 65.500000000000014 99.500000000000014 96.500000000000014 70.500000000000014 79.500000000000014 138.50000000000003 74.500000000000014 1.5000000000000002 129.50000000000003 124.50000000000001 80.500000000000014 82.500000000000014 104.50000000000001 109.50000000000001 94.500000000000014 2.5000000000000004 90.500000000000014 147.50000000000003 84.500000000000014 119.50000000000001 124.50000000000001 129.50000000000003 174.50000000000003 162.50000000000003 159.50000000000003 85.500000000000014 86.500000000000014 132.50000000000003 120.50000000000001
decision_type=2 2 2 2 2 2 2 2 2 2 2 2 2 2 2 2 2 2 2 2 2 2 2 2 2 2 2 2 2 2
left_child=-1 -2 3 15 -4 6 9 -8 -9 10 -6 -7 -13 -14 -15 -3 -16 19 28 -18 -21 -22 -23 24 25 -20 -24 -28 29 -19
right_child=1 2 4 -5 5 11 7 8 -10 -11 -12 12 13 14 16 -17 17 18 23 20 21 22 26 -25 -26 -27 27 -29 -30 -31
leaf_value=-0.018842240336783323 0.038124448014985983 0.020057685826072223 -0.011304773354617614 0.079139422145624264 0.046518395819847118 -0.0058153685364141687 -0.059596361370083409 -0.019252177122054077 0.11494017720071331 0.10477578135926545 -0.024472699972779136 0.055011881940222822 -0.040182432811628511 0.06911168266797961 0.0075841765370148256 -0.041626849188230508 -0.074087894013710867 -0.060529682427218803 0.034349985303954722 0.10158302859129227 -0.18084892452031898 0.13505707490272598 0.098138424565497873 -0.055286702043957969 0.12583134306569863 -0.11216717330322511 -0.11331112131103022 0.009416470870411163 -0.080618637890672654 0.014767797362039512
leaf_weight=201.1172059699893 151.01120947673917 105.6523412168026 835.84222801029682 48.120612382888794 170.24690614640713 2407.6115877628326 47.175214156508446 29.621650919318199 22.532976858317852 41.715973570942879 33.120416894555092 46.942573126405478 69.451239921152592 42.768198415637016 1233.592841103673 36.283576853573322 18.884870290756226 45.480326503515244 26.53962042927742 14.884807005524634 8.596705347299574 12.853467226028441 11.380160011351107 19.765846863389015 17.705589652061462 12.646519020199774 8.1961581707000715 109.55623008310795 52.505726486444473 36.890209510922432
leaf_count=894 181 126 3419 43 267 11063 33 30 32 54 39 65 67 38 5907 30 13 28 46 18 19 7 14 27 22 37 5 456 55 31
internal_value=0.000241097 0.000912358 -9.71409e-05 0.0232405 -0.000922113 0.000989119 0.0310327 -0.0079715 0.0387245 0.0468408 0.0349568 -0.00147675 0.00436327 0.00299818 0.00479154 0.00428905 0.00310336 -0.010859 -0.0274794 0.00821198 0.0176049 0.00930382 0.0208168 0.00819542 0.030251 -0.0129354 0.00944571 0.000874013 -0.0477553 -0.0268072
internal_weight=5918.69 5717.58 5566.56 190.057 5376.51 4540.67 344.413 99.3298 52.1546 245.083 203.367 4196.25 1788.64 1741.7 1672.25 141.936 1629.48 395.886 211.534 184.352 165.468 150.583 141.986 76.6576 56.8917 39.1861 129.133 117.752 134.876 82.3705
internal_count=23066 22172 21991 199 21792 18373 455 95 62 360 306 17918 6855 6790 6723 156 6685 778 246 532 519 501 482 132 105 83 475 461 114 59
is_linear=0
shrinkage=0.1


Tree=35
num_leaves=31
num_cat=0
split_feature=0 2 3 1 1 1 1 3 3 1 2 1 3 3 1 1 3 3 3 3 1 1 3 1 3 1 3 3 2 3
split_gain=7.09426 8.59523 9.23165 12.2338 11.0224 7.92691 10.3848 7.88357 24.6936 8.94993 8.95456 7.81124 7.58152 13.4545 7.78307 8.44338 7.3475 7.34311 15.2124 12.5487 7.31649 16.6937 11.3445 8.28336 10.9163 7.14985 6.13173 17.0414 25.8609 16.2584
threshold=2.5000000000000004 2.5000000000000004 108.50000000000001 102.50000000000001 87.500000000000014 61.500000000000007 68.500000000000014 150.50000000000003 159.50000000000003 96.500000000000014 1.5000000000000002 67.500000000000014 144.50000000000003 141.50000000000003 92.500000000000014 98.500000000000014 123.50000000000001 110.50000000000001 119.50000000000001 104.50000000000001 94.500000000000014 97.500000000000014 146.50000000000003 89.500000000000014 157.50000000000003 79.500000000000014 140.50000000000003 143.50000000000003 1.5000000000000002 144.50000000000003
decision_type=2 2 2 2 2 2 2 2 2 2 2 2 2 2 2 2 2 2 2 2 2 2 2 2 2 2 2 2 2 2
left_child=26 7 4 5 -3 -4 -7 11 -9 -10 -11 -2 13 14 17 -16 -17 19 -19 -13 22 -22 -8 -24 -25 -21 -1 28 -28 -29
right_child=1 2 3 -5 -6 6 20 8 9 10 -12 12 -14 -15 15 16 -18 18 -20 25 21 -23 23 24 -26 -27 27 29 -30 -31
leaf_value=-0.0024711792624861045 0.077659066376380259 0.011510174645696099 -0.10784470695624018 0.082872446256566548 -0.094822870661332215 0.11195609701551837 -0.0042287044766767872 -0.10748983887730541 0.082651201058772217 0.039484833932585686 -0.086236542441554223 0.016242338576003504 0.071984314233722244 -0.077308211357539486 0.10456341086584953 -0.033543855747555203 0.073507371388295051 0.1010216294052505 0.012623710358538459 -0.14334661404880064 -0.14818364256392422 -0.0011241909665936172 0.10586810421320288 0.072453660767549263 -0.098059219703843986 -0.016767278878927122 -0.025753983546040859 -0.086683000886047634 0.12096755299966684 0.0061795710380305024
leaf_weight=4438.7375610135496 25.405603893101215 17.454336419701576 6.844316452741622 18.236504070460796 22.081388726830482 8.2036604806780797 220.17149338871241 19.490603744983673 17.765059933066368 14.000088401138783 9.5162213891744614 33.26212278008461 26.102724306285381 14.760394379496573 21.231242872774601 12.986608490347864 12.663279131054876 21.81102566421032 181.19935770705342 10.070315986871721 10.808905392885206 27.003589130938053 17.472388438880444 9.6216685622930509 6.1572932600975028 8.013378292322157 19.707949444651604 19.470583036541939 30.767905101180077 595.1101366057992
leaf_count=17619 56 28 18 22 16 11 876 12 78 84 20 42 147 13 30 14 48 27 1013 38 10 97 34 46 27 30 25 15 27 2543
internal_value=0.000237202 0.00904085 -0.0022559 0.00330225 -0.0478787 -0.00143547 0.000996743 0.0186436 -0.0147205 0.0290797 -0.0113902 0.0241608 0.0201878 0.0159092 0.0204768 0.0579174 0.019307 0.013576 0.022121 -0.0202091 -0.00212881 -0.0431619 0.00399362 0.0584372 0.00591584 -0.0872559 -0.00112951 0.00782507 0.0636811 0.00323758
internal_weight=5896.13 792.334 364.056 324.52 39.5357 306.283 299.439 428.278 60.772 41.2814 23.5163 367.506 342.1 315.998 301.237 46.8811 25.6499 254.356 203.01 51.3458 291.235 37.8125 253.423 33.2514 15.779 18.0837 5103.79 665.057 50.4759 614.581
internal_count=23066 2837 1185 1141 44 1119 1101 1652 194 182 104 1458 1402 1255 1242 92 62 1150 1040 110 1090 107 983 107 73 68 20229 2610 52 2558
is_linear=0
shrinkage=0.1


Tree=36
num_leaves=31
num_cat=0
split_feature=3 3 3 3 3 3 1 1 3 0 0 1 1 1 2 3 3 3 3 2 1 1 1 2 1 1 1 2 1 1
split_gain=6.43112 14.2452 9.41324 21.2489 9.56669 8.1458 6.36666 18.9777 10.4448 47.6379 12.2993 18.2936 13.3012 13.0683 12.1185 19.3533 15.4769 21.0891 15.2163 15.118 15.9132 14.1569 30.0721 11.5381 10.5528 10.1228 18.8893 14.3034 10.025 20.6336
threshold=179.50000000000003 177.50000000000003 168.50000000000003 166.50000000000003 170.50000000000003 172.50000000000003 60.500000000000007 65.500000000000014 160.50000000000003 1.5000000000000002 1.5000000000000002 67.500000000000014 66.500000000000014 69.500000000000014 2.5000000000000004 147.50000000000003 111.50000000000001 99.500000000000014 141.50000000000003 1.5000000000000002 91.500000000000014 72.500000000000014 71.500000000000014 1.5000000000000002 80.500000000000014 100.50000000000001 91.500000000000014 1.5000000000000002 89.500000000000014 80.500000000000014
decision_type=2 2 2 2 2 2 2 2 2 2 2 2 2 2 2 2 2 2 2 2 2 2 2 2 2 2 2 2 2 2
left_child=1 2 3 6 -4 -6 -1 -8 10 -10 12 -12 -9 -14 16 18 17 23 21 20 24 22 -16 -13 -19 26 28 -27 29 -18
right_child=-2 -3 4 -5 5 -7 7 8 9 -11 11 14 13 -15 15 -17 25 19 -20 -21 -22 -23 -24 -25 -26 27 -28 -29 -30 -31
leaf_value=-0.017461177585233245 0.04202784929654392 -0.068636442638262948 0.070475362830432708 -0.11887025224175306 -0.035735943356017208 0.03784713869938619 0.038360072163592357 -0.057983687612656154 0.067828167463038297 -0.11870827392553292 0.10290220335943599 0.000784719768985624 0.045381260324295597 -0.0027771823519548203 -0.023843565659005181 0.058590407823466452 0.016357375422581092 -0.0064681355674672996 -0.088377600638130938 -0.069688645250273948 -0.11784025783553548 -0.0011966778056660731 -0.2355596294382469 0.10296036896850723 0.08747672454913473 0.034702108465358476 0.061577112030110494 -0.097223646688488957 -0.0039089593757767249 0.087697829753522458
leaf_weight=199.07382423430681 36.583374835550785 30.10982446372509 37.75859822332859 15.050474643707274 26.187325052917004 35.356824971735477 130.92191354557872 43.001720368862152 23.07390008866787 33.666193023324013 20.073570683598518 22.751994073390961 57.205672144889832 3755.9125434197485 39.347385868430138 39.942812070250511 434.26009935885668 90.49137320369482 26.033292096108198 55.951714269816875 11.534082219004629 303.39441369473934 8.0880366563796979 21.491738095879555 13.777379166334866 15.497459076344965 101.21957346051931 17.49685674905777 194.38086991012096 44.71659042686224
leaf_count=891 249 15 218 12 20 29 171 25 26 25 22 17 78 15816 113 162 1833 392 23 139 10 968 6 25 21 37 415 18 1203 87
internal_value=0.000230634 -3.08472e-05 0.000324227 -0.000205852 0.0308489 0.00653719 0.000107292 0.000742698 -0.000173857 -0.0428515 0.000281611 0.00809709 -0.00267839 -0.00205469 0.00677586 -0.00759816 0.0126291 -0.0111475 -0.0146133 -0.0270065 -0.00638404 -0.00913965 -0.0599425 0.0504173 0.00594511 0.0189885 0.0212992 -0.035258 0.0152446 0.0230176
internal_weight=5884.35 5847.77 5817.66 5718.36 99.3027 61.5442 5703.31 5504.23 5373.31 56.7401 5316.57 1460.45 3856.12 3813.12 1440.38 416.806 1023.57 215.998 376.863 171.755 115.803 350.83 47.4354 44.2437 104.269 807.571 774.577 32.9943 673.358 478.977
internal_count=23066 22817 22802 22535 267 49 22523 21632 21461 51 21410 5491 15919 15894 5469 1272 4197 604 1110 562 423 1087 119 42 413 3593 3538 55 3123 1920
is_linear=0
shrinkage=0.1


Tree=37
num_leaves=31
num_cat=0
split_feature=3 3 3 3 3 1 1 3 3 3 3 3 2 1 1 3 3 3 0 0 1 1 2 0 1 1 1 1 1 1
split_gain=5.35347 11.3355 7.812 16.4233 8.74758 5.19233 15.7843 8.60838 18.328 7.93868 11.6809 15.2179 9.59799 9.18233 15.2746 8.84102 8.39795 15.0865 14.5568 11.1318 22.0125 20.0389 19.0908 27.932 16.9537 48.8217 16.0601 16.2749 10.9813 10.6003
threshold=179.50000000000003 177.50000000000003 168.50000000000003 166.50000000000003 171.50000000000003 60.500000000000007 65.500000000000014 99.500000000000014 97.500000000000014 160.50000000000003 146.50000000000003 145.50000000000003 2.5000000000000004 118.50000000000001 114.50000000000001 148.50000000000003 110.50000000000001 114.50000000000001 1.5000000000000002 1.5000000000000002 66.500000000000014 68.500000000000014 2.5000000000000004 2.5000000000000004 90.500000000000014 74.500000000000014 91.500000000000014 99.500000000000014 67.500000000000014 89.500000000000014
decision_type=2 2 2 2 2 2 2 2 2 2 2 2 2 2 2 2 2 2 2 2 2 2 2 2 2 2 2 2 2 2
left_child=1 2 3 5 -4 -1 -7 8 -8 10 11 13 -11 14 16 -12 28 18 -18 20 -19 -21 26 24 25 -24 29 -28 -9 -23
right_child=-2 -3 4 -5 -6 6 7 9 -10 12 15 -13 -14 -15 -16 -17 17 19 -20 21 -22 22 23 -25 -26 -27 27 -29 -30 -31
leaf_value=-0.015785391152553684 0.038853220817931133 -0.060698626182650789 0.059862316090236727 -0.10230116173343505 -0.0001645346541958638 0.035426561535837391 0.0062588755539026908 0.088862085236435101 0.087822016517099102 -0.079761796931146378 0.061991079622822944 -0.097303489366181217 0.0019704519471811306 -0.10113815928506886 0.07974944692457131 0.010855522533537575 0.077304613380571499 -0.093885620277215212 -0.0038662486796909377 0.10965074831452226 -0.0030751844644580895 0.018576005095761444 -0.24543833000094009 0.00073624232513716146 -0.15424819284023539 0.024368776561410125 0.10711703006682434 0.011222345042849073 -0.012110081773711553 -0.012398124235306982
leaf_weight=198.23327789455652 35.665005549788475 30.613748610019684 46.32316942512989 15.700937703251837 51.010992810130119 127.75831520184875 152.58389784395695 10.911469757556914 33.620985954999924 28.01593779027462 36.956871956586838 16.673217073082924 29.493626818060875 9.2488107681274396 23.080771446228027 397.18334425240755 49.161727607250214 26.95571094751358 40.126804836094379 19.24385292828083 2739.6238200217485 419.53073199465871 8.7564397752284986 218.55424977838993 19.269220978021622 28.65012875944376 36.716062881052494 34.168480217456818 835.6129246391356 149.99130244553089
leaf_count=891 249 15 228 12 39 171 168 15 31 34 36 11 17 5 18 2327 46 13 36 21 11479 1770 11 864 13 84 53 132 3386 891
internal_value=0.000227815 -8.32356e-06 0.00031184 -0.000167367 0.0284034 0.000114454 0.00068837 -0.000138995 0.0209858 -0.000898672 -0.000483705 -0.00193744 -0.0378456 -0.00159693 -0.00139938 0.0152085 -0.00180328 0.000207721 0.0408259 -0.000772093 -0.00395998 0.00866178 0.00653931 -0.0154864 -0.0780446 -0.0387899 0.0160054 0.0608929 -0.0108086 0.0104186
internal_weight=5869.44 5833.77 5803.16 5705.82 97.3342 5690.12 5491.89 5364.13 186.205 5177.93 5120.42 4686.28 57.5096 4669.6 4660.35 434.14 4637.27 3790.75 89.2885 3701.46 2766.58 934.88 915.637 275.23 56.6758 37.4066 640.407 70.8845 846.524 569.522
internal_count=23066 22817 22802 22535 267 22523 21632 21461 199 21262 21211 18848 51 18837 18832 2363 18814 15413 82 15331 11492 3839 3818 972 108 95 2846 185 3401 2661
is_linear=0
shrinkage=0.1


Tree=38
num_leaves=31
num_cat=0
split_feature=3 3 3 3 3 3 3 3 2 3 3 3 1 1 1 3 3 3 3 3 1 2 2 3 3 3 3 1 1 1
split_gain=4.75637 20.35 6.83841 10.5893 19.4214 9.16866 13.9863 12.8426 5.05775 6.72516 4.28795 10.1338 8.89868 8.23243 19.2744 12.8707 8.96554 36.6057 16.1756 12.3494 9.79138 8.69168 10.8174 20.177 12.917 8.26006 18.9691 11.4896 8.10516 12.8061
threshold=178.50000000000003 177.50000000000003 175.50000000000003 174.50000000000003 172.50000000000003 171.50000000000003 168.50000000000003 166.50000000000003 2.5000000000000004 170.50000000000003 125.50000000000001 126.50000000000001 112.50000000000001 93.500000000000014 92.500000000000014 160.50000000000003 144.50000000000003 143.50000000000003 150.50000000000003 159.50000000000003 71.500000000000014 2.5000000000000004 1.5000000000000002 129.50000000000003 146.50000000000003 158.50000000000003 150.50000000000003 98.500000000000014 99.500000000000014 109.50000000000001
decision_type=2 2 2 2 2 2 2 2 2 2 2 2 2 2 2 2 2 2 2 2 2 2 2 2 2 2 2 2 2 2
left_child=1 2 3 4 5 6 7 10 9 -8 -1 -12 13 14 16 21 17 -13 -18 -20 -21 22 23 -15 -24 26 27 -25 -23 -30
right_child=-2 -3 -4 -5 -6 -7 8 -9 -10 -11 11 12 -14 15 -16 -17 18 -19 19 20 -22 28 24 25 -26 -27 -28 -29 29 -31
leaf_value=-0.0019613101830388987 0.031738593189273599 -0.10518973472341303 0.074283937413955378 -0.09304533337867385 0.1379521124455326 -0.075171411422592815 0.053489047427775632 -0.089020363915457645 0.10690729549844541 -0.076313742869563675 0.066225608594617999 0.0021917842380054478 0.068597125572158107 -0.1806987788902957 0.11360835255586038 -0.086726941026767576 0.03661514834698032 -0.13663825523320813 -0.045055808972161313 0.10276432552336773 0.0034033546668568605 -0.075288284786339657 0.092517143845400107 0.060568962129235439 -0.001423986428173906 0.036422629320651018 -0.18482634669582843 -0.023333317076079441 0.035552307725057929 -0.091563049992593903
leaf_weight=3607.8820599764585 47.495459869503975 18.345963984727859 12.465596958994864 12.16969161480665 10.236682042479513 16.141591712832451 26.272054530680183 16.209294185042381 13.608313061296938 4.7065496519207946 25.643675103783607 1315.4684255346656 20.4527488052845 6.7173427343368521 16.186519429087639 21.871891662478447 203.00846376270056 19.270720601081848 53.642383426427841 11.107635535299776 92.580757334828377 31.671364262700081 25.629981748759747 20.21625792235136 34.125299736857414 38.440959684550762 6.3752132952213278 84.715403504669666 24.274979069828987 11.767249852418898
leaf_count=13748 255 9 9 13 7 10 196 12 26 6 25 5766 33 6 15 21 1083 15 53 32 472 21 60 50 126 303 14 575 98 7
internal_value=0.000221866 -3.61673e-05 0.000297429 0.000137599 0.000334536 8.94505e-05 0.000301394 -0.000135984 0.0560909 0.0337682 0.00011807 0.0037543 0.00296806 0.00230259 0.00500324 -0.01281 0.00396615 0.000187381 0.0179632 -0.006104 0.0140474 -0.00711607 0.00267506 -0.0111476 0.0388688 -0.00354196 -0.0173441 -0.0071686 -0.0383807 -0.00594896
internal_weight=5848.7 5801.21 5782.86 5770.39 5758.22 5747.99 5731.85 5687.26 44.5869 30.9786 5671.05 2063.17 2037.52 2017.07 1711.26 305.806 1695.08 1334.74 360.339 157.331 103.688 283.934 216.22 156.465 59.7553 149.748 111.307 104.932 67.7136 36.0422
internal_count=23066 22811 22802 22793 22780 22773 22763 22535 228 202 22523 8775 8750 8717 7436 1281 7421 5781 1640 557 504 1260 1134 948 186 942 639 625 126 105
is_linear=0
shrinkage=0.1


Tree=39
num_leaves=31
num_cat=0
split_feature=1 3 3 1 3 3 3 3 3 3 3 3 0 3 3 1 1 0 1 3 3 1 1 1 1 3 3 1 1 3
split_gain=5.1453 15.6426 21.1762 7.07191 6.65145 7.42557 5.73316 8.72882 16.7636 7.35317 10.6428 10.1901 19.9551 6.64139 15.3492 7.26135 12.3155 7.15166 6.87541 7.55416 23.8996 15.8119 9.75203 14.2505 14.1403 8.84346 16.9495 23.8921 8.73656 8.9584
threshold=116.50000000000001 112.50000000000001 139.50000000000003 115.50000000000001 179.50000000000003 177.50000000000003 175.50000000000003 174.50000000000003 172.50000000000003 171.50000000000003 168.50000000000003 160.50000000000003 1.5000000000000002 140.50000000000003 141.50000000000003 106.50000000000001 108.50000000000001 1.5000000000000002 101.50000000000001 150.50000000000003 159.50000000000003 88.500000000000014 65.500000000000014 66.500000000000014 71.500000000000014 146.50000000000003 142.50000000000003 88.500000000000014 98.500000000000014 149.50000000000003
decision_type=2 2 2 2 2 2 2 2 2 2 2 2 2 2 2 2 2 2 2 2 2 2 2 2 2 2 2 2 2 2
left_child=3 -2 -3 4 5 6 7 8 9 10 11 13 -13 -1 -15 18 -17 -18 19 22 21 -21 -16 -24 -25 26 -26 -28 -27 -30
right_child=1 2 -4 -5 -6 -7 -8 -9 -10 -11 -12 12 -14 14 15 16 17 -19 -20 20 -22 -23 23 24 25 28 27 -29 29 -31
leaf_value=-0.00068019304547039508 0.051242708553505906 -0.20570418254412784 -0.0086610717909824022 0.11247489249198744 0.046067007890804097 -0.04852417168993766 0.069229374483504233 -0.083819243513558975 0.13204181825287067 -0.066850737898789869 0.051617147089307119 0.019116155516264596 -0.082613013631226806 0.11245478924982132 0.099218407400225445 -0.13262914201318582 0.046603854545517485 -0.077679299776901745 0.11862726344873645 -0.015294769462691689 0.022011253943305695 -0.11209350871867528 -0.094306481660655417 0.11272808760743887 0.069853724899518174 0.036356632265433668 -0.10852836245364542 0.011452521114419498 -0.17275357818936932 -0.00026814168608826531
leaf_weight=4987.6606950946152 12.670512124896048 9.0857183933258074 13.645503789186476 5.6295301914215079 31.636065810918808 31.25150702893734 12.059923544526098 12.336038962006567 9.6555320322513563 16.324974834918976 40.220769479870796 35.604512549936771 42.062457785010338 14.437575772404669 14.274784117937086 9.681385278701784 13.549290165305139 7.0334565639495841 5.84190510213375 44.661019563674927 112.25261092931032 27.123665735125542 11.552667260169981 15.245157122611998 19.55731774866581 162.77551612257957 27.267235353589058 42.413035042583942 3.2158402204513541 47.295451402664185
leaf_count=19868 13 4 61 6 224 15 9 12 7 10 214 33 31 24 21 4 39 22 12 36 830 38 6 38 17 995 33 82 2 360
internal_value=0.000216288 -0.0377915 -0.0874196 0.000448173 0.000339382 8.84624e-05 0.000353407 0.000208242 0.000389787 0.000166776 0.000359266 -6.04442e-06 -0.0359778 0.000495913 0.0106416 0.00803414 -0.0396158 0.0041343 0.0107373 0.00954278 -0.00680648 -0.0518699 0.0182998 0.0147923 0.0187586 0.0140232 -0.0124094 -0.0354983 0.0250824 -0.0112496
internal_weight=5838.02 35.4017 22.7312 5802.62 5796.99 5765.35 5734.1 5722.04 5709.71 5700.05 5683.73 5643.51 77.667 5565.84 578.178 563.74 30.2641 20.5827 533.476 527.634 184.037 71.7847 343.597 329.322 317.77 302.524 89.2376 69.6803 213.287 50.5113
internal_count=23066 78 65 22988 22982 22758 22743 22734 22722 22715 22705 22491 64 22427 2559 2535 65 61 2470 2458 904 74 1554 1533 1527 1489 132 115 1357 362
is_linear=0
shrinkage=0.1


Tree=40
num_leaves=31
num_cat=0
split_feature=2 0 3 1 3 3 1 1 1 1 3 3 0 3 3 3 1 0 3 3 3 3 3 2 1 1 3 1 3 1
split_gain=4.40622 11.8502 10.9194 20.0982 8.88035 10.5951 11.3872 22.3925 8.59902 21.132 16.6739 37.8085 10.0124 8.32328 24.2849 24.2114 8.11882 7.93116 24.6289 20.4366 26.3573 24.1278 10.7951 16.3198 7.69439 16.2747 7.68091 12.6809 13.2957 17.4881
threshold=1.5000000000000002 1.5000000000000002 177.50000000000003 99.500000000000014 130.50000000000003 139.50000000000003 74.500000000000014 67.500000000000014 77.500000000000014 72.500000000000014 95.500000000000014 96.500000000000014 1.5000000000000002 95.500000000000014 99.500000000000014 94.500000000000014 79.500000000000014 1.5000000000000002 154.50000000000003 156.50000000000003 139.50000000000003 129.50000000000003 111.50000000000001 2.5000000000000004 117.50000000000001 114.50000000000001 157.50000000000003 80.500000000000014 168.50000000000003 108.50000000000001
decision_type=2 2 2 2 2 2 2 2 2 2 2 2 2 2 2 2 2 2 2 2 2 2 2 2 2 2 2 2 2 2
left_child=1 13 4 -4 -3 -6 7 -7 9 17 12 -12 -10 15 -15 -1 -8 18 -2 20 21 22 -19 -24 25 26 -13 -28 -29 -30
right_child=8 2 3 -5 5 6 16 -9 10 -11 11 24 -14 14 -16 -17 -18 19 -20 -21 -22 -23 23 -25 -26 -27 27 28 29 -31
leaf_value=-0.018437516489468321 0.0093072003427029041 0.003324168606729622 0.079873643922234672 -0.19335550345251551 0.092150116739426677 0.065993792746985455 0.11521743787432737 -0.098067344450488189 0.019730579038182063 0.061845869726727259 -0.22163820736839318 0.0021800743904534345 0.11085247111500894 0.11947017985715108 -0.0040139950475038934 -0.21323884131009918 0.024273416490343636 -0.023908682488505108 0.13849492399763261 -0.12842822756079994 0.10464453197879393 -0.10830107790011539 0.094419306367689568 -0.020111139737293601 -0.062162770143508676 0.11438936906434399 -0.10032221012299912 -0.040191959194805144 0.0525925898905013 -0.087078760790841245
leaf_weight=62.06428699195385 189.97945569455624 513.45846047252417 4.3862674757838231 6.970441646873951 22.157241366803646 13.783696442842482 10.34384026378393 20.985592819750309 29.724500373005867 83.02146453410387 7.8036711812019339 992.95191041007638 20.28954291343689 16.004233181476593 3269.9340459145606 7.1112556755542746 192.44495123252273 63.832063086330891 15.999999880790709 13.382794655859469 20.982367493212223 23.34770130366087 25.353644847869873 24.429578356444836 20.079361088573933 12.364143662154673 18.276250347495079 70.489201612770557 45.271414555609226 11.177959963679312
leaf_count=268 351 2045 22 43 42 14 17 38 27 97 4 2814 22 11 15157 9 1330 185 9 12 36 56 43 44 20 14 34 183 103 16
internal_value=0.000208122 -0.00154802 0.00951641 -0.087827 0.0109462 0.0260151 0.0198466 -0.0330281 0.00451296 0.0161698 0.000144777 -0.00225539 0.0566966 -0.00413523 -0.00341256 -0.0384631 0.0289123 0.00611942 0.0193422 -0.00977769 0.000275634 -0.0157134 0.00331317 0.038217 -0.00079291 0.000278133 -0.000961481 -0.0224429 -0.01123 0.0249352
internal_weight=5828.4 4139.64 784.53 11.3567 773.174 259.715 237.558 34.7693 1688.76 460.329 1228.43 1178.41 50.014 3355.11 3285.94 69.1755 202.789 377.308 205.979 171.328 157.945 136.963 113.615 49.7832 1170.61 1150.53 1138.17 145.215 126.939 56.4494
internal_count=23066 18996 3551 65 3486 1441 1399 52 4070 833 3237 3188 49 15445 15168 277 1347 736 360 376 364 328 272 87 3184 3164 3150 336 302 119
is_linear=0
shrinkage=0.1


Tree=41
num_leaves=31
num_cat=0
split_feature=1 1 0 2 2 3 3 3 1 1 3 3 3 1 3 2 3 3 1 3 2 1 3 3 3 3 1 3 1 3
split_gain=3.85033 12.5152 7.78215 15.2182 10.4991 8.39851 6.73462 14.7415 6.96672 28.2125 31.0959 15.994 14.1039 10.3781 9.43283 10.6335 9.70557 9.04728 6.83872 5.98042 35.4307 22.6253 14.7516 5.8585 20.4006 9.6159 5.41564 17.0882 10.1042 11.0172
threshold=60.500000000000007 65.500000000000014 1.5000000000000002 1.5000000000000002 2.5000000000000004 131.50000000000003 99.500000000000014 96.500000000000014 70.500000000000014 77.500000000000014 138.50000000000003 129.50000000000003 124.50000000000001 72.500000000000014 117.50000000000001 1.5000000000000002 111.50000000000001 146.50000000000003 106.50000000000001 135.50000000000003 1.5000000000000002 66.500000000000014 133.50000000000003 178.50000000000003 177.50000000000003 175.50000000000003 80.500000000000014 170.50000000000003 89.500000000000014 103.50000000000001
decision_type=2 2 2 2 2 2 2 2 2 2 2 2 2 2 2 2 2 2 2 2 2 2 2 2 2 2 2 2 2 2
left_child=-1 2 4 -4 -2 -5 7 18 19 10 11 12 14 -12 15 16 -10 -15 -3 22 21 -21 -8 24 25 26 27 -11 29 -28
right_child=1 6 3 5 -6 -7 8 -9 9 23 13 -13 -14 17 -16 -17 -18 -19 -20 20 -22 -23 -24 -25 -26 -27 28 -29 -30 -31
leaf_value=-0.013552954972172135 0.029281571766440442 0.011314285570792842 0.068606593956818812 0.0092626708267758567 0.1119630800249152 -0.087082081973902978 -0.010456488861269436 0.070059567117610119 0.045079455820146178 -0.003865511226155928 -0.07533908271428226 0.119954682991294 -0.025309287350733872 -0.052218695927800519 0.096692188351026997 0.083642908840534269 -0.047440668638244102 0.03880547794698793 -0.056344329342833711 -0.16377577985487007 0.1037250373524798 0.0020529312806151791 -0.15219766908007182 0.035611327526898461 -0.15128905577913487 0.12512504788463547 -0.055964740862966315 -0.16976751188928352 -0.00036360289531796639 0.025680108847562229
leaf_weight=196.47303514927626 59.898995146155357 122.21784371137619 21.725415199995041 18.743177220225334 20.65358517318964 17.491513021290302 740.51343302428722 42.948595494031906 27.40137255191803 2469.5542640164495 24.005948543548584 32.496129237115383 25.41785391420126 17.231018789112568 39.390904754400253 29.288572423160076 19.341612718999386 29.811549946665764 17.019638270139694 10.809945821762083 29.204262159764767 34.44225936383009 7.4160985723137847 43.106841802597046 9.065975293517111 6.0248481333255759 17.649029180407524 6.2242417037487021 1417.976327046752 260.14116444066167
leaf_count=894 82 138 27 28 28 16 3251 43 30 11214 16 35 32 18 50 44 32 29 18 5 49 106 8 250 5 5 18 4 6204 387
internal_value=0.000207471 0.000688769 0.0303748 0.00243135 0.050481 -0.0372457 -6.17546e-05 0.0188423 -0.000712005 0.000842897 0.0338788 0.0567162 0.0421252 -0.0218374 0.0569753 0.0363986 0.00679588 0.00546463 0.00304406 -0.00917133 0.0178563 -0.0375606 -0.0118619 -0.00106584 -0.00144348 -0.00111829 -0.00130062 -0.0042826 0.00305299 0.0204929
internal_weight=5813.69 5617.21 138.513 57.9601 80.5526 36.2347 5478.7 182.186 5296.51 4474.13 244.385 173.336 140.84 71.0485 115.422 76.0316 46.743 47.0426 139.237 822.386 74.4565 45.2522 747.93 4229.74 4186.64 4177.57 4171.55 2475.78 1695.77 277.79
internal_count=23066 22172 181 71 110 44 21991 199 21792 18373 286 223 188 63 156 106 62 47 156 3419 160 111 3259 18087 17837 17832 17827 11218 6609 405
is_linear=0
shrinkage=0.1


Tree=42
num_leaves=31
num_cat=0
split_feature=3 1 3 3 1 1 3 3 1 1 3 3 3 1 3 3 0 0 1 1 1 3 1 2 1 3 1 3 1 1
split_gain=3.28433 3.43555 12.4388 17.5361 5.28967 7.97577 6.62693 5.9494 23.6039 24.1337 20.523 8.19536 13.149 21.9902 11.9328 13.3524 13.752 10.4001 9.38322 9.25635 8.80144 11.3961 7.13996 14.8105 14.9007 9.20761 15.0112 7.38391 6.15372 11.7718
threshold=87.500000000000014 116.50000000000001 112.50000000000001 139.50000000000003 111.50000000000001 110.50000000000001 124.50000000000001 99.500000000000014 93.500000000000014 90.500000000000014 96.500000000000014 100.50000000000001 109.50000000000001 66.500000000000014 110.50000000000001 114.50000000000001 1.5000000000000002 2.5000000000000004 87.500000000000014 82.500000000000014 79.500000000000014 103.50000000000001 67.500000000000014 2.5000000000000004 65.500000000000014 92.500000000000014 73.500000000000014 93.500000000000014 79.500000000000014 70.500000000000014
decision_type=2 2 2 2 2 2 2 2 2 2 2 2 2 2 2 2 2 2 2 2 2 2 2 2 2 2 2 2 2 2
left_child=-1 4 -3 -4 5 7 -6 8 9 10 22 19 13 -13 -14 16 -16 18 20 -9 21 -15 23 24 27 26 -24 -2 29 -17
right_child=1 2 3 -5 6 -7 -8 11 -10 -11 -12 12 14 17 15 28 -18 -19 -20 -21 -22 -23 25 -25 -26 -27 -28 -29 -30 -31
leaf_value=-0.075351599800152005 -0.031329465064974485 0.055691371585129913 -0.18359632029231635 -0.0038871933661292612 -0.0010729016148875816 -0.082247420280125577 0.075044126483674325 -0.028474464213516057 0.11167010994060811 -0.097436914306346462 0.082997184940413485 0.10538855085646717 -0.014271755357022074 0.056843895278152583 0.073814196667862805 -7.4298689913711297e-05 -0.0049604298235595857 -0.033153892352473228 -0.0079077936780880594 0.066080214484231958 0.089233776068957979 -0.045383845303481635 -0.0051453923848023865 -0.11978007700393192 0.14487722007084802 -0.0095274012720220954 0.12373323190423413 0.071280465354972788 -0.0013472241725222308 0.02671063343656159
leaf_weight=5.7476631850004187 51.081079386174679 11.046290472149847 8.8655086755752581 14.011812873184679 24.652030646800995 11.711118042469023 21.338530495762825 155.24572506546974 23.194555133581161 20.598483502864838 37.375582382082939 29.449447602033615 567.92310025915504 30.575139030814171 50.494013607501984 507.17467695102096 39.494893155992031 39.518986888229847 50.915619738399982 11.092953629791735 30.471901312470436 16.95020516961813 18.177443280816078 12.683940619230269 6.2697588205337516 43.03270722925663 17.974126443266869 8.1291361898183805 3686.2062457464635 242.55464708805084
leaf_count=31 263 7 4 61 20 6 23 809 29 12 42 39 2800 26 53 1480 37 35 40 22 30 29 46 15 4 35 18 11 16685 354
internal_value=0.000203234 0.00027826 -0.0314518 -0.0735288 0.00046532 0.000193175 0.0342436 0.000362658 0.0158219 0.00549715 0.0163858 -0.000312911 0.000374098 0.0256652 -0.000608388 0.00110612 0.0392411 0.011726 0.0254842 -0.0221687 0.047282 0.0203837 0.000563364 -0.0208771 -0.00171883 0.0217275 0.0589315 -0.0172419 0.000332503 0.00859124
internal_weight=5793.96 5788.21 33.9236 22.8773 5754.29 5708.3 45.9906 5696.58 238.517 215.322 194.724 5458.07 5291.73 197.881 5093.85 4525.92 89.9889 168.432 128.913 166.339 77.9972 47.5253 157.348 78.1639 65.48 79.1843 36.1516 59.2102 4435.94 749.729
internal_count=23066 23035 72 65 22963 22920 43 22914 475 446 434 22439 21608 199 21409 18609 90 160 125 831 85 55 392 293 278 99 64 274 18519 1834
is_linear=0
shrinkage=0.1


Tree=43
num_leaves=31
num_cat=0
split_feature=0 3 3 1 1 3 3 3 2 1 3 1 1 3 1 3 3 3 1 3 3 3 1 1 3 1 3 3 1 3
split_gain=3.39661 5.91064 10.888 11.965 24.566 12.3552 11.8274 10.2571 8.43336 8.38732 9.63087 6.70635 7.29087 14.37 10.6145 6.44756 21.9952 6.4312 16.4749 6.17026 6.034 20.9285 8.98805 5.82174 10.1786 7.72199 6.92961 13.1508 6.54484 6.0063
threshold=2.5000000000000004 164.50000000000003 150.50000000000003 97.500000000000014 89.500000000000014 160.50000000000003 146.50000000000003 154.50000000000003 2.5000000000000004 97.500000000000014 171.50000000000003 67.500000000000014 92.500000000000014 142.50000000000003 98.500000000000014 94.500000000000014 97.500000000000014 137.50000000000003 90.500000000000014 149.50000000000003 126.50000000000001 123.50000000000001 81.500000000000014 77.500000000000014 101.50000000000001 70.500000000000014 104.50000000000001 112.50000000000001 90.500000000000014 129.50000000000003
decision_type=2 2 2 2 2 2 2 2 2 2 2 2 2 2 2 2 2 2 2 2 2 2 2 2 2 2 2 2 2 2
left_child=-1 2 6 4 -4 7 8 -6 11 -3 -11 -2 13 23 -14 -10 -17 20 -19 -8 21 -18 -22 25 -25 26 -13 -28 -26 -29
right_child=1 9 3 -5 5 -7 19 -9 15 10 -12 12 14 -15 -16 16 17 18 -20 -21 22 -23 -24 24 28 -27 27 29 -30 -31
leaf_value=-0.00074903273764253468 0.070391195188381481 0.10506725832304245 0.0075154336779872022 0.042006815595150342 -0.19815898779436328 -0.24593751765764288 0.11792586704312949 -0.023234157923747074 0.096557547819172959 0.086186501420702111 -0.046131960159653901 0.088309511736220078 0.10283509536807851 -0.11980085259251678 0.0089729876672329009 -0.15750645326825671 0.00066074894710173825 -0.0059047466805487838 -0.13702507800689787 0.032975813301132383 -0.0063370746698514545 -0.17371995156671977 0.068377296426498299 -0.073852143217316035 0.0053077381383826198 0.088603446673677394 -0.13430546396024864 0.081723377029161146 0.1143779540622413 -0.036066232262783722
leaf_weight=5013.8351297229528 21.188013158738613 14.392952010035513 24.598508030176163 14.914746738970278 5.2091766893863705 7.1604321002960196 13.123151533305643 9.4031422957777959 5.8637535274028769 9.2591797709465045 13.551736585795878 8.3251934945583326 20.310645438730717 8.8533878326415998 29.616136275231838 9.6885069385170919 155.30838201195002 43.754186548292637 12.269825354218481 24.536770857870579 33.979199536144733 7.2015698850154868 30.602072045207024 16.265041902661324 171.72395465895534 19.84355541318655 6.896252483129504 9.6260382384061831 5.683659315109252 7.8670452982187262
leaf_count=20229 55 40 35 78 3 3 16 56 7 39 41 14 35 13 68 7 478 228 30 207 138 7 101 21 990 34 35 25 6 27
internal_value=0.00019582 0.00642084 0.00442281 -0.035903 -0.0609617 -0.138326 0.00815308 -0.0855935 0.00487297 0.045293 0.00757743 0.0159892 0.0122101 0.00537013 0.0471569 -0.00726802 -0.00934726 -0.00427709 -0.0346214 0.0625779 0.00320894 -0.00706687 0.0290666 0.00987073 0.00186058 0.0393876 0.00953482 -0.0173546 0.00880205 0.0287507
internal_weight=5774.85 761.016 723.812 61.286 46.3713 21.7728 662.526 14.6123 624.866 37.2039 22.8109 326.199 305.011 255.084 49.9268 298.667 292.804 283.115 56.024 37.6599 227.091 162.51 64.5813 246.231 193.673 52.5581 32.7145 24.3893 177.408 17.4931
internal_count=23066 2837 2717 175 97 62 2542 59 2319 120 80 1323 1268 1165 103 996 989 982 258 223 724 485 239 1152 1017 135 101 87 996 52
is_linear=0
shrinkage=0.1


Tree=44
num_leaves=31
num_cat=0
split_feature=3 3 3 3 3 3 3 3 2 2 3 3 1 1 3 1 3 3 3 3 1 1 1 1 1 3 1 1 1 2
split_gain=3.03855 11.6871 3.74631 6.40285 13.2205 5.01892 9.07019 10.5627 4.30741 4.82209 3.40364 15.0234 4.90167 11.5156 12.677 10.8437 48.6563 12.9231 10.0001 9.64436 8.43604 7.99063 6.91429 6.09822 9.46038 8.43137 5.75865 5.45138 4.64336 10.1369
threshold=178.50000000000003 177.50000000000003 175.50000000000003 174.50000000000003 172.50000000000003 171.50000000000003 168.50000000000003 166.50000000000003 2.5000000000000004 1.5000000000000002 140.50000000000003 141.50000000000003 94.500000000000014 92.500000000000014 144.50000000000003 99.500000000000014 152.50000000000003 149.50000000000003 150.50000000000003 159.50000000000003 80.500000000000014 71.500000000000014 90.500000000000014 75.500000000000014 79.500000000000014 161.50000000000003 112.50000000000001 78.500000000000014 89.500000000000014 2.5000000000000004
decision_type=2 2 2 2 2 2 2 2 2 2 2 2 2 2 2 2 2 2 2 2 2 2 2 2 2 2 2 2 2 2
left_child=1 2 3 4 5 6 7 10 9 -8 -1 -12 13 14 20 16 -14 -17 28 27 -13 -21 23 -23 -25 -26 -19 -20 29 -16
right_child=-2 -3 -4 -5 -6 -7 8 -9 -10 -11 11 12 15 -15 18 17 -18 26 19 21 -22 22 -24 24 25 -27 -28 -29 -30 -31
leaf_value=-0.00072597310638458418 0.025954619087544002 -0.078897206015680607 0.059057123703594117 -0.070838343503103404 0.12379051226498934 -0.055700220996832354 0.052756912545882377 -0.080500108270090132 0.09965921365051239 -0.038851190301155109 0.11091385057209564 0.00021083809100009589 0.03761021774001181 0.10684402066929455 0.027821512773801262 -0.056080454466522184 -0.16279041815441131 0.012972345730324384 -0.062840539251517599 0.097557850653556391 -0.078708840242283182 -0.088295260472017564 0.13280066991892803 0.12393091955070384 0.013825833769655972 -0.070310786767578765 0.10292246817063484 0.0030290406296992617 0.017142055856146487 0.10848019855858448
leaf_weight=4961.9399028383195 45.41267417371273 18.720693603157997 10.810203701257704 12.683675557374952 8.654743477702139 16.071882825344801 20.399827770888809 16.283362120389938 11.427473083138464 7.999141313135623 13.625179406255482 28.956524565815926 28.151585772633553 12.188072100281714 60.220566049218178 28.55094825476408 21.268882393836975 124.57708097994328 33.29814250767231 10.381431244313715 25.448294326663017 7.3108423873782149 4.0498516857624045 6.3815701678395262 59.84895284473896 14.869635477662085 7.5486028268933287 20.177894979715347 109.57074006646872 21.020011804997921
leaf_count=19890 255 9 9 13 7 10 171 12 26 31 25 26 48 14 266 26 19 791 22 32 22 6 4 6 444 12 22 31 774 43
internal_value=0.000189731 -1.47364e-05 0.000244171 0.000132492 0.000290966 0.000102508 0.000261089 -7.6166e-05 0.0478152 0.0269536 0.000157712 0.00703641 0.00476757 0.0110844 0.00817772 -0.00767148 -0.0486354 0.00492808 0.015212 -0.0035403 -0.0367045 0.0143709 0.00503078 -0.00082199 0.00706336 -0.00291807 0.0181114 -0.0379862 0.0305744 0.048691
internal_weight=5767.85 5722.44 5703.72 5692.9 5680.22 5671.57 5655.49 5615.67 39.8264 28.399 5599.38 637.445 623.82 413.723 401.534 210.097 49.4205 160.677 347.13 156.318 54.4048 102.842 92.4609 88.411 81.1002 74.7186 132.126 53.476 190.811 81.2406
internal_count=23066 22811 22802 22793 22780 22773 22763 22535 228 202 22523 2633 2608 1702 1688 906 67 839 1640 557 48 504 472 468 462 456 813 53 1083 309
is_linear=0
shrinkage=0.1


Tree=45
num_leaves=31
num_cat=0
split_feature=1 3 3 3 1 3 3 3 1 1 2 3 3 1 1 2 3 3 1 0 3 3 1 1 1 1 1 1 3 3
split_gain=3.00995 10.9939 13.9536 4.75753 4.63624 4.32666 3.52714 18.0432 12.6646 14.386 10.1542 7.62197 17.3061 16.1863 13.4967 10.0139 6.65035 7.70664 21.502 16.6885 8.73668 11.9296 20.0456 8.01872 7.60574 7.23309 19.5318 7.89954 9.37623 5.95177
threshold=116.50000000000001 112.50000000000001 139.50000000000003 179.50000000000003 114.50000000000001 177.50000000000003 99.500000000000014 96.500000000000014 93.500000000000014 90.500000000000014 2.5000000000000004 90.500000000000014 92.500000000000014 77.500000000000014 78.500000000000014 2.5000000000000004 100.50000000000001 109.50000000000001 66.500000000000014 2.5000000000000004 110.50000000000001 117.50000000000001 64.500000000000014 91.500000000000014 82.500000000000014 87.500000000000014 95.500000000000014 79.500000000000014 103.50000000000001 114.50000000000001
decision_type=2 2 2 2 2 2 2 2 2 2 2 2 2 2 2 2 2 2 2 2 2 2 2 2 2 2 2 2 2 2
left_child=3 -2 -3 4 5 6 7 8 9 11 -9 13 -13 15 -14 -1 24 18 -18 25 23 22 -22 -19 -8 27 -27 28 -20 -24
right_child=1 2 -4 -5 -6 -7 16 10 -10 -11 -12 12 14 -15 -16 -17 17 20 19 -21 21 -23 29 -25 -26 26 -28 -29 -30 -31
leaf_value=-0.027415640186950436 0.046757002665700598 -0.17118808919605877 -0.0080987306421727717 0.040088921847313996 0.053845669033094172 -0.037202991822681074 -0.025853861623259967 0.1062587990508907 0.069282454397352075 -0.10176274773129448 0.0089589920225944669 0.086487566545510902 0.028886664548936881 0.11583600998130197 -0.067850684462648456 -0.15616389824540142 0.10191444544556386 -0.013486736890033914 0.052675845863240936 -0.048614696486050164 0.13699912266483519 -1.267583334829854e-05 0.034290985452045793 0.094135587874532967 0.061206284745224562 -0.057935901013412505 0.065325643087465926 0.085175632474106977 -0.039953881497431308 -0.0048620349963592949
leaf_weight=59.349229156970978 12.218317791819571 8.5796310901641863 13.502072729170321 29.983007006347179 16.034914158284664 31.091681122779846 153.28390098363161 27.923575609922409 22.660381525754929 15.617590069770811 17.414748281240463 26.358847826719284 35.135060504078865 7.3581353127956381 24.464884802699089 6.7257793843746176 27.385006196796894 560.17486483231187 29.820191577076912 41.593783900141716 15.079428449273108 4304.8544463403523 84.344929829239845 7.0097253471612921 10.737596064805983 29.562215745449066 22.747418977320194 28.867117524147034 17.248356856405735 71.940987400710583
leaf_count=324 13 4 61 224 17 15 809 34 28 8 17 20 33 10 19 10 39 2795 26 36 21 18164 83 7 22 18 23 30 29 127
internal_value=0.00018247 -0.0293524 -0.0714655 0.000359429 0.000150253 -1.36462e-06 0.000203439 0.011989 -0.00106095 -0.0101691 0.0688853 -0.00119451 0.0190171 -0.0248537 -0.0108226 -0.0405209 -0.000326473 0.000294106 0.0196861 0.00642754 -0.000464225 0.00101733 0.026892 -0.0121567 -0.0201545 0.0242794 -0.00433427 0.0439904 0.0187315 0.0162682
internal_weight=5759.07 34.3 22.0817 5724.77 5694.78 5678.75 5647.66 243.008 197.67 175.01 45.3383 159.392 85.9588 73.4331 59.5999 66.075 5404.65 5240.63 197.224 169.839 5043.4 4476.22 171.365 567.185 164.021 128.245 52.3096 75.9357 47.0685 156.286
internal_count=23066 78 65 22988 22764 22747 22732 503 452 424 51 416 72 344 52 334 22229 21398 201 162 21197 18395 231 2802 831 126 41 85 55 210
is_linear=0
shrinkage=0.1


Tree=46
num_leaves=31
num_cat=0
split_feature=0 1 3 1 1 3 3 3 3 3 3 3 1 1 1 1 3 3 3 3 1 3 1 3 3 1 3 3 3 1
split_gain=3.05254 4.96657 14.8198 14.6433 9.35578 15.1953 9.88512 12.3608 9.05727 14.1761 7.60024 7.27956 8.08183 6.76043 6.89462 8.64026 7.54252 6.09434 6.39378 10.8631 9.60299 8.97085 8.01815 6.10828 17.3907 17.1316 6.01406 8.87359 11.0317 4.95392
threshold=2.5000000000000004 89.500000000000014 130.50000000000003 80.500000000000014 99.500000000000014 150.50000000000003 115.50000000000001 129.50000000000003 146.50000000000003 141.50000000000003 134.50000000000003 170.50000000000003 69.500000000000014 118.50000000000001 113.50000000000001 110.50000000000001 124.50000000000001 92.500000000000014 102.50000000000001 104.50000000000001 78.500000000000014 106.50000000000001 86.500000000000014 119.50000000000001 111.50000000000001 83.500000000000014 164.50000000000003 160.50000000000003 159.50000000000003 79.500000000000014
decision_type=2 2 2 2 2 2 2 2 2 2 2 2 2 2 2 2 2 2 2 2 2 2 2 2 2 2 2 2 2 2
left_child=-1 2 17 10 5 6 -3 -8 9 -9 -4 12 -12 14 15 16 -6 -2 20 -20 -19 -21 23 24 -23 -25 27 28 -7 -14
right_child=1 4 3 -5 13 26 7 8 -10 -11 11 -13 29 -15 -16 -17 -18 18 19 21 -22 22 -24 25 -26 -27 -28 -29 -30 -31
leaf_value=-0.00071868936746829625 0.07961088831666957 -0.052378484870889232 0.10956159866764881 0.10664950844647686 0.1149298582919 -0.13649715767715168 0.076270441750286869 -0.0029748175806654097 0.059135792480762762 -0.11561822861796628 -0.045893620908229099 0.11402002346156177 0.062606756730514287 -0.079636628741036886 0.11351795241203011 -0.066704166634516046 0.019755117996719754 0.0098773947404467259 0.12154607002920031 -0.13561749368433162 -0.092617990614553031 -0.013370316752153388 0.10148091928074512 -0.0012963014199388399 0.10188229727026046 -0.15833054038661437 -0.00015698010514275678 -0.19371505342513953 0.03191361955669119 -0.0050019248258554704
leaf_weight=4990.7958082519472 9.9142643958330137 34.588842362165451 9.0622421205043775 28.357914537191391 10.13922208547592 8.7619177252054268 21.958700507879257 108.85249124467373 19.349395520985126 12.450235135853289 22.642351701855659 6.4271238669753066 21.056563723832369 5.6846000403165808 9.413260303437708 9.4086409807205182 46.579361237585545 19.041536226868629 7.786876142024993 4.6714148521423331 17.581049904227257 34.293308053165674 8.2078987807035428 202.25492510199547 21.177221700549126 7.1943179219961158 7.2586395144462577 7.528486266732215 6.9946388602256766 22.332436010241508
leaf_count=20229 18 35 13 45 15 9 52 603 125 21 23 10 44 14 11 7 270 42 7 6 21 129 13 993 34 11 21 4 51 190
internal_value=0.000175715 0.00611975 0.012919 0.0447538 -0.00360709 -0.0139992 -0.00383347 0.0064925 -0.00440127 -0.0145363 0.0232227 0.0124245 0.00253574 0.025531 0.0334451 0.0220467 0.0367689 0.00238687 1.07105e-05 0.00505519 -0.0393266 0.00178988 0.00414002 0.00112414 0.0306302 -0.00669023 -0.0796326 -0.104408 -0.0617364 0.0278084
internal_weight=5741.77 750.97 442.001 109.879 308.968 227.743 197.2 162.611 140.652 121.303 81.5207 72.4585 66.0314 81.2251 75.5405 66.1272 56.7186 332.123 322.209 285.586 36.6226 277.799 273.128 264.92 55.4705 209.449 30.5437 23.285 15.7566 43.389
internal_count=23066 2837 1599 325 1238 921 836 801 749 624 280 267 257 317 303 292 285 1274 1256 1193 63 1186 1180 1167 163 1004 85 64 60 234
is_linear=0
shrinkage=0.1


Tree=47
num_leaves=31
num_cat=0
split_feature=3 1 3 3 3 3 1 3 3 1 1 2 1 1 3 1 3 1 3 1 0 3 3 1 1 1 1 1 1 1
split_gain=2.72084 2.49944 8.56172 11.9862 3.94657 8.44902 3.4014 4.14893 14.7425 11.3206 11.2821 9.25631 7.27287 13.255 11.5811 11.7567 5.33144 7.23171 6.79948 18.795 13.3616 6.89642 9.12661 14.6309 6.78671 6.07528 7.09176 5.71796 5.32864 10.4872
threshold=87.500000000000014 116.50000000000001 112.50000000000001 139.50000000000003 178.50000000000003 177.50000000000003 114.50000000000001 99.500000000000014 96.500000000000014 93.500000000000014 90.500000000000014 2.5000000000000004 85.500000000000014 83.500000000000014 95.500000000000014 79.500000000000014 100.50000000000001 74.500000000000014 109.50000000000001 67.500000000000014 2.5000000000000004 110.50000000000001 117.50000000000001 67.500000000000014 91.500000000000014 87.500000000000014 79.500000000000014 94.500000000000014 61.500000000000007 62.500000000000007
decision_type=2 2 2 2 2 2 2 2 2 2 2 2 2 2 2 2 2 2 2 2 2 2 2 2 2 2 2 2 2 2
left_child=-1 4 -3 -4 5 6 7 8 9 10 12 -10 13 14 15 -2 17 -9 19 -18 25 24 23 -23 -20 26 -21 -27 -24 -30
right_child=1 2 3 -5 -6 -7 -8 16 11 -11 -12 -13 -14 -15 -16 -17 18 -19 21 20 -22 22 28 -25 -26 27 -28 -29 29 -31
leaf_value=-0.07000488365650874 -0.014567659676259302 0.04677442169953188 -0.15941054380884465 -0.0060877455827936088 0.031111859452196855 -0.066631461221516822 0.048087061943951653 -0.031308506409287853 0.10388486818440418 0.069931213173308554 -0.086657847355762402 0.0096224665077337956 0.070782153782915178 -0.1314276827033912 0.10896369966901674 0.11168742720112437 0.093078326407709133 0.015760466673072637 -0.012065390157373493 0.016389369275777856 -0.04276097324520535 0.10791552067376996 -0.024388378574982061 0.013382464922509177 0.090258906471798156 -0.035993778015108856 0.081187110555763595 0.030366390845795552 0.10946673856219793 0.00024937146494023347
leaf_weight=5.5195842534303656 114.06405021250248 10.482262700796126 8.1248008012771624 13.690149210393427 41.526196621358395 18.870135366916656 14.914251886308191 116.82704450190067 25.893933668732643 21.358553826808929 16.210846543312073 17.42954620718956 13.633983492851256 7.9145489931106559 9.3698061853647214 7.885270543396472 28.854515384882689 45.297881744801998 557.27491375058889 44.135253593325615 42.453160971403122 18.389368072152138 87.978369899094105 149.24854929000139 6.5581738054752341 26.715859115123749 27.360992982983589 25.262837752699852 8.8102080225944501 4202.3532217554748
leaf_count=31 353 7 4 61 230 9 17 657 34 27 8 17 11 6 10 12 46 174 2795 49 35 30 226 201 7 15 30 26 13 17925
internal_value=0.000171277 0.00023889 -0.0275014 -0.0631916 0.000396165 0.000170614 0.000394269 0.000267732 0.0133102 0.00133216 -0.0073335 0.065962 0.00107845 -0.00574705 0.00182767 -0.00640398 -0.00029817 -0.0181574 0.000255936 0.0185881 0.00563441 -0.000453876 0.00086159 0.0237525 -0.0108752 0.0222737 0.0411869 -0.00374122 -3.10011e-05 0.000477866
internal_weight=5734.41 5728.89 32.2972 21.815 5696.59 5655.07 5636.2 5621.28 233.761 190.437 169.079 43.3235 152.868 139.234 131.319 121.949 5387.52 162.125 5225.4 194.783 165.928 5030.61 4466.78 167.638 563.833 123.475 71.4962 51.9787 4299.14 4211.16
internal_count=23066 23035 72 65 22963 22733 22724 22707 478 427 400 51 392 381 375 365 22229 831 21398 201 155 21197 18395 231 2802 120 79 41 18164 17938
is_linear=0
shrinkage=0.1


Tree=48
num_leaves=31
num_cat=0
split_feature=0 1 1 1 1 1 1 1 3 3 3 3 1 3 1 1 3 3 3 1 2 2 1 1 1 3 3 3 3 3
split_gain=2.62215 4.58545 10.8534 4.87006 6.89397 8.35975 7.15275 11.6952 4.99064 12.2477 8.99582 6.51229 4.56917 8.98008 8.24364 5.73386 17.1026 12.0954 16.8743 14.8116 14.5112 11.9025 13.4104 10.7018 5.38914 5.0389 6.66659 3.42715 3.40331 18.7187
threshold=2.5000000000000004 60.500000000000007 63.500000000000007 65.500000000000014 67.500000000000014 69.500000000000014 77.500000000000014 70.500000000000014 104.50000000000001 95.500000000000014 107.50000000000001 109.50000000000001 97.500000000000014 117.50000000000001 96.500000000000014 89.500000000000014 140.50000000000003 115.50000000000001 139.50000000000003 90.500000000000014 1.5000000000000002 2.5000000000000004 90.500000000000014 86.500000000000014 80.500000000000014 171.50000000000003 161.50000000000003 143.50000000000003 109.50000000000001 105.50000000000001
decision_type=2 2 2 2 2 2 2 2 2 2 2 2 2 2 2 2 2 2 2 2 2 2 2 2 2 2 2 2 2 2
left_child=28 -2 -3 -4 -5 -6 7 -7 9 -8 -10 -12 14 -14 15 16 23 -17 19 -19 -20 -22 -23 -13 -18 26 -15 -9 29 -1
right_child=1 2 3 4 5 6 8 27 10 -11 11 12 13 25 -16 17 24 18 20 -21 21 22 -24 -25 -26 -27 -28 -29 -30 -31
leaf_value=0.0010548005741747013 -0.055280454725157538 0.077762856161146601 -0.062454039972353298 0.10942207612152 -0.073423968656763802 -0.0009751500323036419 0.031826560204459953 0.089517477599798848 0.12657063620173134 -0.067680383609268549 -0.082532373051229013 -0.00076326931666768406 0.11693250729534294 0.011170033516658842 -0.10258980695298088 -0.1889236487710422 0.023284169762528138 0.0024916226866580366 0.014273774704738729 0.11009241473451636 -0.13970558738864622 -0.013885369880729871 -0.14563088671772018 0.10213600350937402 0.12454958116375599 -0.040579845562570056 0.094414425569759874 0.024129826801760526 -0.0015361137639465783 0.068509140259281995
leaf_weight=453.7627823613584 12.126374483108519 20.889590665698051 10.659469824284313 6.3440360426902762 13.430776581168173 47.469332128763199 20.745989486575127 29.920210257172585 6.0300267934799185 30.634536907076836 8.6081560850143415 219.42083070427179 9.6637198626995069 52.485067456960678 7.5523724555969229 3.7441604584455481 7.7087277770042446 41.893402546644211 44.009043261408806 18.416839264333248 14.536519922316073 43.159336492419243 9.4109699130058271 10.595256704837082 16.512267850339413 13.596459075808523 11.779592186212538 10.948939509689806 4477.7825623564422 45.240743897855282
leaf_count=1365 45 30 18 9 12 186 22 53 4 33 6 1104 10 231 5 7 57 234 326 23 40 236 9 18 21 41 42 15 18814 50
internal_value=0.0001638 0.00570817 0.00672106 0.00462873 0.00565228 0.00470133 0.00624702 0.0327863 0.00227679 -0.0275023 0.00511486 0.00374102 0.00515699 0.0260119 0.000979674 0.00280124 0.012393 -0.01112 -0.00723654 0.0353495 -0.0303509 -0.0596161 -0.03747 0.00397659 0.0923202 0.0147273 0.0264286 0.072 -0.000663149 0.00717036
internal_weight=5719.08 742.292 730.166 709.276 698.617 692.273 678.842 88.3385 590.503 51.3805 539.123 533.093 524.485 87.5248 436.96 429.407 254.237 175.17 171.426 60.3102 111.116 67.1068 52.5703 230.016 24.221 77.8611 64.2647 40.8691 4976.79 499.004
internal_count=23066 2837 2792 2762 2744 2735 2723 254 2469 55 2414 2410 2404 324 2080 2075 1200 875 868 257 611 285 245 1122 78 314 273 68 20229 1415
is_linear=0
shrinkage=0.1


Tree=49
num_leaves=31
num_cat=0
split_feature=3 3 1 1 3 3 2 1 1 3 3 1 1 1 1 1 3 3 1 3 1 2 0 1 1 3 1 1 3 1
split_gain=2.5904 13.6342 3.96329 12.2334 12.0859 12.5746 8.82516 8.66029 7.08428 6.68865 18.9427 13.4826 10.9885 10.7002 12.3026 8.0965 9.93247 13.955 9.11067 5.61702 5.81415 4.63692 12.617 7.85075 7.93319 9.71347 21.2842 16.0799 16.5252 7.20909
threshold=140.50000000000003 141.50000000000003 106.50000000000001 108.50000000000001 171.50000000000003 161.50000000000003 2.5000000000000004 101.50000000000001 100.50000000000001 152.50000000000003 159.50000000000003 88.500000000000014 65.500000000000014 66.500000000000014 71.500000000000014 72.500000000000014 144.50000000000003 143.50000000000003 79.500000000000014 179.50000000000003 119.50000000000001 2.5000000000000004 1.5000000000000002 65.500000000000014 72.500000000000014 171.50000000000003 99.500000000000014 84.500000000000014 161.50000000000003 84.500000000000014
decision_type=2 2 2 2 2 2 2 2 2 2 2 2 2 2 2 2 2 2 2 2 2 2 2 2 2 2 2 2 2 2
left_child=-1 -2 7 -4 5 6 -5 8 9 12 11 -11 -3 -14 -15 -16 17 -17 -18 -6 -21 23 -23 -12 -25 27 -27 28 -26 -24
right_child=1 2 3 4 19 -7 -8 -9 -10 10 21 -13 13 14 15 16 18 -19 -20 20 -22 22 29 24 25 26 -28 -29 -30 -31
leaf_value=-0.00069260687327863497 0.10965219728326514 0.10198954997575782 -0.090478892162102434 0.055847210110208545 -0.12650172400628698 0.11323336660061384 -0.059142944114605411 0.10598151331955048 -0.080310039724398485 -0.020485613132389689 0.10389725988345958 -0.11915137125135525 -0.083201404809768786 0.11078607608211609 -0.13475833084541239 0.020257194472934018 0.10657213192951637 -0.082463348588981092 0.017833428738412021 0.076121360725092291 -0.11772774893377908 0.026010522231445968 -0.12082132399648537 -0.044561508701280193 0.013189011913582752 0.10855065548419347 -0.03883356032226435 0.023233829078476868 -0.13326973911174561 -0.026540101826481505
leaf_weight=4920.6637580767274 12.365980774164198 14.313973754644392 17.79094310104847 12.433400355279446 8.3427010178565961 13.231919802725313 14.408914647996426 8.5767478644847852 9.6268623173236829 41.204223483800888 9.4737463667988759 20.861815869808197 11.286787390708922 13.09222726896405 3.7262072563171378 29.842274472117424 12.200932424515484 23.752012193202972 223.6489784270525 3.8335318937897673 2.5943402945995331 40.773472547531128 11.259649924933909 22.982634708285332 15.656698346138002 29.019136104732752 14.793504506349562 105.41145265847445 15.16700357198715 28.994570031762123
leaf_count=19890 25 22 9 67 7 40 12 18 7 34 17 30 6 38 2 30 19 16 1427 24 25 42 16 37 105 87 107 796 32 79
internal_value=0.000161083 0.00547397 0.00381874 -0.0184235 0.00495036 0.0334499 -0.00587933 0.00610818 0.00487937 0.00607232 -0.00345663 -0.0536494 0.0162828 0.0124194 0.0159434 0.0117079 0.0135935 -0.0252667 0.022424 -0.0723722 -0.00211768 0.00715642 -0.0131978 0.0149175 0.0107655 0.0178279 0.0587858 0.00465596 -0.058877 -0.0529118
internal_weight=5711.33 790.667 778.301 72.6358 54.8448 40.0742 26.8423 705.665 697.088 687.461 355.598 62.066 331.863 317.549 306.263 293.17 289.444 53.5943 235.85 14.7706 6.42787 293.532 81.0277 212.504 203.03 180.048 43.8126 136.235 30.8237 40.2542
internal_count=23066 3176 3151 184 175 119 79 2967 2949 2942 1382 64 1560 1538 1532 1494 1492 46 1446 56 49 1318 137 1181 1164 1127 194 933 137 95
is_linear=0
shrinkage=0.1


Tree=50
num_leaves=31
num_cat=0
split_feature=3 3 3 1 1 3 3 1 2 1 3 3 2 1 1 1 1 1 3 3 1 3 0 3 3 1 1 2 0 1
split_gain=2.28482 2.13505 12.2893 3.24514 9.93619 9.9291 11.1523 7.67441 7.21712 5.64189 5.51101 15.208 10.71 9.88387 8.61181 11.2556 6.5591 9.05122 4.85665 14.5871 8.03627 10.5662 11.68 7.32676 4.71243 4.52772 3.97995 3.8078 10.0646 6.93145
threshold=87.500000000000014 140.50000000000003 141.50000000000003 106.50000000000001 108.50000000000001 171.50000000000003 161.50000000000003 101.50000000000001 2.5000000000000004 100.50000000000001 152.50000000000003 159.50000000000003 2.5000000000000004 65.500000000000014 66.500000000000014 71.500000000000014 74.500000000000014 79.500000000000014 147.50000000000003 149.50000000000003 86.500000000000014 145.50000000000003 2.5000000000000004 143.50000000000003 179.50000000000003 119.50000000000001 78.500000000000014 2.5000000000000004 1.5000000000000002 65.500000000000014
decision_type=2 2 2 2 2 2 2 2 2 2 2 2 2 2 2 2 2 2 2 2 2 2 2 2 2 2 2 2 2 2
left_child=-1 -2 -3 7 -5 6 8 9 -6 10 13 12 26 -4 -15 -16 -17 -18 20 -20 -19 22 23 -22 -7 -26 -12 29 -29 -13
right_child=1 2 3 4 5 24 -8 -9 -10 -11 11 27 -14 14 15 16 17 18 19 -21 21 -23 -24 -25 25 -27 -28 28 -30 -31
leaf_value=-0.065050088807927314 -0.00055296678090054616 0.10867564528751777 0.099533212427108261 -0.081583463271832191 0.05232360182920183 -0.11547417377625478 0.10979386655221227 0.10332361894300426 -0.052383515982317677 -0.070719207590310015 -0.11466627114221009 0.10020269075500994 0.0067862549227892506 -0.073748669855397742 0.10967022208483884 -0.049169095320901551 0.11050073504237762 -0.070596257632659073 0.10408353396331492 0.010431201400849709 0.11173564826737931 -0.064950220752850396 -0.055956649105048967 0.01635347825569439 0.071780052210367581 -0.096516898802454565 -0.051005646542900844 0.023703027579505504 -0.046665960571628001 0.0098795526860347774
leaf_weight=5.3684443682432166 4915.413086950779 11.28460333868861 13.25522944331169 17.758827045559883 11.968513980507851 8.2312603741884214 12.328633807599543 7.9500012621283522 14.628847301006317 9.827581509947775 17.5392085313797 8.8720576018094999 22.905568152666092 11.450689554214476 11.960694082081316 17.222811818122864 9.4723374359309656 17.147652924060822 18.438579447567463 169.70683431625366 15.702329367399214 15.04423915594816 11.141196690499781 16.532502502202988 3.6676491275429717 2.8335732668638229 22.31536240875721 40.294735252857208 41.012282177805901 200.56732504442334
leaf_count=31 19859 25 22 9 67 7 40 18 12 7 12 17 18 6 38 13 17 28 23 1316 16 12 22 47 24 25 34 42 95 1164
internal_value=0.000157308 0.000218761 0.00507543 0.0035567 -0.0167468 0.0047115 0.0311754 0.00563303 -0.00526649 0.00450813 0.00559441 -0.00306125 -0.0477042 0.0149496 0.0113769 0.0146006 0.0106851 0.0144585 0.0110088 0.0196093 -0.0104044 0.00726329 0.0323093 0.0628163 -0.0652111 -0.00157257 -0.0790214 0.00657532 -0.011792 0.0137057
internal_weight=5701.84 5696.47 781.061 769.777 71.4173 53.6585 38.926 698.359 26.5974 690.409 680.582 353.507 62.7601 327.075 313.82 302.369 290.408 273.186 263.713 188.145 75.5679 58.4203 43.376 32.2348 14.7325 6.50122 39.8546 290.746 81.307 209.439
internal_count=23066 23035 3176 3151 184 175 119 2967 79 2949 2942 1382 64 1560 1538 1532 1494 1481 1464 1339 125 97 85 63 56 49 46 1318 137 1181
is_linear=0
shrinkage=0.1


Tree=51
num_leaves=31
num_cat=0
split_feature=0 2 3 1 1 1 1 1 3 1 3 3 3 1 1 1 1 3 3 1 1 1 3 1 3 3 2 3 3 3
split_gain=2.28733 3.89638 5.3319 9.35257 9.77104 11.307 6.62785 5.15497 7.79456 7.13405 3.35757 2.94293 16.442 11.043 17.8153 12.7919 5.94771 8.52243 16.2146 5.83862 17.9268 14.543 15.9282 6.68818 4.90643 21.399 18.8521 5.73878 3.94215 7.69093
threshold=2.5000000000000004 2.5000000000000004 104.50000000000001 101.50000000000001 94.500000000000014 99.500000000000014 91.500000000000014 61.500000000000007 146.50000000000003 89.500000000000014 159.50000000000003 109.50000000000001 106.50000000000001 114.50000000000001 96.500000000000014 92.500000000000014 90.500000000000014 104.50000000000001 103.50000000000001 89.500000000000014 85.500000000000014 83.500000000000014 100.50000000000001 80.500000000000014 98.500000000000014 95.500000000000014 2.5000000000000004 99.500000000000014 110.50000000000001 114.50000000000001
decision_type=2 2 2 2 2 2 2 2 2 2 2 2 2 2 2 2 2 2 2 2 2 2 2 2 2 2 2 2 2 2
left_child=11 -2 -3 4 6 -6 7 -4 -9 -10 -11 12 13 14 15 16 17 18 19 20 21 22 23 24 25 -1 27 -26 -13 -30
right_child=1 2 3 -5 5 -7 -8 8 9 10 -12 28 -14 -15 -16 -17 -18 -19 -20 -21 -22 -23 -24 -25 26 -27 -28 -29 29 -31
leaf_value=-0.010355448861957656 0.012328625219862221 -0.041659968608860259 -0.08137106763310159 0.082376233243945496 -0.092621759438098708 0.017434898342295262 0.10583394226949822 -0.0015575496544580631 0.10055948106342644 0.048727083595629016 -0.051823581662621993 -0.0095099325101474577 0.079210419816668903 -0.10953865694719506 0.0790762847704016 -0.073080137725719238 0.054597492361644601 -0.069130432476988746 0.1238316168362411 -0.068472285147176445 0.11575928602239834 -0.10283847552223797 0.062311526129971387 0.10732010326418127 0.07709150803231446 0.11060901511839626 -0.17765539472834302 -0.016853223905595838 0.033164910472819907 -0.00092187426186665926
leaf_weight=103.96151757240295 383.37917236983776 31.287941515445709 7.1508825272321692 13.717065759003161 23.446654558181763 15.510291829705237 6.3410598188638678 223.48644440993667 15.266790978610516 6.9069196656346321 6.3962468057870865 532.02068370208144 29.405863672494888 8.6927102804183942 29.744747631251812 23.255678579211235 21.31613564491272 16.888031363487244 10.870903819799421 12.082329168915747 13.374085664749144 13.796844005584715 38.524585068225861 5.0879964828491202 6.8214323967695227 17.018432527780533 7.2516041100025168 139.04151064157486 67.345920279622078 3863.8901281990111
leaf_count=357 1652 36 18 23 17 91 6 887 36 46 25 2678 35 10 34 20 12 31 13 17 13 12 41 9 9 22 22 758 70 16066
internal_value=0.000152124 0.00536674 -0.00226978 0.0016031 -0.00203549 -0.0488039 0.0048256 0.00235461 0.00472992 0.0539132 0.000381686 -0.000618327 0.00667996 0.00212001 0.00423448 -0.000951169 0.00318002 0.000331131 0.00352028 -0.000143692 0.00225011 -0.00232927 0.00203547 -0.00628206 -0.00839085 0.00666081 -0.0202836 -0.0124598 -0.00143124 -0.000337934
internal_weight=5693.28 732.889 349.51 318.222 304.505 38.9569 265.548 259.207 252.056 28.57 13.3032 4960.39 497.134 467.729 459.036 429.291 406.035 384.719 367.831 356.96 344.878 331.504 317.707 279.182 274.094 120.98 153.115 145.863 4463.26 3931.24
internal_count=23066 2837 1185 1149 1126 108 1018 1012 994 107 71 20229 1415 1380 1370 1336 1316 1304 1273 1260 1243 1230 1218 1177 1168 379 789 767 18814 16136
is_linear=0
shrinkage=0.1


Tree=52
num_leaves=31
num_cat=0
split_feature=0 2 1 1 1 3 3 1 3 3 1 1 1 0 3 3 1 3 2 1 1 1 3 3 1 1 1 3 1 3
split_gain=1.88753 8.85756 11.6503 12.1916 9.96511 7.52089 20.8242 16.9223 37.4746 18.219 14.8894 12.3179 14.1239 21.8802 10.9202 10.0463 8.46599 8.13449 6.30407 17.3238 16.3436 7.92843 14.9283 10.7454 8.83125 16.8748 12.1653 26.7318 8.88557 6.00336
threshold=1.5000000000000002 2.5000000000000004 113.50000000000001 106.50000000000001 61.500000000000007 97.500000000000014 107.50000000000001 90.500000000000014 116.50000000000001 127.50000000000001 98.500000000000014 68.500000000000014 72.500000000000014 2.5000000000000004 119.50000000000001 161.50000000000003 78.500000000000014 159.50000000000003 1.5000000000000002 113.50000000000001 101.50000000000001 65.500000000000014 111.50000000000001 92.500000000000014 80.500000000000014 83.500000000000014 76.500000000000014 170.50000000000003 72.500000000000014 115.50000000000001
decision_type=2 2 2 2 2 2 2 2 2 2 2 2 2 2 2 2 2 2 2 2 2 2 2 2 2 2 2 2 2 2
left_child=18 -2 3 4 -3 -6 -7 11 -9 -10 -11 -8 13 -13 -14 17 -16 -12 -1 20 21 22 23 -20 26 -26 28 -28 -23 -27
right_child=1 2 -4 -5 5 6 7 8 9 10 15 12 14 -15 16 -17 -18 -19 19 -21 -22 24 -24 -25 25 29 27 -29 -30 -31
leaf_value=-0.0029065634085625163 0.0080194030681508266 -0.082877171380293366 0.091866361503306737 -0.11799830027142144 -0.070050764968344365 0.076856667734477357 0.078247641727361275 -0.22201562782155199 0.078696946364806605 -0.095393982067540128 0.0078192456625513478 -0.184317313621333 0.089332954418763655 -0.014033329750029914 0.09337972781618803 0.10532356812456162 -0.0035870588115832838 -0.12658154287578713 0.056090341992857208 -0.074941472604460532 0.068381807467400982 0.0021866821649550597 0.081718226735745039 -0.080568242603367535 0.11420820423216732 0.032954748446298261 -0.017391893520781028 -0.21107115022683809 0.066586084394216746 0.0010653640621644199
leaf_weight=3303.4813732355833 1101.8034205511212 17.230126678943634 11.341317735612391 10.356584392488001 17.260480895638466 30.518839210271835 19.868202961981297 10.831067204475401 14.258881539106367 31.008108220994473 16.18556451052428 10.290993820875881 14.651891157031057 28.286625277251005 9.3823605440556985 7.3237333744764319 223.23106202483177 6.2391585707664481 10.200829520821573 24.986404106020927 44.656581193208694 133.24523332342505 35.804739929735661 13.198043070733545 16.288826584815979 80.923332810401917 185.44162932038307 7.4110713005065909 25.530145779252052 218.24472441524267
leaf_count=15445 4612 29 17 13 13 37 26 5 13 23 61 16 32 91 17 22 942 25 26 19 39 246 52 36 21 80 630 3 31 444
internal_value=0.000150108 0.00308651 -0.00827764 -0.0107101 -0.0082764 -0.00535067 -0.00270481 -0.008906 -0.0481367 -0.0230312 -0.0469057 0.00211033 -0.00318177 -0.0594584 0.00559834 0.00363576 0.000324054 -0.0295747 -0.000981693 0.0070074 0.00966337 0.00605301 0.0411246 -0.0209914 0.00294042 0.0150881 -0.00795763 -0.0248347 0.0125417 0.00969127
internal_weight=5679.48 1580.07 478.265 466.924 456.567 439.337 422.076 391.558 85.8465 75.0154 60.7566 305.711 285.843 38.5776 247.265 29.7485 232.613 22.4247 4099.41 795.932 770.945 726.289 59.2036 23.3989 667.085 315.457 351.628 192.853 158.775 299.168
internal_count=23066 5994 1382 1365 1352 1323 1310 1273 149 144 131 1124 1098 107 991 108 959 86 17072 1627 1608 1569 114 62 1455 545 910 633 277 524
is_linear=0
shrinkage=0.1


Tree=53
num_leaves=31
num_cat=0
split_feature=0 1 1 1 1 1 3 1 3 3 1 3 3 3 1 1 2 1 1 1 2 3 3 3 1 3 3 3 3 1
split_gain=1.81834 3.88258 8.20727 3.99599 4.84922 3.57473 10.5029 12.7127 7.3142 8.68619 16.8654 7.01795 5.81134 6.00797 11.3556 33.2646 5.76759 11.3844 7.00908 6.82309 7.61733 5.53273 4.8086 10.2997 8.30955 11.6891 6.93771 6.4088 16.5976 4.47007
threshold=2.5000000000000004 118.50000000000001 113.50000000000001 110.50000000000001 107.50000000000001 89.500000000000014 130.50000000000003 80.500000000000014 137.50000000000003 114.50000000000001 90.500000000000014 134.50000000000003 170.50000000000003 155.50000000000003 68.500000000000014 69.500000000000014 1.5000000000000002 99.500000000000014 105.50000000000001 90.500000000000014 2.5000000000000004 92.500000000000014 102.50000000000001 104.50000000000001 82.500000000000014 95.500000000000014 106.50000000000001 119.50000000000001 110.50000000000001 83.500000000000014
decision_type=2 2 2 2 2 2 2 2 2 2 2 2 2 2 2 2 2 2 2 2 2 2 2 2 2 2 2 2 2 2
left_child=-1 2 3 4 5 6 21 11 9 -7 -11 -8 13 14 -13 -16 18 19 -10 20 -18 -2 24 -24 25 -23 -25 28 -28 -29
right_child=1 -3 -4 -5 -6 8 7 -9 16 10 -12 12 -14 -15 15 -17 17 -19 -20 -21 -22 22 23 26 -26 -27 27 29 -30 -31
leaf_value=-0.00053754883996024025 0.077332932644000513 -0.080737524155587811 0.11052957800816139 -0.061625371320899548 0.089499263691993999 -0.020831657164669316 0.10876187329357703 0.10101522135677206 0.013639979550683856 -0.0031258730373049585 0.099459086888276996 0.10530322281897714 0.11024379659578326 -0.060749926527124423 -0.30182557955262246 0.01953801787185808 -0.11692039786849968 0.03445064286852452 -0.1437273529036702 -0.087058593822981936 -0.010682338923132187 -0.093146214691283341 0.12026459131704997 -0.11635684236592259 -0.10708665966033132 0.047538260518940112 -0.013136645060173667 -0.0018742789686283104 0.096850073676003401 -0.06694324703803177
leaf_weight=4940.6353367492557 9.331119775772093 5.2655303739011279 7.3564412444829932 9.0605638623237592 6.7599699199199668 40.443817630410194 7.6691831350326529 24.535759788006544 59.352508280426264 40.082122787833214 26.702751487493515 10.935232833027838 5.1187092736363402 13.111905269324778 3.5497745275497428 34.775498604401946 7.9834488406777373 20.346765592694283 2.9720195829868308 30.024642549455166 43.649147905409336 9.2655209302902239 7.3753707110881797 4.9871432185173026 11.103010147809981 16.288124553859234 32.984161280095577 200.9127945676446 23.492341611534357 11.143196001648901
leaf_count=20229 18 14 11 7 28 40 13 45 453 232 50 17 10 35 2 203 30 107 2 28 236 9 7 6 8 46 126 993 41 20
internal_value=0.000149365 0.00482028 0.00544485 0.00436208 0.00521027 0.00439411 0.0101034 0.0385161 -0.0045744 0.0157423 0.0378909 0.0181136 0.00781296 -0.000593218 0.015419 -0.0102274 -0.0178316 -0.0324757 0.00613573 -0.0491519 -0.0271089 0.0014378 -0.000792344 0.00365301 -0.0348565 -0.00347266 0.000508619 0.00267903 0.0326142 -0.00529355
internal_weight=5667.21 726.579 721.313 713.957 704.896 698.136 426.579 99.6961 271.557 107.229 66.7849 75.1603 67.4911 62.3724 49.2605 38.3253 164.329 102.004 62.3245 81.6572 51.6326 326.883 317.552 280.895 36.6567 25.5536 273.52 268.532 56.4765 212.056
internal_count=23066 2837 2823 2812 2805 2777 1599 325 1178 322 282 280 267 257 222 205 856 401 455 294 266 1274 1256 1193 63 55 1186 1180 167 1013
is_linear=0
shrinkage=0.1


Tree=54
num_leaves=31
num_cat=0
split_feature=3 3 1 1 3 3 1 2 1 3 3 1 1 1 1 3 1 3 3 1 0 1 1 3 2 1 3 2 1 3
split_gain=1.8282 10.8894 2.85019 7.3413 8.55438 9.7487 6.05846 5.45819 4.55441 4.39524 12.5824 10.8087 8.30971 7.41215 10.1903 5.77586 13.7887 4.01062 3.43641 3.41065 3.29807 10.6696 14.7659 13.5819 11.4933 10.0961 9.59149 7.62663 6.57417 7.48307
threshold=140.50000000000003 141.50000000000003 106.50000000000001 108.50000000000001 171.50000000000003 161.50000000000003 101.50000000000001 2.5000000000000004 100.50000000000001 152.50000000000003 159.50000000000003 88.500000000000014 65.500000000000014 66.500000000000014 71.500000000000014 144.50000000000003 86.500000000000014 179.50000000000003 159.50000000000003 119.50000000000001 1.5000000000000002 70.500000000000014 93.500000000000014 166.50000000000003 2.5000000000000004 84.500000000000014 162.50000000000003 2.5000000000000004 84.500000000000014 164.50000000000003
decision_type=2 2 2 2 2 2 2 2 2 2 2 2 2 2 2 2 2 2 2 2 2 2 2 2 2 2 2 2 2 2
left_child=-1 -2 6 -4 5 7 8 18 9 12 11 -11 -3 -14 -15 16 -16 -6 -5 -19 21 -12 23 26 25 -25 -23 -22 -29 -30
right_child=1 2 3 4 17 -7 -8 -9 -10 10 20 -13 13 14 15 -17 -18 19 -20 -21 27 22 -24 24 -26 -27 -28 28 29 -31
leaf_value=-0.00056487818533762523 0.10760408142558038 0.09599405893277399 -0.071835155632435116 0.091093019405633802 -0.10883869862475799 0.10538154755976609 0.098672748137997146 -0.045657633170027745 -0.062731584497159168 -0.013050089603387008 0.089489383558396238 -0.10100475580919213 -0.068517183198449585 0.10869536397121703 -0.074501842991506417 0.016951997951693963 0.026433101808632044 0.065023757722392814 -0.021894642789963989 -0.080386987816154276 0.010646745002113853 -0.0069142026628011199 0.051230616265420803 -0.06979747256125117 -0.13718260580206268 0.061902373850908125 0.098214796547186692 -0.10525412677237429 -0.058143613337290338 0.044752508628030284
leaf_weight=4893.4475429654121 10.144961599260567 11.839278787374495 17.583652809262276 6.8610088601708412 8.1191012561321241 11.393608897924421 6.8737862706184378 14.72171463817358 9.9822184145450574 40.562317050993443 17.662780798971653 21.31330980360508 11.397141575813292 10.869815006852148 24.700094282627106 231.50699676200747 29.940341167151928 3.4317587688565245 4.4297288879752159 3.0436545312404633 93.496384792029858 37.565618507564068 48.317301049828529 16.165668420493606 13.316535964608191 9.096016585826872 11.28563369810581 11.499692827463148 17.256673291325573 11.970453858375548
leaf_count=19890 25 22 9 23 7 40 18 12 7 34 34 30 6 38 20 1447 27 24 44 25 446 289 334 27 8 73 12 16 48 31
internal_value=0.000146364 0.00468794 0.00330725 -0.0159778 0.00291003 0.0282446 0.00526166 -0.00554181 0.00431706 0.00531636 -0.00243806 -0.0433464 0.0137791 0.0106231 0.0136599 0.0100498 -0.0191943 -0.0620231 0.0467642 -0.00332401 0.00636216 0.0163783 0.00686536 -0.0176528 -0.0620053 -0.0223761 0.0173727 -0.00508567 -0.0412025 -0.0160008
internal_weight=5659.79 766.347 756.202 69.5842 52.0006 37.4061 686.618 26.0125 679.744 669.762 349.508 61.8756 320.254 308.414 297.017 286.147 54.6404 14.5945 11.2907 6.47541 287.633 153.41 135.747 87.4295 38.5782 25.2617 48.8513 134.223 40.7268 29.2271
internal_count=23066 3176 3151 184 175 119 2967 79 2949 2942 1382 64 1560 1538 1532 1494 47 56 67 49 1318 777 743 409 108 100 301 541 95 79
is_linear=0
shrinkage=0.1


Tree=55
num_leaves=31
num_cat=0
split_feature=2 3 0 3 1 1 3 3 3 1 3 3 1 1 1 1 3 3 3 1 1 1 3 3 1 2 3 1 1 3
split_gain=1.83869 4.7504 4.71512 9.38903 9.79192 7.18096 5.81486 17.487 12.0691 6.1645 5.43774 8.80642 6.83264 7.12634 6.11204 5.60977 4.99555 9.96939 5.57768 4.89539 5.32348 4.27691 3.95053 7.85513 10.0749 7.95112 6.86194 4.23942 11.5345 9.19648
threshold=1.5000000000000002 179.50000000000003 1.5000000000000002 174.50000000000003 99.500000000000014 110.50000000000001 95.500000000000014 94.500000000000014 99.500000000000014 79.500000000000014 130.50000000000003 139.50000000000003 74.500000000000014 79.500000000000014 68.500000000000014 106.50000000000001 165.50000000000003 169.50000000000003 160.50000000000003 114.50000000000001 106.50000000000001 108.50000000000001 98.500000000000014 96.500000000000014 67.500000000000014 2.5000000000000004 94.500000000000014 77.500000000000014 72.500000000000014 102.50000000000001
decision_type=2 2 2 2 2 2 2 2 2 2 2 2 2 2 2 2 2 2 2 2 2 2 2 2 2 2 2 2 2 2
left_child=2 22 6 5 -5 10 7 9 -8 -1 -4 -12 14 -14 -13 16 18 -18 -15 20 -10 -22 23 24 25 -2 -26 28 -24 -29
right_child=1 -3 3 4 -6 -7 8 -9 19 -11 11 12 13 15 -16 -17 17 -19 -20 -21 21 -23 27 -25 26 -27 -28 29 -30 -31
leaf_value=-0.029471838952995322 0.0063420495128236835 0.076371152291675515 0.0009417271137271907 0.011122924896465032 -0.14959841382735869 0.11212384490442724 0.098151833272786967 -0.17207792369604777 -0.0022765202011485095 0.05154158148647571 0.086632182988636605 0.014231547003542226 0.11049913267772865 0.020176402668140962 -0.079726036004931791 -0.081543567011715973 -0.21513335529103236 0.026799250187218029 0.13071151692861988 0.076230600000569471 -0.12277707457485723 -0.021464035786870408 0.0022145587679280282 0.075413976666829391 0.051832581787122668 -0.10057381161264334 -0.013175768943516014 -0.046803597800817241 0.048319270664246267 -5.8774005468617858e-05
leaf_weight=46.471601739525795 15.229057222604752 8.7770673185586912 495.47451496124268 7.3579586669802648 7.8188799172639847 6.5374068208038798 11.983006834983824 7.8514861911535254 3193.5184274241328 11.771812230348585 18.028546739369631 13.924914024770262 8.4478205591440183 158.81617965549231 13.769748173654078 5.6512475311756125 2.6697770804166785 4.7048153728246689 4.7002375721931449 7.8996976986527434 6.3231607526540765 12.218130342662334 303.31522758305073 21.124977737665176 45.03276514261961 12.803775280714035 25.392762690782547 43.821173131465912 66.08680828101933 1063.9253481477499
leaf_count=253 30 65 2041 25 43 15 11 9 15051 15 41 16 17 1229 34 25 3 53 9 35 6 65 666 26 51 15 22 48 90 3057
internal_value=0.000140872 0.00300425 -0.000995372 0.00617335 -0.0716783 0.00778589 -0.00262104 -0.0319833 -0.00202056 -0.0130979 0.0068466 0.0195278 0.0138396 0.0207746 -0.032484 0.0164811 0.0197228 -0.0607861 0.0233537 -0.00239335 -0.00258672 -0.056015 0.00260096 0.0200828 0.00821113 -0.0424909 0.028393 0.0011857 0.0104628 -0.00190795
internal_weight=5651.45 1605.51 4045.94 747.902 15.1768 732.725 3298.04 66.0949 3231.94 58.2434 726.188 230.713 212.685 184.99 27.6947 176.542 170.891 7.37459 163.516 3219.96 3212.06 18.5413 1596.73 119.583 98.4584 28.0328 70.4255 1477.15 369.402 1107.75
internal_count=23066 4070 18996 3551 68 3483 15445 277 15168 268 3468 1427 1386 1336 50 1319 1294 56 1238 15157 15122 71 4005 144 118 45 73 3861 756 3105
is_linear=0
shrinkage=0.1


Tree=56
num_leaves=31
num_cat=0
split_feature=3 1 3 3 3 3 3 3 3 3 3 3 2 2 2 3 3 1 3 3 1 1 3 1 2 3 3 1 2 1
split_gain=1.83792 1.54869 7.32021 10.3666 2.19936 2.34632 2.77482 4.76916 10.6851 3.254 6.06329 8.01846 3.12696 3.07215 1.94271 1.73967 9.02552 2.88245 14.1513 3.37918 14.1563 12.3292 10.6939 10.4174 8.20722 7.50835 10.5856 8.31223 5.07494 4.48226
threshold=82.500000000000014 116.50000000000001 112.50000000000001 139.50000000000003 179.50000000000003 177.50000000000003 175.50000000000003 174.50000000000003 172.50000000000003 171.50000000000003 168.50000000000003 165.50000000000003 2.5000000000000004 1.5000000000000002 1.5000000000000002 140.50000000000003 141.50000000000003 105.50000000000001 104.50000000000001 99.500000000000014 93.500000000000014 90.500000000000014 90.500000000000014 77.500000000000014 2.5000000000000004 92.500000000000014 96.500000000000014 78.500000000000014 1.5000000000000002 99.500000000000014
decision_type=2 2 2 2 2 2 2 2 2 2 2 2 2 2 2 2 2 2 2 2 2 2 2 2 2 2 2 2 2 2
left_child=-1 4 -3 -4 5 6 7 8 9 10 11 15 13 -12 -6 17 -17 19 -19 20 21 22 23 24 28 -24 27 -27 -2 -21
right_child=1 2 3 -5 14 -7 -8 -9 -10 -11 12 -13 -14 -15 -16 16 -18 18 -20 29 -22 -23 25 -25 -26 26 -28 -29 -30 -31
leaf_value=-0.066138044552901509 -0.034118148553518718 0.047197964452330508 -0.14816494667891356 -0.0026191378717265196 0.011505010683890449 -0.027710960739638052 0.05346908130822825 -0.062850418405636932 0.11721908636441353 -0.046024754125653267 0.047339788495727848 -0.059069758491149066 0.093205626868498689 -0.028618022697731216 0.070224471061707552 0.10693006893363109 0.0039474482164121817 -0.059423754213676953 0.050366330411116968 -0.00074599848419916156 0.10750334595961193 -0.065775733804885883 0.081696374019408671 0.10254125984263825 -0.13741189662604955 0.027073470278536321 0.068214471152536482 -0.048447526431661725 0.040928141790011502 -0.025006081758573686
leaf_weight=4.1813166141510001 42.730648152530193 10.294182389974596 7.697740554809573 13.434174455702303 19.302416164427999 30.018649160861969 9.8063631877303106 11.960307180881498 7.8140028715133658 15.187670499086378 17.579477939754728 22.834887206554413 8.9252017438411695 7.6383286491036406 7.9570032060146323 8.6382015887647849 574.73352815955877 15.948444277048109 44.491100341081619 4509.5048185326159 14.378992497920988 22.044847965240479 24.153493791818619 6.4627031311392775 6.4757484495639792 33.906547412276268 29.103531017899513 25.561054453253746 11.41901648044586 77.465684689581394
leaf_count=25 277 7 4 61 162 15 9 12 7 10 162 20 24 29 62 24 2580 13 58 18950 24 12 20 10 10 33 42 19 29 356
internal_value=0.000136377 0.000185533 -0.0219517 -0.0556372 0.000309629 0.000171174 0.000322016 0.000227922 0.000364423 0.000198981 0.00032653 6.43028e-05 0.0423365 0.0243326 0.0286452 0.000312204 0.00547235 -0.000306732 0.0213955 -0.000579815 0.0116364 0.00480752 0.0134609 -0.0181505 -0.0310163 0.0322745 0.0187971 -0.00538784 -0.0182925 -0.00115571
internal_weight=5641.65 5637.47 31.4261 21.1319 5606.04 5578.78 5548.76 5538.96 5527 5519.18 5504 5469.85 34.143 25.2178 27.2594 5447.02 583.372 4863.65 60.4395 4803.21 216.237 201.858 179.813 67.0881 60.6254 112.725 88.5711 59.4676 54.1497 4586.97
internal_count=23066 23041 72 65 22969 22745 22730 22721 22709 22702 22692 22477 215 191 224 22457 2604 19853 71 19782 476 452 440 326 316 114 94 52 306 19306
is_linear=0
shrinkage=0.1


Tree=57
num_leaves=31
num_cat=0
split_feature=1 1 3 3 1 1 3 3 2 3 3 1 1 3 1 1 1 3 3 3 3 1 1 3 3 1 3 1 3 3
split_gain=1.43235 11.3336 4.46674 17.7326 9.53647 2.40695 8.16197 7.85655 21.0698 15.6131 11.3885 10.2472 7.89138 3.80918 5.86492 6.45065 11.2784 3.65378 7.81703 3.63894 3.42204 3.13496 15.4739 26.43 16.0606 13.5322 10.1633 9.37995 8.00534 7.68472
threshold=61.500000000000007 62.500000000000007 119.50000000000001 111.50000000000001 60.500000000000007 69.500000000000014 93.500000000000014 123.50000000000001 2.5000000000000004 132.50000000000003 148.50000000000003 64.500000000000014 68.500000000000014 92.500000000000014 93.500000000000014 83.500000000000014 73.500000000000014 96.500000000000014 98.500000000000014 105.50000000000001 110.50000000000001 70.500000000000014 77.500000000000014 138.50000000000003 129.50000000000003 71.500000000000014 124.50000000000001 72.500000000000014 159.50000000000003 146.50000000000003
decision_type=2 2 2 2 2 2 2 2 2 2 2 2 2 2 2 2 2 2 2 2 2 2 2 2 2 2 2 2 2 2
left_child=2 -2 3 4 -1 6 -3 11 9 -9 -11 -8 19 14 15 16 -7 -15 -19 -13 -14 28 23 24 25 -23 27 -27 -20 -25
right_child=1 5 -4 -5 -6 13 7 8 -10 10 -12 12 20 17 -16 -17 -18 18 21 -21 -22 22 -24 29 -26 26 -28 -29 -30 -31
leaf_value=-0.011870096077713841 0.10211419607745847 -0.059151599912712141 -0.025844798381562825 0.14588492063026612 0.11699606681593132 -0.016355335964567157 0.095506248447010805 -0.1047803942223588 0.056868645200217366 0.049699083060150501 -0.052856447400465828 -0.041349627425011547 0.029339221457585298 -0.023862773402153016 0.094184792786098176 -0.056478557654661143 0.11924086632847569 0.066638403209119609 -0.0078401909308073673 0.015620821020617712 0.10589499276808692 -0.043715240859644171 -0.00077914064948311356 -0.071563298810115333 0.11708517475324293 0.11810588175512063 -0.019085595084789235 0.043026041056150752 0.097906583869754663 -0.00089279172010343184
leaf_weight=120.68673874437809 10.943602733314036 15.5453864634037 84.349197432398796 8.2132422253489477 6.0295183435082427 15.834175512194635 22.64711294695735 22.461428333073854 37.415142685174942 21.462841011583805 21.852536000311375 17.148929350078106 12.066358819603922 65.763668209314346 10.461054965853689 10.594130367040632 10.013226069509981 17.469412639737129 668.83362152054906 32.384420227259398 11.313387230038641 19.400030821561813 4155.1762746572495 24.611344754695892 27.769673027098179 21.606131501495838 19.476616606116295 72.395921021699905 7.2363457381725302 41.053192479535937
leaf_count=681 20 15 227 11 8 47 38 26 39 29 19 28 31 51 23 9 12 23 3253 42 16 20 18096 24 35 23 28 123 30 39
internal_value=0.000129804 0.000450775 -0.00779343 0.00349112 -0.00573828 0.000244821 0.0106305 0.0160885 -0.00304416 -0.0371237 -0.00204001 0.0367492 0.018499 -0.0001842 0.0281849 0.00923867 0.0361743 -0.000443028 -0.000139549 -0.0041029 0.0663843 -0.000370208 0.000607773 0.0260719 0.0479204 0.033466 0.0466607 0.060283 -0.00670833 -0.0273804
internal_weight=5632.21 5412.94 219.279 134.929 126.716 5401.99 214.298 198.752 103.192 65.7768 43.3154 95.5602 72.9131 5187.69 46.9026 36.4415 25.8474 5140.79 5075.03 49.5333 23.3797 5057.56 4381.49 226.313 160.648 132.879 113.479 94.0021 676.07 65.6645
internal_count=23066 22139 927 700 689 22119 283 268 113 74 48 155 117 21836 91 68 59 21745 21694 70 47 21671 18388 292 229 194 174 146 3283 63
is_linear=0
shrinkage=0.1


Tree=58
num_leaves=31
num_cat=0
split_feature=3 3 1 1 3 1 3 3 1 2 1 2 1 3 3 1 3 2 3 3 1 1 3 3 0 3 2 3 3 1
split_gain=1.27398 8.9314 2.03368 4.18723 3.61244 2.46158 19.3262 27.9129 26.0773 10.9271 5.91192 19.5421 5.77369 5.22297 4.23134 3.35524 9.84077 9.71873 5.22979 5.37889 3.14897 18.6434 10.3514 8.28881 6.46617 10.5991 6.78358 5.38961 9.97426 5.01794
threshold=140.50000000000003 141.50000000000003 113.50000000000001 105.50000000000001 121.50000000000001 99.500000000000014 115.50000000000001 119.50000000000001 101.50000000000001 1.5000000000000002 96.500000000000014 2.5000000000000004 95.500000000000014 139.50000000000003 111.50000000000001 90.500000000000014 103.50000000000001 2.5000000000000004 122.50000000000001 129.50000000000003 89.500000000000014 85.500000000000014 129.50000000000003 123.50000000000001 1.5000000000000002 112.50000000000001 1.5000000000000002 101.50000000000001 113.50000000000001 83.500000000000014
decision_type=2 2 2 2 2 2 2 2 2 2 2 2 2 2 2 2 2 2 2 2 2 2 2 2 2 2 2 2 2 2
left_child=2 -2 3 5 -5 10 -7 -8 9 -9 12 14 15 -11 -12 20 -17 18 -18 -20 21 29 23 27 26 -26 -23 -22 -29 -1
right_child=1 -3 -4 4 -6 6 7 8 -10 13 11 -13 -14 -15 -16 16 17 -19 19 -21 22 24 -24 -25 25 -27 -28 28 -30 -31
leaf_value=-0.00046679419125921959 0.1063102792106972 0.0028002301497233647 -0.025178153750487171 0.0057026520761229394 0.062876903314530205 0.1010210951601842 -0.22194500015575247 -0.029961600647265187 -0.26186358229993945 0.10284161184477272 0.032819237660947624 -0.044884412981442218 -0.055971759576558457 -0.0027858688011431704 0.10565759235701869 -0.025475641387318223 0.087112065228620111 -0.0039694526150073038 -0.013623677136717305 0.0745136811049915 0.049476651935134737 0.021203953500178459 -0.0014112172108837414 -0.14891649951692454 -0.035240176543911692 0.061848146329397849 0.090017935851452457 -0.08955831665608377 -0.016655030757275747 -0.025262672489895957
leaf_weight=3673.733807798475 8.4304825421422702 743.32340976037085 33.064304135739803 26.012405410408974 19.213488698005676 11.711560472846029 7.362924098968505 38.535642236471176 4.035762131214141 11.998926497995855 12.669900357723234 20.461201459169388 18.799107506871223 7.6759768873453131 21.525410272181034 43.246020495891571 30.224106997251511 44.082959294319153 15.004112526774408 12.858162984251974 8.2433964163064939 23.519343480467796 514.48819329589605 6.0079007148742667 22.632908880710602 22.346389777958393 36.646102145314217 24.900807678699493 76.180560097098351 83.468645825982094
leaf_count=15628 25 3151 33 25 32 18 3 261 3 23 16 13 23 53 30 28 27 27 13 30 18 41 2896 19 19 37 31 84 316 143
internal_value=0.000129473 0.00396104 -0.000461904 -0.000292971 0.0299922 -0.000578775 -0.0178288 -0.037825 -0.016046 0.000996643 -0.000281009 0.0324161 -0.000664807 0.0616321 0.0786698 -0.000440612 0.0145093 0.0314341 0.0583025 0.0270508 -0.000924554 0.000144598 -0.00748108 -0.0345582 0.0416759 0.0129948 0.0631178 -0.0282736 -0.0346143 -0.00101765
internal_weight=5622.4 751.754 4870.65 4837.59 45.2259 4792.36 81.3208 69.6092 62.2463 58.2105 4711.04 54.6565 4656.38 19.6749 34.1953 4637.58 145.415 102.169 58.0864 27.8623 4492.17 3862.35 629.821 115.333 105.145 44.9793 60.1654 109.325 101.081 3757.2
internal_count=23066 3176 19890 19857 57 19800 361 343 340 337 19439 59 19380 76 46 19357 125 97 70 43 19232 15899 3333 437 128 56 72 418 400 15771
is_linear=0
shrinkage=0.1


Tree=59
num_leaves=31
num_cat=0
split_feature=1 1 3 3 1 3 3 0 2 3 1 3 3 2 1 3 1 1 3 1 1 1 3 3 2 3 3 1 1 3
split_gain=1.15655 10.0486 3.63357 14.8578 8.39213 2.23278 3.92169 9.81663 3.99034 3.78383 1.97159 6.53622 6.62618 17.3516 13.9446 12.1531 9.31075 6.61058 3.3072 5.13864 4.94816 9.8657 3.0142 2.89324 2.73801 2.64851 6.66059 2.53568 15.9196 20.6881
threshold=61.500000000000007 62.500000000000007 119.50000000000001 111.50000000000001 60.500000000000007 144.50000000000003 131.50000000000003 1.5000000000000002 1.5000000000000002 123.50000000000001 69.500000000000014 93.500000000000014 123.50000000000001 2.5000000000000004 66.500000000000014 132.50000000000003 64.500000000000014 68.500000000000014 92.500000000000014 93.500000000000014 83.500000000000014 73.500000000000014 110.50000000000001 105.50000000000001 1.5000000000000002 96.500000000000014 98.500000000000014 71.500000000000014 77.500000000000014 138.50000000000003
decision_type=2 2 2 2 2 2 2 2 2 2 2 2 2 2 2 2 2 2 2 2 2 2 2 2 2 2 2 2 2 2
left_child=2 -2 3 4 -1 6 7 8 9 -4 11 -3 16 14 15 -14 -13 23 19 20 21 -12 -19 -18 -25 -20 -27 -28 29 -29
right_child=1 10 5 -5 -6 -7 -8 -9 -10 -11 18 12 13 -15 -16 -17 17 22 25 -21 -22 -23 -24 24 -26 26 27 28 -30 -31
leaf_value=-0.010688724841986392 0.10032399577125713 -0.052047565890139071 0.0086445903832777626 0.13573803323972572 0.11522028928076021 0.0073764820005727625 -0.068983663581249119 -0.10633311118643399 0.074815335782497272 -0.083391943893907583 -0.014686974646780308 0.092184594779692805 -0.12636266564482024 0.052792518668754812 0.031542097901674337 -0.020326582461464252 -0.036257227546085347 0.026747726212641449 -0.020209159063387074 0.090867979163830839 -0.046917878508458612 0.1146172303275249 0.099548021444484047 -0.01511497417699759 0.043278897269577225 0.06311831280893819 -0.0058798729166685999 0.051475395059705199 -0.0007203550954553835 -0.020622076440513115
leaf_weight=120.12825796753168 10.048398062586783 15.86800082027912 23.895415663719181 7.960526678711175 5.537724256515502 18.579901434481144 19.884743727743626 9.5110736191272718 7.1335299462079993 5.4939783811569205 15.82004836201668 21.203258533030748 18.923488281667233 36.17161513864994 22.082321912050247 25.206576511263847 17.556241855025291 11.939770877361299 66.596317619085312 9.7780431360006315 10.965142026543615 9.410798214375971 10.860474944114683 15.979518935084341 16.140116568654776 16.592269465327263 710.86205055192113 128.61455491930246 4148.3237232677639 57.635040054097772
leaf_count=681 20 15 120 11 8 23 26 30 13 15 47 38 18 39 27 29 28 31 51 23 9 12 16 19 23 23 3318 202 18096 55
internal_value=0.000127636 0.00041618 -0.00701118 0.00325225 -0.00514029 -0.0232418 -0.0318719 -0.0158412 0.00772419 -0.00856048 0.000229806 0.00968335 0.0146794 -0.00290546 -0.0333331 -0.0657961 0.0338983 0.0168463 -0.000157375 0.0265441 0.00916758 0.0335419 0.0614248 -0.00361431 0.0142279 -0.000396733 -0.000136079 -0.000344096 0.000563761 0.0291648
internal_weight=5614.7 5396.58 218.125 133.627 125.666 84.4986 65.9187 46.034 36.5229 29.3894 5386.53 211.931 196.063 102.384 66.2124 44.1301 93.6794 72.4761 5174.6 45.974 36.196 25.2308 22.8002 49.6759 32.1196 5128.62 5062.03 5045.44 4334.57 186.25
internal_count=23066 22139 927 700 689 227 204 178 148 135 22119 283 268 113 74 47 155 117 21836 91 68 59 47 70 42 21745 21694 21671 18353 257
is_linear=0
shrinkage=0.1


Tree=60
num_leaves=31
num_cat=0
split_feature=1 1 3 3 3 3 3 3 3 3 3 2 3 3 1 1 3 3 1 1 1 3 3 3 0 0 1 0 0 3
split_gain=1.15933 11.0499 5.61795 7.7057 4.43273 10.2961 9.34839 7.964 14.8233 13.514 13.1901 3.73157 8.67283 17.2237 12.6348 7.50002 9.39055 26.91 12.8065 7.55621 8.92952 14.2269 7.14766 27.963 14.7894 15.3624 7.04324 9.46433 5.99416 14.7072
threshold=80.500000000000014 82.500000000000014 118.50000000000001 143.50000000000003 90.500000000000014 91.500000000000014 93.500000000000014 97.500000000000014 100.50000000000001 104.50000000000001 109.50000000000001 2.5000000000000004 126.50000000000001 115.50000000000001 85.500000000000014 111.50000000000001 112.50000000000001 117.50000000000001 86.500000000000014 100.50000000000001 101.50000000000001 129.50000000000003 132.50000000000003 138.50000000000003 1.5000000000000002 2.5000000000000004 118.50000000000001 1.5000000000000002 1.5000000000000002 143.50000000000003
decision_type=2 2 2 2 2 2 2 2 2 2 2 2 2 2 2 2 2 2 2 2 2 2 2 2 2 2 2 2 2 2
left_child=-1 2 -2 -4 -3 -6 -7 -8 -9 -10 -11 15 13 -13 -14 16 18 -18 -12 -19 -21 -22 24 -24 -16 -26 -17 -28 29 -25
right_child=1 4 3 -5 5 6 7 8 9 10 11 12 14 -15 22 26 17 19 -20 20 21 -23 23 28 25 -27 27 -29 -30 -31
leaf_value=-0.00085147013673057121 0.10834818548004442 0.077989119312053282 -0.027766543002946328 0.071433077661950672 -0.1173967029128446 0.07723404337015799 -0.043237897302025763 0.084220647635848134 -0.046032957847187889 0.061234203598002336 0.070162848190785762 0.031812889034710183 0.070858686886489303 -0.063341853945691237 0.091542416176330202 0.10356586005583523 0.10913398496488765 0.0036838530106277517 -0.081579376400917558 -0.13348185682519773 -0.14805291566253367 0.0034759244602707764 -0.11770364701543419 0.087020089442410631 -0.13387466054293543 0.030617381548934869 0.07853633570270474 -0.12264328460448742 -0.01501510868163867 -0.0093444034780952243
leaf_weight=3839.5691703278571 12.480464570224283 7.4408160597085944 13.621254561468957 18.419497512280941 7.358449935913085 15.996537894010542 40.763013780117035 21.385115779936314 60.308614760637283 36.963043585419655 7.0399078652262679 27.160162031650543 23.543023228645325 63.488579317927361 21.201446384191513 14.278732664883139 23.819756805896759 1019.6380196064711 26.490287244319916 7.7172528803348532 7.2215797305107108 43.635708451271057 22.978131733834743 23.358963176608086 8.2381634563207644 18.267167672514915 5.4776914343237859 4.0802848599851131 115.15940450876951 49.189342610538006
leaf_count=16119 23 15 34 16 8 17 28 38 45 38 11 26 24 57 32 22 31 5558 86 7 6 134 17 52 10 86 33 19 409 65
internal_value=0.00012399 0.00224393 0.0514313 0.0292611 0.000972372 0.000638175 0.00114687 0.000427276 0.0015056 0.000419906 0.0022055 0.000781285 -0.0079248 -0.0348316 0.00072635 0.00357907 0.00241379 0.004 -0.04972 0.00167739 -0.0332502 -0.0180407 -0.00566364 -0.013578 0.0292881 -0.0205086 0.0590924 -0.00734692 -0.000831489 0.0216828
internal_weight=5606.29 1766.72 44.5212 32.0408 1722.2 1714.76 1707.4 1691.4 1650.64 1629.26 1568.95 1531.98 372.584 90.6487 281.936 1159.4 1135.56 1102.03 33.5302 1078.21 58.5745 50.8573 258.393 210.686 47.7068 26.5053 23.8367 9.55798 187.708 72.5483
internal_count=23066 6947 73 50 6874 6859 6851 6834 6806 6768 6723 6685 778 83 695 5907 5833 5736 97 5705 147 140 671 543 128 96 74 52 526 117
is_linear=0
shrinkage=0.1


Tree=61
num_leaves=31
num_cat=0
split_feature=3 1 3 3 1 3 1 1 1 2 3 2 1 3 3 1 0 3 2 1 1 1 3 3 3 3 3 3 2 3
split_gain=1.72535 1.20301 5.93369 8.17728 2.03372 2.88776 7.41659 8.12018 10.4908 7.12195 15.3152 4.91349 7.4012 12.7227 2.90702 4.6894 6.09366 4.08496 3.23644 3.5371 2.43819 10.3909 15.8706 9.14016 8.89351 4.13565 20.3424 6.01544 3.74638 5.75338
threshold=87.500000000000014 116.50000000000001 112.50000000000001 139.50000000000003 114.50000000000001 99.500000000000014 93.500000000000014 90.500000000000014 85.500000000000014 2.5000000000000004 95.500000000000014 1.5000000000000002 78.500000000000014 90.500000000000014 100.50000000000001 74.500000000000014 2.5000000000000004 101.50000000000001 2.5000000000000004 78.500000000000014 65.500000000000014 64.500000000000014 119.50000000000001 111.50000000000001 108.50000000000001 134.50000000000003 131.50000000000003 155.50000000000003 1.5000000000000002 123.50000000000001
decision_type=2 2 2 2 2 2 2 2 2 2 2 2 2 2 2 2 2 2 2 2 2 2 2 2 2 2 2 2 2 2
left_child=-1 4 -3 -4 5 6 7 8 9 10 11 12 13 -2 15 16 -7 -16 19 -17 21 22 23 24 -19 26 28 -27 29 -24
right_child=1 2 3 -5 -6 14 -8 -9 -10 -11 -12 -13 -14 -15 17 18 -18 20 -20 -21 -22 -23 25 -25 -26 27 -28 -29 -30 -31
leaf_value=-0.058948094333061675 -0.029283367576872218 0.043104671068595828 -0.13822048189115516 -0.0045930423651893469 0.03992021189839829 -0.020380115080752517 0.068127330616505971 -0.050791487473399337 0.086542835253852424 -0.034794100724452583 0.094430226114113919 0.039329973170822777 -0.076825859411707831 0.069106528606790174 0.04088980973958703 0.076715362793447636 -0.15681656249305098 0.091947044920348414 0.088150169538021225 -0.0082663248579702194 -0.0004728749983220822 0.079417475826204662 -0.0076887600239145945 0.12065068583268768 -0.0053057983078395599 0.032752516712308957 -0.18097726750472243 -0.037523846986484852 0.023919202467251072 -0.098186682031290162
leaf_weight=4.9395223259925833 40.414921633899212 10.048317298293115 7.009268760681155 13.210675768554209 12.917258176952599 109.9345245808363 20.917722120881081 22.669451057910919 17.379883319139481 35.385377168655396 20.72290363162756 23.851986587047577 14.53926534950733 19.47588187456131 24.489236555993557 5.7294044494628897 3.3740057796239844 13.557643750682471 5.1785874962806693 33.741712234914303 4964.1513642948121 19.919208716601133 25.93126468360424 12.730508986860512 30.684780411422253 28.37041662633419 8.3842298090457898 21.343092523515224 17.868644565343857 9.6352535486221296
leaf_count=31 271 7 4 61 18 636 32 12 18 40 33 43 13 16 24 3 21 24 9 162 21098 42 131 22 158 50 6 23 37 21
internal_value=0.000127022 0.000179189 -0.0197029 -0.0509152 0.000287362 0.000195126 0.011548 0.00546127 0.0128853 0.00459354 0.0163052 -0.000167558 -0.012825 0.00271203 -0.000263154 -0.0136268 -0.0244428 0.000144587 0.0138211 0.00406914 -4.90674e-05 0.0111164 0.00304242 0.0459819 0.0244964 -0.0188918 -0.0361599 0.00258134 -0.0134374 -0.0322054
internal_weight=5598.51 5593.57 30.2683 20.2199 5563.3 5550.38 215.357 194.44 171.77 154.39 119.005 98.2821 74.4301 59.8908 5335.02 157.958 113.309 5177.07 44.6497 39.4711 5152.58 188.425 168.506 56.9729 44.2424 111.533 61.8194 49.7135 53.4352 35.5665
internal_count=23066 23035 72 65 22963 22945 478 446 434 416 376 343 300 287 22467 831 657 21636 174 165 21612 514 472 204 182 268 195 73 189 152
is_linear=0
shrinkage=0.1


Tree=62
num_leaves=31
num_cat=0
split_feature=3 0 2 1 1 1 3 3 1 3 3 3 1 1 0 3 1 3 3 3 1 1 1 1 2 1 3 1 3 1
split_gain=1.43778 1.12202 5.94597 9.90057 9.64072 7.53882 5.99937 17.5284 11.142 25.5002 15.9381 10.3412 8.6925 11.7102 17.4202 8.90572 6.77806 5.56426 11.4759 15.956 7.87642 9.02967 8.77491 7.2825 7.13792 12.8621 6.97801 6.16758 6.57048 5.93803
threshold=87.500000000000014 1.5000000000000002 2.5000000000000004 113.50000000000001 106.50000000000001 61.500000000000007 97.500000000000014 107.50000000000001 90.500000000000014 116.50000000000001 127.50000000000001 136.50000000000003 68.500000000000014 72.500000000000014 2.5000000000000004 119.50000000000001 79.500000000000014 113.50000000000001 99.500000000000014 93.500000000000014 76.500000000000014 71.500000000000014 93.500000000000014 100.50000000000001 1.5000000000000002 82.500000000000014 109.50000000000001 78.500000000000014 90.500000000000014 105.50000000000001
decision_type=2 2 2 2 2 2 2 2 2 2 2 2 2 2 2 2 2 2 2 2 2 2 2 2 2 2 2 2 2 2
left_child=-1 -2 17 4 5 -4 -7 -8 12 -10 -11 -12 -9 14 -14 -15 -17 18 19 27 21 -20 24 -19 26 -26 -22 28 -3 -25
right_child=1 2 3 -5 -6 6 7 8 9 10 11 -13 13 15 -16 16 -18 23 20 -21 22 -23 -24 29 25 -27 -28 -29 -30 -31
leaf_value=-0.054498429866336677 -0.00070804990875058583 -0.013564100178762212 -0.072266969480843699 0.092766736429480343 -0.10524155070031785 -0.063221428014332143 0.073767914664815457 0.070990975315040006 -0.17616195625727502 0.081027321125067553 -0.12476327269175264 -0.0194114712468616 -0.16498762944452375 0.084247995474800372 -0.013151913326660929 0.073372904202515563 -0.0032192502977248412 0.01249725973751192 -0.0080501431933880478 0.11155091622567662 0.017883093322164617 0.091202658560296829 0.03444633284413303 -0.10608258057583031 -0.026740090096990701 -0.15865324772029904 -0.059518353693654415 -0.053686306865905857 0.12209647953752648 -0.010677895872100409
leaf_weight=4.8152562081813803 4039.859291234985 9.5572308301925677 16.964863404631615 9.7507320791482908 10.190722838044165 16.619045063853264 28.476942956447601 16.999828204512596 11.75400137901306 13.413885526359079 11.507483810186384 48.953334257006645 10.330028131604193 13.540445074439047 28.140419151633978 12.196094356477259 219.50070299208164 790.87070002406836 99.636248625814915 18.087906859815121 19.656602934002876 10.094818145036696 13.941161908209322 8.604743015021084 15.326854005455973 14.27671757340431 28.586419373750687 14.678124353289602 5.699133336544036 26.976591780781746
leaf_count=31 17048 50 29 16 13 13 37 26 5 13 12 119 16 32 91 28 931 3764 427 25 30 16 16 11 40 13 116 16 6 76
internal_value=0.00012126 0.000168358 0.00246098 -0.00694418 -0.00906428 -0.00687846 -0.00430724 -0.00194691 -0.00752786 -0.0393523 -0.0175849 -0.039463 0.00153437 -0.00262748 -0.0539226 0.0054192 0.00081242 0.00655468 -0.00653222 0.0373975 -0.0170008 0.00108072 -0.0386169 0.0105062 -0.0517015 -0.090357 -0.0279812 -0.00740969 0.037113 -0.0337499
internal_weight=5589.01 5584.19 1544.33 468.339 458.588 448.397 431.432 414.813 386.336 85.6287 73.8747 60.4608 300.708 283.708 38.4704 245.237 231.697 1075.99 249.541 48.0224 201.519 109.731 91.7878 826.452 77.8466 29.6036 48.243 29.9345 15.2564 35.5813
internal_count=23066 23035 5987 1381 1365 1352 1323 1310 1273 149 144 131 1124 1098 107 991 959 4606 755 97 658 443 215 3851 199 53 146 72 56 87
is_linear=0
shrinkage=0.1


Tree=63
num_leaves=31
num_cat=0
split_feature=2 1 2 1 1 1 1 3 1 1 3 3 3 1 1 1 3 0 3 3 3 3 3 0 1 3 3 1 1 2
split_gain=1.17882 3.77985 17.4217 19.5437 9.34098 11.9585 8.11183 7.7755 7.88012 24.8572 7.39187 18.414 10.3347 8.5213 18.6426 6.39558 8.51208 16.1064 11.1189 10.3608 5.85478 15.4822 7.93014 7.72608 5.26045 13.1504 9.50552 8.83277 8.33156 7.80363
threshold=1.5000000000000002 91.500000000000014 2.5000000000000004 99.500000000000014 92.500000000000014 94.500000000000014 89.500000000000014 165.50000000000003 100.50000000000001 109.50000000000001 101.50000000000001 120.50000000000001 124.50000000000001 102.50000000000001 100.50000000000001 80.500000000000014 127.50000000000001 1.5000000000000002 117.50000000000001 143.50000000000003 130.50000000000003 139.50000000000003 145.50000000000003 2.5000000000000004 77.500000000000014 170.50000000000003 110.50000000000001 79.500000000000014 72.500000000000014 2.5000000000000004
decision_type=2 2 2 2 2 2 2 2 2 2 2 2 2 2 2 2 2 2 2 2 2 2 2 2 2 2 2 2 2 2
left_child=-1 6 3 -3 -4 -6 15 8 20 -10 -5 -12 -13 14 -14 24 17 18 -17 -18 -7 -22 -23 -24 28 26 -26 29 -2 -28
right_child=1 2 4 10 5 7 -8 -9 9 -11 11 12 13 -15 -16 16 19 -19 -20 -21 21 22 23 -25 25 -27 27 -29 -30 -31
leaf_value=-0.00079077974325558438 0.0017470211951276149 0.076225609974485145 -0.089823406035846987 -0.077710584880259725 0.072454143746039132 -0.0095089415682301573 -0.017280722843858416 0.041143471082453448 0.099778312698641999 -0.036692040356381385 0.12419314006304039 -0.13282240188427696 0.0062178746936947119 0.051115581297677563 -0.20079734538914007 0.082970929761115961 0.078397641565981974 -0.041507794136407074 -0.0082153576987421591 0.0076688776921879772 -0.162842918504437 0.029396912207805326 -0.11928365965795473 -0.0028922993068998776 -0.049611101855692147 -0.16565477738776785 0.0014412065576876734 -0.0060335359108474257 0.041382968612193996 0.094293032519741041
leaf_weight=4008.4304722622037 341.84732048772275 69.433575324714184 12.933653458952902 9.6933182477951032 19.382908880710602 39.240543276071548 226.71865204721689 25.044673025608063 20.018776461482048 40.045586876571178 12.800613909959791 5.9610561430454245 25.92147366702557 23.626338422298431 5.2273953258991233 27.467381507158279 42.901825901120901 47.307141155004501 26.058396250009537 40.040533877909184 11.493220329284666 13.991173699498175 12.479799956083298 10.502986267209053 44.7055743932724 5.2392334938049308 18.825028598308563 314.9835177436471 62.771392647176981 17.433940693736076
leaf_count=18996 736 86 9 8 14 36 878 47 22 35 13 5 177 38 3 32 60 48 18 36 5 35 20 45 114 4 23 1401 97 25
internal_value=0.000119838 0.00243872 0.0114736 0.0370522 -0.00756242 -0.00202685 -0.000219061 -0.0103805 -0.0191129 0.00879199 0.00437241 0.0151922 -0.0077805 0.00582752 -0.0285234 0.00368986 0.0205238 0.00100463 0.038578 0.0442532 -0.0382229 -0.0614706 -0.0299594 -0.0660936 -0.000149354 -0.00826355 -0.00618093 -0.000653208 0.00789603 0.046086
internal_weight=5582.53 1574.1 357.797 152.664 205.133 192.2 1216.3 172.817 147.772 60.0644 83.2302 73.5369 60.7363 54.7752 31.1489 989.581 183.775 100.833 53.5258 82.9424 87.7077 48.4672 36.974 22.9828 805.806 401.187 395.948 351.242 404.619 36.259
internal_count=23066 4070 598 330 268 259 3472 245 198 57 244 236 223 218 180 2594 194 98 50 96 141 105 100 65 2400 1567 1563 1449 833 48
is_linear=0
shrinkage=0.1


Tree=64
num_leaves=31
num_cat=0
split_feature=0 3 3 3 1 1 1 1 1 2 3 1 1 1 3 1 3 1 1 3 1 3 3 3 3 1 3 1 1 3
split_gain=1.20773 2.7281 4.28948 8.5087 7.47733 5.58892 4.06758 8.54075 9.27931 4.26709 3.63759 2.89563 4.96818 14.0045 2.16015 14.8243 6.67164 11.7596 8.29248 6.06418 9.14579 5.17002 5.74645 6.72057 2.68119 2.65759 2.51826 2.02003 5.21262 1.88211
threshold=2.5000000000000004 92.500000000000014 110.50000000000001 119.50000000000001 90.500000000000014 64.500000000000014 79.500000000000014 69.500000000000014 74.500000000000014 2.5000000000000004 104.50000000000001 60.500000000000007 68.500000000000014 69.500000000000014 144.50000000000003 89.500000000000014 141.50000000000003 90.500000000000014 98.500000000000014 150.50000000000003 98.500000000000014 164.50000000000003 160.50000000000003 154.50000000000003 171.50000000000003 102.50000000000001 137.50000000000003 80.500000000000014 79.500000000000014 186.50000000000003
decision_type=2 2 2 2 2 2 2 2 2 2 2 2 2 2 2 2 2 2 2 2 2 2 2 2 2 2 2 2 2 2
left_child=29 -2 5 4 -4 -3 7 -7 9 -9 -8 -5 -13 -14 16 27 17 -15 -19 -17 21 22 23 -21 25 -22 -20 28 -16 -1
right_child=1 2 3 11 -6 6 10 8 -10 -11 -12 12 13 14 15 19 -18 18 26 20 24 -23 -24 -25 -26 -27 -28 -29 -30 -31
leaf_value=-0.00036843824982018696 0.045969672163121311 0.059545931264555187 0.093540418463345001 -0.065625897526762789 0.0026013634348419626 -0.14028927253920639 -0.024599592635611206 0.043807514616076348 -0.1214281501556505 -0.038913755678229613 0.026239843277002184 0.051065418222934325 -0.16887939352396941 -0.0027482909527185647 0.11311891627609752 0.032176564852317194 -0.056502145603419124 0.10756767006740174 0.047755653844355289 -0.14394277172720135 0.014875072175062717 0.010315112136697497 -0.16163888571482349 0.00034729773922783356 -0.029221180193165393 0.096332587101065875 -0.018932740770702436 0.12387159658005056 -0.01216560112178738 -0.055010151389573415
leaf_weight=4863.4664519913495 15.149466305971144 9.19143048673868 20.358523994684219 6.0184732154011717 16.26535701751709 7.8209196701645842 37.231139242649078 13.395436488091946 7.5091702491044989 11.667218744754791 22.627182021737099 21.638271257281303 4.7434769421815863 340.14935031346977 8.3665585573762673 31.733234755694866 19.646017000079155 17.00560200586915 11.591756209731102 4.9959136098623338 13.341998830437666 7.2827276401221743 6.9787440448999396 9.1219255551695806 8.1427939496934396 5.7233333885669699 11.069838486611843 9.1736172512173635 5.5067330673336974 6.3119027093052855
leaf_count=20177 28 30 41 16 17 9 39 50 8 44 53 32 4 1806 21 200 18 27 30 3 91 21 4 56 38 25 59 15 52 52
internal_value=0.000120228 0.00399343 0.00306953 0.00650213 0.0531527 -0.0150859 -0.0219284 -0.0464492 -0.023917 0.00529894 -0.00538166 0.00335121 0.00412541 0.00215155 0.00374282 0.0161264 0.000321359 0.00326056 0.0547869 -0.002702 -0.0226132 -0.0623296 -0.0874072 -0.050713 0.0188129 0.0393283 0.0151794 0.087464 0.0633897 -0.000439261
internal_weight=5573.22 703.446 688.297 578.854 36.6239 109.442 100.251 40.3927 32.5718 25.0627 59.8583 542.23 536.212 514.574 509.83 110.368 399.463 379.817 39.6672 87.3207 55.5874 28.3793 21.0966 14.1178 27.2081 19.0653 22.6616 23.0469 13.8733 4869.78
internal_count=23066 2837 2809 2576 58 233 203 111 102 94 92 2518 2502 2470 2466 526 1940 1922 116 438 238 84 63 59 154 116 89 88 73 20229
is_linear=0
shrinkage=0.1


Tree=65
num_leaves=31
num_cat=0
split_feature=3 3 3 1 3 1 1 3 0 2 3 1 2 1 3 1 3 3 1 1 3 0 1 3 1 1 1 2 3 3
split_gain=1.17293 1.08409 6.14539 2.30426 2.13974 7.12247 6.72039 6.60883 4.02647 6.95586 5.84197 1.80323 6.13936 2.6505 4.58621 1.61257 12.8633 15.1026 6.62638 8.54043 5.08363 8.48868 4.50604 2.17568 11.0651 6.96844 9.67409 5.13102 13.4607 5.99725
threshold=87.500000000000014 178.50000000000003 177.50000000000003 119.50000000000001 168.50000000000003 80.500000000000014 97.500000000000014 165.50000000000003 1.5000000000000002 1.5000000000000002 171.50000000000003 93.500000000000014 1.5000000000000002 88.500000000000014 179.50000000000003 109.50000000000001 104.50000000000001 112.50000000000001 110.50000000000001 117.50000000000001 139.50000000000003 1.5000000000000002 105.50000000000001 99.500000000000014 93.500000000000014 90.500000000000014 85.500000000000014 2.5000000000000004 95.500000000000014 92.500000000000014
decision_type=2 2 2 2 2 2 2 2 2 2 2 2 2 2 2 2 2 2 2 2 2 2 2 2 2 2 2 2 2 2
left_child=-1 2 4 11 7 -6 -7 15 9 -8 -10 13 -13 -3 -15 22 -17 -18 20 -20 -19 -22 23 24 25 26 27 28 29 -2
right_child=1 3 -4 -5 5 6 8 -9 10 -11 -12 12 -14 14 -16 16 17 18 19 -21 21 -23 -24 -25 -26 -27 -28 -29 -30 -31
leaf_value=-0.049786044758641013 0.016013852840765733 0.041952817566191715 -0.058209411453422399 -0.064703211846120531 -0.019257693142284711 0.096263401952140351 -0.012845596062045418 -0.053667503141891039 0.051645746986600551 0.15059525190226344 -0.059922218800201189 -0.0043339828431094175 0.10287105628193233 -0.12186483874491712 0.021127453799968686 -0.091589603885645632 0.11715486510830571 -0.12842339113575915 0.045993568158554828 -0.050132746472818658 0.053356388989647612 -0.11948100791657808 0.041064987376407014 -0.00017386223584771774 0.10614183647550811 -0.047441742385420732 0.084795268267977716 -0.029127743296898091 0.091411863685332828 -0.037703085150700956
leaf_weight=4.7063184380531302 65.469495289027691 7.6799383461475399 18.055350199341774 3.250373847782611 32.024181116372347 15.307475276291369 5.4920092821121234 22.855851754546165 8.1627481356263178 4.9516782164573669 11.042264476418493 12.35922020673752 9.4082673080265504 3.8007565736770612 5.4726495258510113 16.884467944502831 10.350217223167418 7.2475759387016323 24.302588261663914 14.91500501334667 6.551076225936411 5.0184118077158928 27.160464026033878 5089.8776863329113 11.394660905003546 22.593860566616058 16.34818235039711 36.007518641650677 18.842272520065308 30.451073721051216
leaf_count=31 317 19 9 25 55 72 59 20 63 11 7 102 50 2 57 10 12 5 25 26 42 25 29 21840 24 12 18 40 33 26
internal_value=0.000115309 0.000157524 3.58149e-05 0.0161683 0.000226909 0.016782 0.0424546 -7.95143e-06 0.0146733 0.0646468 -0.0125022 0.022957 0.0420018 -0.00149589 -0.0374787 0.000219023 -0.013424 0.00587541 -0.0139708 0.00943537 -0.0627527 -0.021614 0.00043777 0.000229216 0.0104308 0.00468217 0.0117291 0.00380651 0.0141398 -0.0010392
internal_weight=5567.98 5563.28 5521.31 41.9712 5503.25 76.9804 44.9562 5426.27 29.6487 10.4437 19.205 38.7208 21.7675 16.9533 9.27341 5403.41 85.2693 68.3849 58.0347 39.2176 18.8171 11.5695 5318.15 5290.98 201.107 189.712 167.119 150.77 114.763 95.9206
internal_count=23066 23035 22780 255 22771 267 212 22504 140 70 70 230 152 78 59 22484 145 135 123 51 72 67 22339 22310 470 446 434 416 376 343
is_linear=0
shrinkage=0.1


Tree=66
num_leaves=31
num_cat=0
split_feature=0 3 3 1 1 3 2 1 1 3 1 1 1 1 2 2 1 1 1 2 1 1 1 3 3 1 1 3 3 3
split_gain=1.00059 4.43635 11.7012 6.67192 16.5218 5.06156 6.62654 4.5897 7.29877 5.38787 9.38577 6.86276 5.03114 7.88976 4.58513 4.56494 3.66409 3.58451 7.4701 3.87188 8.48478 8.19877 5.14766 14.2472 11.9066 8.13014 15.3035 8.97216 24.839 11.8588
threshold=1.5000000000000002 160.50000000000003 168.50000000000003 69.500000000000014 97.500000000000014 171.50000000000003 1.5000000000000002 113.50000000000001 107.50000000000001 144.50000000000003 102.50000000000001 103.50000000000001 65.500000000000014 89.500000000000014 1.5000000000000002 1.5000000000000002 79.500000000000014 113.50000000000001 112.50000000000001 1.5000000000000002 106.50000000000001 100.50000000000001 69.500000000000014 140.50000000000003 95.500000000000014 80.500000000000014 83.500000000000014 104.50000000000001 115.50000000000001 124.50000000000001
decision_type=2 2 2 2 2 2 2 2 2 2 2 2 2 2 2 2 2 2 2 2 2 2 2 2 2 2 2 2 2 2
left_child=17 7 -3 -4 16 -6 -7 8 9 11 12 -2 -11 14 -14 -15 -5 18 19 20 -1 22 23 -21 -24 -26 -27 -28 -29 -30
right_child=1 2 3 4 5 6 -8 -9 -10 10 -12 -13 13 15 -16 -17 -18 -19 -20 21 -22 -23 24 -25 25 26 27 28 29 -31
leaf_value=-0.0016731054670911447 0.002281946114583181 -0.061066663056571269 -0.06240418883494641 0.158171476849645 0.048519628580338994 -0.11356070314808327 -0.0047272209131161667 0.063053358770312914 -0.062019940017891656 -0.048631015932895323 0.16008313608274241 -0.089623541346596183 0.023809440724496062 0.029096791780077805 0.090441259267352581 -0.011190381714697311 0.065882184199160032 -0.03364581226504703 0.11095164877490399 0.0097261766837827592 -0.065336764816093851 0.049437805972353185 0.071552871887813535 0.12109242112526031 -0.014887254234508138 0.11272440026373716 -0.044731993402005496 0.10151755223296761 -0.044762509102129651 0.012203110292815518
leaf_weight=3243.677878536284 1219.6521547716111 38.831702634692192 10.950332596898077 6.1480363458395031 7.8372175581753245 8.7415271028876305 15.539928901940584 12.924023695290087 16.958880506455898 11.002243131399153 4.695191051810979 8.1793433725833875 19.72063023224473 52.889595188200474 21.681588221341372 60.06900929659605 14.326569754630325 32.783718198537827 6.0108345076441756 88.990985497832298 21.070230536162853 40.961962029337883 22.237981118261814 13.190030470490454 286.04426230862737 13.561999678611754 33.288481041789055 26.697097331285477 47.60316626727581 157.29903979599476
leaf_count=15332 4736 31 9 9 63 44 45 24 39 13 7 8 98 452 76 268 72 60 8 141 71 35 24 17 856 20 32 35 43 398
internal_value=0.000111827 0.00228914 -0.0178193 0.00860932 0.0233949 -0.021355 -0.0439082 0.00373097 0.00318908 0.00398018 0.020662 0.00166971 0.0167034 0.0213601 0.0587033 0.00767292 0.0935945 -0.000714175 -0.000444312 -0.000611933 -0.00208398 0.00597258 0.00338819 0.0241019 -0.000219163 -0.00304659 0.00911702 0.00381242 0.0107899 -0.00103122
internal_weight=5563.57 1530.15 102.375 63.5436 52.5933 32.1187 24.2815 1427.77 1414.85 1397.89 170.058 1227.83 165.363 154.361 41.4022 112.959 20.4746 4033.42 4000.63 3994.62 3264.75 729.875 688.913 102.181 586.732 564.494 278.45 264.888 231.599 204.902
internal_count=23066 5994 273 242 233 152 89 5721 5697 5658 914 4744 907 894 174 720 81 17072 17012 17004 15403 1601 1566 158 1408 1384 528 508 476 441
is_linear=0
shrinkage=0.1


Tree=67
num_leaves=31
num_cat=0
split_feature=3 3 3 1 1 3 0 2 3 1 1 2 1 0 1 2 3 3 2 1 0 1 0 1 3 3 3 1 1 1
split_gain=1.05957 5.52998 1.57112 5.7441 6.08066 5.65943 3.41701 5.71341 4.36634 1.55646 1.85039 4.94923 2.33016 3.89886 1.47893 1.02606 0.897537 7.74017 2.80606 12.242 8.67172 10.1078 9.63933 10.9225 8.13706 8.07164 7.88516 6.60801 5.42329 8.88174
threshold=178.50000000000003 177.50000000000003 168.50000000000003 80.500000000000014 97.500000000000014 166.50000000000003 1.5000000000000002 1.5000000000000002 171.50000000000003 119.50000000000001 93.500000000000014 1.5000000000000002 88.500000000000014 1.5000000000000002 71.500000000000014 2.5000000000000004 140.50000000000003 141.50000000000003 2.5000000000000004 80.500000000000014 1.5000000000000002 98.500000000000014 2.5000000000000004 89.500000000000014 164.50000000000003 146.50000000000003 149.50000000000003 71.500000000000014 78.500000000000014 71.500000000000014
decision_type=2 2 2 2 2 2 2 2 2 2 2 2 2 2 2 2 2 2 2 2 2 2 2 2 2 2 2 2 2 2
left_child=1 2 5 14 -5 16 7 -6 15 10 12 -12 -2 -14 -4 -8 -1 -18 24 27 21 -21 -22 -24 28 -25 -27 -20 29 -19
right_child=9 -3 3 4 6 -7 8 -9 -10 -11 11 -13 13 -15 -16 -17 17 18 19 20 22 -23 23 25 -26 26 -28 -29 -30 -31
leaf_value=-0.00030110190409868488 0.037733638157251864 -0.055458919913451248 0.0041977265922234878 0.092605256526040902 -0.0097539231351624622 -0.059963657655392702 0.0093111476948412267 0.13962760861620094 -0.053110438841682185 -0.047746587068827624 0.0015508527862757807 0.098965978190568113 -0.092484962235933277 0.039478616507011198 -0.038892467416829113 0.083102632646147437 0.10567360371171562 0.004151976327706885 0.019546342239999178 0.071147311398793517 -0.072863829639242511 -0.023965292704505446 0.11899151222766698 -0.12056387451481042 -0.085128654430236719 0.12619163996038671 -0.019474629338097019 0.10408178290350419 0.005806841634307898 -0.068897334329107482
leaf_weight=4819.2361124809831 7.6317452415823963 17.926628097891808 15.743077352643015 13.977064609527586 5.6061797738075274 15.707820206880568 3.8440369963645962 4.7126496806740761 11.110146254301069 3.5156163275241843 12.840622253715994 8.7824795432388765 5.3273539915680868 3.8618504963815212 16.121885813772678 3.6962068453431129 7.3708106949925414 42.043020106852055 17.525848019868135 26.559265553951263 25.983831703662872 19.287158310413361 6.9891761541366568 6.2872994244098654 11.339966505765913 4.4926944971084621 21.499626785516739 19.574635695666075 348.73691129311919 27.551672503352165
leaf_count=19890 19 9 18 72 59 12 48 11 7 25 102 50 33 26 37 15 25 87 26 39 28 20 8 8 18 3 115 42 2192 22
internal_value=0.000112023 -8.46754e-06 0.000172431 0.0145652 0.0384335 -2.62224e-05 0.0122967 0.0584692 -0.0132495 0.0159428 0.0217671 0.0411172 -0.0031072 -0.037026 -0.0176035 0.0454835 0.000147982 0.00384602 0.00254719 0.0144125 -0.00219632 0.0311343 -0.0256144 0.00565015 -0.0015453 -0.0188905 0.00570335 0.0641482 0.000720445 -0.0247673
internal_weight=5554.88 5512.92 5495 74.8112 42.9463 5420.19 28.9692 10.3188 18.6504 41.9597 38.4441 21.6231 16.8209 9.1892 31.865 7.54024 5404.48 585.242 577.871 148.2 111.099 45.8464 65.2526 39.2688 429.672 32.2796 25.9923 37.1005 418.332 69.5947
internal_count=23066 22811 22802 267 212 22535 140 70 70 255 230 152 78 59 55 63 22523 2633 2608 289 221 59 162 134 2319 126 118 68 2301 109
is_linear=0
shrinkage=0.1


Tree=68
num_leaves=31
num_cat=0
split_feature=0 2 1 1 1 3 3 3 3 1 1 1 0 1 1 3 1 3 1 2 3 3 3 1 0 1 1 3 3 1
split_gain=0.922455 4.14939 8.42435 6.69619 5.96224 4.66898 8.38821 15.4696 6.1498 5.7993 7.37178 6.19592 6.34653 17.2315 9.9349 15.4707 5.56712 6.20264 5.05479 6.9551 9.50822 4.24712 15.5596 9.49034 9.87007 8.68883 8.8959 8.42526 5.94241 7.90079
threshold=1.5000000000000002 2.5000000000000004 113.50000000000001 106.50000000000001 61.500000000000007 113.50000000000001 99.500000000000014 93.500000000000014 119.50000000000001 76.500000000000014 71.500000000000014 93.500000000000014 2.5000000000000004 83.500000000000014 83.500000000000014 104.50000000000001 78.500000000000014 90.500000000000014 100.50000000000001 1.5000000000000002 141.50000000000003 97.500000000000014 107.50000000000001 68.500000000000014 2.5000000000000004 78.500000000000014 95.500000000000014 127.50000000000001 134.50000000000003 89.500000000000014
decision_type=2 2 2 2 2 2 2 2 2 2 2 2 2 2 2 2 2 2 2 2 2 2 2 2 2 2 2 2 2 2
left_child=-1 5 3 4 -3 6 7 16 -7 10 -8 12 14 -14 15 -11 17 -2 -10 20 -20 -6 -23 -24 25 -25 27 -27 -29 -30
right_child=1 2 -4 -5 21 8 9 -9 18 11 -12 -13 13 -15 -16 -17 -18 -19 19 -21 -22 22 23 24 -26 26 -28 28 29 -31
leaf_value=-0.00068595528625217347 -0.013623450618124347 -0.063834832119906981 0.090430843273010278 -0.089296374447830826 -0.052922986177421111 0.060481632349959791 -0.0076221880520016862 0.10991545605272601 0.0095447326172549956 0.085417044601534736 0.084803920080263967 0.029631395864954804 -0.07215083554333783 0.099374704096566235 -0.11978610057429491 -0.068854478207307446 -0.054632362678627366 0.12054383942065001 0.1101648483517934 -0.069161030683741381 -0.045491493465181908 0.07103726151214669 0.069230712557408966 -0.11850570258097388 -0.00111237294417204 0.058413524233441233 -0.086286484770244809 -0.092229874380816423 -0.070432472430766932 0.041491219502857918
leaf_weight=4024.4261215683073 10.305645436048509 17.027080491185188 8.9348932206630689 9.8208556249737722 16.695657297968864 22.807490855455399 99.399847790598869 16.431631065905094 757.77943967655301 8.5995437502861005 9.4498401209712011 13.249648772180079 14.231490164995195 9.9529184699058515 19.758878543972969 26.629579532891512 14.737292364239691 5.1765577793121329 6.7442534416914013 19.508596125990152 9.3855963051319105 27.599307388067245 15.770274613052605 12.152199652045963 282.45880286209285 14.70364263653755 18.589098677039146 11.114465460181234 10.766144566237928 15.227903023362158
leaf_count=17072 55 29 17 13 13 52 427 25 3713 17 16 16 39 12 20 111 17 6 12 28 46 37 26 20 1094 40 20 21 15 37
internal_value=0.000107701 0.00220212 -0.00572422 -0.00762527 -0.00581104 0.00563485 -0.00638383 0.0318226 0.00928545 -0.0152394 0.000401831 -0.0336608 -0.0442528 -0.00156074 -0.0630293 -0.0311963 -0.0106398 0.0312361 0.00781377 -0.0289917 0.0195919 -0.00348681 -0.00146574 -0.00672079 -0.0100023 -0.0404193 -0.0269405 -0.00564841 -0.0310319 -0.00486503
internal_weight=5549.43 1525.01 460.86 451.925 442.105 1064.15 247.923 46.6511 816.225 201.272 108.85 92.4221 79.1724 24.1844 54.988 35.2291 30.2195 15.4822 793.418 35.6384 16.1298 425.077 408.382 380.783 365.012 82.5535 70.4013 51.8122 37.1085 25.994
internal_count=23066 5994 1382 1365 1352 4612 761 103 3851 658 443 215 199 51 148 128 78 61 3799 86 58 1323 1310 1273 1247 153 133 113 73 52
is_linear=0
shrinkage=0.1


Tree=69
num_leaves=31
num_cat=0
split_feature=3 3 1 3 3 3 3 2 3 1 1 3 1 0 3 2 1 1 1 3 1 0 3 1 3 1 1 1 3 0
split_gain=0.909686 4.70573 1.5987 4.25508 10.1369 27.6773 14.1151 9.31086 12.9241 8.78943 9.39678 8.38509 7.16715 6.56239 4.71598 4.61664 11.798 10.0541 7.92664 15.554 9.87939 5.87165 5.57325 6.00803 5.39663 5.17446 4.99512 18.4926 7.34805 4.52488
threshold=178.50000000000003 177.50000000000003 90.500000000000014 97.500000000000014 103.50000000000001 104.50000000000001 107.50000000000001 2.5000000000000004 119.50000000000001 93.500000000000014 91.500000000000014 138.50000000000003 93.500000000000014 1.5000000000000002 113.50000000000001 1.5000000000000002 99.500000000000014 110.50000000000001 96.500000000000014 132.50000000000003 106.50000000000001 1.5000000000000002 159.50000000000003 100.50000000000001 154.50000000000003 107.50000000000001 106.50000000000001 100.50000000000001 129.50000000000003 2.5000000000000004
decision_type=2 2 2 2 2 2 2 2 2 2 2 2 2 2 2 2 2 2 2 2 2 2 2 2 2 2 2 2 2 2
left_child=1 2 -1 12 -5 -6 -7 8 14 10 -10 29 -4 -13 -8 17 -17 18 19 -11 21 22 23 24 -20 -22 27 28 -18 -9
right_child=-2 -3 3 4 5 6 7 11 9 15 -12 13 -14 -15 -16 16 26 -19 20 -21 25 -23 -24 -25 -26 -27 -28 -29 -30 -31
leaf_value=-0.00045522405952191041 0.014822560968488552 -0.0511571146360437 -0.07089403881218187 0.05796977478021044 -0.15966751464588078 0.10697471885310628 0.035332672657818615 -0.048351473708002801 0.0038921625302920475 -0.17556221496571134 0.10349094521938691 0.037440161589875391 0.0091894765936784539 -0.016237213756580923 0.11440493731124027 0.077762002561470089 0.12652768982997234 0.0914390225164112 -0.025205543390556535 -0.0079224745138199316 -0.15869548876002526 0.036808413803871474 0.030663103967841915 0.096100659349342379 -0.16129492159533701 -0.040478852241121979 0.036462132129628552 -0.14664002269962284 -0.0086027508242417609 -0.0016537177051709621
leaf_weight=4850.615233303979 41.683604352176189 17.92673234641552 19.263654232025146 36.837849885225296 10.168136239051817 13.72558458894491 14.447903230786325 67.305313542485237 19.152892805635929 8.3993940912187117 18.742125868797302 41.769568540155888 26.615823194384575 50.088163558393717 15.781494066119192 25.60752134770155 4.920936897397044 9.8301282972097379 56.663424015045166 16.227439031004906 4.883638560771943 42.179938055574894 25.896855100989342 3.8871130794286719 3.0718646347522727 15.310587823390961 19.663414273411036 9.4296902492642385 22.07935644313693 29.998126700520515
leaf_count=21046 255 9 9 32 7 17 19 42 16 12 27 38 40 120 22 37 5 35 387 47 3 307 229 7 4 78 25 7 153 31
internal_value=0.000105413 -6.11636e-06 0.000161136 0.0048921 0.00718798 0.00378195 0.00686504 0.00424945 0.0142359 0.0080726 0.0531517 -0.0134983 -0.0244356 0.00817097 0.076613 0.00169966 0.0215198 -0.00698999 -0.0124713 -0.0650988 -0.00393872 0.00604787 -0.00844596 -0.0243649 -0.0322039 -0.0690676 -0.00415572 -0.0260796 0.0160254 -0.0339548
internal_weight=5542.17 5500.49 5482.56 631.948 586.068 549.231 539.062 525.337 336.176 305.946 37.895 189.161 45.8795 91.8577 30.2294 268.051 81.7009 186.35 176.52 24.6268 151.893 131.699 89.5193 63.6224 59.7353 20.1942 56.0934 36.43 27.0003 97.3034
internal_count=23066 22811 22802 1756 1707 1675 1668 1651 1420 1379 43 231 49 158 41 1336 227 1109 1074 59 1015 934 627 398 391 81 190 165 158 73
is_linear=0
shrinkage=0.1


Tree=70
num_leaves=31
num_cat=0
split_feature=1 1 3 3 3 3 2 3 3 3 3 3 2 1 3 3 3 2 3 0 0 2 3 3 3 3 3 0 3 3
split_gain=0.859069 12.0333 9.80917 5.272 6.01266 5.05474 5.40882 7.4934 6.96336 4.81577 4.24565 8.58184 5.43588 4.27121 3.95059 11.6373 13.6091 4.62293 4.30267 4.25208 3.38073 3.23016 3.21095 4.30899 24.7712 16.2057 4.79429 4.19751 2.75965 13.6483
threshold=77.500000000000014 72.500000000000014 90.500000000000014 138.50000000000003 129.50000000000003 101.50000000000001 2.5000000000000004 118.50000000000001 112.50000000000001 174.50000000000003 90.500000000000014 91.500000000000014 2.5000000000000004 71.500000000000014 159.50000000000003 153.50000000000003 142.50000000000003 1.5000000000000002 141.50000000000003 1.5000000000000002 1.5000000000000002 1.5000000000000002 98.500000000000014 100.50000000000001 104.50000000000001 105.50000000000001 109.50000000000001 2.5000000000000004 136.50000000000003 134.50000000000003
decision_type=2 2 2 2 2 2 2 2 2 2 2 2 2 2 2 2 2 2 2 2 2 2 2 2 2 2 2 2 2 2
left_child=1 9 -2 4 5 -3 7 8 -7 10 12 -12 21 14 15 16 18 -18 22 -16 -5 -1 -13 27 -25 -26 -27 -24 29 -28
right_child=2 3 -4 20 -6 6 -8 -9 -10 -11 11 13 -14 -15 19 -17 17 -19 -20 -21 -22 -23 23 24 25 26 28 -29 -30 -31
leaf_value=-0.028893685354747352 0.089940129059198348 0.08555602861619431 -0.00085340293413113623 -0.032808326906543415 0.10372928920228577 0.0089876439030724675 0.086620601591074819 0.041793222836398969 -0.094383329228499124 -0.060884936896789914 0.11867145791726386 0.028461568352589551 -0.11659086980466582 0.032881418971659089 0.075808934618027735 -0.078361829493902052 0.023955844507387185 0.11274100067383903 -0.080277091032017578 -0.0050877204926105379 0.024397486606424212 0.030653826399397434 -0.017235357603660781 0.10168973967374101 -0.16491540826406087 0.051835009317110541 -0.002390912560826723 -0.12440256694277428 0.025589493456667181 -0.10962403434107088
leaf_weight=42.712271586060524 11.933222122490404 14.858616784214972 4189.8353313058615 18.11410853266716 13.609449069947003 18.439166784286503 10.911590419709681 34.371480226516724 10.078444078564642 13.275112763047217 6.1719365715980521 34.53621581941843 5.9877231717109671 39.12021279335022 13.787915930151941 19.442489385604858 10.337686315178873 13.553482722491024 6.981209695339202 12.287983655929564 24.042343359440565 11.579090803861616 110.82866544276476 23.247198378667235 6.1342152729630461 16.351435393095016 754.87511195614934 3.779477320611476 32.692773699760437 12.058756195008753
leaf_count=294 23 19 18176 18 25 36 19 58 26 11 6 39 10 38 30 15 28 33 5 20 29 30 641 35 15 23 3224 22 108 10
internal_value=0.000106407 0.00231711 -0.000595545 0.029575 0.0418417 0.0323417 0.0216279 0.0103513 -0.0275448 -0.000991786 -0.000315958 0.00108008 -0.0261664 0.000426245 -0.000759356 -0.00171888 -0.000265629 0.0743237 -0.00204501 0.0376873 -0.000183147 -0.0161936 -0.00149584 -0.0025736 -0.000106732 -0.00298527 -0.00176794 -0.0207695 -0.00286406 -0.00407697
internal_weight=5535.93 1334.17 4201.77 144.425 102.269 88.6593 73.8007 62.8891 28.5176 1189.74 1176.47 1116.19 60.2791 1110.01 1070.89 1044.82 1025.38 23.8912 1001.49 26.0759 42.1565 54.2914 994.504 959.968 845.359 822.112 815.978 114.608 799.627 766.934
internal_count=23066 4867 18199 230 183 158 139 120 62 4637 4626 4292 334 4286 4248 4198 4183 61 4122 50 47 324 4117 4078 3415 3380 3365 663 3342 3234
is_linear=0
shrinkage=0.1


Tree=71
num_leaves=31
num_cat=0
split_feature=3 3 3 1 3 3 1 1 3 3 3 3 2 3 3 3 1 1 3 3 3 3 1 1 3 3 3 3 2 1
split_gain=1.02691 0.797231 3.56042 1.40117 3.56354 8.98346 5.95075 5.88437 5.05576 10.3141 7.82537 12.237 4.94527 10.814 38.0699 17.1606 6.51987 5.22802 3.7157 11.1318 14.3729 4.44673 3.69062 5.64311 3.358 7.12633 5.47212 5.887 4.55976 3.25017
threshold=87.500000000000014 178.50000000000003 177.50000000000003 90.500000000000014 97.500000000000014 100.50000000000001 93.500000000000014 94.500000000000014 111.50000000000001 118.50000000000001 127.50000000000001 144.50000000000003 2.5000000000000004 103.50000000000001 104.50000000000001 119.50000000000001 100.50000000000001 111.50000000000001 118.50000000000001 130.50000000000003 139.50000000000003 145.50000000000003 97.500000000000014 99.500000000000014 122.50000000000001 126.50000000000001 127.50000000000001 139.50000000000003 1.5000000000000002 114.50000000000001
decision_type=2 2 2 2 2 2 2 2 2 2 2 2 2 2 2 2 2 2 2 2 2 2 2 2 2 2 2 2 2 2
left_child=-1 2 3 -2 6 -6 -5 8 -7 -10 -11 -12 13 -9 -15 -16 18 -18 -14 -20 -21 -22 -23 -24 -17 -26 -27 28 -28 -29
right_child=1 -3 -4 4 5 7 -8 12 9 10 11 -13 16 14 15 24 17 -19 19 20 21 22 23 -25 25 26 27 29 -30 -31
leaf_value=-0.047455273569607687 -0.00039080835118784863 0.013981434000184301 -0.044502298321345418 -0.064283268574154229 0.11970733024852119 0.064905998557559241 0.0097117119491146996 0.11132360585201871 -0.045662984368518664 0.082064090400066472 -0.029317129376406625 0.06309442291512786 -0.067373165482483149 -0.26356742982672343 0.10033467264370532 -0.040045820366714766 0.042466622460320458 -0.015858544267717031 0.059810951297913861 -0.13878179288253534 0.033170731354009365 0.016780838100231333 -0.11157440744711455 -0.010317196241982173 0.097474329455414718 -0.10895694924120528 0.017106164334801482 -0.0038548811731225884 0.099285604794188881 0.084802981077224393
leaf_weight=4.5363535210490218 4837.8865804020315 41.319463271647692 17.887950748205185 19.362827181816101 6.9533132612705222 24.747521862387657 24.774450749158859 9.7210179567337018 22.265075385570526 22.004304379224777 32.034973129630089 25.92565394192934 21.788530588150024 5.2172778844833365 19.184711687266827 17.459786936640739 28.155971772968769 33.837927971035242 13.980081655085085 11.662365913391112 13.743254929780958 9.6222939044237155 10.288357377052307 11.835208982229233 8.1175292208790761 4.3494175672531119 19.357791107147932 193.52728223800659 10.367923233658077 4.2252380177378646
leaf_count=31 21022 255 9 9 9 18 33 11 16 18 29 32 13 4 34 24 28 33 18 5 35 9 5 66 13 5 66 1165 20 31
internal_value=0.000104029 0.000143102 3.87656e-05 0.000184626 0.00464234 0.00672549 -0.0227496 0.00535547 0.0243502 0.0145326 0.0312931 0.0120183 -4.70341e-05 0.00762512 0.00404801 0.00909601 -0.014485 0.0106312 -0.0312419 -0.0201745 -0.0397401 -0.014348 -0.0349196 -0.0574059 0.00229588 0.00537691 0.00215208 0.0042765 0.0457692 -0.00196059
internal_weight=5526.14 5521.6 5480.28 5462.4 624.51 580.373 44.1373 573.419 126.978 102.23 79.9649 57.9606 446.442 291.528 281.807 276.59 154.914 61.9939 92.9201 71.1316 57.1515 45.4891 31.7459 22.1236 257.405 239.945 231.828 227.478 29.7257 197.753
internal_count=23066 23035 22780 22771 1749 1707 42 1698 113 95 79 61 1585 1373 1362 1358 212 61 151 138 120 115 80 71 1324 1300 1287 1282 86 1196
is_linear=0
shrinkage=0.1


Tree=72
num_leaves=31
num_cat=0
split_feature=1 1 3 3 3 3 3 2 1 3 3 2 3 3 3 3 2 0 3 0 3 3 3 3 3 0 2 3 1 2
split_gain=0.773082 10.1032 8.59265 4.39966 3.75256 3.45677 7.62776 4.69646 3.50581 3.34191 7.47385 7.17074 3.30858 3.2529 9.28798 11.731 4.49297 3.60771 3.44895 2.71637 2.64246 3.51759 21.5699 12.3538 3.99531 3.11195 2.63973 2.56562 9.05785 7.68144
threshold=77.500000000000014 72.500000000000014 90.500000000000014 101.50000000000001 174.50000000000003 90.500000000000014 91.500000000000014 2.5000000000000004 71.500000000000014 118.50000000000001 138.50000000000003 1.5000000000000002 129.50000000000003 159.50000000000003 153.50000000000003 142.50000000000003 1.5000000000000002 1.5000000000000002 141.50000000000003 1.5000000000000002 98.500000000000014 100.50000000000001 104.50000000000001 105.50000000000001 109.50000000000001 2.5000000000000004 1.5000000000000002 110.50000000000001 79.500000000000014 2.5000000000000004
decision_type=2 2 2 2 2 2 2 2 2 2 2 2 2 2 2 2 2 2 2 2 2 2 2 2 2 2 2 2 2 2
left_child=1 4 -2 -3 5 7 -7 26 13 11 12 -5 -11 14 15 18 -17 -15 20 -12 -8 25 -23 -24 -25 -22 -1 28 -4 -30
right_child=2 3 27 9 -6 6 8 -9 -10 10 19 -13 -14 17 -16 16 -18 -19 -20 -21 21 22 23 24 -26 -27 -28 -29 29 -31
leaf_value=-0.026200510988251931 0.085808688178249784 0.079963588284506629 -0.056190850487526936 -0.038022190995795936 -0.053731141460395974 0.11664697503517707 0.026121564518337054 -0.10975527002302084 0.030056224829674301 0.042749024503143447 -0.028495093865022716 0.057383394314511872 0.10208418721081505 0.070485721902972837 -0.069490398595554323 0.021913781423218717 0.11153091431228457 -0.0045305224375063978 -0.071505407487735262 0.02271387352512784 -0.015607650790899539 0.09829124773544011 -0.14030008318395412 0.048086381268984686 -0.0025359758790801652 -0.10539799285058532 0.02781891300103171 3.3889908802285515e-05 -0.011059017068155919 0.023230822277864702
leaf_weight=41.882090717554092 11.487243913114069 14.342835754156111 35.949232742190361 22.688451830297709 13.249342396855353 5.6784182786941519 33.950210966169834 5.7356792986392966 38.596791915595531 37.79591853171587 18.351763397455215 12.06849569827318 12.507489942014216 13.375936500728132 19.706206202507019 10.196934930980207 12.394277013838289 12.31188293546438 7.0463045835494986 23.782113712280989 109.92186160385609 21.733583280816674 6.4677782058715811 15.900946974754332 799.11653135716915 4.0003409981727591 11.538177192211149 3760.9866942111403 305.40822741016746 83.107287958264351
leaf_count=294 23 19 30 46 11 6 39 10 38 64 18 29 25 30 15 28 33 20 5 29 641 35 15 23 3342 22 30 16981 1052 113
internal_value=0.000103883 0.00221037 -0.000560818 0.0274598 -0.00081103 -0.000211522 0.00104331 -0.0237656 0.000449089 0.0215393 0.0314787 -0.00489495 0.0575022 -0.000622777 -0.00149071 -0.00017791 0.0710807 0.0345313 -0.00179073 0.000409378 -0.00129508 -0.00226757 -3.929e-05 -0.00264077 -0.00154834 -0.0187606 -0.0145329 -0.000797864 -0.00816766 -0.00372408
internal_weight=5521.28 1324.34 4196.94 141.537 1182.8 1169.55 1110.4 59.1559 1104.72 127.194 92.4373 34.7569 50.3034 1066.12 1040.43 1020.73 22.5912 25.6878 998.138 42.1339 991.091 957.141 843.219 821.485 815.017 113.922 53.4203 4185.45 424.465 388.516
internal_count=23066 4867 18199 230 4637 4626 4292 334 4286 211 136 75 89 4248 4198 4183 61 50 4122 47 4117 4078 3415 3380 3365 663 324 18176 1195 1165
is_linear=0
shrinkage=0.1


Tree=73
num_leaves=31
num_cat=0
split_feature=3 1 3 3 3 3 3 3 3 3 2 2 3 3 1 1 3 3 1 1 1 1 3 1 1 1 3 3 1 3
split_gain=0.924034 0.754115 3.96184 6.75523 1.35584 1.26933 7.67637 2.93094 3.668 5.06991 2.90614 2.29546 1.15939 3.38953 1.10094 2.30131 1.87596 11.3011 5.91597 6.91955 6.63731 4.44943 9.46547 6.0408 3.44968 5.14114 13.5944 9.0612 3.27291 10.0277
threshold=87.500000000000014 116.50000000000001 112.50000000000001 139.50000000000003 179.50000000000003 174.50000000000003 172.50000000000003 171.50000000000003 168.50000000000003 166.50000000000003 2.5000000000000004 1.5000000000000002 149.50000000000003 169.50000000000003 114.50000000000001 113.50000000000001 98.500000000000014 97.500000000000014 93.500000000000014 90.500000000000014 85.500000000000014 83.500000000000014 95.500000000000014 79.500000000000014 78.500000000000014 66.500000000000014 90.500000000000014 92.500000000000014 64.500000000000014 90.500000000000014
decision_type=2 2 2 2 2 2 2 2 2 2 2 2 2 2 2 2 2 2 2 2 2 2 2 2 2 2 2 2 2 2
left_child=-1 4 -3 -4 5 6 7 8 9 14 11 -10 -5 -14 15 16 17 18 19 20 21 22 23 24 25 27 -27 28 29 -2
right_child=1 2 3 12 -6 -7 -8 -9 10 -11 -12 -13 13 -15 -16 -17 -18 -19 -20 -21 -22 -23 -24 -25 -26 26 -28 -29 -30 -31
leaf_value=-0.045739105654542624 -0.015927922007851907 0.037265665729614206 -0.12819705264085982 -0.040285881489184189 0.023024234506613183 -0.015892501895937987 0.10897933676142423 -0.044111996564293383 0.038015050117002493 -0.057201017866435194 0.088141617014019749 -0.030872102162599165 0.088968721573084372 -0.03927568433690995 0.031357225126971276 -0.066420941829068408 -0.00014286628110601798 0.10988399149524637 0.059773938815177154 -0.057861587813280047 0.075219614038214686 -0.065833800482626145 0.10029009022774367 0.089331407730579904 -0.069360700772777437 -0.050475465412333345 0.076676023711472654 -0.11526171966458838 -0.079085163591927798 0.11990875649150368
leaf_weight=4.394014284014701 38.959895424544811 9.376138240098955 6.1761937737464931 4.822381153702735 25.952271707355976 49.1023173853755 6.4864756464958182 14.934008046984671 15.816094286739832 15.421422913670538 7.6613407209515563 6.9684295058250418 3.9122699834406358 4.3551762923598289 11.330665916204451 5.1873438954353324 5130.0682282857597 10.686739072203634 17.196904554963112 19.449408769607544 12.535146594047545 9.7820484489202482 9.4626151844859105 6.5328941494226447 8.8937463164329511 13.955888360738752 21.153490737080574 8.8847683966159803 5.4381838738918296 6.3155499696731559
leaf_count=31 263 7 4 4 224 36 7 10 162 12 24 29 19 38 15 5 21980 19 29 9 12 7 18 12 6 44 18 10 7 5
internal_value=0.000100416 0.000136993 -0.0160469 -0.0419924 0.000221609 0.00011307 0.000258524 0.000127848 0.000250612 5.36909e-05 0.034862 0.0169466 -0.00131833 0.0214113 0.000219166 0.000152904 0.000217826 0.00999538 0.00401711 -0.00192503 0.0057411 -0.000990461 0.00431319 -0.00393303 -0.00981409 -0.00422223 0.0261336 -0.0221049 -0.00578425 0.00302017
internal_weight=5511.21 5506.82 28.6422 19.266 5478.18 5452.22 5403.12 5396.63 5381.7 5351.25 30.4459 22.7845 13.0898 8.26745 5335.83 5324.5 5319.32 189.247 178.561 161.364 141.914 129.379 119.597 110.134 103.602 94.7078 35.1094 59.5984 50.7136 45.2754
internal_count=23066 23035 72 65 22963 22739 22703 22696 22686 22471 215 191 61 57 22459 22444 22439 459 440 411 402 390 383 365 353 347 62 285 275 268
is_linear=0
shrinkage=0.1


Tree=74
num_leaves=31
num_cat=0
split_feature=3 1 3 3 3 3 0 3 1 3 1 1 1 3 1 1 3 3 2 2 3 3 1 2 2 1 1 1 3 1
split_gain=0.76592 0.721083 18.009 7.52629 4.46883 11.7989 3.69264 2.35457 11.9419 11.0446 5.60515 5.61343 3.52285 8.38108 5.13501 2.7013 5.35763 5.26674 4.2629 2.86769 1.50548 18.4697 4.67281 6.19079 7.56203 6.13767 9.07097 5.96818 4.57357 3.88206
threshold=87.500000000000014 110.50000000000001 104.50000000000001 121.50000000000001 125.50000000000001 145.50000000000003 1.5000000000000002 98.500000000000014 93.500000000000014 97.500000000000014 90.500000000000014 85.500000000000014 83.500000000000014 95.500000000000014 79.500000000000014 78.500000000000014 94.500000000000014 90.500000000000014 2.5000000000000004 1.5000000000000002 167.50000000000003 165.50000000000003 109.50000000000001 2.5000000000000004 1.5000000000000002 76.500000000000014 79.500000000000014 94.500000000000014 171.50000000000003 109.50000000000001
decision_type=2 2 2 2 2 2 2 2 2 2 2 2 2 2 2 2 2 2 2 2 2 2 2 2 2 2 2 2 2 2
left_child=-1 7 -3 -4 -5 -6 -7 8 9 10 11 12 13 14 15 16 17 18 19 -2 21 29 23 24 25 -22 -27 -25 -26 -9
right_child=1 2 3 4 5 6 -8 20 -10 -11 -12 -13 -14 -15 -16 -17 -18 -19 -20 -21 22 -23 -24 27 28 26 -28 -29 -30 -31
leaf_value=-0.042070333182168004 -0.020944313404555596 -0.10620646802337003 0.079036013069588407 -0.063087866687809468 0.11453764944598216 -0.054688826620338971 0.024381839755596827 3.2606102289802489e-05 0.10792012903794562 0.10903915500696271 -0.051789440375898305 0.070665260543905692 -0.057626736171811993 0.098434362499004502 0.08480762670181044 -0.060780438568592811 -0.10158449145581148 0.033964555145585523 -0.10121337677405967 0.035317384613888787 -0.045873798056695336 -0.14127611719207009 0.0903539293973777 -0.057693949333381622 0.0086880830231438697 0.15426541644269842 0.0060602088672631173 0.022033793638770484 0.096822182831079837 -0.04440327231437198
leaf_weight=4.3043542951345435 38.106312841176987 15.285003006458281 14.223347485065458 10.093293905258177 8.4883607253432256 14.42791608721018 9.9995858594775182 5087.8803252652287 11.989611595869063 9.5570691525936109 19.550944924354553 12.035469859838484 10.042727768421171 8.7153843864798528 6.210287954658269 9.1213053464889509 5.2819169312715522 32.647515073418617 5.3847176134586325 11.885201707482336 18.709589052945375 9.288975924253462 6.9351723417639723 24.122173309326172 9.0232070535421389 4.6867826357483855 34.74912603572011 15.372514657676218 16.945723906159401 19.736753821372986
leaf_count=31 271 9 19 8 12 42 31 21884 27 18 9 12 7 18 12 6 8 28 10 30 25 8 42 24 30 4 292 34 42 73
internal_value=9.62009e-05 0.000129198 -0.0097766 0.0159768 -0.00487722 0.0129725 -0.0223206 0.000261539 0.0114905 0.00463059 -0.00164585 0.00538526 -0.000781958 0.00408267 -0.00348666 -0.00884007 -0.00376252 0.00210735 -0.0166743 -0.00756841 -0.000124771 -0.000395315 0.0104797 0.00599829 0.0213332 0.00129529 0.0236737 -0.0266615 0.066199 -0.000139102
internal_weight=5504.8 5500.5 72.5175 57.2325 43.0092 32.9159 24.4275 5427.98 180.528 168.539 158.982 139.431 127.395 117.353 108.637 102.427 93.3057 88.0237 55.3762 49.9915 5247.45 5116.91 130.544 123.609 84.1144 58.1455 39.4359 39.4947 25.9689 5107.62
internal_count=23066 23035 121 112 93 85 73 22914 456 429 411 402 390 383 365 353 347 339 311 301 22458 21965 493 451 393 321 296 58 72 21957
is_linear=0
shrinkage=0.1


Tree=75
num_leaves=31
num_cat=0
split_feature=1 1 3 3 3 3 2 3 3 3 3 3 3 0 1 2 3 3 2 3 3 3 0 3 1 0 3 3 3 1
split_gain=0.706487 8.06973 7.0862 3.71238 7.35406 5.45616 3.42301 4.52637 5.13605 5.14485 2.3263 5.57466 7.52679 6.15855 3.16716 11.9747 10.0877 8.22887 4.66876 4.42232 4.839 11.3184 13.2678 6.88843 6.50269 4.51838 4.16627 2.50126 2.30844 7.20328
threshold=77.500000000000014 72.500000000000014 90.500000000000014 138.50000000000003 146.50000000000003 129.50000000000003 2.5000000000000004 101.50000000000001 118.50000000000001 112.50000000000001 170.50000000000003 159.50000000000003 153.50000000000003 1.5000000000000002 70.500000000000014 2.5000000000000004 114.50000000000001 142.50000000000003 1.5000000000000002 129.50000000000003 135.50000000000003 139.50000000000003 1.5000000000000002 131.50000000000003 66.500000000000014 2.5000000000000004 127.50000000000001 126.50000000000001 110.50000000000001 79.500000000000014
decision_type=2 2 2 2 2 2 2 2 2 2 2 2 2 2 2 2 2 2 2 2 2 2 2 2 2 2 2 2 2 2
left_child=1 10 -2 5 -5 6 7 -3 9 -9 11 12 14 -13 17 16 -16 19 -19 26 23 -22 24 25 -23 -21 27 -1 29 -4
right_child=2 3 28 4 -6 -7 -8 8 -10 -11 -12 13 -14 -15 15 -17 -18 18 -20 20 21 22 -24 -25 -26 -27 -28 -29 -30 -31
leaf_value=-0.0002819115844139462 0.080016559760037256 0.076378782690335489 -0.050351692056557609 -0.052600406861436348 0.033333447767062853 0.10047441470148444 0.077323463830840905 0.009334653013869567 0.035218926248958081 -0.078745972553721122 -0.03243924799635188 0.113811776617358 -0.061773934927911112 0.0015906312118224753 -0.0098125518514056848 -0.042853830723319893 0.085061706391115377 0.012561020430578725 0.11103507348431128 -0.006105919274932663 0.072308826127387191 -0.13228448861586692 0.070353131347301409 -0.082058576402937192 -0.018145464865681131 -0.082463232755125571 0.057519368124798957 -0.07704927701564529 3.5658814230680495e-05 -0.0037532912923075403
leaf_weight=875.06158138625324 10.891196977347134 11.567684002220629 36.309736415743828 16.212088242173195 25.817593919113278 11.490652061998842 11.670712720602749 18.204255066812042 32.776311032474041 10.431518517434595 22.471636265516281 8.9900923557579535 19.934593796730042 10.723169565200804 18.163432128727436 20.427340015769005 29.262989491224289 9.2933707088232058 9.9900950212031585 54.649703279137611 16.708210736513138 10.18872401118279 8.9138135686516744 21.802251920104027 9.7851435393094999 9.0301653295755369 12.485862404108046 4.2649787813425055 3757.6750302631408 384.03595051169395
leaf_count=4043 23 13 30 18 29 25 25 36 58 26 17 27 15 19 25 20 27 27 30 198 16 18 39 21 43 38 11 3 16981 1165
internal_value=9.34076e-05 0.00211999 -0.000540519 0.0249772 0.000186225 0.035815 0.027038 0.0189965 0.00818791 -0.0227516 -0.000574391 4.84417e-05 -0.000871306 0.0527683 0.000222423 0.0211564 0.0487266 -0.00114054 0.063577 -0.00236059 -0.0195113 0.00679666 -0.0310946 -0.0335439 -0.0763681 -0.0169338 0.000160208 -0.000654255 -0.000750514 -0.00777849
internal_weight=5499.23 1310.32 4188.91 138.171 42.0297 96.1411 84.6505 72.9798 61.4121 28.6358 1172.15 1149.68 1129.96 19.7133 1110.03 67.8538 47.4264 1042.17 19.2835 1022.89 131.078 45.5959 28.8877 85.4821 19.9739 63.6799 891.812 879.327 4178.02 420.346
internal_count=23066 4867 18199 230 47 183 158 133 120 62 4637 4620 4574 46 4559 72 52 4487 57 4430 373 116 100 257 61 236 4057 4046 18176 1195
is_linear=0
shrinkage=0.1


Tree=76
num_leaves=31
num_cat=0
split_feature=1 1 0 1 3 3 3 3 3 3 3 3 1 3 3 2 1 0 2 3 3 3 3 3 1 1 3 3 1 1
split_gain=0.730406 4.28457 5.73474 3.6115 4.78561 8.83869 8.2109 5.23228 5.60716 4.66513 5.53612 7.41533 7.10088 3.48033 5.28193 3.06976 2.98024 5.70682 5.65694 3.02307 8.31645 3.53219 2.83723 2.53627 2.50529 6.69136 2.19541 3.64455 1.74438 10.2482
threshold=69.500000000000014 66.500000000000014 2.5000000000000004 65.500000000000014 160.50000000000003 155.50000000000003 140.50000000000003 139.50000000000003 136.50000000000003 131.50000000000003 100.50000000000001 108.50000000000001 64.500000000000014 118.50000000000001 102.50000000000001 1.5000000000000002 61.500000000000007 1.5000000000000002 1.5000000000000002 111.50000000000001 119.50000000000001 124.50000000000001 119.50000000000001 92.500000000000014 73.500000000000014 90.500000000000014 96.500000000000014 98.500000000000014 114.50000000000001 117.50000000000001
decision_type=2 2 2 2 2 2 2 2 2 2 2 2 2 2 2 2 2 2 2 2 2 2 2 2 2 2 2 2 2 2
left_child=1 3 13 4 5 6 7 8 9 10 12 -12 -1 14 -3 -15 17 19 -18 -13 -21 -22 -19 24 -2 -26 -25 -28 -29 -30
right_child=23 2 -4 -5 -6 -7 -8 -9 -10 -11 11 16 -14 15 -16 -17 18 22 -20 20 21 -23 -24 26 25 -27 27 28 29 -31
leaf_value=-0.006310692359089435 -0.0094205768357054857 0.063025273862818296 -0.03123995901527063 -0.025223929152679465 0.05542371903832416 -0.10669422572708581 0.09145663520154082 -0.089210549752964829 0.10936489368636322 -0.047512182906895559 0.084550951297108282 -0.016938698816559371 -0.11660389986037303 0.033198513534123314 -0.015308808853182643 0.097097465046512163 -0.0027813518343891572 0.004418716563811406 0.09602765856177041 0.13008099384452981 -0.0075292232133377969 0.068838715084805074 -0.088026210301322072 -0.019074568664409257 0.096902923462214685 -0.0041933500679294747 0.054874292081488335 -0.00048643928302033554 0.10949092530451517 -0.014493433507808127
leaf_weight=93.448171943426132 14.005989938974379 14.423723712563513 14.919307619333265 51.532027721405029 16.739293966442347 7.5033689439296714 10.173283331096171 6.4337099045515052 4.7825330495834342 19.00760805606842 14.980069868266581 22.389954835176468 6.2262658178806296 16.488611102104187 21.347526304423809 13.819456428289415 13.22887931764126 5.0603243373334399 10.30970026552677 6.7698102891445151 27.751480251550674 7.7472652792930594 9.6529033184051496 62.422458738088608 12.264072973281147 14.044513434171675 11.985095061361788 4934.173523934558 9.5678667239844817 21.986754443496466
leaf_count=540 47 19 17 38 17 10 26 20 8 14 32 128 16 21 38 22 22 28 29 7 128 20 30 51 18 26 23 21585 18 68
internal_value=9.18897e-05 0.00412701 0.0247585 -0.000880304 0.00356497 0.000294941 0.00340695 -0.000208046 0.00216446 -2.69615e-06 0.00414798 0.0188157 -0.0132003 0.0374018 0.0162771 0.0623343 0.00924694 -2.03689e-05 0.0404962 0.0127707 0.0285079 0.00913736 -0.0562316 -0.000237512 0.0247451 0.0429339 -0.00043734 -0.000203622 -0.000336556 0.0231006
internal_weight=5495.19 414.735 80.9986 333.737 282.205 265.465 257.962 247.789 241.355 236.572 217.565 117.89 99.6744 66.0793 35.7713 30.3081 102.91 79.3717 23.5386 64.6585 42.2686 35.4987 14.7132 5080.45 40.3146 26.3086 5040.14 4977.71 4965.73 31.5546
internal_count=23066 1230 117 1113 1075 1058 1048 1022 1002 994 980 424 556 100 57 43 392 341 51 283 155 148 58 21836 91 44 21745 21694 21671 86
is_linear=0
shrinkage=0.1


Tree=77
num_leaves=31
num_cat=0
split_feature=3 1 3 3 2 3 3 1 3 1 1 1 3 1 3 1 3 2 2 3 1 2 3 3 3 1 3 3 3 3
split_gain=0.722156 0.68987 14.1152 6.5286 4.04342 8.60432 2.07683 10.8699 9.61686 4.60273 4.67481 2.9117 7.46715 3.61318 2.19433 6.39076 2.90076 3.64387 2.01865 1.47695 8.27842 12.6782 2.56978 2.6902 5.27507 26.1465 4.60842 8.57832 3.22217 3.79818
threshold=87.500000000000014 110.50000000000001 104.50000000000001 117.50000000000001 1.5000000000000002 169.50000000000003 98.500000000000014 93.500000000000014 97.500000000000014 90.500000000000014 85.500000000000014 83.500000000000014 95.500000000000014 79.500000000000014 92.500000000000014 73.500000000000014 90.500000000000014 2.5000000000000004 1.5000000000000002 100.50000000000001 81.500000000000014 2.5000000000000004 101.50000000000001 102.50000000000001 104.50000000000001 89.500000000000014 105.50000000000001 107.50000000000001 108.50000000000001 109.50000000000001
decision_type=2 2 2 2 2 2 2 2 2 2 2 2 2 2 2 2 2 2 2 2 2 2 2 2 2 2 2 2 2 2
left_child=-1 6 -3 -4 5 -5 7 8 9 10 11 12 13 14 15 16 17 18 -2 20 21 -8 -21 -24 25 -25 -26 -28 -29 -30
right_child=1 2 3 4 -6 -7 19 -9 -10 -11 -12 -13 -14 -15 -16 -17 -18 -19 -20 22 -22 -23 23 24 26 -27 27 28 29 -31
leaf_value=-0.041282777109312947 -0.018306710153540302 -0.093584170692998514 0.083800421585173021 0.11013880231141782 -0.020913246315174997 -0.068418349891246011 -0.0085569147579605664 0.10731997472256204 0.10808151712151506 -0.046424189808320818 0.066554853808658207 -0.051489814729890872 0.097126531717318929 0.074749708657839128 -0.029814659099380764 0.11442478128074091 0.038215630637599023 -0.095602118358040764 0.029838569177938895 0.033777241326369667 0.065505381703118565 -0.12692767944537817 -0.026741873511619187 0.10636506986872636 -0.051170395030455056 -0.045602208577517622 0.061890372349486078 -0.050260129095192896 0.057181727827932176 -0.00017096845671374505
leaf_weight=4.2157965674996367 37.437505602836609 15.636022806167601 10.789795666933058 7.6642669141292554 32.865412622690201 4.1655049510300159 142.1700971648097 10.972987949848173 8.5032640248537046 19.610372304916382 11.446596145629881 10.173221126198767 8.0620215497910959 5.7030697539448729 29.852000623941422 4.7593912780284873 12.33015565574169 5.1434785127639762 11.348599374294279 22.683976553380489 13.543046668171881 9.6633870303630811 37.219305962324142 23.833264781162143 17.584115512669086 21.566791713237762 22.376430325210094 12.807158097624777 11.574234217405317 4903.7958226054907
leaf_count=31 271 9 16 24 39 33 791 27 18 9 12 7 18 12 26 5 12 10 29 24 29 30 31 35 33 16 29 17 14 21409
internal_value=8.94316e-05 0.000121229 -0.00966355 0.0139858 -0.00286801 0.0472652 0.000249763 0.0109553 0.00452218 -0.00112748 0.00539175 -0.000217672 0.0043324 -0.0026872 -0.00706534 0.00249704 -0.00554265 -0.0155473 -0.00710718 -0.00010855 -0.00940851 -0.0160906 0.000194596 4.37697e-05 0.00024262 0.0341747 -6.74598e-05 0.000114055 -0.000166441 -3.59199e-05
internal_weight=5489.5 5485.28 71.121 55.485 44.6952 11.8298 5414.16 175.343 164.37 155.866 136.256 124.809 114.636 106.574 100.871 71.0191 66.2597 53.9296 48.7861 5238.82 165.377 151.833 5073.44 5050.76 5013.54 45.4001 4968.14 4950.55 4928.18 4915.37
internal_count=23066 23035 121 112 96 57 22914 456 429 411 402 390 383 365 353 327 322 310 300 22458 850 821 21608 21584 21553 51 21502 21469 21440 21423
is_linear=0
shrinkage=0.1


Tree=78
num_leaves=31
num_cat=0
split_feature=3 3 3 1 0 2 1 1 1 3 1 1 3 3 2 1 1 3 3 3 3 3 1 3 0 3 1 3 1 3
split_gain=0.699479 6.83755 5.03349 5.64573 3.74487 9.35503 4.26219 3.22033 9.31591 4.29118 3.23605 8.67429 14.8486 7.4201 6.51631 4.39153 8.60524 7.38632 16.2625 22.8495 12.339 3.74449 3.68252 24.1266 9.67974 9.03031 6.1669 5.13277 2.85055 5.69697
threshold=125.50000000000001 126.50000000000001 124.50000000000001 86.500000000000014 1.5000000000000002 1.5000000000000002 75.500000000000014 109.50000000000001 105.50000000000001 104.50000000000001 93.500000000000014 98.500000000000014 111.50000000000001 115.50000000000001 2.5000000000000004 89.500000000000014 88.500000000000014 93.500000000000014 101.50000000000001 103.50000000000001 109.50000000000001 122.50000000000001 83.500000000000014 117.50000000000001 1.5000000000000002 120.50000000000001 80.500000000000014 123.50000000000001 112.50000000000001 145.50000000000003
decision_type=2 2 2 2 2 2 2 2 2 2 2 2 2 2 2 2 2 2 2 2 2 2 2 2 2 2 2 2 2 2
left_child=2 -2 7 4 5 6 -4 8 10 -9 15 12 14 -13 -12 16 22 -17 -19 -20 -21 -22 25 24 -24 26 -1 -27 -3 -30
right_child=1 28 3 -5 -6 -7 -8 9 -10 -11 11 13 -14 -15 -16 17 -18 18 19 20 21 -23 23 -25 -26 27 -28 -29 29 -31
leaf_value=-0.00074727612891388494 0.056401018886889323 0.0005559660033661745 0.0050616951473145162 0.026511446945386648 -0.10954305981497386 0.081576869235303703 -0.090811800459804137 -0.063017057424161096 0.10983008238259453 0.0010701036331171763 0.046646637450724782 0.037923268548669065 0.11444530125652366 -0.052514296184503109 -0.042558173528227036 -0.10430232747490367 0.064792300793379096 0.059129700471841198 -0.16119062171206833 0.11725166786374093 -0.015383022084014451 -0.083171028527567442 0.050833862467179053 -0.10669517831440352 -0.030421333627680465 0.081159690419565833 0.05157708601721054 0.0075599185061842912 0.11483050810471414 0.0024402431743529057
leaf_weight=2852.1744076702744 22.464489355683327 2045.5024607479572 6.5238115787506166 12.138263031840323 8.682166174054144 5.5753877311944953 16.032694861292839 19.000672832131386 7.7076442539691916 23.21155509352684 17.124438032507896 14.747586332261561 19.343931958079338 23.574208840727806 15.693526446819304 8.9384063482284528 20.460585840046406 27.810569807887077 11.249182820320128 6.9079672098159781 124.6152830272913 8.7188032865524274 31.541003152728081 23.541130878031254 27.394441470503807 21.347675479948521 22.704001445323229 17.037920258939266 6.5639406368136433 14.414012618362902
leaf_count=12725 25 9215 21 27 31 13 66 17 12 26 30 25 26 28 11 4 24 30 5 6 420 5 37 32 28 35 47 17 10 68
internal_value=8.89156e-05 0.0015286 -0.000797238 -0.0326314 -0.0521318 -0.0344134 -0.0630832 -0.00033134 1.94531e-05 -0.027777 -0.000237421 0.0184124 0.044951 -0.0177107 0.00398896 -0.000764037 0.000160785 -0.0155826 -0.0111598 -0.0240635 -0.0130641 -0.0198157 -0.000280642 -0.0211181 0.0130647 0.000309282 -0.000334051 0.0484915 0.000932089 0.0376068
internal_weight=5482.74 2088.94 3393.8 48.9523 36.8141 28.1319 22.5565 3344.84 3302.63 42.2122 3294.93 90.4837 52.1619 38.3218 32.818 3204.44 3016.2 188.24 179.302 151.491 140.242 133.334 2995.74 82.4766 58.9354 2913.26 2874.88 38.3856 2066.48 20.978
internal_count=23066 9318 13748 158 131 100 87 13590 13547 43 13535 120 67 53 41 13415 12945 470 466 436 431 425 12921 97 65 12824 12772 52 9293 78
is_linear=0
shrinkage=0.1


Tree=79
num_leaves=31
num_cat=0
split_feature=0 3 3 1 1 3 2 3 1 2 1 1 3 3 3 3 1 3 3 1 1 1 3 1 1 3 1 3 3 3
split_gain=0.668156 3.52241 8.71149 5.18688 11.4894 3.56974 4.58328 3.28117 7.17895 3.85731 5.73135 9.72254 12.6406 5.58692 4.44439 5.62386 4.23762 15.4007 5.61559 10.4891 4.81566 9.80108 3.86135 3.73977 4.49363 3.73766 3.27294 3.23474 9.24893 7.16252
threshold=1.5000000000000002 160.50000000000003 168.50000000000003 97.500000000000014 69.500000000000014 171.50000000000003 1.5000000000000002 147.50000000000003 65.500000000000014 2.5000000000000004 91.500000000000014 98.500000000000014 103.50000000000001 145.50000000000003 107.50000000000001 120.50000000000001 89.500000000000014 132.50000000000003 142.50000000000003 90.500000000000014 72.500000000000014 74.500000000000014 124.50000000000001 89.500000000000014 80.500000000000014 140.50000000000003 79.500000000000014 99.500000000000014 93.500000000000014 92.500000000000014
decision_type=2 2 2 2 2 2 2 2 2 2 2 2 2 2 2 2 2 2 2 2 2 2 2 2 2 2 2 2 2 2
left_child=-1 7 -3 4 -4 -5 -7 9 -9 10 16 12 -12 -11 -13 -16 17 27 19 -18 -19 -22 -17 24 -10 -23 -6 28 29 -2
right_child=1 2 3 5 26 6 -8 8 23 13 11 14 -14 -15 15 22 18 20 -20 -21 21 25 -24 -25 -26 -27 -28 -29 -30 -31
leaf_value=-0.00058725575022500675 0.033305599501075769 -0.053588153806919572 -0.043847232606679734 0.041245370321923672 0.14964576342733205 -0.095587584169637585 -0.0052083939805180942 -0.075903244467763253 0.032700765366221039 -0.0046923518608915577 -0.012990610031701761 -0.088748659722642453 0.10267926930588854 -0.07401815992716769 0.085723668469488729 -0.074605678164649802 -0.014649872075591444 0.10059802234021531 -0.12577059764894402 0.122095051213996 -0.10768233546133321 0.035334367038229203 0.0084659524229439339 0.013171593266354635 0.12117157476658998 0.10309558113006748 0.057884294264693152 -0.0013315055780293234 0.10543109088559621 -0.087395776204619344
leaf_weight=3980.5523791834712 14.96100712567568 38.400887668132782 10.906146302819254 7.042267911136153 5.5753866694867638 9.0942707657814026 14.649368055164814 7.7692402079701415 27.256111018359661 365.9811100140214 14.210020631551741 5.2526424378156653 28.190653011202812 12.006071886047719 7.7545414492487899 7.0385155379772177 142.29008137434721 14.98135434836149 4.255575828254222 5.8396210372447959 4.3344735503196707 40.348379950970411 27.291107561439276 100.1427315659821 7.2731074132025233 10.197612568736075 12.835951317101715 529.99883803725243 11.081531979143618 7.3226131796836844
leaf_count=17072 65 31 9 63 9 44 45 10 144 1147 15 6 58 9 15 7 881 44 18 5 4 261 127 713 15 19 72 2133 21 4
internal_value=8.96031e-05 0.00189266 -0.0163835 0.00738711 0.0374906 -0.0212805 -0.0398254 0.00318246 0.0175646 0.00154794 0.00519344 0.0291351 0.0639141 -0.00689436 -0.00201715 0.00880806 0.00245866 0.00606154 -0.0125128 -0.00925907 0.0503474 0.0366299 -0.00856601 0.0229567 0.0513359 0.0490051 0.0856718 0.000569723 0.0307704 -0.00635804
internal_weight=5474.83 1494.28 98.5043 60.1034 29.3175 30.7859 23.7436 1395.78 142.441 1253.34 875.349 89.7375 42.4007 377.987 47.3368 42.0842 785.611 633.226 152.385 148.13 69.8618 54.8805 34.3296 134.672 34.5292 50.546 18.4113 563.364 33.3652 22.2836
internal_count=23066 5994 273 242 90 152 89 5721 882 4839 3683 228 73 1156 155 149 3455 2551 904 886 328 284 134 872 159 280 81 2223 90 69
is_linear=0
shrinkage=0.1


Tree=80
num_leaves=31
num_cat=0
split_feature=0 3 3 1 1 3 1 1 3 3 3 1 3 3 1 3 1 3 3 3 3 3 3 1 3 3 2 3 3 1
split_gain=0.676928 2.9233 4.97145 3.43716 6.22227 6.09542 5.0226 2.62743 10.6054 6.83442 6.28942 7.33884 13.8579 12.2806 12.0345 9.30297 8.47773 2.97247 7.61315 7.76617 7.38829 3.34928 9.27585 3.23516 2.41556 2.6504 2.35216 8.91011 2.14446 8.96685
threshold=2.5000000000000004 92.500000000000014 101.50000000000001 67.500000000000014 69.500000000000014 155.50000000000003 60.500000000000007 89.500000000000014 145.50000000000003 103.50000000000001 104.50000000000001 97.500000000000014 115.50000000000001 139.50000000000003 90.500000000000014 117.50000000000001 90.500000000000014 130.50000000000003 139.50000000000003 143.50000000000003 140.50000000000003 119.50000000000001 110.50000000000001 83.500000000000014 171.50000000000003 161.50000000000003 2.5000000000000004 107.50000000000001 95.500000000000014 82.500000000000014
decision_type=2 2 2 2 2 2 2 2 2 2 2 2 2 2 2 2 2 2 2 2 2 2 2 2 2 2 2 2 2 2
left_child=-1 -2 28 5 -5 6 -4 8 17 -9 -11 12 -12 14 -14 -13 -15 21 -19 20 -20 22 26 -23 25 -17 27 -6 -3 -30
right_child=1 2 3 4 7 -7 -8 9 -10 10 11 15 13 16 -16 24 -18 18 19 -21 -22 23 -24 -25 -26 -27 -28 -29 29 -31
leaf_value=-0.00032779756862993123 0.049857353510332297 -0.0041724389311310383 -0.0019115827893614566 -0.070235689351670752 0.11614183829937617 -0.032263689828498109 0.10039996034033616 0.11757952516271562 0.080518272116306411 -0.094596316994284377 -0.12095276703296734 0.12402812166037658 0.0033546431231514136 -0.011279071846382563 0.1072568344439131 0.011229057538517684 -0.077843110699267012 0.092704771542632652 -0.011393664783133904 -0.13083939516485574 0.11153847120903909 -0.0015644196702589369 0.088167644731542427 -0.05629516169967478 -0.02819922045939546 0.074842083369306908 -0.029669015610245039 -0.021224518473299311 0.012162668895340466 -0.1225061539242675
leaf_weight=4791.700511103496 13.085210271179674 12.895709708333014 7.2453195042908254 11.555256694555281 6.6685470938682583 8.9853690862655622 14.206420093774794 4.5795292258262625 19.957464445382357 7.7148002386093131 11.326010689139364 8.1942899972200376 41.922172158956528 85.665118116885424 15.185457546263931 45.451996542513371 24.636436436325312 13.242574315518139 18.251393795013435 3.8632248044013968 6.6776233650743952 194.30994895473123 15.708578895777462 11.435878265649079 12.669461913406847 7.6523782685399047 17.728722363710403 16.176318064332008 9.6857683360576647 10.10014660656452
leaf_count=20229 28 15 27 11 6 7 39 4 88 4 11 13 234 582 25 231 31 37 155 3 10 973 31 20 41 42 54 63 41 11
internal_value=9.0337e-05 0.0030508 0.00212797 0.00409764 0.00243614 0.0368817 0.0658443 0.0038618 0.00990179 -0.00352347 -0.0056531 -0.00293774 -0.0139006 -0.00665807 0.0309832 0.0235528 -0.0261465 0.00526681 0.0299525 0.00109056 0.0215356 0.00130669 0.022923 -0.00460649 0.0110353 0.0203957 -0.00233726 0.0188735 -0.0359019 -0.0565819
internal_weight=5468.48 676.777 663.692 631.01 600.573 30.4371 21.4517 589.018 324.02 264.998 260.418 252.703 178.735 167.409 57.1076 73.9681 110.302 304.063 42.0348 28.7922 24.929 262.028 56.2822 205.746 65.7738 53.1044 40.5736 22.8449 32.6816 19.7859
internal_count=23066 2837 2809 2742 2669 73 66 2658 1440 1218 1214 1210 883 872 259 327 613 1352 205 168 165 1147 154 993 314 273 123 69 67 52
is_linear=0
shrinkage=0.1


Tree=81
num_leaves=31
num_cat=0
split_feature=3 3 3 3 3 3 3 3 2 1 1 1 2 1 1 2 0 3 1 3 3 3 2 1 1 3 2 1 1 1
split_gain=0.659857 2.92513 1.72999 2.11977 6.91735 2.55429 2.54786 3.90721 3.03811 1.95822 2.83981 1.27463 2.29101 1.08788 6.46296 4.88074 1.28491 0.740646 0.718599 5.21741 7.13694 7.51425 8.59466 3.68096 3.1987 2.82837 2.13882 1.43291 1.82285 1.17634
threshold=178.50000000000003 177.50000000000003 175.50000000000003 174.50000000000003 172.50000000000003 171.50000000000003 168.50000000000003 166.50000000000003 2.5000000000000004 79.500000000000014 85.500000000000014 99.500000000000014 1.5000000000000002 90.500000000000014 94.500000000000014 1.5000000000000002 1.5000000000000002 186.50000000000003 109.50000000000001 104.50000000000001 117.50000000000001 123.50000000000001 2.5000000000000004 105.50000000000001 110.50000000000001 165.50000000000003 1.5000000000000002 103.50000000000001 101.50000000000001 98.500000000000014
decision_type=2 2 2 2 2 2 2 2 2 2 2 2 2 2 2 2 2 2 2 2 2 2 2 2 2 2 2 2 2 2
left_child=1 2 3 4 5 6 7 18 9 -8 -11 -12 -13 -2 -15 16 17 -16 23 -20 -21 -22 24 25 26 27 -23 28 29 -1
right_child=13 -3 -4 -5 -6 -7 8 -9 -10 10 11 12 -14 14 15 -17 -18 -19 19 20 21 22 -24 -25 -26 -27 -28 -29 -30 -31
leaf_value=0.00044441227092657852 0.035611076739451596 -0.04075546985068116 0.046065577345899285 -0.042545157295925812 0.10694480580823924 -0.041947435838779967 0.08741603320393293 -0.050864359999838717 0.08532924715244114 -0.064376895560835978 0.059186203985418739 0.024157215532273509 -0.10284160184680791 -0.1224809607025875 0.034536931305267769 0.090576712257605385 -0.041446666050556871 -0.027580685618738079 -0.054716519992981195 0.080099796141940238 -0.081818769002619404 -0.0071258112795729404 -0.031964482382362595 0.038528576536474173 0.10835108734591477 -0.077759263177205745 0.08685459105690807 -0.049789831323943164 0.051329613941646528 -0.0073754475699462051
leaf_weight=4994.6282039303333 13.794969189912079 17.556877553462982 8.185737267136572 11.653325811028479 6.0584127455949774 14.456217803061007 2.9268885292112889 15.070863693952559 7.3043612651526919 5.1096597760915783 5.6947974115610114 7.0239695981144887 1.7805277965962885 3.6568204164505032 6.2423350736498886 6.9617833197116843 7.0980737507343283 2.7717627882957458 19.250129371881485 10.484038114547728 11.473312318325041 7.182526074349882 22.487497262656689 25.028726279735565 7.8610724732279769 4.6630681604146949 3.6532926261425018 5.7375761084258547 6.9666616544127455 200.07473745197058
leaf_count=21197 77 9 9 13 7 10 12 12 26 21 59 93 17 2 57 52 44 23 17 17 8 57 19 29 28 5 9 11 10 1116
internal_value=9.11413e-05 -3.87297e-06 0.000128505 5.88258e-05 0.000151024 3.07378e-05 0.000143862 -1.91344e-05 0.029283 0.0111171 -0.000271477 0.0223198 -0.00152567 0.012804 0.0010339 0.0206089 -0.00962301 0.0154363 0.000124917 -0.00914149 0.00475304 -0.0102483 0.00969004 0.0002707 0.0597896 8.69827e-05 0.0245596 0.000156691 0.000211784 0.000143229
internal_weight=5462.84 5422.31 5404.76 5396.57 5384.92 5378.86 5364.4 5334.56 29.8402 22.5358 19.609 14.4993 8.8045 40.5257 26.7308 23.074 16.1122 9.0141 5319.49 82.3919 63.1417 52.6577 41.1844 5237.1 18.6969 5212.07 10.8358 5207.41 5201.67 5194.7
internal_count=23066 22811 22802 22793 22780 22773 22763 22535 228 202 190 169 110 255 178 176 124 80 22523 155 138 121 113 22368 94 22339 66 22334 22323 22313
is_linear=0
shrinkage=0.1


Tree=82
num_leaves=31
num_cat=0
split_feature=1 1 0 1 3 3 3 3 3 3 1 1 3 3 2 3 3 3 3 3 1 2 3 3 3 3 3 1 1 1
split_gain=0.594148 3.79313 4.35075 3.28345 4.85777 6.32703 7.21012 4.20316 3.04812 7.38818 5.8143 4.72496 6.45894 4.68021 4.21014 3.03368 4.71387 2.51507 9.25885 2.05202 2.08935 1.57252 7.86081 1.38848 2.81812 1.79693 1.32594 1.23491 1.15064 9.2381
threshold=69.500000000000014 66.500000000000014 2.5000000000000004 65.500000000000014 160.50000000000003 155.50000000000003 140.50000000000003 139.50000000000003 100.50000000000001 108.50000000000001 64.500000000000014 63.500000000000007 131.50000000000003 124.50000000000001 2.5000000000000004 118.50000000000001 102.50000000000001 119.50000000000001 111.50000000000001 92.500000000000014 73.500000000000014 1.5000000000000002 92.500000000000014 96.500000000000014 98.500000000000014 94.500000000000014 139.50000000000003 60.500000000000007 114.50000000000001 117.50000000000001
decision_type=2 2 2 2 2 2 2 2 2 2 2 2 2 2 2 2 2 2 2 2 2 2 2 2 2 2 2 2 2 2
left_child=1 3 15 4 5 6 7 8 10 -10 21 12 13 14 17 16 -3 18 -11 20 -2 27 -23 25 -25 -21 -17 -1 -26 -30
right_child=19 2 -4 -5 -6 -7 -8 -9 9 11 -12 -13 -14 -15 -16 26 -18 -19 -20 23 -22 22 -24 24 28 -27 -28 -29 29 -31
leaf_value=-0.0016378116804603611 -0.0082985328282648638 0.060503044706241252 -0.024711012736775978 -0.024238119134961367 0.055890095003765586 -0.092928106614519779 0.088807645105698441 -0.079395950188847791 0.080489171310538621 -0.0086992380555082193 -0.10602182240194601 0.044059003566883366 -0.062035354253951271 0.061212200179726242 -0.074535293378952719 0.080521011680878163 -0.014309766367015447 -0.016997781120969328 0.11120226988246916 0.0018234224954285123 0.040560798328757502 0.030412740778416381 -0.086290228764995855 0.050749342200498551 -0.00042927972474369005 -0.032329294706543325 0.037545687199932093 0.052738453031257786 0.10909279392861458 -0.015469082461820353
leaf_weight=64.404645301401615 13.684287771582602 13.901392616331576 15.187854215502737 51.23173800110817 16.53001344576478 7.1285676062107077 9.343247786164282 6.6044816300272933 13.798807498067616 24.450532808899879 6.1620759069919577 23.189795868471265 17.08620098233223 12.750265315175055 7.675024800002574 14.306890442967417 21.368164069950581 30.200427629053593 8.7433433867990953 30.721256926655769 24.283248040825129 11.478511348366739 11.609008222818373 10.832844316959379 4914.5443950966001 30.901882082223892 14.410944446921347 4.4661587290465823 8.2650529853999632 21.293963670730591
leaf_count=463 47 19 17 38 17 10 26 20 32 142 16 45 12 34 24 23 38 141 16 24 44 35 34 23 21585 27 20 8 18 68
internal_value=8.60631e-05 0.00376643 0.0234047 -0.000990639 0.00333054 -2.2757e-05 0.00260574 -0.000713891 0.0014879 0.0110742 -0.0119844 0.00335564 -0.00599865 0.00542415 -0.00458456 0.0348253 0.0151775 0.00388423 0.0228831 -0.000209579 0.0229509 -0.00568296 -0.0282686 -0.000384868 -0.000199336 -0.015303 0.0589555 0.0018884 -0.000310967 0.0193599
internal_weight=5460.56 406.028 79.1752 326.853 275.621 259.091 251.963 242.619 236.015 137.894 98.1204 124.096 100.906 83.8196 71.0693 63.9874 35.2696 63.3943 33.1939 5054.53 37.9675 91.9583 23.0875 5016.56 4954.94 61.6231 28.7178 68.8708 4944.1 29.559
internal_count=23066 1230 117 1113 1075 1058 1048 1022 1002 446 556 414 369 357 323 100 57 299 158 21836 91 540 69 21745 21694 51 43 471 21671 86
is_linear=0
shrinkage=0.1


Tree=83
num_leaves=31
num_cat=0
split_feature=0 3 3 1 3 1 1 3 1 3 3 1 3 3 1 1 3 1 3 1 3 3 2 2 3 3 1 2 3 3
split_gain=0.599223 2.13937 3.87925 2.67071 4.82039 5.65962 2.37484 7.50044 4.53793 3.58431 3.41976 1.8557 2.64127 8.78208 4.07914 5.192 3.82772 13.1379 4.75488 3.04549 2.59055 12.5234 2.38597 4.90174 2.29778 9.1523 2.65009 4.4408 1.85173 4.37988
threshold=2.5000000000000004 92.500000000000014 108.50000000000001 68.500000000000014 155.50000000000003 60.500000000000007 97.500000000000014 117.50000000000001 96.500000000000014 164.50000000000003 161.50000000000003 69.500000000000014 153.50000000000003 150.50000000000003 91.500000000000014 90.500000000000014 140.50000000000003 73.500000000000014 149.50000000000003 89.500000000000014 139.50000000000003 130.50000000000003 1.5000000000000002 2.5000000000000004 119.50000000000001 110.50000000000001 79.500000000000014 1.5000000000000002 169.50000000000003 161.50000000000003
decision_type=2 2 2 2 2 2 2 2 2 2 2 2 2 2 2 2 2 2 2 2 2 2 2 2 2 2 2 2 2 2
left_child=-1 -2 -3 4 5 -4 8 -8 9 10 11 -5 13 14 15 16 20 -18 -19 -14 21 24 -22 -24 25 26 -13 -28 29 -9
right_child=1 2 3 6 -6 -7 7 28 -10 -11 -12 12 19 -15 -16 -17 17 18 -20 -21 22 -23 23 -25 -26 -27 27 -29 -30 -31
leaf_value=-0.00030943013050125723 0.043725750421884368 -0.020481286543516414 -0.01490583219455352 -0.048189208618306431 -0.02774218774476031 0.099763162466295324 0.1254543540897948 0.01057640109014811 -0.077965633226608724 0.080371631100248281 -0.078301599170537098 -0.03649346335278468 0.083404870381773244 -0.13351226873475752 0.051279229624887984 -0.059882725660553832 -0.13785135973208518 0.10641129469923466 0.018900484464860094 0.00030922754747032789 0.0035325295919645481 0.095567919214590263 -0.1167767512992797 -0.018472411143912106 -0.004003062874229849 0.085367811436011354 -0.041769889053522052 0.079207166515311067 -0.019956508258678146 0.11693597563313374
leaf_weight=4786.5838876254857 12.584821805357931 68.169700667262077 6.4000475555658403 7.2910618633031836 8.5689482688903791 13.143898187205194 6.1927591115236273 44.977315608412027 7.2188574075698844 5.7529637217521659 5.3814011812210074 17.295263916254047 8.5595452114939707 4.7905791252851477 16.578513372689486 13.682721614837645 3.6966748144477632 12.870921829715371 11.995583556592464 9.0994566380977613 34.595794767141342 14.319228887557982 5.8533732444047919 38.011799998581409 245.96780528873205 14.655966836959122 5.5550606250762922 6.6866512596607208 15.444885734468697 4.2364514470100394
leaf_count=20229 28 103 26 7 7 35 11 231 5 36 3 70 29 3 37 9 5 30 145 56 286 42 36 217 1222 31 23 21 76 7
internal_value=8.2527e-05 0.00288449 0.00210217 0.00471672 0.0347939 0.0622126 0.00320871 0.020321 0.000733648 0.00191075 0.000964236 0.00186891 0.00265514 0.00115514 0.00261549 0.00071804 0.00273305 0.038047 0.0641961 0.0405868 9.9017e-05 0.00427422 -0.0161035 -0.0315902 -0.00023106 0.020763 -0.0112932 0.02431 0.0102518 0.0197321
internal_weight=5456.16 669.578 656.993 588.824 28.1129 19.5439 560.711 70.8514 489.859 482.64 476.887 471.506 464.215 446.556 441.765 425.187 411.504 28.5632 24.8665 17.659 382.941 304.48 78.461 43.8652 290.161 44.1929 29.537 12.2417 64.6587 49.2138
internal_count=23066 2837 2809 2706 68 61 2638 325 2313 2308 2272 2269 2262 2177 2174 2137 2128 180 175 85 1948 1409 539 253 1367 145 114 44 314 238
is_linear=0
shrinkage=0.1


Tree=84
num_leaves=31
num_cat=0
split_feature=1 3 3 3 3 3 3 3 1 3 2 1 1 3 3 3 3 1 3 0 3 2 0 3 1 1 3 1 1 2
split_gain=0.63081 9.73599 15.1559 10.8703 17.0694 13.8545 8.86856 13.393 7.80143 7.73747 5.98864 4.9593 3.62217 3.23159 5.04865 12.7903 3.00486 2.92742 19.995 5.92884 4.68358 2.28348 2.68978 1.68218 8.56009 8.16476 7.44776 10.0097 4.23353 5.82004
threshold=98.500000000000014 93.500000000000014 96.500000000000014 103.50000000000001 104.50000000000001 112.50000000000001 123.50000000000001 129.50000000000003 96.500000000000014 130.50000000000003 2.5000000000000004 99.500000000000014 95.500000000000014 151.50000000000003 177.50000000000003 179.50000000000003 158.50000000000003 92.500000000000014 103.50000000000001 2.5000000000000004 135.50000000000003 1.5000000000000002 2.5000000000000004 144.50000000000003 107.50000000000001 111.50000000000001 148.50000000000003 100.50000000000001 109.50000000000001 1.5000000000000002
decision_type=2 2 2 2 2 2 2 2 2 2 2 2 2 2 2 2 2 2 2 2 2 2 2 2 2 2 2 2 2 2
left_child=8 -2 -3 -4 -5 -6 10 -8 12 -10 -7 -9 17 23 16 -16 -15 -1 -19 20 -20 22 -17 25 26 28 -25 -28 29 -13
right_child=1 2 3 4 5 6 7 11 9 -11 -12 13 -14 14 15 21 -18 18 19 -21 -22 -23 -24 24 -26 -27 27 -29 -30 -31
leaf_value=-0.0001153557402792818 0.10849155091988956 -0.12657441610186135 0.11142876407548837 -0.17888629954558455 0.10140804139909131 -0.013161533991662103 0.083565224684412465 -0.058789303823558993 0.082435238838621028 0.0017271550975058202 -0.091992870169965907 -0.02568593145527296 -0.034620939652588077 0.065357976177744609 -0.15362549168570541 0.0088027566282442311 0.0127014982366576 -0.094270443105371748 0.034222945773509567 -0.0030851141066740402 0.097867238297352915 0.070293335963328527 -0.102018029608481 0.10769125396086912 -0.11084830877322527 0.11385849313239108 -0.0062353878967962495 -0.15575105200288619 -0.10924555238736658 0.047012069833990616
leaf_weight=4918.3253227807581 7.5522571653127661 10.17106384038925 8.1443599611520749 5.5832333564758292 12.341222535818813 19.781678378582001 17.778986938297749 16.714640989899635 22.95914314687252 24.612663149833679 18.790774583816528 40.128756023943424 30.053918026387691 12.386687949299811 6.3488876372575787 13.43505328893662 86.638448528945446 13.170635372400282 28.974540673196316 21.939029257744551 19.241103790700436 4.6538545638322821 2.6167288273572913 4.9234662801027289 9.8650569431483728 5.5333751663565627 44.520990148186684 4.9783109650015822 4.2553154230117789 15.177460558712481
leaf_count=21207 17 6 11 3 23 30 22 18 32 24 14 254 34 19 4 106 558 13 33 33 51 50 16 10 22 10 357 4 15 70
internal_value=8.13923e-05 -0.00389171 -0.00621852 -0.0027663 -0.00545078 -0.00261002 -0.00651747 -0.00052491 0.000372628 0.0406786 -0.0515646 -0.0060178 -8.44051e-06 -0.00256501 0.00882857 -0.0294555 0.0192881 0.000199539 0.0187864 0.0400114 0.0596211 0.00861828 -0.00926302 -0.0136677 -0.0251415 -0.00233618 -0.0096057 -0.0212727 -0.0131309 -0.00573571
internal_weight=5451.6 372.321 364.768 354.597 346.453 340.87 328.528 289.956 5079.28 47.5718 38.5725 272.177 5031.7 255.462 126.08 27.0545 99.0251 5001.65 83.3253 70.1547 48.2156 20.7056 16.0518 129.383 64.2878 65.0949 54.4228 49.4993 59.5615 55.3062
internal_count=23066 1639 1622 1616 1605 1602 1579 1535 21427 56 44 1513 21371 1495 753 176 577 21337 130 117 84 172 122 742 393 349 371 361 339 324
is_linear=0
shrinkage=0.1


Tree=85
num_leaves=31
num_cat=0
split_feature=1 3 3 0 3 1 3 1 1 1 3 1 2 1 1 3 3 3 1 3 3 3 1 3 3 3 3 2 3 3
split_gain=0.582889 5.69814 5.72429 5.13149 1.22826 8.64593 8.79724 2.87471 4.20625 2.63491 6.88114 2.44726 6.66568 7.48744 3.81882 4.71718 3.4494 1.17107 6.47115 2.09258 2.09039 5.0296 20.4083 4.31948 6.70901 2.42606 3.06904 1.68519 3.41977 1.39854
threshold=110.50000000000001 104.50000000000001 122.50000000000001 1.5000000000000002 98.500000000000014 93.500000000000014 97.500000000000014 90.500000000000014 85.500000000000014 83.500000000000014 95.500000000000014 66.500000000000014 2.5000000000000004 65.500000000000014 62.500000000000007 91.500000000000014 90.500000000000014 100.50000000000001 90.500000000000014 101.50000000000001 102.50000000000001 104.50000000000001 89.500000000000014 105.50000000000001 107.50000000000001 108.50000000000001 109.50000000000001 2.5000000000000004 99.500000000000014 110.50000000000001
decision_type=2 2 2 2 2 2 2 2 2 2 2 2 2 2 2 2 2 2 2 2 2 2 2 2 2 2 2 2 2 2
left_child=4 -2 -3 -4 5 6 7 8 9 10 11 12 13 14 15 -1 -13 18 27 -19 -21 22 -22 -23 -25 -26 -27 28 -6 -28
right_child=1 2 3 -5 17 -7 -8 -9 -10 -11 -12 16 -14 -15 -16 -17 -18 19 -20 20 21 23 -24 24 25 26 29 -29 -30 -31
leaf_value=-0.016435604157414015 -0.058705557738374728 0.05928080610402689 -0.041775398944670174 0.039093172823307015 0.064030506904106069 0.098635602041516793 0.10762157707305797 -0.038235881708763068 0.063276000091432819 -0.051193249277295329 0.095471486222016122 -0.023474469453684768 -0.1054210146162991 0.13052656981467728 -0.089220356704924952 0.09186288931106229 0.033182297534921988 0.03085920764586669 0.11655618244246582 -0.023611906549177945 0.10301732596358658 -0.049804914485450498 -0.034093081297147242 0.056467788821946877 -0.043396107328022931 0.05274850958738464 -0.004909164381812871 -0.044085513581028558 -0.011564514188657164 0.00046525075089502
leaf_weight=37.839638285338879 17.266663312911987 15.137526944279669 23.113512475043535 11.879545517265795 6.2531080245971671 10.024623207747934 7.6468967199325553 19.418404698371887 10.635024219751356 10.105357989668844 7.3793450072407714 16.789119474589825 7.57710376381874 3.7784558087587348 6.1555918008089057 4.5002945661544791 29.85347780585289 22.153111204504967 4.0425879210233679 37.038159266114235 21.603171337395906 17.397461771965027 21.82159286737442 21.033232323825359 12.926342226564882 10.998494073748587 545.11041129752994 14.481238052248953 139.18868577480316 4332.1500385273248
leaf_count=274 15 22 51 39 13 28 18 9 12 7 18 54 12 4 10 6 29 24 6 31 35 33 16 29 17 14 2800 37 794 18609
internal_value=8.06566e-05 -0.00916137 0.00790331 -0.0143219 0.00019648 0.00851813 0.00293055 -0.00226683 0.00292182 -0.00225544 0.00208741 -0.00438352 -0.0177659 -0.00506031 -0.0156244 -0.0049246 0.0127886 -7.79726e-05 -0.00839496 0.000192483 5.71536e-05 0.000233082 0.0341173 -6.47982e-05 0.000111007 -0.000130846 -1.64366e-05 -0.0115535 -0.00831439 -0.000135424
internal_weight=5445.3 67.3972 50.1306 34.9931 5377.9 171.703 161.679 154.032 134.613 123.978 113.873 106.494 59.8511 52.274 48.4955 42.3399 46.6426 5206.2 163.966 5042.23 5020.08 4983.04 43.4248 4939.62 4922.22 4901.19 4888.26 159.923 145.442 4877.26
internal_count=23066 127 112 90 22939 481 453 435 426 414 407 389 306 294 290 280 83 22458 850 21608 21584 21553 51 21502 21469 21440 21423 844 807 21409
is_linear=0
shrinkage=0.1


Tree=86
num_leaves=31
num_cat=0
split_feature=1 1 0 1 1 3 2 1 1 3 3 3 3 3 1 3 3 3 1 3 3 3 3 3 0 3 1 3 3 0
split_gain=0.52035 3.06344 3.41915 2.99868 4.63166 6.63441 3.95495 15.9986 8.25028 5.07607 13.8032 4.97897 3.71721 8.32916 3.62533 2.66195 3.91997 1.46562 1.4648 8.32145 1.44348 3.57807 1.18222 1.0932 1.19118 2.77596 1.0005 8.93082 4.74592 4.15236
threshold=69.500000000000014 66.500000000000014 2.5000000000000004 65.500000000000014 63.500000000000007 128.50000000000003 1.5000000000000002 62.500000000000007 61.500000000000007 139.50000000000003 120.50000000000001 99.500000000000014 145.50000000000003 123.50000000000001 64.500000000000014 118.50000000000001 102.50000000000001 92.500000000000014 90.500000000000014 90.500000000000014 119.50000000000001 100.50000000000001 139.50000000000003 91.500000000000014 1.5000000000000002 109.50000000000001 110.50000000000001 104.50000000000001 122.50000000000001 1.5000000000000002
decision_type=2 2 2 2 2 2 2 2 2 2 2 2 2 2 2 2 2 2 2 2 2 2 2 2 2 2 2 2 2 2
left_child=1 3 15 4 6 14 8 9 12 10 11 -8 13 23 -6 16 -3 18 19 -2 21 -13 -17 -1 -25 -26 -19 -28 -29 -30
right_child=17 2 -4 -5 5 -7 7 -9 -10 -11 -12 20 -14 -15 -16 22 -18 26 -20 -21 -22 -23 -24 24 25 -27 27 28 29 -31
leaf_value=-0.0093877450239810215 -0.010320896480295921 0.055683237151046616 -0.021151615030788651 -0.022962188031598184 0.03878702596625648 0.085698116657208556 0.031276455469851493 -0.13249238907669136 0.087875883855913134 -0.054572712265716375 0.10208667072225033 -0.088318144827033762 0.081715494511060555 -0.064441797937967601 -0.033245624283913998 0.075553792429726901 -0.013357741099145282 -0.00018107824101265535 -0.0073396678376767546 0.11288555942787898 -0.091273637153736764 0.013707300312719202 0.034395124183114155 0.016898552242076884 0.022179185699467162 -0.071882950144928598 -0.082623161750008584 0.054730755490834129 -0.037128903679487471 0.035992941825604925
leaf_weight=31.805342294275761 15.062884550541641 13.364383913576601 15.229654133319853 51.140628546476364 14.563516456633806 15.547100212424992 11.714611873030664 11.053746648132799 11.536616012454031 13.678402017801998 12.940135851502417 6.3358090370893496 5.3684298992156974 19.114730000495911 13.430229065939784 13.751606062054636 21.379570044577122 4937.2746982453391 12.922397941350935 8.6184824258089048 6.1226561069488517 7.5140674188733101 14.169424094259737 77.149429738521576 7.773463159799574 5.2608838155865669 14.231458127498625 14.776136979460714 23.389888919889927 11.626306802034376
leaf_count=251 54 19 17 38 24 29 36 21 23 15 21 26 14 38 40 23 38 21626 26 11 16 27 20 426 38 30 7 22 51 39
internal_value=7.93956e-05 0.00355123 0.0213468 -0.000753013 0.0034395 0.033319 -0.00228239 -0.0221888 0.00645572 -0.00127718 0.0150581 -0.020482 4.28122e-05 -0.0030645 0.00422877 0.0316753 0.0131991 -0.000196223 0.019741 0.0345183 -0.0508401 -0.0329656 0.0546665 0.00655283 0.0121746 -0.0157859 -0.000342141 -0.0127627 0.00720459 -0.0128505
internal_weight=5437.85 399.944 77.8946 322.05 270.909 43.5408 227.368 69.3594 158.009 58.3057 44.6273 31.6871 146.472 141.104 27.9937 62.665 34.744 5037.9 36.6038 23.6814 19.9725 13.8499 27.921 121.989 90.1838 13.0343 5001.3 64.0238 49.7923 35.0162
internal_count=23066 1230 117 1113 1075 93 982 162 820 141 126 105 797 783 64 100 57 21836 91 65 69 53 43 745 494 68 21745 119 112 90
is_linear=0
shrinkage=0.1


Tree=87
num_leaves=31
num_cat=0
split_feature=3 3 3 3 3 3 3 3 2 1 1 1 2 1 2 0 1 3 3 0 3 3 1 2 1 1 1 1 0 3
split_gain=0.508648 1.80663 1.36684 1.83476 7.14783 2.37377 1.98389 3.14918 2.77739 1.56707 2.2845 1.10936 1.79627 1.01629 4.92567 2.16984 1.9097 2.57501 1.30929 1.01068 0.666931 4.91715 3.82206 3.25672 10.8191 7.8173 12.3709 7.79488 7.3304 7.21472
threshold=178.50000000000003 177.50000000000003 175.50000000000003 173.50000000000003 172.50000000000003 171.50000000000003 168.50000000000003 166.50000000000003 2.5000000000000004 79.500000000000014 85.500000000000014 99.500000000000014 1.5000000000000002 93.500000000000014 1.5000000000000002 2.5000000000000004 88.500000000000014 179.50000000000003 186.50000000000003 1.5000000000000002 146.50000000000003 148.50000000000003 112.50000000000001 2.5000000000000004 98.500000000000014 78.500000000000014 71.500000000000014 100.50000000000001 2.5000000000000004 156.50000000000003
decision_type=2 2 2 2 2 2 2 2 2 2 2 2 2 2 2 2 2 2 2 2 2 2 2 2 2 2 2 2 2 2
left_child=1 2 3 4 5 6 7 20 9 -8 -11 -12 -13 16 15 18 -2 -18 -15 -19 -1 -22 23 25 -25 26 29 28 -26 -23
right_child=13 -3 -4 -5 -6 -7 8 -9 -10 10 11 12 -14 14 -16 -17 17 19 -20 -21 21 22 -24 24 27 -27 -28 -29 -30 -31
leaf_value=-0.00022809818197179685 0.029972176377670773 -0.032645708057743431 0.041564144693098479 -0.038283207821741765 0.12180566762364053 -0.040556971720171808 0.082084545788812982 -0.045516444983515258 0.082378217516066443 -0.057811949576437031 0.055642776786123838 0.021782215630582004 -0.088356908644932661 0.031489791707413776 0.091007502231366985 -0.087254167146503817 -0.10018333616649802 0.045021216620551717 -0.034648019861673644 -0.048237092048450954 0.04406661433061778 -0.051946502841905356 0.090143077504437091 0.038647960784139623 -0.15676998190686142 0.00083754187346017834 -0.13295489552624262 0.031069156670430694 -0.011600448111031775 0.062071898532048531
leaf_weight=4848.1654725680128 7.1998357735574237 16.905507326126099 7.9368642866611472 12.467063665390013 4.8231667876243582 14.382455328479407 2.5906299911439481 15.16916488111019 6.7633468359708777 5.1447278261184719 5.4001520462334147 6.8577013909816724 1.8885639570653436 9.1731629818677956 7.5787924081087104 2.7651552855968466 3.8934669494628888 2.991995207965374 4.4429477676749221 1.9000686779618261 28.41258897818625 14.061136696487667 4.7628247998654833 63.325294936075807 7.3720939606428164 291.6926496103406 11.722732111811636 9.002748139202593 6.5857188105583191 9.1682620458304864
leaf_count=20083 19 9 9 16 4 10 12 12 26 21 59 93 17 76 53 16 2 32 32 25 41 33 22 163 16 2071 11 9 42 32
internal_value=7.6705e-05 -6.54438e-06 9.60612e-05 3.47686e-05 0.000123939 1.42904e-05 0.000123602 -1.79993e-05 0.0263697 0.0090583 -0.00074848 0.0200042 -0.00199991 0.0113195 0.0243479 -0.00649215 -0.00820853 -0.039498 0.00990897 0.00879986 0.000112363 0.00381241 0.00107421 4.6874e-05 0.0173259 -0.00451752 -0.0492082 -0.0414804 -0.0882746 -0.00694531
internal_weight=5434.55 5394.6 5377.7 5369.76 5357.29 5352.47 5338.09 5309.44 28.6451 21.8818 19.2911 14.1464 8.74627 39.9454 23.9601 16.3813 15.9854 8.78553 13.6161 4.89206 5294.27 446.106 417.693 412.931 86.2859 326.645 34.9521 22.9606 13.9578 23.2294
internal_count=23066 22811 22802 22793 22777 22773 22763 22535 228 202 190 169 110 255 177 124 78 59 108 57 22523 2440 2399 2377 230 2147 76 67 58 65
is_linear=0
shrinkage=0.1


Tree=88
num_leaves=31
num_cat=0
split_feature=1 1 3 3 3 3 3 2 3 3 0 3 1 2 3 3 2 3 3 3 0 1 0 1 3 1 3 1 3 3
split_gain=0.465351 6.16726 5.39368 2.95563 2.72575 5.51555 5.20345 3.1889 2.57526 4.08827 5.9594 5.262 2.33705 9.47064 9.03129 5.60854 4.65761 3.73366 4.02576 9.25299 9.36297 5.65278 5.70613 3.14132 2.34838 1.94132 3.0722 8.89015 6.7643 1.82645
threshold=77.500000000000014 72.500000000000014 90.500000000000014 91.500000000000014 138.50000000000003 146.50000000000003 129.50000000000003 2.5000000000000004 170.50000000000003 159.50000000000003 1.5000000000000002 153.50000000000003 70.500000000000014 2.5000000000000004 114.50000000000001 142.50000000000003 1.5000000000000002 129.50000000000003 135.50000000000003 139.50000000000003 1.5000000000000002 63.500000000000007 2.5000000000000004 66.500000000000014 127.50000000000001 73.500000000000014 112.50000000000001 76.500000000000014 121.50000000000001 126.50000000000001
decision_type=2 2 2 2 2 2 2 2 2 2 2 2 2 2 2 2 2 2 2 2 2 2 2 2 2 2 2 2 2 2
left_child=1 8 -2 -4 6 -6 7 25 9 11 -11 12 15 14 -14 17 -17 24 21 -20 23 -19 -23 -21 29 -3 -27 28 -28 -1
right_child=2 4 3 -5 5 -7 -8 -9 -10 10 -12 -13 13 -15 -16 16 -18 18 19 20 -22 22 -24 -25 -26 26 27 -29 -30 -31
leaf_value=0.00010630698413347713 0.073352588505728691 0.051965161800787675 -0.061159267556082059 -0.00049957030030127383 -0.043745480045362113 0.03083736880908446 0.098752077046772746 0.073925989767004222 -0.034744095224038478 0.10979698382180328 -0.0063857624883805995 -0.05371505154450576 -0.011922273905209023 -0.038295236460507337 0.079551670866428378 0.0036612634075595058 0.10949532951451045 -0.089711423360964548 0.069734330350001969 -0.10139038263935543 0.064151399199537315 -0.0061339919345779516 -0.079888296819897828 -0.022029193933475466 0.045855479397711854 0.035531998408880563 -0.030128285109772932 -0.089844143144205399 0.074955776015405595 -0.065261325227364317
leaf_weight=862.07170054875314 9.8811793960630876 12.122053116559981 8.0481252968311292 4133.1458977945149 16.617516458034515 24.584799529053271 10.282251238822935 10.779446642845867 21.703281506896019 8.2536630071699619 9.4923426732420921 18.431146785616875 17.698061071336269 20.312844276428223 27.665155544877052 8.3151844032108801 8.3178876005113107 13.560033887624739 15.216789484024046 10.511079080402856 8.0207874923944456 58.790678977966309 12.767934590578077 9.4915029108524305 11.206010490655897 23.960898049175739 12.461429934948685 10.129644401371477 12.047960210591553 4.2957813590764991
leaf_count=4043 23 24 11 18165 18 29 25 25 17 27 19 15 25 20 27 27 30 27 16 18 39 192 38 43 11 37 38 11 23 3
internal_value=7.24933e-05 0.00174016 -0.000441381 -0.000617458 0.0221249 0.000756979 0.0317171 0.0232599 -0.000625103 3.34538e-05 0.0476508 -0.000730112 0.000167274 0.018453 0.0438639 -0.00100716 0.0565869 -0.00195948 -0.0178893 0.006958 -0.0271298 -0.0305118 -0.0192937 -0.0637324 0.000370514 0.0155374 0.00800192 -0.0110415 0.0215274 -0.000217811
internal_weight=5430.18 1279.11 4151.08 4141.19 132.986 41.2023 91.7837 81.5014 1146.12 1124.42 17.746 1106.67 1088.24 65.6761 45.3632 1022.57 16.6331 1005.93 128.359 43.2402 28.0234 85.1186 71.5586 20.0026 877.573 70.722 58.5999 34.639 24.5094 866.367
internal_count=23066 4867 18199 18176 230 47 183 158 4637 4620 46 4574 4559 72 52 4487 57 4430 373 116 100 257 230 61 4057 133 109 72 61 4046
is_linear=0
shrinkage=0.1


Tree=89
num_leaves=31
num_cat=0
split_feature=1 1 0 1 3 3 3 1 3 3 2 0 3 1 3 1 3 3 3 1 3 3 3 2 3 3 1 3 3 1
split_gain=0.55929 2.59919 2.57493 2.38023 4.2393 5.33733 5.7394 2.53065 7.11032 4.09364 3.50802 4.04861 3.96938 3.85073 3.06264 2.73075 2.36909 3.25655 1.18599 1.30245 1.11852 1.04376 5.7018 1.01768 0.970065 2.78675 4.46185 16.3723 4.45061 4.62101
threshold=69.500000000000014 66.500000000000014 2.5000000000000004 65.500000000000014 160.50000000000003 155.50000000000003 140.50000000000003 63.500000000000007 131.50000000000003 124.50000000000001 1.5000000000000002 2.5000000000000004 92.500000000000014 60.500000000000007 106.50000000000001 60.500000000000007 118.50000000000001 102.50000000000001 92.500000000000014 73.500000000000014 124.50000000000001 119.50000000000001 114.50000000000001 1.5000000000000002 118.50000000000001 114.50000000000001 91.500000000000014 115.50000000000001 113.50000000000001 90.500000000000014
decision_type=2 2 2 2 2 2 2 2 2 2 2 2 2 2 2 2 2 2 2 2 2 2 2 2 2 2 2 2 2 2
left_child=1 3 16 4 5 6 7 8 9 10 13 12 -12 21 -9 -14 17 -3 19 23 -16 22 -1 -2 25 28 27 -27 29 -20
right_child=18 2 -4 -5 -6 -7 -8 14 -10 -11 11 -13 15 -15 20 -17 -18 -19 24 -21 -22 -23 -24 -25 -26 26 -28 -29 -30 -31
leaf_value=0.00068588320266517455 -0.037515069313860859 0.051378078519777104 -0.016396947758757819 -0.020134108390508599 0.054189832711188116 -0.087997502789449941 0.084992253085001426 -0.019622418781286399 -0.055816535488758028 0.059658906342188747 0.011587784802629744 0.038451284561555804 -0.041421097066986268 0.074816943551855974 0.065121020055758316 -0.11659976558386541 0.051511129271595062 -0.011939890828140631 -0.0052696595515245867 0.03266009382900565 0.021992769830288091 -0.015230742212118221 0.10471286378690142 0.018214901611376025 0.00034886515757272664 -0.074302127640965041 -0.063921523600365779 0.038962401203126142 0.054642084088527942 0.016171916963420473
leaf_weight=89.582643620669842 5.9659520089626294 13.055707849562166 15.393434569239615 50.813405051827431 15.525814853608606 6.6573514640331259 8.2015062831342203 10.73755097016692 23.723169580101967 11.689171344041823 8.6628020256757754 7.17911373078823 13.185579583048822 7.679612834006547 12.629128310829403 7.626039082184433 27.020726896822453 21.498041540384293 786.00214699655771 22.401084091514349 11.479364596307276 27.767960488796234 5.598162166774272 7.2690293937921524 4007.9204274397343 21.555009722709656 18.840349636971951 31.285293474793434 13.826037690043448 115.25146331265569
leaf_count=604 38 19 17 38 17 10 26 28 31 34 31 25 47 18 29 15 43 38 3404 44 21 132 7 9 18077 71 23 42 13 115
internal_value=7.18143e-05 0.00369165 0.0201845 -0.00029098 0.00347238 0.000352596 0.00274607 -9.36233e-05 -0.00437322 0.00244575 -0.00155214 -0.0288902 -0.0452926 0.00611874 0.0248002 -0.068969 0.0293297 0.011984 -0.000212937 0.0179653 0.0445853 0.00182772 0.00680434 -0.00690658 -0.000342636 -0.0031513 -0.022139 -0.00724131 -0.00166395 -0.00252773
internal_weight=5426.02 395.706 76.9679 318.738 267.925 252.399 245.742 237.54 202.694 178.971 167.282 36.6535 29.4744 130.628 34.846 20.8116 61.5745 34.5537 5030.32 35.6361 24.1085 122.949 95.1808 13.235 4994.68 986.76 71.6807 52.8403 915.08 901.254
internal_count=23066 1230 117 1113 1075 1058 1048 1022 944 913 879 118 93 761 78 62 100 57 21836 91 50 743 611 47 21745 3668 136 113 3532 3519
is_linear=0
shrinkage=0.1


Tree=90
num_leaves=31
num_cat=0
split_feature=1 3 3 2 1 3 3 1 3 2 1 1 3 3 1 1 0 1 2 2 1 3 1 1 3 2 1 3 3 3
split_gain=0.509746 3.78599 4.38594 6.43107 1.82778 0.81467 13.009 4.64678 7.73946 5.31264 6.27699 10.0685 4.99224 6.47928 4.16042 2.56583 1.72284 1.64609 3.46729 4.93544 2.71624 2.05644 1.25985 1.40825 1.22378 3.00022 2.43064 1.84745 5.65352 5.14208
threshold=110.50000000000001 104.50000000000001 171.50000000000003 2.5000000000000004 117.50000000000001 167.50000000000003 165.50000000000003 107.50000000000001 177.50000000000003 2.5000000000000004 72.500000000000014 99.500000000000014 171.50000000000003 179.50000000000003 94.500000000000014 83.500000000000014 1.5000000000000002 109.50000000000001 2.5000000000000004 1.5000000000000002 105.50000000000001 144.50000000000003 103.50000000000001 101.50000000000001 160.50000000000003 2.5000000000000004 100.50000000000001 144.50000000000003 143.50000000000003 149.50000000000003
decision_type=2 2 2 2 2 2 2 2 2 2 2 2 2 2 2 2 2 2 2 2 2 2 2 2 2 2 2 2 2 2
left_child=5 -2 3 4 -3 6 17 9 -9 10 -7 12 15 -14 -11 -12 -15 20 19 21 22 -19 23 24 26 -26 27 28 -1 -29
right_child=1 2 -4 -5 -6 7 -8 8 -10 14 11 -13 13 16 -16 -17 -18 18 -20 -21 -22 -23 -24 -25 25 -27 -28 29 -30 -31
leaf_value=-9.2331222376378604e-05 -0.048759378421956934 0.1064632239919443 -0.05949292973388836 -0.0093030339667553655 0.032769542246696218 -0.032901294256596478 -0.11837061480919948 0.14548454754401682 -0.023104536075790133 -0.054921259418403603 -0.034439432062695501 -0.018975974561030996 0.12617598831492094 0.046726085408511642 0.014157589687642944 0.060884912572188712 -0.061097415102732505 -0.090968044765706205 -0.092017156605694359 0.07783781214641329 0.034011913303247647 -0.0019275168202666716 -0.046421502310863089 0.047000743254731893 -0.044213038995292907 0.0086474014741004506 0.049003300375945136 0.031826519205559789 -0.046027117923813012 0.0015556572304617634
leaf_weight=4691.0386218009517 17.36613230407238 7.861257638782261 8.5462042875587922 26.640634551644325 5.8852418586611748 18.695388562977314 9.2700898647308332 6.0963471159338933 4.9211123287677765 23.10032707452774 5.6994202658534032 22.042152050882578 16.985224610194567 4.2060433700680724 14.004054702818392 5.5963535904884338 2.2880266048014164 4.7025052607059497 5.9916256368160239 5.1303815990686408 23.806473154574633 5.7843893468379974 5.8006335422396651 6.4237780198454848 20.587234545499086 22.441568493843079 10.223050370812414 67.830540973693132 26.947815209627151 324.93733389303088
leaf_count=19852 15 20 31 31 30 23 8 20 25 24 24 195 20 39 34 61 28 14 5 11 29 45 11 10 27 15 8 151 20 2240
internal_value=6.83008e-05 -0.00864634 0.00558952 0.0193614 0.074913 0.000176205 -1.34268e-05 0.00819942 0.0701817 0.00213561 0.0173606 0.033899 0.0674137 0.0936939 -0.0288493 0.0127879 0.00873711 0.000196695 -0.0273462 -0.00253498 0.00031115 -0.0418548 0.000156154 0.000208409 0.000150202 -0.0166438 0.000291313 0.000193874 -0.000354698 0.0067834
internal_weight=5420.85 66.2995 48.9333 40.3871 13.7465 5354.55 5230.92 123.634 11.0175 112.617 75.5126 56.8172 34.7751 23.4793 37.1044 11.2958 6.49407 5221.65 21.6089 15.6173 5200.04 10.4869 5176.23 5170.43 5164.01 43.0288 5120.98 5110.75 4717.99 392.768
internal_count=23066 127 112 81 50 22939 22446 493 45 448 390 367 172 87 58 85 67 22438 75 70 22363 59 22334 22323 22313 42 22271 22263 19872 2391
is_linear=0
shrinkage=0.1


Tree=91
num_leaves=31
num_cat=0
split_feature=3 3 3 3 3 1 3 1 1 1 1 2 2 2 3 0 1 2 3 1 1 2 3 2 3 3 1 1 1 1
split_gain=0.525359 1.01691 0.954614 1.05837 5.61403 6.11039 5.58558 4.8464 4.59906 4.39313 1.98235 1.54051 0.903652 0.866339 1.28242 2.43538 0.810311 2.52155 4.36847 2.23284 2.06104 1.432 0.993113 2.4122 1.62169 3.39745 3.16328 9.49513 5.54558 10.56
threshold=179.50000000000003 82.500000000000014 173.50000000000003 167.50000000000003 172.50000000000003 86.500000000000014 165.50000000000003 110.50000000000001 107.50000000000001 78.500000000000014 99.500000000000014 1.5000000000000002 2.5000000000000004 2.5000000000000004 186.50000000000003 2.5000000000000004 109.50000000000001 2.5000000000000004 123.50000000000001 105.50000000000001 110.50000000000001 1.5000000000000002 160.50000000000003 2.5000000000000004 144.50000000000003 143.50000000000003 72.500000000000014 70.500000000000014 88.500000000000014 80.500000000000014
decision_type=2 2 2 2 2 2 2 2 2 2 2 2 2 2 2 2 2 2 2 2 2 2 2 2 2 2 2 2 2 2
left_child=1 -1 3 6 5 9 16 8 10 -5 12 -12 -7 14 15 -2 19 18 -18 22 21 -20 24 -24 25 -3 27 -26 29 -28
right_child=13 2 -4 4 -6 7 -8 -9 -10 -11 11 -13 -14 -15 -16 -17 17 -19 20 -21 -22 -23 23 -25 26 -27 28 -29 -30 -31
leaf_value=-0.054501268341695969 0.037988536406033911 -1.4979207609025188e-05 -0.014140812515500889 0.0067012066579168836 0.12007106933720353 0.039015765488220777 -0.070819967675114226 -0.072616208340535809 0.13604106463996493 -0.074182343639890541 0.026846099115068758 -0.064411591712866909 0.11147239906652831 0.071750500643389253 -0.027272009960029861 -0.057460754163746658 -0.019776994114046442 -0.029747681751330253 0.0011020066448397404 0.031084162026794517 0.10481728846653389 0.080867021628616545 -0.039554343084662519 0.0078056836595785904 0.0051579841597451971 -0.034588484360123094 0.012797620689971699 -0.11645675405509326 0.0027301763847843961 0.099717970627985222
leaf_weight=3.4221289679408065 15.930833630263814 4702.5780602050945 47.133227583020926 15.648801296949388 4.5665953755378714 4.0825544893741652 11.110824465751646 3.2677884232252827 5.5907248407602301 11.762614108622072 5.8445514440536499 2.706372432410717 2.9759471826255322 2.3479795753955832 7.3067804388701907 3.2121187634766093 23.585898965597153 34.936137154698372 7.5680932253599149 23.462711434811354 4.5948397181928149 3.2033710330724716 20.704198375344276 22.378853440284729 29.812861584126949 28.595573641359806 61.119772256352007 8.1817674934864026 281.70369267091155 18.12127997353673
leaf_count=25 147 19849 40 22 4 60 11 17 19 29 72 22 6 23 58 21 20 33 57 29 26 9 27 15 87 21 348 8 1924 37
internal_value=6.56198e-05 -6.36964e-06 2.826e-05 0.000153367 0.0137739 0.00441723 7.80243e-06 0.0407421 0.0582151 -0.028007 0.0303407 -0.00203701 0.0695643 0.0135364 0.00836862 0.0219725 0.000157114 -0.0102414 0.0072537 0.000304965 0.0487434 0.0248237 0.000165368 -0.0149539 0.00029234 -0.000223944 0.00641515 -0.0210305 0.00930421 0.032675
internal_weight=5417.46 5388.66 5385.24 5338.1 56.4459 51.8794 5281.66 24.4679 21.2002 27.4114 15.6094 8.55092 7.0585 28.7977 26.4497 19.143 5270.55 73.8883 38.9522 5196.66 15.3663 10.7715 5173.2 43.0831 5130.11 4731.17 398.939 37.9946 360.945 79.2411
internal_count=23066 22817 22792 22752 251 247 22501 196 179 51 160 94 66 249 226 168 22490 145 112 22345 92 66 22316 42 22274 19870 2404 95 2309 385
is_linear=0
shrinkage=0.1


Tree=92
num_leaves=31
num_cat=0
split_feature=1 1 3 3 1 1 3 3 2 3 3 3 0 3 1 2 3 3 2 3 3 3 0 1 2 1 0 1 3 3
split_gain=0.574457 5.32656 4.53342 2.69568 2.44508 5.29268 4.87127 10.7827 6.65162 4.46396 2.14871 3.5688 5.0487 3.67351 2.0553 7.9061 7.87875 4.10239 4.80285 2.84903 3.58319 8.06619 7.65775 4.38022 4.21232 4.90118 3.39598 2.13377 1.71965 1.60064
threshold=77.500000000000014 72.500000000000014 90.500000000000014 91.500000000000014 73.500000000000014 74.500000000000014 112.50000000000001 118.50000000000001 1.5000000000000002 125.50000000000001 170.50000000000003 159.50000000000003 1.5000000000000002 153.50000000000003 70.500000000000014 2.5000000000000004 114.50000000000001 142.50000000000003 1.5000000000000002 129.50000000000003 135.50000000000003 139.50000000000003 1.5000000000000002 63.500000000000007 1.5000000000000002 68.500000000000014 2.5000000000000004 66.500000000000014 127.50000000000001 125.50000000000001
decision_type=2 2 2 2 2 2 2 2 2 2 2 2 2 2 2 2 2 2 2 2 2 2 2 2 2 2 2 2 2 2
left_child=1 10 -2 -4 29 -6 -7 -8 9 -9 11 13 -13 14 17 16 -16 19 -19 28 23 -22 27 -21 -25 -26 -27 -23 -1 -3
right_child=2 4 3 -5 5 6 7 8 -10 -11 -12 12 -14 -15 15 -17 -18 18 -20 20 21 22 -24 24 25 26 -28 -29 -30 -31
leaf_value=4.0961287852246328e-05 0.068786877705593025 0.070718925780097183 -0.058347683923669569 -0.00055205455091460426 -0.032538398658106489 0.067325940551532279 -0.090455603057860115 0.020192836340114109 -0.009656378126247353 0.10146764219105364 -0.031620462730530291 0.10633598710853605 -0.0028653136249546631 -0.044624731995573264 -0.010107393903657657 -0.033362066651353349 0.075742549846041479 -0.0036319014428249697 0.10863165982851722 -0.079078854640917948 0.067799979674129832 -0.086983222977231378 0.061359389105629658 0.0028488330546852848 0.0003626082169066883 -0.030440832926921943 -0.12116410386172397 -0.02165936925843686 0.04034893714513859 0.024622048131203861
leaf_weight=864.00011338479817 9.4198671504855138 14.007480084896089 8.0858923792839033 4125.4084281995893 19.986039523035288 20.295809909701347 8.9721812680363637 13.000354655086996 24.265275091864169 14.073550764471291 21.45077483355999 7.6114764139056215 9.5404245182871819 18.445935890078545 17.835086293518543 20.773353412747383 26.683599717915058 7.8685690127313119 7.3898322749882936 13.680867806077002 14.836889043450354 10.563443437218671 7.6809142008423796 42.409853801131248 12.775339812040331 7.2855617702007303 9.5139439702033997 9.4950467497110349 10.715473651885985 16.296090207993984
leaf_count=4046 23 29 11 18165 26 38 25 31 41 27 17 27 19 15 25 20 27 27 30 27 16 18 39 167 13 29 21 43 11 13
internal_value=6.3428e-05 0.00192276 -0.000507199 -0.000665114 0.0210287 0.0135272 0.0249489 0.0106883 0.0283645 0.0624411 -0.000269939 0.000330981 0.0455948 -0.00037355 0.000379795 0.0175791 0.0413493 -0.000723093 0.0507387 -0.001506 -0.0154256 0.00828484 -0.0235478 -0.0272098 -0.017352 -0.0463196 -0.0818195 -0.056061 0.000534744 0.0459298
internal_weight=5414.37 1271.45 4142.91 4133.49 130.897 100.593 80.6072 60.3114 51.3392 27.0739 1140.56 1119.11 17.1519 1101.95 1083.51 65.292 44.5187 1018.22 15.2584 1002.96 128.242 42.5763 27.7394 85.6656 71.9847 29.5748 16.7995 20.0585 874.716 30.3036
internal_count=23066 4867 18199 18176 230 188 162 124 99 58 4637 4620 46 4574 4559 72 52 4487 57 4430 373 116 100 257 230 63 50 61 4057 42
is_linear=0
shrinkage=0.1


Tree=93
num_leaves=31
num_cat=0
split_feature=1 1 1 0 2 3 1 3 3 3 1 3 3 2 1 0 3 3 1 3 2 3 1 1 3 3 3 1 3 1
split_gain=0.604278 2.25675 2.2464 3.07594 9.47918 2.27255 2.0824 4.13306 4.20251 4.61755 1.92916 5.26369 3.769 2.81413 3.33989 3.23067 3.10127 2.5072 1.97013 1.0702 7.38064 8.65234 2.36695 2.34952 3.6827 1.84347 1.66628 7.67078 2.14691 1.82901
threshold=69.500000000000014 66.500000000000014 67.500000000000014 2.5000000000000004 1.5000000000000002 116.50000000000001 65.500000000000014 160.50000000000003 155.50000000000003 140.50000000000003 63.500000000000007 131.50000000000003 124.50000000000001 1.5000000000000002 60.500000000000007 2.5000000000000004 92.500000000000014 106.50000000000001 60.500000000000007 93.500000000000014 1.5000000000000002 92.500000000000014 73.500000000000014 116.50000000000001 149.50000000000003 94.500000000000014 96.500000000000014 114.50000000000001 98.500000000000014 113.50000000000001
decision_type=2 2 2 2 2 2 2 2 2 2 2 2 2 2 2 2 2 2 2 2 2 2 2 2 2 2 2 2 2 2
left_child=1 6 -3 4 5 -4 7 8 9 10 11 12 13 14 -1 16 -15 -12 -18 20 21 22 -2 25 -25 -21 -27 28 -28 -30
right_child=19 2 3 -5 -6 -7 -8 -9 -10 -11 17 -13 -14 15 -16 -17 18 -19 -20 23 -22 -23 -24 24 -26 26 27 -29 29 -31
leaf_value=0.0017273839046289851 -0.034455597122050624 0.04627760552101521 -0.04108075529595679 -0.03368261661755121 0.093303844808303893 0.015765901612934334 -0.018489122529550907 0.054158180167909659 -0.079094228837594815 0.081092154097725092 -0.017518434145684613 -0.047439860331156165 0.058407991435741297 0.010592410166513189 0.071597368812968618 0.035346165146659163 -0.036849534342003019 0.040745689346756937 -0.099595046179420096 0.040212256967986068 0.053721034919991806 -0.10237297020832298 0.042890234468864696 -0.060678756811625004 0.022802875312102264 -0.023516699021967759 0.045900479069001868 0.10852793146342293 -0.00035152934810150655 -0.057474394640994568
leaf_weight=122.5634574405849 5.8512453138828304 21.955473981797695 13.045471623539926 13.172581419348715 12.787557259202002 15.25694105401635 50.530125573277473 15.274795364588497 6.4501978158950797 7.2863472104072562 10.81596317514777 23.97020610421896 11.283909693360327 8.6442393809556979 7.2459620684385291 7.0378465726971617 13.328770980238916 23.286997996270657 8.012276388704775 11.244464814662932 24.600335877388716 8.9531620740890521 12.218595072627066 15.370340064167978 8.0527919046580774 30.784078702330589 10.027959294617174 6.482702810317277 4879.4796156520024 5.6116954237222663
leaf_count=743 38 29 30 12 25 21 38 17 10 26 28 31 34 31 18 25 47 50 15 10 41 4 21 13 57 27 23 17 21578 7
internal_value=6.2739e-05 0.00384433 0.0192882 0.00836789 0.0218484 -0.0104365 0.000116146 0.00366111 0.000574864 0.00268547 0.000266656 -0.00344597 0.00247455 -0.00130857 0.00562753 -0.0256277 -0.0399389 0.0222669 -0.0604067 -0.000232596 0.0140914 -0.0219854 0.0178447 -0.000381467 -0.0319781 -0.000231761 -0.000323962 -0.000178302 -0.000322264 -0.000417149
internal_weight=5410.63 391.949 76.218 54.2626 41.09 28.3024 315.731 265.201 249.926 243.476 236.19 202.087 178.116 166.833 129.809 37.0231 29.9853 34.103 21.341 5018.68 51.6233 27.023 18.0698 4967.05 23.4231 4943.63 4932.39 4901.6 4895.12 4885.09
internal_count=23066 1230 117 88 76 51 1113 1075 1058 1048 1022 944 913 879 761 118 93 78 62 21836 104 63 59 21732 70 21662 21652 21625 21608 21585
is_linear=0
shrinkage=0.1


Tree=94
num_leaves=31
num_cat=0
split_feature=3 1 1 3 3 1 2 0 3 3 1 3 1 1 3 1 1 1 0 3 3 3 2 3 1 3 3 3 3 1
split_gain=0.663634 0.547307 1.91847 2.27515 4.75389 8.24729 2.06123 9.23556 9.25921 7.67726 13.8911 8.09832 4.14108 3.40608 3.41482 4.02075 3.97102 3.0405 1.7354 1.47769 4.57371 1.20011 5.87312 7.67646 1.91752 2.99094 1.56636 1.53225 1.33965 6.88199
threshold=87.500000000000014 69.500000000000014 66.500000000000014 104.50000000000001 118.50000000000001 68.500000000000014 2.5000000000000004 1.5000000000000002 118.50000000000001 123.50000000000001 65.500000000000014 140.50000000000003 60.500000000000007 65.500000000000014 100.50000000000001 60.500000000000007 62.500000000000007 61.500000000000007 1.5000000000000002 114.50000000000001 119.50000000000001 93.500000000000014 1.5000000000000002 92.500000000000014 116.50000000000001 149.50000000000003 169.50000000000003 94.500000000000014 96.500000000000014 114.50000000000001
decision_type=2 2 2 2 2 2 2 2 2 2 2 2 2 2 2 2 2 2 2 2 2 2 2 2 2 2 2 2 2 2
left_child=-1 2 6 -4 -5 -6 9 8 -8 13 11 12 -11 14 16 18 -2 -9 19 -16 -21 22 23 -3 27 -26 -27 -23 -29 -30
right_child=1 21 3 4 5 -7 7 17 -10 10 -12 -13 -14 -15 15 -17 -18 -19 -20 20 -22 24 -24 -25 25 26 -28 28 29 -31
leaf_value=-0.040582681116532647 -0.0021359444222474491 0.022361172030764986 0.052723480178605044 -0.024049528768055571 0.078645820296040447 -0.019041996761017057 -0.020384782232241209 -0.059437313889673583 0.089149987828614441 0.0063834323801382946 -0.099824466198514636 0.054646362107065832 -0.057384468967384063 0.058164118914858669 -0.0052810674628877181 0.062442643496669371 -0.071340250755193624 0.010794335143926886 -0.039911253989882919 0.11019968125945581 0.0094695530204920129 0.037103560901407234 0.051523790864573649 -0.092806242475232101 -0.054797632547352239 0.078337459101128826 -0.013499248009874495 -0.021016845694216597 -0.00028980652731933136 0.10769734957991837
leaf_weight=4.0144671201705924 75.799946464598179 16.579429775476456 15.138403229415415 24.884728997945786 18.581802688539028 16.156757660210133 11.835794655606149 14.195135638117792 22.178747184574604 18.770255289971828 20.749788984656334 16.553698800504208 22.261986710131168 12.560711264610289 23.706121265888214 16.900629315525293 9.3099388815462572 10.895705362781881 6.9059350304305545 5.5352151393890408 24.281394883990288 10.982147693634031 23.437889870256186 8.8915644884109515 15.320700384676458 2.9669989459216586 4.9651117958128452 30.989616528153419 4895.1057824818417 5.9087202716618767
leaf_count=31 489 53 24 38 29 25 32 29 26 39 12 39 33 12 128 44 24 21 36 5 123 10 38 4 13 19 38 27 21608 17
internal_value=6.06253e-05 9.08272e-05 0.00371323 0.018103 0.00931277 0.0332116 0.000270019 0.0170857 0.051036 -0.00365322 -0.0296724 -0.00439472 -0.0282138 0.00799383 0.00411438 0.0193253 -0.00970602 -0.0289392 0.00726633 0.0133536 0.0281693 -0.000188846 0.0153991 -0.0178421 -0.00034236 -0.0289916 0.0208522 -0.000207589 -0.00029067 -0.000159616
internal_weight=5406.37 5402.35 387.203 74.7617 59.6233 34.7386 312.441 59.1054 34.0145 253.336 78.3357 57.5859 41.0322 175 162.439 77.3293 85.1099 25.0908 60.4287 53.5227 29.8166 5015.15 48.9089 25.471 4966.24 23.2528 7.93211 4942.99 4932 4901.01
internal_count=23066 23035 1208 116 92 54 1092 108 58 984 123 111 72 861 849 336 513 50 292 256 128 21827 95 57 21732 70 57 21662 21652 21625
is_linear=0
shrinkage=0.1


Tree=95
num_leaves=31
num_cat=0
split_feature=0 1 1 3 3 3 3 3 1 1 1 3 2 2 3 3 3 3 1 3 3 1 3 3 3 1 1 1 3 3
split_gain=0.552884 2.26294 5.74493 3.74804 4.8043 5.23832 2.77158 5.19758 4.57355 9.35527 6.24822 4.38911 3.03558 6.56691 1.99842 1.50446 4.81181 3.47599 3.79334 1.88932 9.08068 5.19125 4.19709 7.57317 6.49493 3.79824 6.90167 3.22217 3.88437 3.22544
threshold=2.5000000000000004 77.500000000000014 75.500000000000014 157.50000000000003 143.50000000000003 135.50000000000003 129.50000000000003 120.50000000000001 68.500000000000014 64.500000000000014 60.500000000000007 130.50000000000003 2.5000000000000004 1.5000000000000002 112.50000000000001 114.50000000000001 119.50000000000001 95.500000000000014 87.500000000000014 139.50000000000003 130.50000000000003 90.500000000000014 143.50000000000003 149.50000000000003 141.50000000000003 89.500000000000014 80.500000000000014 98.500000000000014 150.50000000000003 164.50000000000003
decision_type=2 2 2 2 2 2 2 2 2 2 2 2 2 2 2 2 2 2 2 2 2 2 2 2 2 2 2 2 2 2
left_child=-1 2 3 4 5 6 7 8 9 10 -2 -8 13 -10 -14 17 -17 -3 -19 20 21 -18 24 -24 -21 26 -25 28 -27 -30
right_child=1 15 -4 -5 -6 -7 11 -9 12 -11 -12 -13 14 -15 -16 16 19 18 -20 22 -22 -23 23 25 -26 27 -28 -29 29 -31
leaf_value=-0.00031824880012041261 -0.041796855501462726 0.030335104643233402 0.10542752542236943 0.082888764556886194 -0.056000158369189972 0.087268210707400887 -0.081704824083555172 0.096206944357934143 0.0045623879001164113 -0.13090347388070767 0.10601110609810359 0.01857674802019187 -0.032830838056469427 0.11109734390409112 0.02869658122287538 0.077402625243080336 -0.0027472636347520788 0.0074198013856188296 -0.042264993076662004 -0.012310632402216791 0.071731161168249596 0.059435733598634438 0.069310254895227547 -0.043096332778686221 -0.095387751571660809 0.015329043568919022 0.1196103251948417 0.010857545983918648 -0.074112555626947602 0.0077615393285907263
leaf_weight=4743.0978185795248 7.240755286067726 15.193965032696722 6.6528098164126268 6.6234039962291709 11.404146479442714 8.5689877867698652 8.5147053860127944 6.9638724364340296 14.677953951060772 6.7131716832518569 4.7270665168762207 8.9543489366769773 11.742500185966493 9.5508966147899628 9.5904668569564802 8.3508254475891572 223.24426590651274 25.239655941724777 39.282734632492065 86.262875317595899 19.647960590198636 14.284490730613468 16.715629955753684 4.5255409106612188 10.562775671482084 11.547988571226595 6.1495940424501896 30.12512936629355 19.864245064556602 6.3497647121548644
leaf_count=20229 36 22 22 12 16 27 35 18 67 12 17 13 45 19 29 19 1135 61 38 588 44 41 33 53 9 120 12 210 63 21
internal_value=5.89119e-05 0.00277237 0.0150718 0.00985702 0.0054049 0.012606 0.00539121 0.0141478 0.00525267 -0.0364165 0.0165845 -0.0303021 0.0223376 0.046558 -0.00517052 -1.83897e-05 0.00219002 -0.0126963 -0.0228295 0.00079203 0.00639665 0.000992294 -0.0067111 0.00818956 -0.0213736 -0.00481504 0.0506336 -0.0135343 -0.0329931 -0.0542804
internal_weight=5402.37 659.273 121.925 115.272 108.649 97.2447 88.6757 71.2067 64.2428 18.681 11.9678 17.4691 45.5618 24.2289 21.333 537.347 457.631 79.7164 64.5224 449.28 257.177 237.529 192.104 95.2779 96.8257 78.5623 10.6751 67.8871 37.762 26.214
internal_count=23066 2837 368 346 334 318 291 243 225 65 53 48 160 86 74 2469 2348 121 99 2329 1220 1176 1109 512 597 479 65 414 204 84
is_linear=0
shrinkage=0.1


Tree=96
num_leaves=31
num_cat=0
split_feature=0 1 1 2 1 1 3 3 3 1 3 3 1 1 2 1 3 1 3 1 1 1 3 3 0 2 3 3 3 3
split_gain=0.467897 1.91685 4.22818 10.4572 1.69888 3.48673 2.70872 4.80837 4.73679 2.16256 1.37596 6.73049 4.70303 5.2025 5.63532 5.88318 3.24229 2.97803 1.81859 1.65436 3.57265 5.15816 1.76248 8.54753 1.43726 1.33825 1.32013 1.22007 5.60367 4.2401
threshold=2.5000000000000004 77.500000000000014 70.500000000000014 1.5000000000000002 67.500000000000014 60.500000000000007 129.50000000000003 112.50000000000001 104.50000000000001 63.500000000000007 163.50000000000003 167.50000000000003 72.500000000000014 76.500000000000014 2.5000000000000004 79.500000000000014 186.50000000000003 108.50000000000001 179.50000000000003 80.500000000000014 99.500000000000014 107.50000000000001 179.50000000000003 171.50000000000003 1.5000000000000002 1.5000000000000002 132.50000000000003 104.50000000000001 107.50000000000001 109.50000000000001
decision_type=2 2 2 2 2 2 2 2 2 2 2 2 2 2 2 2 2 2 2 2 2 2 2 2 2 2 2 2 2 2
left_child=10 2 4 -4 5 -2 7 8 -6 -7 -1 -12 -13 -14 15 -15 17 19 -19 -17 24 22 23 -22 -21 -10 -8 -3 -29 -30
right_child=1 27 3 -5 6 9 26 -9 25 -11 11 12 13 14 -16 16 -18 18 -20 20 21 -23 -24 -25 -26 -27 -28 28 29 -31
leaf_value=-1.077662200780846e-07 -0.023580185106249749 -0.015676577602309137 -0.0489975494993913 0.091387469263063625 0.049546084416332258 0.074891600613117212 -0.069203213053430607 0.049289672653349617 -0.0075882048983896139 0.014167278619504576 -0.059710675700824868 -0.039495609460136936 0.12174881285076573 0.14030742783555047 -0.035547156589049021 -0.011467004488886441 -0.053927849220517569 -0.086853927739295372 0.019231372756909459 0.054452518611513394 0.024742500833710906 0.14584432636932462 0.03026048684258241 -0.19121724789759967 0.11951868404544258 -0.066054965799121332 -0.013604601607679024 0.11593548999278505 -0.073319170407526765 0.0016483516682212975
leaf_weight=4612.7569873500615 11.448599845170973 45.370171524584293 7.5177624132484224 18.036216134205461 7.0199179500341442 11.428951997309925 8.0271113812923449 16.61806745827198 5.7612703964114198 12.045937206596134 22.845703218132257 23.49335796199739 4.0459364876151076 3.9539283066987982 23.566756177693605 6.8470493108034125 6.2268980182707301 3.6261740736663333 2.9149116203188896 8.4842492267489416 6.479940660297876 2.5563547611236563 7.0936054624617091 2.5554772317409515 5.6594263613224021 12.215751782059669 9.125643899664281 4.2394300103187552 7.6654424071311942 478.11624520923942
leaf_count=19776 45 55 21 47 19 30 31 50 32 27 27 25 4 3 26 27 48 25 22 72 68 2 71 2 31 40 26 4 6 2404
internal_value=5.94659e-05 0.00256558 0.0140315 0.0500874 0.00419738 0.0216654 -0.0061832 0.00760014 -0.0201152 0.0437314 -0.000286424 -0.0104184 5.66497e-05 0.0111173 0.00551976 0.0226802 0.0138119 0.0229386 -0.039579 0.0332453 0.0425708 0.0138699 -0.00704726 -0.0363372 0.080488 -0.0473176 -0.0396235 1.18254e-05 0.00146439 0.000465394
internal_weight=5397.74 654.637 119.245 25.554 93.6913 34.9235 58.7678 41.615 24.9969 23.4749 4743.11 130.35 107.504 84.0107 79.9648 56.398 52.4441 46.2172 6.54109 39.6761 32.8291 18.6854 16.129 9.03542 14.1437 17.977 17.1528 535.391 490.021 485.782
internal_count=23066 2837 368 68 300 102 198 141 91 57 20229 453 426 401 397 371 368 320 47 273 246 143 141 70 103 72 57 2469 2414 2410
is_linear=0
shrinkage=0.1


Tree=97
num_leaves=31
num_cat=0
split_feature=1 1 2 3 3 3 3 3 1 1 3 3 2 3 0 3 3 3 3 1 3 3 3 3 3 3 3 1 3 1
split_gain=0.426581 2.74205 7.88042 7.84336 8.88756 9.92263 11.5105 11.8583 7.83984 9.84595 7.51676 11.5884 4.77514 4.00376 12.1116 5.88039 10.3161 3.61182 10.7694 3.60205 2.57303 3.55318 2.15126 9.28579 1.62678 1.61913 4.81935 4.63992 3.82686 1.55908
threshold=90.500000000000014 98.500000000000014 2.5000000000000004 93.500000000000014 96.500000000000014 103.50000000000001 104.50000000000001 112.50000000000001 96.500000000000014 95.500000000000014 123.50000000000001 129.50000000000003 2.5000000000000004 112.50000000000001 2.5000000000000004 122.50000000000001 135.50000000000003 127.50000000000001 144.50000000000003 99.500000000000014 151.50000000000003 158.50000000000003 177.50000000000003 179.50000000000003 129.50000000000003 172.50000000000003 171.50000000000003 78.500000000000014 179.50000000000003 111.50000000000001
decision_type=2 2 2 2 2 2 2 2 2 2 2 2 2 2 2 2 2 2 2 2 2 2 2 2 2 2 2 2 2 2
left_child=25 2 8 -3 -5 -6 -7 -8 9 13 12 -12 -9 -2 15 -15 -17 -4 -19 -13 29 -22 -23 -24 -10 26 -1 -27 -29 -21
right_child=1 3 17 4 5 6 7 10 24 -11 11 19 -14 14 -16 16 -18 18 -20 20 21 22 23 -25 -26 27 -28 28 -30 -31
leaf_value=-0.00028349651672982944 0.0017898394030948729 0.10303518248075932 0.0097932579861448547 -0.097328523625187055 0.1108142692153916 -0.14692518206456293 0.099527359065798571 -0.013491449824728621 0.10643867549820568 -0.054408891147192544 0.082118495366691441 -0.050438640931496463 -0.084619979417567673 0.12224581773471084 -0.039122678929131231 -0.0098353448149058297 0.093447334389791373 -0.069054108147226789 0.015709978258755215 -0.015029425752131911 0.060696976167801953 0.010221362264542082 -0.13781697338587923 0.0083818330881646648 0.053254654726103835 -0.00923261270425676 -0.075297528107316117 0.11451975754586621 0.010005323602488568 0.032085119405362142
leaf_weight=4732.0872805919498 39.23524072766304 6.8328833952546111 51.668560296297073 10.156190276145933 7.5695747435092917 5.6158111095428458 11.002478595823048 19.486462503671646 11.262059390544893 17.230470284819603 16.031320929527283 16.66313486918807 18.304108679294586 13.184576541185377 14.387318789958952 18.23131424933672 20.595510952174664 29.704084694385529 30.256370842456818 120.95657591149211 11.577950343489645 84.131343739107251 5.5182639807462719 20.423097740858793 11.753607533872126 20.288957536220551 8.5800587311387044 7.4698010832071287 6.5978389978408813 7.4565695188939562
leaf_count=21025 32 17 37 6 11 3 23 30 24 25 22 18 14 12 29 22 57 16 27 730 19 558 4 172 18 18 6 9 70 12
internal_value=5.77372e-05 0.00252716 0.010414 -0.00308742 -0.00513063 -0.00241442 -0.00495646 -0.0025518 0.0257167 0.0156832 -0.00605555 -0.000457298 -0.047943 0.0271163 0.0420817 0.0645444 0.0449505 -0.00958405 -0.0262817 -0.00542042 -0.00242061 0.00800124 0.00245846 -0.0227177 0.0792787 -0.000262502 -0.000419263 0.021368 0.0655016 -0.0122936
internal_weight=5394.26 619.235 257.509 361.726 354.893 344.737 337.167 331.551 145.88 122.864 320.549 282.758 37.7906 105.634 66.3987 52.0114 38.8268 111.629 59.9605 266.727 250.064 121.651 110.073 25.9414 23.0157 4775.02 4740.67 34.3566 14.0676 128.413
internal_count=23066 1938 299 1639 1622 1616 1605 1602 219 177 1579 1535 44 152 120 91 79 80 43 1513 1495 753 734 176 42 21128 21031 97 79 742
is_linear=0
shrinkage=0.1


Tree=98
num_leaves=31
num_cat=0
split_feature=1 3 3 3 2 3 1 2 1 1 3 0 3 1 0 1 3 3 3 1 3 1 0 1 3 3 2 3 2 3
split_gain=0.466015 2.02467 4.56593 2.83454 3.26444 4.6845 2.69125 1.9347 7.38934 8.12658 5.00376 8.61444 7.20374 6.69558 4.24971 4.0493 3.29815 8.09628 5.60533 3.47171 3.20493 2.93844 2.14634 1.48615 1.31344 3.96254 0.885793 0.667658 16.81 8.8446
threshold=69.500000000000014 93.500000000000014 98.500000000000014 92.500000000000014 2.5000000000000004 90.500000000000014 62.500000000000007 2.5000000000000004 63.500000000000007 66.500000000000014 123.50000000000001 2.5000000000000004 136.50000000000003 65.500000000000014 1.5000000000000002 61.500000000000007 106.50000000000001 104.50000000000001 100.50000000000001 60.500000000000007 116.50000000000001 67.500000000000014 1.5000000000000002 62.500000000000007 114.50000000000001 119.50000000000001 1.5000000000000002 95.500000000000014 1.5000000000000002 92.500000000000014
decision_type=2 2 2 2 2 2 2 2 2 2 2 2 2 2 2 2 2 2 2 2 2 2 2 2 2 2 2 2 2 2
left_child=1 3 -3 4 5 6 26 10 14 -10 16 12 23 15 -9 -14 17 18 -4 22 21 -21 24 -12 -18 -26 -1 28 29 -2
right_child=27 2 7 -5 -6 -7 -8 8 9 -11 11 -13 13 -15 -16 -17 19 -19 -20 20 -22 -23 -24 -25 25 -27 -28 -29 -30 -31
leaf_value=-0.0078669600907757577 0.012583992325776564 0.057349936346366509 -0.01098806265799171 -0.093724805248567578 -0.064914071103564217 0.11322279702669731 0.077285100632261683 0.031887043585201766 0.087777161014602784 -0.0054234581865656752 -0.038334550313785298 0.053348727223056239 0.0039701479010092388 -0.040909644434698876 -0.052233749821350074 0.097128729701143932 -0.0069658613981555904 -0.1233640367405212 0.085347920562465318 0.050186960281377382 0.074622280503589877 -0.018004411917150621 -0.050135021935154449 -0.07617085125989706 0.10398821393505574 0.0085470670930208395 -0.050783696524434666 -0.00034996833297045235 0.049624391911178026 -0.083491536043801093
leaf_weight=31.519592508673668 17.530167862772942 16.710868060588837 38.331679545342922 4.1372052431106559 8.3994309902191144 3.5519889742135993 3.5017800629138938 9.3969161454588193 21.518137883394957 16.55197149515152 18.528101861476898 14.286428499966858 11.456312872469427 19.720793414860964 16.64034042134881 7.8719433415681115 21.305567696690559 5.5871026143431655 7.1694965921342364 14.16148464754224 18.243551142513752 11.410923689603804 6.2450387999415389 23.609275408089161 5.2950035035610226 24.377844393253326 5.6751914471387854 4918.8267907965928 45.77504962310195 21.133307114243507
leaf_count=251 59 28 241 2 13 5 7 25 32 27 28 26 30 19 35 22 124 10 17 28 25 24 35 25 5 123 23 21701 63 13
internal_value=5.94234e-05 0.00341099 0.00642563 -0.0140242 -0.00776118 0.00308781 -0.00652476 0.00369554 0.0191785 0.0472558 -0.000313223 -0.0182579 -0.0308586 8.46235e-05 -0.0218743 0.0419114 0.0109486 -0.00975834 0.00419134 0.0214186 0.0426021 0.0197586 0.0051984 -0.059534 0.0119769 0.0255782 -0.0144152 -0.000198616 0.00861818 -0.0399305
internal_weight=5388.47 385.204 328.419 56.7852 52.648 44.2486 40.6966 311.708 64.1074 38.0701 247.601 95.4729 81.1864 39.049 26.0373 19.3283 152.128 51.0883 45.5012 101.039 43.816 25.5724 57.2235 42.1374 50.9784 29.6728 37.1948 5003.27 84.4385 38.6635
internal_count=23066 1230 929 301 299 286 281 901 119 59 782 150 124 71 60 52 632 268 258 364 77 52 287 53 252 128 274 21836 135 72
is_linear=0
shrinkage=0.1


Tree=99
num_leaves=31
num_cat=0
split_feature=3 3 3 1 0 1 1 3 0 1 1 1 1 3 3 2 1 3 3 3 3 1 1 3 0 3 1 2 2 3
split_gain=0.456352 5.17786 4.81153 4.12476 3.25034 1.9628 1.93008 5.33489 1.96722 1.69594 1.51389 3.42495 4.11554 12.9757 5.83661 4.21855 3.8096 7.32858 14.1312 17.8546 10.8467 7.21366 3.77906 18.6154 8.97706 6.33598 4.95822 3.79147 3.00684 2.85582
threshold=125.50000000000001 124.50000000000001 126.50000000000001 86.500000000000014 1.5000000000000002 75.500000000000014 112.50000000000001 145.50000000000003 1.5000000000000002 110.50000000000001 113.50000000000001 93.500000000000014 98.500000000000014 111.50000000000001 115.50000000000001 2.5000000000000004 89.500000000000014 93.500000000000014 101.50000000000001 103.50000000000001 109.50000000000001 88.500000000000014 83.500000000000014 117.50000000000001 1.5000000000000002 120.50000000000001 80.500000000000014 1.5000000000000002 2.5000000000000004 122.50000000000001
decision_type=2 2 2 2 2 2 2 2 2 2 2 2 2 2 2 2 2 2 2 2 2 2 2 2 2 2 2 2 2 2
left_child=1 10 -2 4 5 -3 9 -8 -9 -4 11 16 13 15 28 -13 21 -18 -19 -20 -21 22 25 24 -24 26 -1 -27 -14 -22
right_child=2 3 6 -5 -6 -7 7 8 -10 -11 -12 12 14 -15 -16 -17 17 18 19 20 29 -23 23 -25 -26 27 -28 -29 -30 -31
leaf_value=-0.00041874482661894178 0.049455910477984782 0.011863145911132869 0.00065277749380876385 0.020030536745512091 -0.10307084769747371 -0.048715221803965023 0.11575309889494029 -0.03529767100634873 0.044421206097110449 -0.041935181716771075 -0.026323946991272003 0.039193486960653286 0.0032378172635088038 0.11265331055066888 -0.031181193453786935 -0.034437692479969251 -0.10702310356796695 0.056908064951177229 -0.14405100367125306 0.115318397224622 -0.014569998987294773 0.061710572420049174 0.047907868853841601 -0.095296160231739951 -0.032080800004517233 0.0029455433508403725 0.048052225740844896 0.069991408997415849 0.068568035765458599 -0.073090218645586694
leaf_weight=2828.3533790912479 20.48631839454174 7.2268923297524479 1992.4589344915003 11.075319238007067 8.6789394840598089 20.579518005251884 5.4708217531442669 7.4749946668744069 5.2834423948079348 9.3946176171302778 22.014580100774765 15.402317307889462 15.899956207722425 16.065955303609371 29.614159271121025 15.725327089428902 8.1893163919448835 26.60222801566124 11.128821253776549 6.3450736403465262 123.27273994684219 18.981617718935013 29.536452569067478 23.989241942763329 26.726389266550541 14.20092163980007 21.262526080012321 20.77203206717968 12.650078281760216 8.9441593885421735
leaf_count=12725 25 24 9209 27 31 76 10 39 29 6 28 30 25 26 34 11 4 30 5 6 420 24 37 32 28 27 47 25 21 5
internal_value=5.84295e-05 -0.000660849 0.00123688 -0.0334205 -0.0496459 -0.0329709 0.00074788 0.0331397 -0.002285 0.000452914 -0.000188086 -1.23291e-05 0.0177251 0.0396666 -7.79286e-05 0.00199586 -0.000602164 -0.0145477 -0.0102519 -0.0221873 -0.0123996 0.000260054 -0.000133367 -0.0215379 0.00991106 0.000462127 -5.70767e-05 0.0427671 0.0321846 -0.0185288
internal_weight=5383.81 3343.24 2040.57 47.5607 36.4853 27.8064 2020.08 18.2293 12.7584 2001.85 3295.68 3273.66 105.358 47.1936 58.1642 31.1276 3168.3 184.482 176.293 149.691 138.562 2983.82 2964.84 80.2521 56.2628 2884.59 2849.62 34.973 28.55 132.217
internal_count=23066 13748 9318 158 131 100 9293 78 68 9215 13590 13562 147 67 80 41 13415 470 466 436 431 12945 12921 97 65 12824 12772 52 46 425
is_linear=0
shrinkage=0.1


end of trees

feature_importances:
Systolic_Blood_Pressure=1408
Diastolic_Blood_Pressure=1132
Glucose_Level=259
Cholesterol_Level=201

parameters:
[boosting: gbdt]
[objective: binary]
[metric: binary_logloss]
[tree_learner: serial]
[device_type: cpu]
[data_sample_strategy: bagging]
[data: ]
[valid: ]
[num_iterations: 100]
[learning_rate: 0.1]
[num_leaves: 31]
[num_threads: 8]
[seed: 42]
[deterministic: 0]
[force_col_wise: 0]
[force_row_wise: 0]
[histogram_pool_size: -1]
[max_depth: -1]
[min_data_in_leaf: 20]
[min_sum_hessian_in_leaf: 0.001]
[bagging_fraction: 1]
[pos_bagging_fraction: 1]
[neg_bagging_fraction: 1]
[bagging_freq: 0]
[bagging_seed: 400]
[bagging_by_query: 0]
[feature_fraction: 1]
[feature_fraction_bynode: 1]
[feature_fraction_seed: 30056]
[extra_trees: 0]
[extra_seed: 12879]
[early_stopping_round: 0]
[early_stopping_min_delta: 0]
[first_metric_only: 0]
[max_delta_step: 0]
[lambda_l1: 0]
[lambda_l2: 0]
[linear_lambda: 0]
[min_gain_to_split: 0]
[drop_rate: 0.1]
[max_drop: 50]
[skip_drop: 0.5]
[xgboost_dart_mode: 0]
[uniform_drop: 0]
[drop_seed: 17869]
[top_rate: 0.2]
[other_rate: 0.1]
[min_data_per_group: 100]
[max_cat_threshold: 32]
[cat_l2: 10]
[cat_smooth: 10]
[max_cat_to_onehot: 4]
[top_k: 20]
[monotone_constraints: ]
[monotone_constraints_method: basic]
[monotone_penalty: 0]
[feature_contri: ]
[forcedsplits_filename: ]
[refit_decay_rate: 0.9]
[cegb_tradeoff: 1]
[cegb_penalty_split: 0]
[cegb_penalty_feature_lazy: ]
[cegb_penalty_feature_coupled: ]
[path_smooth: 0]
[interaction_constraints: ]
[verbosity: 1]
[saved_feature_importance_type: 0]
[use_quantized_grad: 0]
[num_grad_quant_bins: 4]
[quant_train_renew_leaf: 0]
[stochastic_rounding: 1]
[linear_tree: 0]
[max_bin: 255]
[max_bin_by_feature: ]
[min_data_in_bin: 3]
[bin_construct_sample_cnt: 200000]
[data_random_seed: 175]
[is_enable_sparse: 1]
[enable_bundle: 1]
[use_missing: 1]
[zero_as_missing: 0]
[feature_pre_filter: 1]
[pre_partition: 0]
[two_round: 0]
[header: 0]
[label_column: ]
[weight_column: ]
[group_column: ]
[ignore_column: ]
[categorical_feature: ]
[forcedbins_filename: ]
[precise_float_parser: 0]
[parser_config_file: ]
[objective_seed: 16083]
[num_class: 1]
[is_unbalance: 0]
[scale_pos_weight: 1]
[sigmoid: 1]
[boost_from_average: 1]
[reg_sqrt: 0]
[alpha: 0.9]
[fair_c: 1]
[poisson_max_delta_step: 0.7]
[tweedie_variance_power: 1.5]
[lambdarank_truncation_level: 30]
[lambdarank_norm: 1]
[label_gain: ]
[lambdarank_position_bias_regularization: 0]
[eval_at: ]
[multi_error_top_k: 1]
[auc_mu_weights: ]
[num_machines: 1]
[local_listen_port: 12400]
[time_out: 120]
[machine_list_filename: ]
[machines: ]
[gpu_platform_id: -1]
[gpu_device_id: -1]
[gpu_use_dp: 0]
[num_gpu: 1]

end of parameters

pandas_categorical:[]
