tree
version=v4
num_class=1
num_tree_per_iteration=1
label_index=0
max_feature_idx=2
objective=binary sigmoid:1
feature_names=Alcohol_Intake Physical_Activity Smoking_Status
feature_infos=[0:1] [0:1] [0:1]
tree_sizes=1006 1027 1027 1031 1031 1033 1029 1029 1026 1030 1034 1028 1032 1036 1034 1035 1038 1039 1034 1034 1039 1035 1041 1040 1039 1042 1044 1043 1042 1040 1044 1045 1044 1045 1047 1043 1046 1050 1047 1048 1050 1049 1052 1054 1053 1055 1052 1056 1053 1056 1054 1059 1054 1052 1054 1054 1050 1059 1059 1060 1062 1060 1057 1063 1060 1067 1062 1066 1067 1068 1062 1072 1071 1068 1071 1068 1070 1069 1072 1067 1071 1069 1072 1070 1070 1076 1073 1075 1076 1074 1076 1073 1075 1076 1071 1075 1074 1077 1076 1075

Tree=0
num_leaves=8
num_cat=0
split_feature=2 1 1 0 0 0 0
split_gain=753.46 89.3807 17.6138 7.93548 4.08814 2.89915 1.52309
threshold=1.0000000180025095e-35 1.0000000180025095e-35 1.0000000180025095e-35 1.0000000180025095e-35 1.0000000180025095e-35 1.0000000180025095e-35 1.0000000180025095e-35
decision_type=2 2 2 2 2 2 2
left_child=1 6 5 -3 -4 -2 -1
right_child=2 3 4 -5 -6 -7 -8
leaf_value=-0.91995136391390142 -0.95835342275616453 -0.93419490067167255 -0.96790153116972577 -0.94399988635904608 -0.96096970612334343 -0.94760778614159147 -0.92944737149966861
leaf_weight=1314.099975079298 547.57532007992268 5305.683698952198 1515.476808026433 214.7076965123415 247.42890708148479 70.895956233143806 43.628280758857727
leaf_count=6506 2711 26268 7503 1063 1225 351 216
internal_value=-0.940142 -0.93175 -0.964382 -0.934576 -0.966929 -0.957122 -0.920257
internal_weight=9259.5 6878.12 2381.38 5520.39 1762.91 618.471 1357.73
internal_count=45843 34053 11790 27331 8728 3062 6722
is_linear=0
shrinkage=1


Tree=1
num_leaves=8
num_cat=0
split_feature=2 1 1 0 0 0 0
split_gain=685.063 79.4422 16.4004 7.13753 3.81967 2.66788 1.3437
threshold=1.0000000180025095e-35 1.0000000180025095e-35 1.0000000180025095e-35 1.0000000180025095e-35 1.0000000180025095e-35 1.0000000180025095e-35 1.0000000180025095e-35
decision_type=2 2 2 2 2 2 2
left_child=1 6 5 -3 -4 -2 -1
right_child=2 3 4 -5 -6 -7 -8
leaf_value=0.01900923523103375 -0.017444379235822378 0.0056346438614001335 -0.026707124696280039 -0.003671419927200552 -0.019974363487662385 -0.0071164865434155972 0.010111327529009381
leaf_weight=1325.6701093912125 543.18605962395668 5319.4919528961182 1496.9193422198296 214.34432841837406 245.15925087034702 70.663568437099457 43.832230567932129
leaf_count=6506 2711 26268 7503 1063 1225 351 216
internal_value=-2.59846e-06 0.00794249 -0.0232833 0.00527419 -0.0257596 -0.0162555 0.0187244
internal_weight=9259.27 6903.34 2355.93 5533.84 1742.08 613.85 1369.5
internal_count=45843 34053 11790 27331 8728 3062 6722
is_linear=0
shrinkage=0.05


Tree=2
num_leaves=8
num_cat=0
split_feature=2 1 1 0 0 0 0
split_gain=622.849 70.6904 15.2664 6.4211 3.56821 2.4539 1.18761
threshold=1.0000000180025095e-35 1.0000000180025095e-35 1.0000000180025095e-35 1.0000000180025095e-35 1.0000000180025095e-35 1.0000000180025095e-35 1.0000000180025095e-35
decision_type=2 2 2 2 2 2 2
left_child=1 6 5 -3 -4 -2 -1
right_child=2 3 4 -5 -6 -7 -8
leaf_value=0.017909223293123149 -0.016705915052140446 0.0053394712573797869 -0.025689901183031078 -0.0034936420910276485 -0.01915172353009743 -0.0067825541312475845 0.0095628074159413781
leaf_weight=1336.4534222185612 538.94748015701771 5332.5377134680748 1478.850792735815 213.99792489409447 242.96251907944679 70.441296055912971 44.02405571937561
leaf_count=6506 2711 26268 7503 1063 1225 351 216
internal_value=-4.85282e-06 0.00751856 -0.0223602 0.00499867 -0.0247673 -0.0155588 0.0176431
internal_weight=9258.22 6927.01 2331.2 5546.54 1721.81 609.389 1380.48
internal_count=45843 34053 11790 27331 8728 3062 6722
is_linear=0
shrinkage=0.05


Tree=3
num_leaves=8
num_cat=0
split_feature=2 1 1 0 0 0 0
split_gain=566.248 62.969 14.2055 5.77766 3.3324 2.25599 1.05141
threshold=1.0000000180025095e-35 1.0000000180025095e-35 1.0000000180025095e-35 1.0000000180025095e-35 1.0000000180025095e-35 1.0000000180025095e-35 1.0000000180025095e-35
decision_type=2 2 2 2 2 2 2
left_child=1 6 5 -3 -4 -2 -1
right_child=2 3 4 -5 -6 -7 -8
leaf_value=0.016883343196051011 -0.015995135520840309 0.0050604877310338582 -0.024706427818057791 -0.0033242249681437654 -0.018358777663314951 -0.0064634378993249286 0.0090465902086306997
leaf_weight=1346.5101176202297 534.85869294404984 5344.8659943938255 1461.2883772999048 213.66772562265396 240.83894900977612 70.228778198361397 44.204551219940186
leaf_count=6506 2711 26268 7503 1063 1225 351 216
internal_value=-6.79947e-06 0.00711888 -0.0214691 0.00473818 -0.0238083 -0.0148889 0.0166342
internal_weight=9256.46 6949.25 2307.21 5558.53 1702.13 605.087 1390.71
internal_count=45843 34053 11790 27331 8728 3062 6722
is_linear=0
shrinkage=0.05


Tree=4
num_leaves=8
num_cat=0
split_feature=2 1 1 0 0 0 0
split_gain=514.749 56.145 13.2125 5.19961 3.11099 2.07299 0.932227
threshold=1.0000000180025095e-35 1.0000000180025095e-35 1.0000000180025095e-35 1.0000000180025095e-35 1.0000000180025095e-35 1.0000000180025095e-35 1.0000000180025095e-35
decision_type=2 2 2 2 2 2 2
left_child=1 6 5 -3 -4 -2 -1
right_child=2 3 4 -5 -6 -7 -8
leaf_value=0.01592522722622074 -0.015311124172303195 0.0047967293972615479 -0.023755364863052346 -0.0031627944911359258 -0.017594541202243554 -0.0061585434411646645 0.0085604918130472007
leaf_weight=1355.8952614665031 530.9181225001812 5356.5190694332123 1444.2447296977043 213.35303364694118 238.78839462995529 70.025653973221779 44.374454140663147
leaf_count=6506 2711 26268 7503 1063 1225 351 216
internal_value=-8.46694e-06 0.00674187 -0.0206089 0.00449184 -0.0228813 -0.0142446 0.0156918
internal_weight=9254.12 6970.14 2283.98 5569.87 1683.03 600.944 1400.27
internal_count=45843 34053 11790 27331 8728 3062 6722
is_linear=0
shrinkage=0.05


Tree=5
num_leaves=8
num_cat=0
split_feature=2 1 1 0 0 0 0
split_gain=467.889 50.1047 12.2828 4.68015 2.90296 1.90387 0.827696
threshold=1.0000000180025095e-35 1.0000000180025095e-35 1.0000000180025095e-35 1.0000000180025095e-35 1.0000000180025095e-35 1.0000000180025095e-35 1.0000000180025095e-35
decision_type=2 2 2 2 2 2 2
left_child=1 6 5 -3 -4 -2 -1
right_child=2 3 4 -5 -6 -7 -8
leaf_value=0.015029249982934463 -0.014653022477267736 0.0045472931527467718 -0.022835530994805092 -0.0030089937962492577 -0.016858101853960621 -0.0058673065818195605 0.0081024809137588399
leaf_weight=1364.6591692268848 527.12378937005997 5367.5364723801613 1427.7282351851463 213.05319952964783 236.8103813380003 69.831572949886322 44.534453272819519
leaf_count=6506 2711 26268 7503 1063 1225 351 216
internal_value=-9.88582e-06 0.00638608 -0.0197784 0.00425881 -0.0219851 -0.0136253 0.0148103
internal_weight=9251.28 6989.78 2261.49 5580.59 1664.54 596.955 1409.19
internal_count=45843 34053 11790 27331 8728 3062 6722
is_linear=0
shrinkage=0.05


Tree=6
num_leaves=8
num_cat=0
split_feature=2 1 1 0 0 0 0
split_gain=425.247 44.7501 11.4122 4.21324 2.7074 1.74763 0.735807
threshold=1.0000000180025095e-35 1.0000000180025095e-35 1.0000000180025095e-35 1.0000000180025095e-35 1.0000000180025095e-35 1.0000000180025095e-35 1.0000000180025095e-35
decision_type=2 2 2 2 2 2 2
left_child=1 6 5 -3 -4 -2 -1
right_child=2 3 4 -5 -6 -7 -8
leaf_value=0.014190376049762747 -0.014019998820225983 0.0043113426517488685 -0.021945845313258366 -0.0028624828729349955 -0.016148576776781935 -0.0055891693089104395 0.007670705082887086
leaf_weight=1372.847987651825 523.47322933375835 5377.9549970626831 1411.7434777021408 212.76752631366253 234.90416072309017 69.646195158362389 44.685179471969604
leaf_count=6506 2711 26268 7503 1063 1225 351 216
internal_value=-1.10803e-05 0.00605017 -0.0189768 0.00403833 -0.0211188 -0.01303 0.0139849
internal_weight=9248.02 7008.26 2239.77 5590.72 1646.65 593.119 1417.53
internal_count=45843 34053 11790 27331 8728 3062 6722
is_linear=0
shrinkage=0.05


Tree=7
num_leaves=8
num_cat=0
split_feature=2 1 1 0 0 0 0
split_gain=386.443 39.9974 10.5969 3.79345 2.52351 1.60338 0.654865
threshold=1.0000000180025095e-35 1.0000000180025095e-35 1.0000000180025095e-35 1.0000000180025095e-35 1.0000000180025095e-35 1.0000000180025095e-35 1.0000000180025095e-35
decision_type=2 2 2 2 2 2 2
left_child=1 6 5 -3 -4 -2 -1
right_child=2 3 4 -5 -6 -7 -8
leaf_value=0.013404121264212868 -0.013411266141378751 0.0040880842834876913 -0.021085332421146814 -0.0027229319855415842 -0.015465138020411565 -0.0053235991288151183 0.0072634741342233206
leaf_weight=1380.5039856135845 519.9636953920126 5387.8094801902771 1396.2919106930494 212.49541208148003 233.06871056556702 69.469180628657341 44.827218532562256
leaf_count=6506 2711 26268 7503 1063 1225 351 216
internal_value=-1.2079e-05 0.0057329 -0.0182031 0.00382965 -0.0202814 -0.0124581 0.013211
internal_weight=9244.43 7025.64 2218.79 5600.3 1629.36 589.433 1425.33
internal_count=45843 34053 11790 27331 8728 3062 6722
is_linear=0
shrinkage=0.05


Tree=8
num_leaves=8
num_cat=0
split_feature=2 1 1 0 0 0 0
split_gain=351.133 35.7738 9.83355 3.41594 2.35059 1.47027 0.583437
threshold=1.0000000180025095e-35 1.0000000180025095e-35 1.0000000180025095e-35 1.0000000180025095e-35 1.0000000180025095e-35 1.0000000180025095e-35 1.0000000180025095e-35
decision_type=2 2 2 2 2 2 2
left_child=1 6 5 -3 -4 -2 -1
right_child=2 3 4 -5 -6 -7 -8
leaf_value=0.012666463612077039 -0.012826039343062394 0.0038767936389549531 -0.020253101210240355 -0.0025900265871251766 -0.014806992538236613 -0.0050700695614526352 0.006879208453668139
leaf_weight=1387.6661357879639 516.59211736917496 5397.1328013539314 1381.372192516923 212.23623907566071 231.3028808683157 69.300194621086121 44.961124062538147
leaf_count=6506 2711 26268 7503 1063 1225 351 216
internal_value=-1.2896e-05 0.00543312 -0.0174564 0.00363211 -0.019472 -0.0119087 0.0124848
internal_weight=9240.56 7042 2198.57 5609.37 1612.68 585.892 1432.63
internal_count=45843 34053 11790 27331 8728 3062 6722
is_linear=0
shrinkage=0.05


Tree=9
num_leaves=8
num_cat=0
split_feature=2 1 1 0 0 0 0
split_gain=319.004 32.0161 9.11909 3.07639 2.18801 1.3475 0.520294
threshold=1.0000000180025095e-35 1.0000000180025095e-35 1.0000000180025095e-35 1.0000000180025095e-35 1.0000000180025095e-35 1.0000000180025095e-35 1.0000000180025095e-35
decision_type=2 2 2 2 2 2 2
left_child=1 6 5 -3 -4 -2 -1
right_child=2 3 4 -5 -6 -7 -8
leaf_value=0.011973759515646243 -0.012263588811377051 0.0036767857091112559 -0.019448332673762787 -0.0024634659844472682 -0.014173378317381406 -0.0048280982883191145 0.0065164658325162972
leaf_weight=1394.3701146543026 513.35518270730972 5405.9543173313141 1366.9808572679758 211.98942121863365 229.60530258715153 69.138923317193985 45.087401390075684
leaf_count=6506 2711 26268 7503 1063 1225 351 216
internal_value=-1.35547e-05 0.00514977 -0.016736 0.00344509 -0.0186897 -0.011381 0.0118028
internal_weight=9236.48 7057.4 2179.08 5617.94 1596.59 582.494 1439.46
internal_count=45843 34053 11790 27331 8728 3062 6722
is_linear=0
shrinkage=0.05


Tree=10
num_leaves=8
num_cat=0
split_feature=2 1 1 0 0 0 0
split_gain=289.772 28.6696 8.45069 2.77092 2.0352 1.23434 0.464392
threshold=1.0000000180025095e-35 1.0000000180025095e-35 1.0000000180025095e-35 1.0000000180025095e-35 1.0000000180025095e-35 1.0000000180025095e-35 1.0000000180025095e-35
decision_type=2 2 2 2 2 2 2
left_child=1 6 5 -3 -4 -2 -1
right_child=2 3 4 -5 -6 -7 -8
leaf_value=0.011322739906164862 -0.011723188386680922 0.0034874209693106987 -0.018670270455432257 -0.0023429596105019007 -0.013563563675145697 -0.0045971940567573668 0.0061738973140427894
leaf_weight=1400.6486902832985 510.24941726028919 5414.3033849000931 1353.1119793653488 211.75440411269665 227.97447890043259 68.985047668218613 45.206520438194275
leaf_count=6506 2711 26268 7503 1063 1225 351 216
internal_value=-1.40699e-05 0.00488186 -0.0160411 0.00326798 -0.0179339 -0.0108745 0.0111618
internal_weight=9232.23 7071.91 2160.32 5626.06 1581.09 579.234 1445.86
internal_count=45843 34053 11790 27331 8728 3062 6722
is_linear=0
shrinkage=0.05


Tree=11
num_leaves=8
num_cat=0
split_feature=2 1 1 0 0 0 0
split_gain=263.177 25.6865 7.8257 2.49606 1.89162 1.1301 0.414826
threshold=1.0000000180025095e-35 1.0000000180025095e-35 1.0000000180025095e-35 1.0000000180025095e-35 1.0000000180025095e-35 1.0000000180025095e-35 1.0000000180025095e-35
decision_type=2 2 2 2 2 2 2
left_child=1 6 5 -3 -4 -2 -1
right_child=2 3 4 -5 -6 -7 -8
leaf_value=0.010710418467602187 -0.011204131866383749 0.0033080932512039164 -0.017918193479643723 -0.0022282262813712738 -0.012976832629621769 -0.0043768906638915247 0.0058502716522232864
leaf_weight=1406.531916230917 507.27126608788967 5422.2062294483185 1339.758403390646 211.53066504001617 226.40882171690464 68.83825908601284 45.318928599357605
leaf_count=6506 2711 26268 7503 1063 1225 351 216
internal_value=-1.44619e-05 0.00462848 -0.015371 0.00310022 -0.0172039 -0.0103884 0.0105587
internal_weight=9227.86 7085.59 2142.28 5633.74 1566.17 576.11 1451.85
internal_count=45843 34053 11790 27331 8728 3062 6722
is_linear=0
shrinkage=0.05


Tree=12
num_leaves=8
num_cat=0
split_feature=2 1 1 0 0 0 0
split_gain=238.985 23.025 7.24166 2.2487 1.75681 1.03413 0.370824
threshold=1.0000000180025095e-35 1.0000000180025095e-35 1.0000000180025095e-35 1.0000000180025095e-35 1.0000000180025095e-35 1.0000000180025095e-35 1.0000000180025095e-35
decision_type=2 2 2 2 2 2 2
left_child=1 6 5 -3 -4 -2 -1
right_child=2 3 4 -5 -6 -7 -8
leaf_value=0.010134108677529514 -0.010705740834266056 0.0031382428310100445 -0.017191426406438084 -0.002119005826688539 -0.012412498308616529 -0.0041667459571565445 0.0055444333423071562
leaf_weight=1412.0478101670742 504.41693186759949 5429.6882935166359 1326.9112968742847 211.31766544282436 224.90663342177868 68.698269903659821 45.425028204917908
leaf_count=6506 2711 26268 7503 1063 1225 351 216
internal_value=-1.47405e-05 0.00438877 -0.014725 0.0029413 -0.0164988 -0.00992192 0.00999106
internal_weight=9223.41 7098.48 2124.93 5641.01 1551.82 573.115 1457.47
internal_count=45843 34053 11790 27331 8728 3062 6722
is_linear=0
shrinkage=0.05


Tree=13
num_leaves=8
num_cat=0
split_feature=2 1 1 0 0 0 0
split_gain=216.98 20.6486 6.69629 2.02605 1.63031 0.94584 0.331712
threshold=1.0000000180025095e-35 1.0000000180025095e-35 1.0000000180025095e-35 1.0000000180025095e-35 1.0000000180025095e-35 1.0000000180025095e-35 1.0000000180025095e-35
decision_type=2 2 2 2 2 2 2
left_child=1 6 5 -3 -4 -2 -1
right_child=2 3 4 -5 -6 -7 -8
leaf_value=0.0095913284984300122 -0.01022734075405277 0.0029773469210695276 -0.016489332284832944 -0.0020150386179568582 -0.011869883139328111 -0.0039663161592982873 0.0052553179602890477
leaf_weight=1417.2217721939087 501.68269807100296 5436.7730625271797 1314.5607093125582 211.11491428315639 223.46617989242077 68.564787223935127 45.525208711624146
leaf_count=6506 2711 26268 7503 1063 1225 351 216
internal_value=-1.49184e-05 0.00416194 -0.0141023 0.00279073 -0.0158182 -0.00947453 0.00945638
internal_weight=9218.91 7110.63 2108.27 5647.89 1538.03 570.247 1462.75
internal_count=45843 34053 11790 27331 8728 3062 6722
is_linear=0
shrinkage=0.05


Tree=14
num_leaves=8
num_cat=0
split_feature=2 1 1 0 0 0 0
split_gain=196.969 18.5252 6.18741 1.82561 1.51169 0.86466 0.296909
threshold=1.0000000180025095e-35 1.0000000180025095e-35 1.0000000180025095e-35 1.0000000180025095e-35 1.0000000180025095e-35 1.0000000180025095e-35 1.0000000180025095e-35
decision_type=2 2 2 2 2 2 2
left_child=1 6 5 -3 -4 -2 -1
right_child=2 3 4 -5 -6 -7 -8
leaf_value=0.0090798282054234212 -0.0097682820244364386 0.0028249016904731794 -0.015811295136957584 -0.0019160847934647368 -0.01134833119491027 -0.0037751895872867058 0.0049819257547154203
leaf_weight=1422.0775543153286 499.06472697854042 5443.4828476309776 1302.6957957744598 210.92195220291615 222.08563573658466 68.43753907084465 45.619820952415466
leaf_count=6506 2711 26268 7503 1063 1225 351 216
internal_value=-1.50118e-05 0.00394724 -0.0135025 0.00264805 -0.0151613 -0.00904555 0.00895245
internal_weight=9214.39 7122.1 2092.28 5654.4 1524.78 567.502 1467.7
internal_count=45843 34053 11790 27331 8728 3062 6722
is_linear=0
shrinkage=0.05


Tree=15
num_leaves=8
num_cat=0
split_feature=2 1 1 0 0 0 0
split_gain=178.773 16.6266 5.71294 1.64515 1.40056 0.790067 0.26591
threshold=1.0000000180025095e-35 1.0000000180025095e-35 1.0000000180025095e-35 1.0000000180025095e-35 1.0000000180025095e-35 1.0000000180025095e-35 1.0000000180025095e-35
decision_type=2 2 2 2 2 2 2
left_child=1 6 5 -3 -4 -2 -1
right_child=2 3 4 -5 -6 -7 -8
leaf_value=0.0085975426264438132 -0.0093279284353231465 0.0026804416091366894 -0.015156719318509947 -0.0018219094207005326 -0.01084719343176631 -0.0035929625830933573 0.0047233296087278685
leaf_weight=1426.6367757022381 496.5591404736042 5449.8380028605461 1291.3048169016838 210.73830400407314 220.76319381594658 68.3162482380867 45.709202885627747
leaf_count=6506 2711 26268 7503 1063 1225 351 216
internal_value=-1.50312e-05 0.00374398 -0.0129247 0.00251282 -0.0145275 -0.00863434 0.00847727
internal_weight=9209.87 7132.92 2076.94 5660.58 1512.07 564.875 1472.35
internal_count=45843 34053 11790 27331 8728 3062 6722
is_linear=0
shrinkage=0.05


Tree=16
num_leaves=8
num_cat=0
split_feature=2 1 1 0 0 0 0
split_gain=162.231 14.9279 5.27095 1.48264 1.29655 0.721564 0.238272
threshold=1.0000000180025095e-35 1.0000000180025095e-35 1.0000000180025095e-35 1.0000000180025095e-35 1.0000000180025095e-35 1.0000000180025095e-35 1.0000000180025095e-35
decision_type=2 2 2 2 2 2 2
left_child=1 6 5 -3 -4 -2 -1
right_child=2 3 4 -5 -6 -7 -8
leaf_value=0.008142576804326172 -0.0089056455850224422 0.0025435340091934074 -0.014525025847002075 -0.0017322883201545869 -0.010365841887168947 -0.0034192543602941786 0.0044786684295944302
leaf_weight=1430.9196013212204 494.16210083663464 5455.8580994009972 1280.3755861222744 210.56354200839996 219.49697397649288 68.200658440589905 45.793660283088684
leaf_count=6506 2711 26268 7503 1063 1225 351 216
internal_value=-1.49821e-05 0.0035515 -0.0123685 0.00238464 -0.0139164 -0.00824028 0.00802896
internal_weight=9205.37 7143.13 2062.24 5666.42 1499.87 562.363 1476.71
internal_count=45843 34053 11790 27331 8728 3062 6722
is_linear=0
shrinkage=0.05


Tree=17
num_leaves=8
num_cat=0
split_feature=2 1 1 0 0 0 0
split_gain=147.194 13.4071 4.85956 1.33629 1.19927 0.658697 0.213611
threshold=1.0000000180025095e-35 1.0000000180025095e-35 1.0000000180025095e-35 1.0000000180025095e-35 1.0000000180025095e-35 1.0000000180025095e-35 1.0000000180025095e-35
decision_type=2 2 2 2 2 2 2
left_child=1 6 5 -3 -4 -2 -1
right_child=2 3 4 -5 -6 -7 -8
leaf_value=0.0077131789009905402 -0.0085008302100236643 0.0024137701989202804 -0.013915653616270958 -0.0016470073024377535 -0.009903658151616368 -0.0032536852388377023 0.0042471371519255821
leaf_weight=1434.9446449875832 491.86985114216805 5461.5619255900383 1269.8951342403889 210.39727021753788 218.28513257205486 68.090529084205627 45.873486042022705
leaf_count=6506 2711 26268 7503 1063 1225 351 216
internal_value=-1.48729e-05 0.00336922 -0.0118332 0.00226314 -0.0133272 -0.00786278 0.00760581
internal_weight=9200.92 7152.78 2048.14 5671.96 1488.18 559.96 1480.82
internal_count=45843 34053 11790 27331 8728 3062 6722
is_linear=0
shrinkage=0.05


Tree=18
num_leaves=8
num_cat=0
split_feature=2 1 1 0 0 0 0
split_gain=133.528 12.045 4.477 1.20448 1.10839 0.601036 0.191587
threshold=1.0000000180025095e-35 1.0000000180025095e-35 1.0000000180025095e-35 1.0000000180025095e-35 1.0000000180025095e-35 1.0000000180025095e-35 1.0000000180025095e-35
decision_type=2 2 2 2 2 2 2
left_child=1 6 5 -3 -4 -2 -1
right_child=2 3 4 -5 -6 -7 -8
leaf_value=0.0073077381990527676 -0.0081128786594561811 0.00229075563103179 -0.013328043487522076 -0.0015658672311002252 -0.009460033051939376 -0.0030958963157284567 0.0040279803960257014
leaf_weight=1438.7290663123131 489.67859406769276 5466.9667040705681 1259.850380256772 210.23906095325947 217.12580770254135 67.985603883862495 45.948953747749329
leaf_count=6506 2711 26268 7503 1063 1225 351 216
internal_value=-1.47145e-05 0.00319654 -0.0113182 0.00214794 -0.0127594 -0.00750125 0.00720623
internal_weight=9196.52 7161.88 2034.64 5677.21 1476.98 557.664 1484.68
internal_count=45843 34053 11790 27331 8728 3062 6722
is_linear=0
shrinkage=0.05


Tree=19
num_leaves=8
num_cat=0
split_feature=2 1 1 0 0 0 0
split_gain=121.11 10.8244 4.12159 1.08574 1.02356 0.54818 0.171905
threshold=1.0000000180025095e-35 1.0000000180025095e-35 1.0000000180025095e-35 1.0000000180025095e-35 1.0000000180025095e-35 1.0000000180025095e-35 1.0000000180025095e-35
decision_type=2 2 2 2 2 2 2
left_child=1 6 5 -3 -4 -2 -1
right_child=2 3 4 -5 -6 -7 -8
leaf_value=0.0069247651334030554 -0.0077412030327783576 0.0021741238976175641 -0.012761654454502848 -0.0014886670835465375 -0.0090343722028695325 -0.0029455457137886843 0.0038204897365984357
leaf_weight=1442.2887645959854 487.5845322906971 5472.0888746380806 1250.2281313687563 210.08856573700905 216.01713746786118 67.885663166642189 46.020314455032349
leaf_count=6506 2711 26268 7503 1063 1225 351 216
internal_value=-1.45157e-05 0.00303293 -0.010823 0.0020387 -0.0122125 -0.00715511 0.00682878
internal_weight=9192.2 7170.49 2021.72 5682.18 1466.25 555.47 1488.31
internal_count=45843 34053 11790 27331 8728 3062 6722
is_linear=0
shrinkage=0.05


Tree=20
num_leaves=8
num_cat=0
split_feature=2 1 1 0 0 0 0
split_gain=109.829 9.73006 3.79168 0.978765 0.944481 0.49976 0.154304
threshold=1.0000000180025095e-35 1.0000000180025095e-35 1.0000000180025095e-35 1.0000000180025095e-35 1.0000000180025095e-35 1.0000000180025095e-35 1.0000000180025095e-35
decision_type=2 2 2 2 2 2 2
left_child=1 6 5 -3 -4 -2 -1
right_child=2 3 4 -5 -6 -7 -8
leaf_value=0.0065628825344830862 -0.0073852374088524105 0.0020635376254199583 -0.012215949584437127 -0.0014152208011974706 -0.0086260804412662175 -0.0028023020282620711 0.0036240104848324541
leaf_weight=1445.6384757757187 485.58403007686138 5476.943311393261 1241.0147475600243 209.94538857042789 214.95731472969055 67.79047679901123 46.087809562683105
leaf_count=6506 2711 26268 7503 1063 1225 351 216
internal_value=-1.42793e-05 0.0028779 -0.0103469 0.00193511 -0.0116859 -0.00682381 0.00647208
internal_weight=9187.96 7178.61 2009.35 5686.89 1455.97 553.375 1491.73
internal_count=45843 34053 11790 27331 8728 3062 6722
is_linear=0
shrinkage=0.05


Tree=21
num_leaves=8
num_cat=0
split_feature=2 1 1 0 0 0 0
split_gain=99.5815 8.74849 3.48573 0.88239 0.870816 0.455429 0.138554
threshold=1.0000000180025095e-35 1.0000000180025095e-35 1.0000000180025095e-35 1.0000000180025095e-35 1.0000000180025095e-35 1.0000000180025095e-35 1.0000000180025095e-35
decision_type=2 2 2 2 2 2 2
left_child=1 6 5 -3 -4 -2 -1
right_child=2 3 4 -5 -6 -7 -8
leaf_value=0.0062208088842507191 -0.0070444195717683025 0.0019586734631188156 -0.01169038630656339 -0.00134535914840949 -0.0082345910442000649 -0.0026658417847390263 0.003437921998478686
leaf_weight=1448.7918693721294 483.67353248596191 5481.5452798604965 1232.1968124210835 209.80919681489468 213.9445323497057 67.699830338358879 46.151657938957214
leaf_count=6506 2711 26268 7503 1063 1225 351 216
internal_value=-1.40102e-05 0.00273098 -0.00988943 0.00183687 -0.0111791 -0.0065068 0.0061349
internal_weight=9183.81 7186.3 1997.51 5691.35 1446.14 551.373 1494.94
internal_count=45843 34053 11790 27331 8728 3062 6722
is_linear=0
shrinkage=0.05


Tree=22
num_leaves=8
num_cat=0
split_feature=2 1 1 0 0 0 0
split_gain=90.2757 7.86774 3.20226 0.802273 0.795548 0.414862 0.124453
threshold=1.0000000180025095e-35 1.0000000180025095e-35 1.0000000180025095e-35 1.0000000180025095e-35 1.0000000180025095e-35 1.0000000180025095e-35 1.0000000180025095e-35
decision_type=2 2 2 2 2 2 2
left_child=1 6 5 -4 -3 -2 -1
right_child=2 4 3 -5 -6 -7 -8
leaf_value=0.0058973622305364673 -0.0067181987125935171 0.0018592228028835409 -0.011184439688179119 -0.0078593350898267019 -0.0012789002628740311 -0.0025358674928467623 0.0032616440606082321
leaf_weight=1451.7614515423775 481.84940378367901 5485.907305598259 1223.7607977390289 212.97698318958282 209.67964199185371 67.613525032997131 46.212068796157837
leaf_count=6506 2711 26268 7503 1225 1063 351 216
internal_value=-1.3715e-05 0.00259171 -0.00944998 -0.0106915 0.00174369 -0.00620355 0.00581605
internal_weight=9179.76 7193.56 1986.2 1436.74 5695.59 549.463 1497.97
internal_count=45843 34053 11790 8728 27331 3062 6722
is_linear=0
shrinkage=0.05


Tree=23
num_leaves=8
num_cat=0
split_feature=2 1 1 0 0 0 0
split_gain=81.8263 7.07717 2.93986 0.738561 0.717293 0.377761 0.11182
threshold=1.0000000180025095e-35 1.0000000180025095e-35 1.0000000180025095e-35 1.0000000180025095e-35 1.0000000180025095e-35 1.0000000180025095e-35 1.0000000180025095e-35
decision_type=2 2 2 2 2 2 2
left_child=1 6 5 -4 -3 -2 -1
right_child=2 4 3 -5 -6 -7 -8
leaf_value=0.0055914339274192731 -0.0064060460716446003 0.0017648985016511559 -0.010697584508051979 -0.0074997612852093394 -0.0012156896636224598 -0.0024120859051006069 0.0030946311885865167
leaf_weight=1454.5590498149395 480.10833141207695 5490.0434798598289 1215.6930634975433 212.05295138061047 209.55643898248672 67.531356900930405 46.269241690635681
leaf_count=6506 2711 26268 7503 1225 1063 351 216
internal_value=-1.33985e-05 0.0024597 -0.00902802 -0.0102226 0.00165531 -0.00591354 0.00551446
internal_weight=9175.81 7200.43 1975.39 1427.75 5699.6 547.64 1500.83
internal_count=45843 34053 11790 8728 27331 3062 6722
is_linear=0
shrinkage=0.05


Tree=24
num_leaves=8
num_cat=0
split_feature=2 1 1 0 0 0 0
split_gain=74.1558 6.36733 2.69719 0.6794 0.646765 0.343848 0.100498
threshold=1.0000000180025095e-35 1.0000000180025095e-35 1.0000000180025095e-35 1.0000000180025095e-35 1.0000000180025095e-35 1.0000000180025095e-35 1.0000000180025095e-35
decision_type=2 2 2 2 2 2 2
left_child=1 6 5 -4 -3 -2 -1
right_child=2 4 3 -5 -6 -7 -8
leaf_value=0.0053019983206563778 -0.0061074304979374452 0.0016754217446941829 -0.010229296771241901 -0.0071553220412408428 -0.0011555686392468784 -0.0022942096241466594 0.0029363765452064192
leaf_weight=1457.1956191956997 478.44684122502804 5493.9651539325714 1207.9806405007839 211.17072105407715 209.43927098810673 67.453137651085854 46.32335364818573
leaf_count=6506 2711 26268 7503 1225 1063 351 216
internal_value=-1.30681e-05 0.00233453 -0.00862299 -0.00977189 0.00157146 -0.00563626 0.00522911
internal_weight=9171.97 7206.92 1965.05 1419.15 5703.4 545.9 1503.52
internal_count=45843 34053 11790 8728 27331 3062 6722
is_linear=0
shrinkage=0.05


Tree=25
num_leaves=8
num_cat=0
split_feature=2 1 1 0 0 0 0
split_gain=67.194 5.72975 2.47296 0.624522 0.5832 0.312867 0.0903471
threshold=1.0000000180025095e-35 1.0000000180025095e-35 1.0000000180025095e-35 1.0000000180025095e-35 1.0000000180025095e-35 1.0000000180025095e-35 1.0000000180025095e-35
decision_type=2 2 2 2 2 2 2
left_child=1 6 5 -4 -3 -2 -1
right_child=2 4 3 -5 -6 -7 -8
leaf_value=0.0050280964619981968 -0.0058218517599869235 0.0015905454028894352 -0.0097790617771777583 -0.0068254882291006284 -0.0010983866969871572 -0.002181967583482648 0.0027863910640249837
leaf_weight=1459.6812421679497 476.86174185574055 5497.6840705275536 1200.6101123392582 210.32863110303879 209.32783704996109 67.378684222698212 46.374581694602966
leaf_count=6506 2711 26268 7503 1225 1063 351 216
internal_value=-1.27226e-05 0.00221584 -0.00823437 -0.00933877 0.00149192 -0.00537122 0.00495907
internal_weight=9168.25 7213.07 1955.18 1410.94 5707.01 544.24 1506.06
internal_count=45843 34053 11790 8728 27331 3062 6722
is_linear=0
shrinkage=0.05


Tree=26
num_leaves=8
num_cat=0
split_feature=2 1 1 0 0 0 0
split_gain=60.8766 5.15689 2.26595 0.573668 0.525908 0.284576 0.0812401
threshold=1.0000000180025095e-35 1.0000000180025095e-35 1.0000000180025095e-35 1.0000000180025095e-35 1.0000000180025095e-35 1.0000000180025095e-35 1.0000000180025095e-35
decision_type=2 2 2 2 2 2 2
left_child=1 6 5 -4 -3 -2 -1
right_child=2 4 3 -5 -6 -7 -8
leaf_value=0.0047688301422641761 -0.0055488126806586269 0.0015100251186439598 -0.0093463604731868904 -0.0065097350214398698 -0.0010440087232029037 -0.0020751112505609116 0.002644235860562292
leaf_weight=1462.025322586298 475.34988233447075 5501.2107980847359 1193.5686216205359 209.52505692839622 209.22186788916588 67.307824015617371 46.423089981079102
leaf_count=6506 2711 26268 7503 1225 1063 351 216
internal_value=-1.23663e-05 0.0021033 -0.00786163 -0.00892277 0.00141645 -0.00511796 0.00470344
internal_weight=9164.63 7218.88 1945.75 1403.09 5710.43 542.658 1508.45
internal_count=45843 34053 11790 8728 27331 3062 6722
is_linear=0
shrinkage=0.05


Tree=27
num_leaves=8
num_cat=0
split_feature=2 1 1 0 0 0 0
split_gain=55.1448 4.64207 2.075 0.526585 0.474265 0.258755 0.0730679
threshold=1.0000000180025095e-35 1.0000000180025095e-35 1.0000000180025095e-35 1.0000000180025095e-35 1.0000000180025095e-35 1.0000000180025095e-35 1.0000000180025095e-35
decision_type=2 2 2 2 2 2 2
left_child=1 6 5 -4 -3 -2 -1
right_child=2 4 3 -5 -6 -7 -8
leaf_value=0.0045233654046152741 -0.005287830909315133 0.0014336275005218931 -0.0089306747215957549 -0.0062075586348089018 -0.00099230253971383225 -0.0019733860398799459 0.0025094747274598903
leaf_weight=1464.2365856766701 473.90811169147491 5504.5555136203766 1186.8436463624239 208.75841043889523 209.12111006677151 67.240389660000801 46.46902334690094
leaf_count=6506 2711 26268 7503 1225 1063 351 216
internal_value=-1.20041e-05 0.00199655 -0.00750424 -0.00852334 0.00134484 -0.00487599 0.00446142
internal_weight=9161.13 7224.38 1936.75 1395.6 5713.68 541.149 1510.71
internal_count=45843 34053 11790 8728 27331 3062 6722
is_linear=0
shrinkage=0.05


Tree=28
num_leaves=8
num_cat=0
split_feature=2 1 1 0 0 0 0
split_gain=49.9455 4.17927 1.89902 0.483041 0.427709 0.235202 0.0657319
threshold=1.0000000180025095e-35 1.0000000180025095e-35 1.0000000180025095e-35 1.0000000180025095e-35 1.0000000180025095e-35 1.0000000180025095e-35 1.0000000180025095e-35
decision_type=2 2 2 2 2 2 2
left_child=1 6 5 -4 -3 -2 -1
right_child=2 4 3 -5 -6 -7 -8
leaf_value=0.004290922425659832 -0.0050384398062024022 0.0013611415038418894 -0.0085315064011921207 -0.0059184537946244207 -0.00094312707974221271 -0.0018765511070344141 0.0023817099889798278
leaf_weight=1466.3233688771725 472.5334809422493 5507.7283941507339 1180.4226645827293 208.02715830504894 209.02529430389404 67.176219016313553 46.512529850006104
leaf_count=6506 2711 26268 7503 1225 1063 351 216
internal_value=-1.16354e-05 0.00189531 -0.00716169 -0.00814 0.00127689 -0.00464489 0.00423222
internal_weight=9157.75 7229.59 1928.16 1388.45 5716.75 539.71 1512.84
internal_count=45843 34053 11790 8728 27331 3062 6722
is_linear=0
shrinkage=0.05


Tree=29
num_leaves=8
num_cat=0
split_feature=2 1 1 0 0 0 0
split_gain=45.23 3.76314 1.73697 0.442804 0.38574 0.213724 0.0591435
threshold=1.0000000180025095e-35 1.0000000180025095e-35 1.0000000180025095e-35 1.0000000180025095e-35 1.0000000180025095e-35 1.0000000180025095e-35 1.0000000180025095e-35
decision_type=2 2 2 2 2 2 2
left_child=1 6 5 -4 -3 -2 -1
right_child=2 4 3 -5 -6 -7 -8
leaf_value=0.0040707634729083347 -0.0048001767410206925 0.0012923614439817916 -0.008148345108220708 -0.0056419401579815391 -0.00089637298765009657 -0.001784387330498248 0.0022605729296749271
leaf_weight=1468.2930401563644 471.22312189638615 5510.737659573555 1174.2936015129089 207.32984021306038 208.9341988414526 67.115160405635834 46.553741455078125
leaf_count=6506 2711 26268 7503 1225 1063 351 216
internal_value=-1.12636e-05 0.00179928 -0.00683347 -0.00777223 0.00121241 -0.0044242 0.00401513
internal_weight=9154.48 7234.52 1919.96 1381.62 5719.67 538.338 1514.85
internal_count=45843 34053 11790 8728 27331 3062 6722
is_linear=0
shrinkage=0.05


Tree=30
num_leaves=8
num_cat=0
split_feature=2 1 1 0 0 0 0
split_gain=40.9541 3.38891 1.58786 0.405662 0.347899 0.194149 0.0532256
threshold=1.0000000180025095e-35 1.0000000180025095e-35 1.0000000180025095e-35 1.0000000180025095e-35 1.0000000180025095e-35 1.0000000180025095e-35 1.0000000180025095e-35
decision_type=2 2 2 2 2 2 2
left_child=1 6 5 -4 -3 -2 -1
right_child=2 4 3 -5 -6 -7 -8
leaf_value=0.0038622045452817821 -0.0045726067170222722 0.0012270889768121729 -0.0077807013677707142 -0.0053775390468066876 -0.00085191507546698332 -0.001696678148799246 0.0021456952164025139
leaf_weight=1470.1528705358505 469.9742471575737 5513.5930954813957 1168.4446059912443 206.66497759521008 208.84758608043194 67.05707260966301 46.592786908149719
leaf_count=6506 2711 26268 7503 1225 1063 351 216
internal_value=-1.08941e-05 0.00170817 -0.00651911 -0.00741953 0.00115121 -0.0042135 0.00380948
internal_weight=9151.33 7239.19 1912.14 1375.11 5722.44 537.031 1516.75
internal_count=45843 34053 11790 8728 27331 3062 6722
is_linear=0
shrinkage=0.05


Tree=31
num_leaves=8
num_cat=0
split_feature=2 1 1 0 0 0 0
split_gain=37.0775 3.05225 1.45077 0.371403 0.313785 0.176315 0.0479078
threshold=1.0000000180025095e-35 1.0000000180025095e-35 1.0000000180025095e-35 1.0000000180025095e-35 1.0000000180025095e-35 1.0000000180025095e-35 1.0000000180025095e-35
decision_type=2 2 2 2 2 2 2
left_child=1 6 5 -4 -3 -2 -1
right_child=2 4 3 -5 -6 -7 -8
leaf_value=0.0036645987146467249 -0.0043552915077290323 0.0011651507499306271 -0.0074280684993642794 -0.0051247890982497402 -0.00080964961386163303 -0.0016132084966075492 0.0020367499542634795
leaf_weight=1471.9093554615974 468.78419052064419 5516.3013560771942 1162.8642740696669 206.03121966123581 208.76525010168552 67.001803949475288 46.62978208065033
leaf_count=6506 2711 26268 7503 1225 1063 351 216
internal_value=-1.05217e-05 0.00162174 -0.00621809 -0.0070814 0.00109314 -0.00401238 0.00361461
internal_weight=9148.29 7243.61 1904.68 1368.9 5725.07 535.786 1518.54
internal_count=45843 34053 11790 8728 27331 3062 6722
is_linear=0
shrinkage=0.05


Tree=32
num_leaves=8
num_cat=0
split_feature=2 1 1 0 0 0 0
split_gain=33.5635 2.74938 1.32482 0.339832 0.283022 0.160075 0.0431282
threshold=1.0000000180025095e-35 1.0000000180025095e-35 1.0000000180025095e-35 1.0000000180025095e-35 1.0000000180025095e-35 1.0000000180025095e-35 1.0000000180025095e-35
decision_type=2 2 2 2 2 2 2
left_child=1 6 5 -4 -3 -2 -1
right_child=2 4 3 -5 -6 -7 -8
leaf_value=0.0034773463896972407 -0.0041478240200833183 0.0011063599453992985 -0.007089966905823801 -0.0048832422805636204 -0.00076946271912566554 -0.0015337834284232825 0.0019334236399493399
leaf_weight=1473.5686995387077 467.65032617747784 5518.871444106102 1157.5415372103453 205.42717911303043 208.68696914613247 66.949234127998352 46.664839625358582
leaf_count=6506 2711 26268 7503 1225 1063 351 216
internal_value=-1.01566e-05 0.00153973 -0.00592996 -0.00675737 0.00103801 -0.00382046 0.00342995
internal_weight=9145.36 7247.79 1897.57 1362.97 5727.56 534.6 1520.23
internal_count=45843 34053 11790 8728 27331 3062 6722
is_linear=0
shrinkage=0.05


Tree=33
num_leaves=8
num_cat=0
split_feature=2 1 1 0 0 0 0
split_gain=30.3787 2.47683 1.2092 0.310765 0.255284 0.145292 0.0388312
threshold=1.0000000180025095e-35 1.0000000180025095e-35 1.0000000180025095e-35 1.0000000180025095e-35 1.0000000180025095e-35 1.0000000180025095e-35 1.0000000180025095e-35
decision_type=2 2 2 2 2 2 2
left_child=1 6 5 -4 -3 -2 -1
right_child=2 4 3 -5 -6 -7 -8
leaf_value=0.003299875500409338 -0.0039497969942231302 0.0010505653061759191 -0.0067659169886263096 -0.004652461632860665 -0.0007312599463957756 -0.0014582080845917966 0.0018354110739366943
leaf_weight=1475.1368165314198 466.57018990814686 5521.3100137710571 1152.4653268754482 204.85157817602158 208.61255313456059 66.899227157235146 46.698065757751465
leaf_count=6506 2711 26268 7503 1225 1063 351 216
internal_value=-9.79319e-06 0.00146191 -0.00565424 -0.00644695 0.000985693 -0.00363734 0.00325494
internal_weight=9142.54 7251.76 1890.79 1357.32 5729.92 533.469 1521.83
internal_count=45843 34053 11790 8728 27331 3062 6722
is_linear=0
shrinkage=0.05


Tree=34
num_leaves=8
num_cat=0
split_feature=2 1 1 0 0 0 0
split_gain=27.4928 2.23151 1.10314 0.284027 0.230272 0.131839 0.0349673
threshold=1.0000000180025095e-35 1.0000000180025095e-35 1.0000000180025095e-35 1.0000000180025095e-35 1.0000000180025095e-35 1.0000000180025095e-35 1.0000000180025095e-35
decision_type=2 2 2 2 2 2 2
left_child=1 6 5 -4 -3 -2 -1
right_child=2 4 3 -5 -6 -7 -8
leaf_value=0.003131652082433007 -0.0037608154824710022 0.00099761041913310681 -0.0064554433652113845 -0.0044320111272819268 -0.00069493896321295523 -0.0013863124733020931 0.0017424326765324368
leaf_weight=1476.618844628334 465.54139828681946 5523.6237192749977 1147.6254689544439 204.30317558348179 208.54179614782333 66.85166797041893 46.729560256004333
leaf_count=6506 2711 26268 7503 1225 1063 351 216
internal_value=-9.43315e-06 0.00138807 -0.00539048 -0.00614966 0.000936034 -0.00346265 0.00308904
internal_weight=9139.84 7255.51 1884.32 1351.93 5732.17 532.393 1523.35
internal_count=45843 34053 11790 8728 27331 3062 6722
is_linear=0
shrinkage=0.05


Tree=35
num_leaves=8
num_cat=0
split_feature=2 1 1 0 0 0 0
split_gain=24.8781 2.0107 1.0059 0.259446 0.207715 0.119603 0.031492
threshold=1.0000000180025095e-35 1.0000000180025095e-35 1.0000000180025095e-35 1.0000000180025095e-35 1.0000000180025095e-35 1.0000000180025095e-35 1.0000000180025095e-35
decision_type=2 2 2 2 2 2 2
left_child=1 6 5 -4 -3 -2 -1
right_child=2 4 3 -5 -6 -7 -8
leaf_value=0.00297217567863459 -0.0035805088959170485 0.00094734153332599088 -0.0061580741469711361 -0.0042214892993056134 -0.00066040977143000195 -0.0013179112774781591 0.0016542265274750825
leaf_weight=1478.0199220180511 464.56160828471184 5525.8196062445641 1143.0117893368006 203.78074832260609 208.47455562651157 66.806431040167809 46.759416460990906
leaf_count=6506 2711 26268 7503 1225 1063 351 216
internal_value=-9.08111e-06 0.001318 -0.00513823 -0.00586505 0.000888891 -0.00329604 0.00293176
internal_weight=9137.23 7259.07 1878.16 1346.79 5734.29 531.368 1524.78
internal_count=45843 34053 11790 8728 27331 3062 6722
is_linear=0
shrinkage=0.05


Tree=36
num_leaves=8
num_cat=0
split_feature=2 1 1 0 0 0 0
split_gain=22.5095 1.8119 0.916822 0.236869 0.187373 0.108476 0.0283655
threshold=1.0000000180025095e-35 1.0000000180025095e-35 1.0000000180025095e-35 1.0000000180025095e-35 1.0000000180025095e-35 1.0000000180025095e-35 1.0000000180025095e-35
decision_type=2 2 2 2 2 2 2
left_child=1 6 5 -4 -3 -2 -1
right_child=2 4 3 -5 -6 -7 -8
leaf_value=0.002820974952036176 -0.0034085107538668509 0.00089962759974471186 -0.0058733601141034786 -0.004020490707368882 -0.00062758526912342922 -0.0012528445210668768 0.0015705414892571391
leaf_weight=1479.3448960483074 463.62863846123219 5527.9031546115875 1138.6143375188112 203.28314639627934 208.41062565147877 66.763406530022621 46.787721276283264
leaf_count=6506 2711 26268 7503 1225 1063 351 216
internal_value=-8.73388e-06 0.0012515 -0.00489706 -0.00559267 0.000844141 -0.00313717 0.00278264
internal_weight=9134.74 7262.45 1872.29 1341.9 5736.31 530.392 1526.13
internal_count=45843 34053 11790 8728 27331 3062 6722
is_linear=0
shrinkage=0.05


Tree=37
num_leaves=8
num_cat=0
split_feature=2 1 1 0 0 0 0
split_gain=20.3642 1.63288 0.835272 0.216148 0.169027 0.0983623 0.0255522
threshold=1.0000000180025095e-35 1.0000000180025095e-35 1.0000000180025095e-35 1.0000000180025095e-35 1.0000000180025095e-35 1.0000000180025095e-35 1.0000000180025095e-35
decision_type=2 2 2 2 2 2 2
left_child=1 6 5 -4 -3 -2 -1
right_child=2 4 3 -5 -6 -7 -8
leaf_value=0.0026775956107769521 -0.0032444601586030931 0.00085433006792163331 -0.0056008448096635912 -0.003828625937293897 -0.00059638490519565187 -0.0011909485717497181 0.0014911342910751222
leaf_weight=1480.5979354381561 462.74030737578869 5529.8810185790062 1134.4238338172436 202.80925631523132 208.34986366331577 66.722495064139366 46.814558386802673
leaf_count=6506 2711 26268 7503 1225 1063 351 216
internal_value=-8.39675e-06 0.00118838 -0.00466654 -0.00533206 0.000801656 -0.00298568 0.00264123
internal_weight=9132.34 7265.64 1866.7 1337.23 5738.23 529.463 1527.41
internal_count=45843 34053 11790 8728 27331 3062 6722
is_linear=0
shrinkage=0.05


Tree=38
num_leaves=8
num_cat=0
split_feature=2 1 1 0 0 0 0
split_gain=18.4215 1.47167 0.760653 0.197144 0.152482 0.0891722 0.0230203
threshold=1.0000000180025095e-35 1.0000000180025095e-35 1.0000000180025095e-35 1.0000000180025095e-35 1.0000000180025095e-35 1.0000000180025095e-35 1.0000000180025095e-35
decision_type=2 2 2 2 2 2 2
left_child=1 6 5 -4 -3 -2 -1
right_child=2 4 3 -5 -6 -7 -8
leaf_value=0.0025416266625406031 -0.0030880337181891683 0.0008113341605347819 -0.0053400931231514688 -0.0036455193731072901 -0.00056673032167067164 -0.0011320801450625008 0.0014157903493223999
leaf_weight=1481.78340280056 461.89463557302952 5531.7578952312469 1130.4312221556902 202.3579828441143 208.2921112626791 66.683586806058884 46.840005040168762
leaf_count=6506 2711 26268 7503 1225 1063 351 216
internal_value=-8.06467e-06 0.00112847 -0.00444627 -0.00508281 0.000761328 -0.00284128 0.00250713
internal_weight=9130.04 7268.67 1861.37 1332.79 5740.05 528.578 1528.62
internal_count=45843 34053 11790 8728 27331 3062 6722
is_linear=0
shrinkage=0.05


Tree=39
num_leaves=8
num_cat=0
split_feature=2 1 1 0 0 0 0
split_gain=16.6624 1.32648 0.692426 0.179727 0.137559 0.0808232 0.0207417
threshold=1.0000000180025095e-35 1.0000000180025095e-35 1.0000000180025095e-35 1.0000000180025095e-35 1.0000000180025095e-35 1.0000000180025095e-35 1.0000000180025095e-35
decision_type=2 2 2 2 2 2 2
left_child=1 6 5 -4 -3 -2 -1
right_child=2 4 3 -5 -6 -7 -8
leaf_value=0.0024126738622977061 -0.0029388840918675879 0.00077051261291263872 -0.0050906661125297127 -0.0034708057532274851 -0.00053853725591047582 -0.0010760903959233785 0.0013442882719353253
leaf_weight=1482.9049821197987 461.08964359760284 5533.5392645001411 1126.6275582611561 201.9283402711153 208.23721005022526 66.64659284055233 46.86413848400116
leaf_count=6506 2711 26268 7503 1225 1063 351 216
internal_value=-7.7414e-06 0.00107161 -0.00423583 -0.00484446 0.000723037 -0.00270364 0.00237994
internal_weight=9127.84 7271.55 1856.29 1328.56 5741.78 527.736 1529.77
internal_count=45843 34053 11790 8728 27331 3062 6722
is_linear=0
shrinkage=0.05


Tree=40
num_leaves=8
num_cat=0
split_feature=2 1 1 0 0 0 0
split_gain=15.0697 1.19569 0.630072 0.163775 0.124097 0.0732422 0.0186901
threshold=1.0000000180025095e-35 1.0000000180025095e-35 1.0000000180025095e-35 1.0000000180025095e-35 1.0000000180025095e-35 1.0000000180025095e-35 1.0000000180025095e-35
decision_type=2 2 2 2 2 2 2
left_child=1 6 5 -4 -3 -2 -1
right_child=2 4 3 -5 -6 -7 -8
leaf_value=0.0022903537902060943 -0.0027967110813007789 0.00073175662350879501 -0.0048521461787869452 -0.0033041334084878853 -0.00051173783834161256 -0.001022835345076988 0.0012764313468933107
leaf_weight=1483.9664543271065 460.32343278825283 5535.2302148938179 1123.0045686811209 201.51930637657642 208.18503330647945 66.611419022083282 46.887026309967041
leaf_count=6506 2711 26268 7503 1225 1063 351 216
internal_value=-7.42863e-06 0.00101764 -0.00403485 -0.00461662 0.000686683 -0.00257247 0.0022593
internal_weight=9125.73 7274.27 1851.46 1324.52 5743.42 526.935 1530.85
internal_count=45843 34053 11790 8728 27331 3062 6722
is_linear=0
shrinkage=0.05


Tree=41
num_leaves=8
num_cat=0
split_feature=2 1 1 0 0 0 0
split_gain=13.6281 1.07788 0.57312 0.149174 0.111957 0.0663589 0.016843
threshold=1.0000000180025095e-35 1.0000000180025095e-35 1.0000000180025095e-35 1.0000000180025095e-35 1.0000000180025095e-35 1.0000000180025095e-35 1.0000000180025095e-35
decision_type=2 2 2 2 2 2 2
left_child=1 6 5 -4 -3 -2 -1
right_child=2 4 3 -5 -6 -7 -8
leaf_value=0.0021743284950335113 -0.0026612019874163377 0.00069496223611718714 -0.0046241191876932397 -0.0031451636934377507 -0.00048627358239254696 -0.00097219738293280249 0.0012120375813205056
leaf_weight=1484.9712125658989 459.59422567486763 5536.8354434967041 1119.5540917664766 201.12993195652962 208.1354543119669 66.577971205115318 46.908736109733582
leaf_count=6506 2711 26268 7503 1225 1063 351 216
internal_value=-7.12287e-06 0.0009664 -0.00384293 -0.00439889 0.000652167 -0.00244749 0.00214486
internal_weight=9123.71 7276.85 1846.86 1320.68 5744.97 526.172 1531.88
internal_count=45843 34053 11790 8728 27331 3062 6722
is_linear=0
shrinkage=0.05


Tree=42
num_leaves=8
num_cat=0
split_feature=2 1 1 0 0 0 0
split_gain=12.3232 0.971732 0.521131 0.135818 0.101006 0.0601115 0.0151796
threshold=1.0000000180025095e-35 1.0000000180025095e-35 1.0000000180025095e-35 1.0000000180025095e-35 1.0000000180025095e-35 1.0000000180025095e-35 1.0000000180025095e-35
decision_type=2 2 2 2 2 2 2
left_child=1 6 5 -4 -3 -2 -1
right_child=2 4 3 -5 -6 -7 -8
leaf_value=0.0020642538728469369 -0.0025320648673057191 0.00066002722795825144 -0.0044061848060115236 -0.0029935684830291243 -0.00046206503394056542 -0.0009240419907134991 0.0011509176890508105
leaf_weight=1485.9223591387272 458.90028518438339 5538.3588645458221 1116.2683012783527 200.75934082269669 208.08831466734409 66.546176165342331 46.929329037666321
leaf_count=6506 2711 26268 7503 1225 1063 351 216
internal_value=-6.82739e-06 0.00091776 -0.00365971 -0.00419085 0.000619394 -0.00232841 0.00203629
internal_weight=9121.77 7279.3 1842.47 1317.03 5746.45 525.446 1532.85
internal_count=45843 34053 11790 8728 27331 3062 6722
is_linear=0
shrinkage=0.05


Tree=43
num_leaves=8
num_cat=0
split_feature=2 1 1 0 0 0 0
split_gain=11.1423 0.876086 0.473695 0.123609 0.0911279 0.0544426 0.0136817
threshold=1.0000000180025095e-35 1.0000000180025095e-35 1.0000000180025095e-35 1.0000000180025095e-35 1.0000000180025095e-35 1.0000000180025095e-35 1.0000000180025095e-35
decision_type=2 2 2 2 2 2 2
left_child=1 6 5 -4 -3 -2 -1
right_child=2 4 3 -5 -6 -7 -8
leaf_value=0.0019598204625538101 -0.0024090176860566011 0.00062685824225076762 -0.0041979467658284642 -0.0028490252269942461 -0.00043906030339502965 -0.00087825168048289023 0.0010929016745780255
leaf_weight=1486.8228994011879 458.23999543488026 5539.8055665493011 1113.1398181915283 200.40662027895451 208.0435351729393 66.515944987535477 46.948866248130798
leaf_count=6506 2711 26268 7503 1225 1063 351 216
internal_value=-6.54015e-06 0.000871584 -0.00348484 -0.00399214 0.000588277 -0.00221498 0.00193328
internal_weight=9119.92 7281.62 1838.3 1313.55 5747.85 524.756 1533.77
internal_count=45843 34053 11790 8728 27331 3062 6722
is_linear=0
shrinkage=0.05


Tree=44
num_leaves=8
num_cat=0
split_feature=2 1 1 0 0 0 0
split_gain=10.0737 0.789902 0.430436 0.112454 0.0822173 0.0493006 0.0123324
threshold=1.0000000180025095e-35 1.0000000180025095e-35 1.0000000180025095e-35 1.0000000180025095e-35 1.0000000180025095e-35 1.0000000180025095e-35 1.0000000180025095e-35
decision_type=2 2 2 2 2 2 2
left_child=1 6 5 -4 -3 -2 -1
right_child=2 4 3 -5 -6 -7 -8
leaf_value=0.0018607336094813636 -0.0022917902475118631 0.00059536310717389737 -0.0039990298022246993 -0.0027112337321272928 -0.00041719723738179067 -0.00083470401821434965 0.0010378387328093485
leaf_weight=1487.6757417619228 457.61174054443836 5541.178680896759 1110.1612634807825 200.07098540663719 208.00095742940903 66.487204447388649 46.9673992395401
leaf_count=6506 2711 26268 7503 1225 1063 351 216
internal_value=-6.26285e-06 0.000827745 -0.00331797 -0.00380238 0.000558729 -0.00210694 0.00183555
internal_weight=9118.15 7283.82 1834.33 1310.23 5749.18 524.099 1534.64
internal_count=45843 34053 11790 8728 27331 3062 6722
is_linear=0
shrinkage=0.05


Tree=45
num_leaves=8
num_cat=0
split_feature=2 1 1 0 0 0 0
split_gain=9.10687 0.712232 0.391005 0.102269 0.0741785 0.0446368 0.011117
threshold=1.0000000180025095e-35 1.0000000180025095e-35 1.0000000180025095e-35 1.0000000180025095e-35 1.0000000180025095e-35 1.0000000180025095e-35 1.0000000180025095e-35
decision_type=2 2 2 2 2 2 2
left_child=1 6 5 -4 -3 -2 -1
right_child=2 4 3 -5 -6 -7 -8
leaf_value=0.0017667121023920672 -0.0021801236224050446 0.00056545788183403516 -0.0038090632051450408 -0.0025798977679971492 -0.00039641396175982133 -0.0007933053825031804 0.00098556560976047571
leaf_weight=1488.4835037887096 457.01402582228184 5542.4821218252182 1107.3260407447815 199.75159652531147 207.96050223708153 66.459881320595741 46.984979510307312
leaf_count=6506 2711 26268 7503 1225 1063 351 216
internal_value=-5.99501e-06 0.000786124 -0.00315877 -0.00362122 0.000530672 -0.00200405 0.00174281
internal_weight=9116.46 7285.91 1830.55 1307.08 5750.44 523.474 1535.47
internal_count=45843 34053 11790 8728 27331 3062 6722
is_linear=0
shrinkage=0.05


Tree=46
num_leaves=8
num_cat=0
split_feature=2 1 1 0 0 0 0
split_gain=8.23221 0.642234 0.35508 0.0929743 0.066927 0.0404083 0.010022
threshold=1.0000000180025095e-35 1.0000000180025095e-35 1.0000000180025095e-35 1.0000000180025095e-35 1.0000000180025095e-35 1.0000000180025095e-35 1.0000000180025095e-35
decision_type=2 2 2 2 2 2 2
left_child=1 6 5 -4 -3 -2 -1
right_child=2 4 3 -5 -6 -7 -8
leaf_value=0.0016774925311903222 -0.0020737677667218876 0.00053706072020724856 -0.0036276867202663099 -0.0024547343671838875 -0.00037666467977096263 -0.00075394177841397406 0.00093594695058006247
leaf_weight=1489.2487061023712 456.44539697468281 5543.719803571701 1104.6273299753666 199.44772347807884 207.92205871641636 66.433907613158226 47.001664996147156
leaf_count=6506 2711 26268 7503 1225 1063 351 216
internal_value=-5.73682e-06 0.000746607 -0.00300691 -0.00344829 0.00050403 -0.00190608 0.0016548
internal_weight=9114.85 7287.89 1826.95 1304.08 5751.64 522.879 1536.25
internal_count=45843 34053 11790 8728 27331 3062 6722
is_linear=0
shrinkage=0.05


Tree=47
num_leaves=8
num_cat=0
split_feature=2 1 1 0 0 0 0
split_gain=7.44099 0.579134 0.322361 0.084494 0.0603856 0.0365746 0.00903527
threshold=1.0000000180025095e-35 1.0000000180025095e-35 1.0000000180025095e-35 1.0000000180025095e-35 1.0000000180025095e-35 1.0000000180025095e-35 1.0000000180025095e-35
decision_type=2 2 2 2 2 2 2
left_child=1 6 5 -4 -3 -2 -1
right_child=2 4 3 -5 -6 -7 -8
leaf_value=0.0015928190812186873 -0.0019724782798155511 0.00051009872228553125 -0.0034545427924441187 -0.0023354763137275023 -0.00035789534383892348 -0.00071652220795156204 0.0008888440803382704
leaf_weight=1489.9735784828663 455.90448050200939 5544.8948575258255 1102.0587583780289 199.15859960019588 207.88553182780743 66.409220561385155 47.017494320869446
leaf_count=6506 2711 26268 7503 1225 1063 351 216
internal_value=-5.48567e-06 0.000709088 -0.00286208 -0.00328326 0.000478732 -0.00181279 0.00157128
internal_weight=9113.3 7289.77 1823.53 1301.22 5752.78 522.314 1536.99
internal_count=45843 34053 11790 8728 27331 3062 6722
is_linear=0
shrinkage=0.05


Tree=48
num_leaves=8
num_cat=0
split_feature=2 1 1 0 0 0 0
split_gain=6.72535 0.522267 0.292576 0.0767635 0.0544844 0.0331006 0.00814644
threshold=1.0000000180025095e-35 1.0000000180025095e-35 1.0000000180025095e-35 1.0000000180025095e-35 1.0000000180025095e-35 1.0000000180025095e-35 1.0000000180025095e-35
decision_type=2 2 2 2 2 2 2
left_child=1 6 5 -4 -3 -2 -1
right_child=2 4 3 -5 -6 -7 -8
leaf_value=0.0015124677708365725 -0.0018760272290808109 0.00048449370333261384 -0.0032893010691811327 -0.0022218492103713789 -0.00034006144634349006 -0.00068093746141294491 0.00084412340207962774
leaf_weight=1490.6604476571083 455.3899836987257 5546.0104150772095 1099.6145121753216 198.88356775045395 207.85081069171429 66.385752171278 47.03251576423645
leaf_count=6506 2711 26268 7503 1225 1063 351 216
internal_value=-5.24361e-06 0.000673464 -0.00272398 -0.00312581 0.000454708 -0.00172398 0.00149203
internal_weight=9111.83 7291.55 1820.27 1298.5 5753.86 521.776 1537.69
internal_count=45843 34053 11790 8728 27331 3062 6722
is_linear=0
shrinkage=0.05


Tree=49
num_leaves=8
num_cat=0
split_feature=2 1 1 0 0 0 0
split_gain=6.07812 0.470997 0.265474 0.0697187 0.0491606 0.0299522 0.00734521
threshold=1.0000000180025095e-35 1.0000000180025095e-35 1.0000000180025095e-35 1.0000000180025095e-35 1.0000000180025095e-35 1.0000000180025095e-35 1.0000000180025095e-35
decision_type=2 2 2 2 2 2 2
left_child=1 6 5 -4 -3 -2 -1
right_child=2 4 3 -5 -6 -7 -8
leaf_value=0.0014361993528010898 -0.0017841935381337467 0.00046017927335970012 -0.0031316340877167188 -0.0021136102358171884 -0.00032311271201076997 -0.000647115147224658 0.00080166996488577997
leaf_weight=1491.3113495111465 454.90065425634384 5547.0699990391731 1097.2886657863855 198.62193427979946 207.81781610846519 66.363444909453392 47.046771168708801
leaf_count=6506 2711 26268 7503 1225 1063 351 216
internal_value=-5.01152e-06 0.000639638 -0.00259232 -0.0029756 0.000431893 -0.00163943 0.00141679
internal_weight=9110.42 7293.25 1817.17 1295.91 5754.89 521.264 1538.36
internal_count=45843 34053 11790 8728 27331 3062 6722
is_linear=0
shrinkage=0.05


Tree=50
num_leaves=8
num_cat=0
split_feature=2 1 1 0 0 0 0
split_gain=5.49283 0.424775 0.240823 0.0633019 0.044357 0.0270998 0.00662321
threshold=1.0000000180025095e-35 1.0000000180025095e-35 1.0000000180025095e-35 1.0000000180025095e-35 1.0000000180025095e-35 1.0000000180025095e-35 1.0000000180025095e-35
decision_type=2 2 2 2 2 2 2
left_child=1 6 5 -4 -3 -2 -1
right_child=2 4 3 -5 -6 -7 -8
leaf_value=0.0013638097386050629 -0.0016967629883521251 0.00043709125396599197 -0.0029812245271490078 -0.002010514473854958 -0.0003070003417073371 -0.00061496083834119487 0.00076136047160715783
leaf_weight=1491.9283199310303 454.43523986637592 5548.0755665302277 1095.0755172371864 198.3730785548687 207.78645303845406 66.342241242527962 47.060302376747131
leaf_count=6506 2711 26268 7503 1225 1063 351 216
internal_value=-4.78684e-06 0.000607519 -0.00246682 -0.00283235 0.00041023 -0.00155895 0.00134539
internal_weight=9109.08 7294.85 1814.23 1293.45 5755.86 520.777 1538.99
internal_count=45843 34053 11790 8728 27331 3062 6722
is_linear=0
shrinkage=0.05


Tree=51
num_leaves=8
num_cat=0
split_feature=2 1 1 0 0 0 0
split_gain=4.96359 0.383107 0.218406 0.0574592 0.0400236 0.0245161 0.00597243
threshold=1.0000000180025095e-35 1.0000000180025095e-35 1.0000000180025095e-35 1.0000000180025095e-35 1.0000000180025095e-35 1.0000000180025095e-35 1.0000000180025095e-35
decision_type=2 2 2 2 2 2 2
left_child=1 6 5 -4 -3 -2 -1
right_child=2 4 3 -5 -6 -7 -8
leaf_value=0.0012950981594504623 -0.0016135393145208744 0.00041516300644680481 -0.0028377626406060142 -0.0019123308562695959 -0.00029169468567490732 -0.00058439733878298545 0.00072309037108188106
leaf_weight=1492.5130070149899 453.99264980852604 5549.0306403636932 1092.9700353741646 198.13637994229794 207.75665812194347 66.322088867425919 47.073141574859619
leaf_count=6506 2711 26268 7503 1225 1063 351 216
internal_value=-4.57252e-06 0.000577018 -0.00234721 -0.00269574 0.000389653 -0.00148236 0.00127761
internal_weight=9107.79 7296.37 1811.42 1291.11 5756.79 520.315 1539.59
internal_count=45843 34053 11790 8728 27331 3062 6722
is_linear=0
shrinkage=0.05


Tree=52
num_leaves=8
num_cat=0
split_feature=2 1 1 0 0 0 0
split_gain=4.48507 0.34554 0.198031 0.0521413 0.0361136 0.0221763 0.00538594
threshold=1.0000000180025095e-35 1.0000000180025095e-35 1.0000000180025095e-35 1.0000000180025095e-35 1.0000000180025095e-35 1.0000000180025095e-35 1.0000000180025095e-35
decision_type=2 2 2 2 2 2 2
left_child=1 6 5 -4 -3 -2 -1
right_child=2 4 3 -5 -6 -7 -8
leaf_value=0.0012298765717719898 -0.0015343231591859812 0.00039433674457921633 -0.0027009547108978616 -0.001818838513459311 -0.00027714923485928732 -0.00055534124004733031 0.00068675113511524005
leaf_weight=1493.0673497021198 453.57171256840229 5549.9375690817833 1090.9669654369354 197.91125431656837 207.7283521592617 66.302935481071472 47.085330605506897
leaf_count=6506 2711 26268 7503 1225 1063 351 216
internal_value=-4.36721e-06 0.000548054 -0.00223323 -0.0025655 0.00037011 -0.00140947 0.00121327
internal_weight=9106.57 7297.82 1808.75 1288.88 5757.67 519.875 1540.15
internal_count=45843 34053 11790 8728 27331 3062 6722
is_linear=0
shrinkage=0.05


Tree=53
num_leaves=8
num_cat=0
split_feature=2 1 1 0 0 0 0
split_gain=4.05245 0.311664 0.179518 0.0473046 0.032586 0.0200578 0.00485706
threshold=1.0000000180025095e-35 1.0000000180025095e-35 1.0000000180025095e-35 1.0000000180025095e-35 1.0000000180025095e-35 1.0000000180025095e-35 1.0000000180025095e-35
decision_type=2 2 2 2 2 2 2
left_child=1 6 5 -4 -3 -2 -1
right_child=2 4 3 -5 -6 -7 -8
leaf_value=0.0011679582957024098 -0.0014589296263969867 0.00037455911452955826 -0.0025705178194503631 -0.0017298123584197492 -0.00026332611548241777 -0.00052771862817613702 0.00065225239463968115
leaf_weight=1493.5928991436958 453.17149901390076 5550.7987012267113 1089.0614998787642 197.6971723139286 207.701455950737 66.284728780388832 47.096895217895508
leaf_count=6506 2711 26268 7503 1225 1063 351 216
internal_value=-4.17046e-06 0.000520548 -0.00212464 -0.00244135 0.000351551 -0.0013401 0.00115219
internal_weight=9105.4 7299.19 1806.21 1286.76 5758.5 519.456 1540.69
internal_count=45843 34053 11790 8728 27331 3062 6722
is_linear=0
shrinkage=0.05


Tree=54
num_leaves=8
num_cat=0
split_feature=2 1 1 0 0 0 0
split_gain=3.66136 0.281117 0.162699 0.0429046 0.0294031 0.0181395 0.00438045
threshold=1.0000000180025095e-35 1.0000000180025095e-35 1.0000000180025095e-35 1.0000000180025095e-35 1.0000000180025095e-35 1.0000000180025095e-35 1.0000000180025095e-35
decision_type=2 2 2 2 2 2 2
left_child=1 6 5 -4 -3 -2 -1
right_child=2 4 3 -5 -6 -7 -8
leaf_value=0.0011091788908453553 -0.0013871791947681208 0.00035577745917460707 -0.0024461649869829492 -0.0016450609492431813 -0.0002501883153214502 -0.00050146904339256899 0.00061948654966594138
leaf_weight=1494.0911095440388 452.79091842472553 5551.6167767643929 1087.2490547597408 197.49356806278229 207.67589029669762 66.267426922917366 47.107877254486084
leaf_count=6506 2711 26268 7503 1225 1063 351 216
internal_value=-3.97985e-06 0.00049443 -0.00202118 -0.00232302 0.000333927 -0.0012741 0.00109421
internal_weight=9104.29 7300.49 1803.8 1284.74 5759.29 519.058 1541.2
internal_count=45843 34053 11790 8728 27331 3062 6722
is_linear=0
shrinkage=0.05


Tree=55
num_leaves=8
num_cat=0
split_feature=2 1 1 0 0 0 0
split_gain=3.30786 0.253573 0.147429 0.0389051 0.0265319 0.0164029 0.00395068
threshold=1.0000000180025095e-35 1.0000000180025095e-35 1.0000000180025095e-35 1.0000000180025095e-35 1.0000000180025095e-35 1.0000000180025095e-35 1.0000000180025095e-35
decision_type=2 2 2 2 2 2 2
left_child=1 6 5 -4 -3 -2 -1
right_child=2 4 3 -5 -6 -7 -8
leaf_value=0.0010533804197129456 -0.0013189002102394409 0.00033794360796937287 -0.0023276466596515977 -0.0015643852402476806 -0.00023770745726628959 -0.00047651998730677421 0.00058838239202892986
leaf_weight=1494.563629001379 452.4290416687727 5552.393361389637 1085.5250461399555 197.29998521506786 207.65159183740616 66.250982835888863 47.118299245834351
leaf_count=6506 2711 26268 7503 1225 1063 351 216
internal_value=-3.79508e-06 0.000469629 -0.00192264 -0.00221026 0.000317191 -0.0012113 0.00103917
internal_weight=9103.23 7301.73 1801.51 1282.83 5760.04 518.68 1541.68
internal_count=45843 34053 11790 8728 27331 3062 6722
is_linear=0
shrinkage=0.05


Tree=56
num_leaves=8
num_cat=0
split_feature=2 1 1 0 0 0 0
split_gain=2.98831 0.228736 0.133564 0.0352705 0.0239409 0.0148314 0.00356326
threshold=1.0000000180025095e-35 1.0000000180025095e-35 1.0000000180025095e-35 1.0000000180025095e-35 1.0000000180025095e-35 1.0000000180025095e-35 1.0000000180025095e-35
decision_type=2 2 2 2 2 2 2
left_child=1 6 5 -4 -3 -2 -1
right_child=2 4 3 -5 -6 -7 -8
leaf_value=0.00100040483745492 -0.0012539333978116782 0.00032100083946813292 -0.0022146943509753904 -0.0014875876438059192 -0.00022584793115288686 -0.0004528005994789952 0.0005588415250935688
leaf_weight=1495.011717826128 452.08498001098633 5553.1308036446571 1083.8854490965605 197.11589440703392 207.62851305305958 66.235359907150269 47.128193378448486
leaf_count=6506 2711 26268 7503 1225 1063 351 216
internal_value=-3.62073e-06 0.000446072 -0.00182879 -0.00210281 0.000301291 -0.00115156 0.000986911
internal_weight=9102.22 7302.9 1799.32 1281 5760.76 518.32 1542.14
internal_count=45843 34053 11790 8728 27331 3062 6722
is_linear=0
shrinkage=0.05


Tree=57
num_leaves=8
num_cat=0
split_feature=2 1 1 0 0 0 0
split_gain=2.69952 0.206336 0.120983 0.031969 0.0216031 0.0134091 0.00321387
threshold=1.0000000180025095e-35 1.0000000180025095e-35 1.0000000180025095e-35 1.0000000180025095e-35 1.0000000180025095e-35 1.0000000180025095e-35 1.0000000180025095e-35
decision_type=2 2 2 2 2 2 2
left_child=1 6 5 -4 -3 -2 -1
right_child=2 4 3 -5 -6 -7 -8
leaf_value=0.00095010771982621551 -0.0011921207871887036 0.00030490974256578161 -0.0021070734999087647 -0.0014144966681921551 -0.00021457969957709578 -0.00043025966445433596 0.00053079374310808169
leaf_weight=1495.4366363286972 451.7578851133585 5553.8310606479645 1082.3261269032955 196.94085754454136 207.60659058392048 66.220505833625793 47.137588620185852
leaf_count=6506 2711 26268 7503 1225 1063 351 216
internal_value=-3.45442e-06 0.000423701 -0.00173941 -0.00200045 0.000286191 -0.00109472 0.000937294
internal_weight=9101.26 7304.01 1797.25 1279.27 5761.44 517.978 1542.57
internal_count=45843 34053 11790 8728 27331 3062 6722
is_linear=0
shrinkage=0.05


Tree=58
num_leaves=8
num_cat=0
split_feature=2 1 1 0 0 0 0
split_gain=2.43853 0.186132 0.109568 0.0289705 0.0194939 0.012122 0.00289883
threshold=1.0000000180025095e-35 1.0000000180025095e-35 1.0000000180025095e-35 1.0000000180025095e-35 1.0000000180025095e-35 1.0000000180025095e-35 1.0000000180025095e-35
decision_type=2 2 2 2 2 2 2
left_child=1 6 5 -4 -3 -2 -1
right_child=2 4 3 -5 -6 -7 -8
leaf_value=0.00090234930800777628 -0.0011333138182099203 0.00028962849048671906 -0.0020045415952878978 -0.0013449386556947563 -0.00020387269376945691 -0.00040883768033599978 0.00050415494394051336
leaf_weight=1495.8397417664528 451.44686824083328 5554.4960895180702 1080.8432782441378 196.77443653345108 207.58574523031712 66.206394463777542 47.146504282951355
leaf_count=6506 2711 26268 7503 1225 1063 351 216
internal_value=-3.29495e-06 0.000402455 -0.00165431 -0.00190295 0.00027185 -0.00104066 0.000890182
internal_weight=9100.34 7305.07 1795.27 1277.62 5762.08 517.653 1542.99
internal_count=45843 34053 11790 8728 27331 3062 6722
is_linear=0
shrinkage=0.05


Tree=59
num_leaves=8
num_cat=0
split_feature=2 1 1 0 0 0 0
split_gain=2.20268 0.167912 0.0992112 0.0262475 0.0175909 0.0109579 0.0026148
threshold=1.0000000180025095e-35 1.0000000180025095e-35 1.0000000180025095e-35 1.0000000180025095e-35 1.0000000180025095e-35 1.0000000180025095e-35 1.0000000180025095e-35
decision_type=2 2 2 2 2 2 2
left_child=1 6 5 -4 -3 -2 -1
right_child=2 4 3 -5 -6 -7 -8
leaf_value=0.00085700878600578295 -0.0010773762690644176 0.00027511782326914146 -0.0019068659049266915 -0.001278748847661498 -0.00019369675395789694 -0.00038847515084426373 0.00047885938859642966
leaf_weight=1496.2221005558968 451.15124264359474 5555.1278473734856 1079.4331018030643 196.61621153354645 207.56594531238079 66.192978724837303 47.154969334602356
leaf_count=6506 2711 26268 7503 1225 1063 351 216
internal_value=-3.13919e-06 0.00038228 -0.00157329 -0.00181008 0.000258232 -0.000989233 0.000845455
internal_weight=9099.46 7306.07 1793.39 1276.05 5762.69 517.344 1543.38
internal_count=45843 34053 11790 8728 27331 3062 6722
is_linear=0
shrinkage=0.05


Tree=60
num_leaves=8
num_cat=0
split_feature=2 1 1 0 0 0 0
split_gain=1.98955 0.15148 0.0898202 0.0237764 0.0158736 0.00990461 0.00235865
threshold=1.0000000180025095e-35 1.0000000180025095e-35 1.0000000180025095e-35 1.0000000180025095e-35 1.0000000180025095e-35 1.0000000180025095e-35 1.0000000180025095e-35
decision_type=2 2 2 2 2 2 2
left_child=1 6 5 -4 -3 -2 -1
right_child=2 4 3 -5 -6 -7 -8
leaf_value=0.00081395640737267597 -0.0010241600717864556 0.00026133119447929374 -0.0018138333688907994 -0.0012157640598052862 -0.00018403137084377404 -0.00036912408557728882 0.00045483732472306922
leaf_weight=1496.5847791135311 450.87020038068295 5555.7275084853172 1078.0922434777021 196.46578095853329 207.54712747037411 66.180232465267181 47.163009524345398
leaf_count=6506 2711 26268 7503 1225 1063 351 216
internal_value=-2.99295e-06 0.000363116 -0.00149616 -0.00172164 0.000245293 -0.000940318 0.000802985
internal_weight=9098.63 7307.02 1791.61 1274.56 5763.27 517.05 1543.75
internal_count=45843 34053 11790 8728 27331 3062 6722
is_linear=0
shrinkage=0.05


Tree=61
num_leaves=8
num_cat=0
split_feature=2 1 1 0 0 0 0
split_gain=1.79697 0.136657 0.0813057 0.0215342 0.0143243 0.00895196 0.00212765
threshold=1.0000000180025095e-35 1.0000000180025095e-35 1.0000000180025095e-35 1.0000000180025095e-35 1.0000000180025095e-35 1.0000000180025095e-35 1.0000000180025095e-35
decision_type=2 2 2 2 2 2 2
left_child=1 6 5 -4 -3 -2 -1
right_child=2 4 3 -5 -6 -7 -8
leaf_value=0.00077307581421580266 -0.00097354427459655926 0.00024823864508353375 -0.0017252354867158118 -0.0011558375312100838 -0.000174847874834526 -0.00035073247256881554 0.00043202349300378099
leaf_weight=1496.9288438558578 450.60301430523396 5556.2974213957787 1076.817349165678 196.32277972996235 207.52926002442837 66.168124303221703 47.17064094543457
leaf_count=6506 2711 26268 7503 1225 1063 351 216
internal_value=-2.85233e-06 0.000344916 -0.00142274 -0.00163743 0.000233005 -0.000893799 0.000762657
internal_weight=9097.84 7307.93 1789.91 1273.14 5763.83 516.771 1544.1
internal_count=45843 34053 11790 8728 27331 3062 6722
is_linear=0
shrinkage=0.05


Tree=62
num_leaves=8
num_cat=0
split_feature=2 1 1 0 0 0 0
split_gain=1.62298 0.123289 0.0735881 0.0195 0.0129257 0.00809028 0.00191935
threshold=1.0000000180025095e-35 1.0000000180025095e-35 1.0000000180025095e-35 1.0000000180025095e-35 1.0000000180025095e-35 1.0000000180025095e-35 1.0000000180025095e-35
decision_type=2 2 2 2 2 2 2
left_child=1 6 5 -4 -3 -2 -1
right_child=2 4 3 -5 -6 -7 -8
leaf_value=0.00073426042724167697 -0.00092540317494155299 0.0002358029512887903 -0.0016408721263237937 -0.0010988286370949253 -0.00016611447606299271 -0.000333258110149719 0.00041035751722396844
leaf_weight=1497.255361199379 450.34907846152782 5556.8383689522743 1075.6050647646189 196.18682451546192 207.51227961480618 66.156612396240234 47.177886128425598
leaf_count=6506 2711 26268 7503 1225 1063 351 216
internal_value=-2.71785e-06 0.000327631 -0.00135286 -0.00155726 0.000221334 -0.000849558 0.000724366
internal_weight=9097.08 7308.78 1788.3 1271.79 5764.35 516.506 1544.43
internal_count=45843 34053 11790 8728 27331 3062 6722
is_linear=0
shrinkage=0.05


Tree=63
num_leaves=8
num_cat=0
split_feature=2 1 1 0 0 0 0
split_gain=1.46577 0.111228 0.0665928 0.0176547 0.0116641 0.00731106 0.00173143
threshold=1.0000000180025095e-35 1.0000000180025095e-35 1.0000000180025095e-35 1.0000000180025095e-35 1.0000000180025095e-35 1.0000000180025095e-35 1.0000000180025095e-35
decision_type=2 2 2 2 2 2 2
left_child=1 6 5 -4 -3 -2 -1
right_child=2 4 3 -5 -6 -7 -8
leaf_value=0.00069739420663466039 -0.00087961742712301054 0.00022399057868359635 -0.001560540482338156 -0.0010445949525374624 -0.00015782177417573119 -0.00031665064153209402 0.00038977899525720252
leaf_weight=1497.5651067197323 450.10766570270061 5557.3523082733154 1074.4525951892138 196.05760499835014 207.49613872170448 66.145675823092461 47.184764385223389
leaf_count=6506 2711 26268 7503 1225 1063 351 216
internal_value=-2.59039e-06 0.000311212 -0.00128635 -0.00148092 0.000210248 -0.000807487 0.000687998
internal_weight=9096.36 7309.6 1786.76 1270.51 5764.85 516.253 1544.75
internal_count=45843 34053 11790 8728 27331 3062 6722
is_linear=0
shrinkage=0.05


Tree=64
num_leaves=8
num_cat=0
split_feature=2 1 1 0 0 0 0
split_gain=1.32375 0.100351 0.0602558 0.0159823 0.0105259 0.0066066 0.001562
threshold=1.0000000180025095e-35 1.0000000180025095e-35 1.0000000180025095e-35 1.0000000180025095e-35 1.0000000180025095e-35 1.0000000180025095e-35 1.0000000180025095e-35
decision_type=2 2 2 2 2 2 2
left_child=1 6 5 -4 -3 -2 -1
right_child=2 4 3 -5 -6 -7 -8
leaf_value=0.00066239308896190018 -0.00083607337901957322 0.00021277296626266994 -0.0014840698510102017 -0.00099300019866972126 -0.00014994506704809547 -0.00030086166177498575 0.00037023684145127272
leaf_weight=1497.8589529395103 449.87821047008038 5557.8404136300087 1073.3569217473269 195.93475610017776 207.48080566525459 66.135283201932907 47.191298246383667
leaf_count=6506 2711 26268 7503 1225 1063 351 216
internal_value=-2.46687e-06 0.00029562 -0.00122306 -0.00140827 0.00019972 -0.000767478 0.00065347
internal_weight=9095.68 7310.37 1785.31 1269.29 5765.32 516.013 1545.05
internal_count=45843 34053 11790 8728 27331 3062 6722
is_linear=0
shrinkage=0.05


Tree=65
num_leaves=8
num_cat=0
split_feature=2 1 1 0 0 0 0
split_gain=1.19545 0.0905371 0.0545146 0.0144657 0.00949859 0.00596954 0.0014091
threshold=1.0000000180025095e-35 1.0000000180025095e-35 1.0000000180025095e-35 1.0000000180025095e-35 1.0000000180025095e-35 1.0000000180025095e-35 1.0000000180025095e-35
decision_type=2 2 2 2 2 2 2
left_child=1 6 5 -4 -3 -2 -1
right_child=2 4 3 -5 -6 -7 -8
leaf_value=0.00062915035160288546 -0.00079466424283056365 0.00020211669462362613 -0.0014112715185836708 -0.00094392909960357781 -0.00014245808268077549 -0.00028586238130404905 0.00035167996543232472
leaf_weight=1498.1378693282604 449.66010680794716 5558.3038592934608 1072.3152493536472 195.81798575818539 207.46623292565346 66.125408381223679 47.197500586509705
leaf_count=6506 2711 26268 7503 1225 1063 351 216
internal_value=-2.35015e-06 0.000280809 -0.00116283 -0.00133911 0.000189718 -0.000729434 0.000620676
internal_weight=9095.02 7311.11 1783.92 1268.13 5765.77 515.786 1545.34
internal_count=45843 34053 11790 8728 27331 3062 6722
is_linear=0
shrinkage=0.05


Tree=66
num_leaves=8
num_cat=0
split_feature=2 1 1 0 0 0 0
split_gain=1.07955 0.0816866 0.0493142 0.0130913 0.00857162 0.0053936 0.00127126
threshold=1.0000000180025095e-35 1.0000000180025095e-35 1.0000000180025095e-35 1.0000000180025095e-35 1.0000000180025095e-35 1.0000000180025095e-35 1.0000000180025095e-35
decision_type=2 2 2 2 2 2 2
left_child=1 6 5 -4 -3 -2 -1
right_child=2 4 3 -5 -6 -7 -8
leaf_value=0.00059758610802190977 -0.0007552891260017298 0.00019199386185799649 -0.0013419791973090147 -0.00089725401164053142 -0.00013534573528349168 -0.00027161013716368014 0.00033405290165113488
leaf_weight=1498.4025345146656 449.45282955467701 5558.7442109584808 1071.3248947262764 195.70700190961361 207.45238882303238 66.116019979119301 47.203390717506409
leaf_count=6506 2711 26268 7503 1225 1063 351 216
internal_value=-2.23866e-06 0.000266741 -0.00110553 -0.00127329 0.000180217 -0.000693263 0.000589538
internal_weight=9094.4 7311.8 1782.6 1267.03 5766.2 515.569 1545.61
internal_count=45843 34053 11790 8728 27331 3062 6722
is_linear=0
shrinkage=0.05


Tree=67
num_leaves=8
num_cat=0
split_feature=2 1 1 0 0 0 0
split_gain=0.974864 0.073701 0.044605 0.0118458 0.00773498 0.00487293 0.00114688
threshold=1.0000000180025095e-35 1.0000000180025095e-35 1.0000000180025095e-35 1.0000000180025095e-35 1.0000000180025095e-35 1.0000000180025095e-35 1.0000000180025095e-35
decision_type=2 2 2 2 2 2 2
left_child=1 6 5 -4 -3 -2 -1
right_child=2 4 3 -5 -6 -7 -8
leaf_value=0.00056760827434069962 -0.00071784685463035494 0.00018238031871058256 -0.0012760300797268675 -0.00085286502622349133 -0.00012858326091945207 -0.00025806602119463995 0.00031731412629123942
leaf_weight=1498.6537240743637 449.25581315159798 5559.1622514724731 1070.3835099935532 195.60149423778057 207.43924167752266 66.107107535004616 47.208984732627869
leaf_count=6506 2711 26268 7503 1225 1063 351 216
internal_value=-2.13147e-06 0.000253381 -0.00105101 -0.00121065 0.000171194 -0.000658869 0.000559965
internal_weight=9093.81 7312.46 1781.35 1265.99 5766.6 515.363 1545.86
internal_count=45843 34053 11790 8728 27331 3062 6722
is_linear=0
shrinkage=0.05


Tree=68
num_leaves=8
num_cat=0
split_feature=2 1 1 0 0 0 0
split_gain=0.880306 0.0664966 0.0403413 0.0107176 0.00698033 0.00440231 0.00103477
threshold=1.0000000180025095e-35 1.0000000180025095e-35 1.0000000180025095e-35 1.0000000180025095e-35 1.0000000180025095e-35 1.0000000180025095e-35 1.0000000180025095e-35
decision_type=2 2 2 2 2 2 2
left_child=1 6 5 -4 -3 -2 -1
right_child=2 4 3 -5 -6 -7 -8
leaf_value=0.00053914094447113532 -0.00068224592037586032 0.00017325191681568592 -0.0012132703987617274 -0.00081064734114283182 -0.00012216116003397839 -0.00024519517409752511 0.00030140820021718964
leaf_weight=1498.8921166360378 449.06853243708611 5559.5595465302467 1069.4887472838163 195.50122544169426 207.42674396932125 66.09863443672657 47.214295506477356
leaf_count=6506 2711 26268 7503 1225 1063 351 216
internal_value=-2.02723e-06 0.000240693 -0.00099915 -0.00115105 0.000162627 -0.00062617 0.000531881
internal_weight=9093.25 7313.09 1780.16 1264.99 5766.99 515.167 1546.11
internal_count=45843 34053 11790 8728 27331 3062 6722
is_linear=0
shrinkage=0.05


Tree=69
num_leaves=8
num_cat=0
split_feature=2 1 1 0 0 0 0
split_gain=0.794895 0.0599989 0.0364815 0.00969567 0.00629932 0.00397697 0.000933544
threshold=1.0000000180025095e-35 1.0000000180025095e-35 1.0000000180025095e-35 1.0000000180025095e-35 1.0000000180025095e-35 1.0000000180025095e-35 1.0000000180025095e-35
decision_type=2 2 2 2 2 2 2
left_child=1 6 5 -4 -3 -2 -1
right_child=2 4 3 -5 -6 -7 -8
leaf_value=0.00051210539833948239 -0.00064839829655918683 0.00016457598512674261 -0.0011535508219484973 -0.00077050042765475094 -0.00011606428967175145 -0.00023296452322418371 0.00028631180043623132
leaf_weight=1499.118390828371 448.89058344066143 5559.9364875555038 1068.6381469219923 195.40592171251774 207.4148798584938 66.090579763054848 47.21933913230896
leaf_count=6506 2711 26268 7503 1225 1063 351 216
internal_value=-1.9313e-06 0.000228638 -0.000949815 -0.00109434 0.000154483 -0.000595083 0.000505211
internal_weight=9092.71 7313.69 1779.03 1264.04 5767.35 514.981 1546.34
internal_count=45843 34053 11790 8728 27331 3062 6722
is_linear=0
shrinkage=0.05


Tree=70
num_leaves=8
num_cat=0
split_feature=2 1 1 0 0 0 0
split_gain=0.717746 0.0541363 0.0329868 0.00876998 0.0056845 0.00359253 0.000842277
threshold=1.0000000180025095e-35 1.0000000180025095e-35 1.0000000180025095e-35 1.0000000180025095e-35 1.0000000180025095e-35 1.0000000180025095e-35 1.0000000180025095e-35
decision_type=2 2 2 2 2 2 2
left_child=1 6 5 -4 -3 -2 -1
right_child=2 4 3 -5 -6 -7 -8
leaf_value=0.00048642667385871414 -0.00061621854634170796 0.00015633390936975925 -0.0010967215017341598 -0.00073232287175289664 -0.00011026628991173267 -0.00022134491786401299 0.00027196518623879006
leaf_weight=1499.3331283330917 448.7214410007 5560.2950316667557 1067.8295846432447 195.315345749259 207.40360182523727 66.08293305337429 47.22413170337677
leaf_count=6506 2711 26268 7503 1225 1063 351 216
internal_value=-1.84017e-06 0.000217186 -0.000902885 -0.00104038 0.000146747 -0.000565531 0.000479878
internal_weight=9092.21 7314.26 1777.95 1263.14 5767.7 514.804 1546.56
internal_count=45843 34053 11790 8728 27331 3062 6722
is_linear=0
shrinkage=0.05


Tree=71
num_leaves=8
num_cat=0
split_feature=2 1 1 0 0 0 0
split_gain=0.648079 0.0488467 0.0298253 0.00793192 0.00512995 0.00324511 0.000759962
threshold=1.0000000180025095e-35 1.0000000180025095e-35 1.0000000180025095e-35 1.0000000180025095e-35 1.0000000180025095e-35 1.0000000180025095e-35 1.0000000180025095e-35
decision_type=2 2 2 2 2 2 2
left_child=1 6 5 -4 -3 -2 -1
right_child=2 4 3 -5 -6 -7 -8
leaf_value=0.00046204342143363005 -0.00058562108448166291 0.00014851084490131615 -0.0010426580755756665 -0.00069602370265243378 -0.00010475761085550061 -0.00021029924655498709 0.00025834079453407983
leaf_weight=1499.537007778883 448.56070114672184 5560.6351788640022 1067.0610479861498 195.22926025092602 207.39287818968296 66.075662925839424 47.228679656982422
leaf_count=6506 2711 26268 7503 1225 1063 351 216
internal_value=-1.74943e-06 0.000206314 -0.000858249 -0.000989047 0.000139404 -0.000537432 0.000455824
internal_weight=9091.72 7314.79 1776.93 1262.29 5768.03 514.636 1546.77
internal_count=45843 34053 11790 8728 27331 3062 6722
is_linear=0
shrinkage=0.05


Tree=72
num_leaves=8
num_cat=0
split_feature=2 1 1 0 0 0 0
split_gain=0.585158 0.0440746 0.0269634 0.00717326 0.00462943 0.00293118 0.000685684
threshold=1.0000000180025095e-35 1.0000000180025095e-35 1.0000000180025095e-35 1.0000000180025095e-35 1.0000000180025095e-35 1.0000000180025095e-35 1.0000000180025095e-35
decision_type=2 2 2 2 2 2 2
left_child=1 6 5 -4 -3 -2 -1
right_child=2 4 3 -5 -6 -7 -8
leaf_value=0.00043888454820512876 -0.00055653776213924198 0.0001410784423373112 -0.00099122051406434915 -0.00066150399769922762 -9.9523065522523716e-05 -0.00019980816195512837 0.00024540165167296805
leaf_weight=1499.7305139005184 448.40795990824699 5560.9584948420525 1066.330636292696 195.14744617044926 207.38270895183086 66.068758919835091 47.232999086380005
leaf_count=6506 2711 26268 7503 1225 1063 351 216
internal_value=-1.66369e-06 0.000195985 -0.000815796 -0.000940214 0.000132428 -0.000510727 0.000432977
internal_weight=9091.26 7315.3 1775.95 1261.48 5768.34 514.477 1546.96
internal_count=45843 34053 11790 8728 27331 3062 6722
is_linear=0
shrinkage=0.05


Tree=73
num_leaves=8
num_cat=0
split_feature=2 1 1 0 0 0 0
split_gain=0.528328 0.0397691 0.0243744 0.00648616 0.00417772 0.00264749 0.00061865
threshold=1.0000000180025095e-35 1.0000000180025095e-35 1.0000000180025095e-35 1.0000000180025095e-35 1.0000000180025095e-35 1.0000000180025095e-35 1.0000000180025095e-35
decision_type=2 2 2 2 2 2 2
left_child=1 6 5 -4 -3 -2 -1
right_child=2 4 3 -5 -6 -7 -8
leaf_value=0.00041688486739302244 -0.00052888566105658956 0.00013401389593695946 -0.00094228679650524357 -0.00062869021484811434 -9.4553100378016623e-05 -0.000189836448637657 0.00023311085178724422
leaf_weight=1499.9142283797264 448.2627729177475 5561.2653710246086 1065.6364489048719 195.06970271468163 207.37303075194359 66.062194883823395 47.237102866172791
leaf_count=6506 2711 26268 7503 1225 1063 351 216
internal_value=-1.58536e-06 0.00018617 -0.00077542 -0.000893764 0.000125797 -0.000485337 0.000411274
internal_weight=9090.82 7315.79 1775.03 1260.71 5768.64 514.325 1547.15
internal_count=45843 34053 11790 8728 27331 3062 6722
is_linear=0
shrinkage=0.05


Tree=74
num_leaves=8
num_cat=0
split_feature=2 1 1 0 0 0 0
split_gain=0.477013 0.0358853 0.0220325 0.00586467 0.0037702 0.00239114 0.000558217
threshold=1.0000000180025095e-35 1.0000000180025095e-35 1.0000000180025095e-35 1.0000000180025095e-35 1.0000000180025095e-35 1.0000000180025095e-35 1.0000000180025095e-35
decision_type=2 2 2 2 2 2 2
left_child=1 6 5 -4 -3 -2 -1
right_child=2 4 3 -5 -6 -7 -8
leaf_value=0.00039599637698513898 -0.00050259938873250761 0.00012730666156224251 -0.00089574243287247803 -0.00059748614226237131 -8.9830950981742463e-05 -0.0001803626751170035 0.00022143635838712722
leaf_weight=1500.0886359512806 448.12481699883938 5561.5573731064796 1064.9765851646662 194.99581083655357 207.36384359002113 66.055960357189178 47.240997433662415
leaf_count=6506 2711 26268 7503 1225 1063 351 216
internal_value=-1.50787e-06 0.000176851 -0.000737024 -0.000849584 0.000119502 -0.000461202 0.000390667
internal_weight=9090.4 7316.25 1774.15 1259.97 5768.92 514.181 1547.33
internal_count=45843 34053 11790 8728 27331 3062 6722
is_linear=0
shrinkage=0.05


Tree=75
num_leaves=8
num_cat=0
split_feature=2 1 1 0 0 0 0
split_gain=0.430671 0.0323807 0.0199139 0.00530222 0.00340233 0.0021596 0.000503678
threshold=1.0000000180025095e-35 1.0000000180025095e-35 1.0000000180025095e-35 1.0000000180025095e-35 1.0000000180025095e-35 1.0000000180025095e-35 1.0000000180025095e-35
decision_type=2 2 2 2 2 2 2
left_child=1 6 5 -4 -3 -2 -1
right_child=2 4 3 -5 -6 -7 -8
leaf_value=0.000376152994628531 -0.00047761330288420957 0.00012093337886069747 -0.00085147074866768471 -0.00056782092270031895 -8.5342984733833223e-05 -0.00017135746640533777 0.00021034612575376134
leaf_weight=1500.2542213499546 447.99372857809067 5561.8341096639633 1064.3494798243046 194.92558799684048 207.35509994626045 66.050034418702126 47.244698882102966
leaf_count=6506 2711 26268 7503 1225 1063 351 216
internal_value=-1.436e-06 0.000167996 -0.000700512 -0.000807564 0.000113519 -0.000438262 0.000371091
internal_weight=9090.01 7316.69 1773.32 1259.28 5769.19 514.044 1547.5
internal_count=45843 34053 11790 8728 27331 3062 6722
is_linear=0
shrinkage=0.05


Tree=76
num_leaves=8
num_cat=0
split_feature=2 1 1 0 0 0 0
split_gain=0.388826 0.0292176 0.0179976 0.00479315 0.0030705 0.00195037 0.000454476
threshold=1.0000000180025095e-35 1.0000000180025095e-35 1.0000000180025095e-35 1.0000000180025095e-35 1.0000000180025095e-35 1.0000000180025095e-35 1.0000000180025095e-35
decision_type=2 2 2 2 2 2 2
left_child=1 6 5 -4 -3 -2 -1
right_child=2 4 3 -5 -6 -7 -8
leaf_value=0.00035730692469565257 -0.00045386164408519085 0.00011488472208865373 -0.00080936019618995021 -0.00053961984956869477 -8.1078028414709752e-05 -0.00016280329896492274 0.00019981241526185572
leaf_weight=1500.4113723635674 447.8691440820694 5562.0975378155708 1063.7534558326006 194.85885165631771 207.34681566059589 66.044406607747078 47.248213648796082
leaf_count=6506 2711 26268 7503 1225 1063 351 216
internal_value=-1.36368e-06 0.00015959 -0.000665791 -0.000767599 0.000107842 -0.000416457 0.000352499
internal_weight=9089.63 7317.1 1772.53 1258.61 5769.44 513.914 1547.66
internal_count=45843 34053 11790 8728 27331 3062 6722
is_linear=0
shrinkage=0.05


Tree=77
num_leaves=8
num_cat=0
split_feature=2 1 1 0 0 0 0
split_gain=0.351038 0.0263646 0.0162648 0.00433269 0.00277076 0.00176131 0.000410047
threshold=1.0000000180025095e-35 1.0000000180025095e-35 1.0000000180025095e-35 1.0000000180025095e-35 1.0000000180025095e-35 1.0000000180025095e-35 1.0000000180025095e-35
decision_type=2 2 2 2 2 2 2
left_child=1 6 5 -4 -3 -2 -1
right_child=2 4 3 -5 -6 -7 -8
leaf_value=0.00033940517662463336 -0.00043128530028803457 0.00010913306164371487 -0.00076931399632747667 -0.00051281125498367497 -7.7022440925417308e-05 -0.00015467866629919846 0.0001898122963647366
leaf_weight=1500.5605737268925 447.75078073143959 5562.3472661375999 1063.1870597451925 194.79543752968311 207.33892737329006 66.039061233401299 47.251551389694214
leaf_count=6506 2711 26268 7503 1225 1063 351 216
internal_value=-1.29911e-06 0.0001516 -0.000632779 -0.000729595 0.000102443 -0.000395732 0.000334838
internal_weight=9089.27 7317.5 1771.77 1257.98 5769.69 513.79 1547.81
internal_count=45843 34053 11790 8728 27331 3062 6722
is_linear=0
shrinkage=0.05


Tree=78
num_leaves=8
num_cat=0
split_feature=2 1 1 0 0 0 0
split_gain=0.316919 0.0237904 0.014698 0.00391614 0.0025005 0.00159055 0.000370024
threshold=1.0000000180025095e-35 1.0000000180025095e-35 1.0000000180025095e-35 1.0000000180025095e-35 1.0000000180025095e-35 1.0000000180025095e-35 1.0000000180025095e-35
decision_type=2 2 2 2 2 2 2
left_child=1 6 5 -4 -3 -2 -1
right_child=2 4 3 -5 -6 -7 -8
leaf_value=0.00032240476473471477 -0.00040982517741618195 0.00010367219394323841 -0.00073122946943150009 -0.00048732721066193523 -7.3174704205861078e-05 -0.00014695606748109125 0.00018030463908349533
leaf_weight=1500.7023101747036 447.63827495276928 5562.5848603248596 1062.6487263143063 194.73518133163452 207.33145092427731 66.033977374434471 47.254721760749817
leaf_count=6506 2711 26268 7503 1225 1063 351 216
internal_value=-1.23552e-06 0.000144013 -0.000601391 -0.000693456 9.73175e-05 -0.000376033 0.000318067
internal_weight=9088.93 7317.87 1771.06 1257.38 5769.92 513.672 1547.96
internal_count=45843 34053 11790 8728 27331 3062 6722
is_linear=0
shrinkage=0.05


Tree=79
num_leaves=8
num_cat=0
split_feature=2 1 1 0 0 0 0
split_gain=0.286111 0.0214677 0.0132812 0.0035396 0.00225663 0.0014363 0.000333878
threshold=1.0000000180025095e-35 1.0000000180025095e-35 1.0000000180025095e-35 1.0000000180025095e-35 1.0000000180025095e-35 1.0000000180025095e-35 1.0000000180025095e-35
decision_type=2 2 2 2 2 2 2
left_child=1 6 5 -4 -3 -2 -1
right_child=2 4 3 -5 -6 -7 -8
leaf_value=0.00030625701863311967 -0.00038942901104819274 9.8484882954501628e-05 -0.0006950133570226034 -0.0004630954892029253 -6.9519604579111949e-05 -0.00013961990090790232 0.00017128019022557591
leaf_weight=1500.8367756009102 447.53138436377048 5562.8103203773499 1062.137225702405 194.67791877686977 207.32432295382023 66.029149800539017 47.257734417915344
leaf_count=6506 2711 26268 7503 1225 1063 351 216
internal_value=-1.17499e-06 0.000136806 -0.000571548 -0.00065909 9.24484e-05 -0.000357311 0.000302137
internal_weight=9088.6 7318.23 1770.38 1256.82 5770.13 513.561 1548.09
internal_count=45843 34053 11790 8728 27331 3062 6722
is_linear=0
shrinkage=0.05


Tree=80
num_leaves=8
num_cat=0
split_feature=2 1 1 0 0 0 0
split_gain=0.258293 0.0193721 0.0119996 0.00319868 0.00203656 0.00129702 0.000301269
threshold=1.0000000180025095e-35 1.0000000180025095e-35 1.0000000180025095e-35 1.0000000180025095e-35 1.0000000180025095e-35 1.0000000180025095e-35 1.0000000180025095e-35
decision_type=2 2 2 2 2 2 2
left_child=1 6 5 -4 -3 -2 -1
right_child=2 4 3 -5 -6 -7 -8
leaf_value=0.00029091905374289186 -0.00037004800531187664 9.3555775419070758e-05 -0.00066057025320840485 -0.00044006982716759637 -6.6049062637733885e-05 -0.00013264854396725009 0.00016270672169647576
leaf_weight=1500.9645516872406 447.42978578805923 5563.0244291424751 1061.651104465127 194.62350383400917 207.31757514178753 66.024562820792198 47.260592579841614
leaf_count=6506 2711 26268 7503 1225 1063 351 216
internal_value=-1.11824e-06 0.000129958 -0.000543174 -0.00062641 8.78215e-05 -0.000339521 0.000287005
internal_weight=9088.3 7318.57 1769.73 1256.27 5770.34 513.454 1548.23
internal_count=45843 34053 11790 8728 27331 3062 6722
is_linear=0
shrinkage=0.05


Tree=81
num_leaves=8
num_cat=0
split_feature=2 1 1 0 0 0 0
split_gain=0.233176 0.017481 0.0108419 0.00289053 0.00183784 0.00117114 0.000271856
threshold=1.0000000180025095e-35 1.0000000180025095e-35 1.0000000180025095e-35 1.0000000180025095e-35 1.0000000180025095e-35 1.0000000180025095e-35 1.0000000180025095e-35
decision_type=2 2 2 2 2 2 2
left_child=1 6 5 -4 -3 -2 -1
right_child=2 4 3 -5 -6 -7 -8
leaf_value=0.00027635110793809876 -0.00035161861198613109 8.8875617716599231e-05 -0.00062782233167650407 -0.00041818135314053699 -6.2744733847088044e-05 -0.00012602436067636331 0.00015456176674946592
leaf_weight=1501.0858323276043 447.33327724039555 5563.2279694676399 1061.1891327649355 194.57179047167301 207.31114412844181 66.020205974578857 47.263309121131897
leaf_count=6506 2711 26268 7503 1225 1063 351 216
internal_value=-1.06249e-06 0.000123456 -0.000516199 -0.00059534 8.34285e-05 -0.000322606 0.000272633
internal_weight=9088 7318.89 1769.11 1255.76 5770.54 513.353 1548.35
internal_count=45843 34053 11790 8728 27331 3062 6722
is_linear=0
shrinkage=0.05


Tree=82
num_leaves=8
num_cat=0
split_feature=2 1 1 0 0 0 0
split_gain=0.210499 0.0157744 0.0097947 0.00261193 0.00165873 0.00105751 0.000245311
threshold=1.0000000180025095e-35 1.0000000180025095e-35 1.0000000180025095e-35 1.0000000180025095e-35 1.0000000180025095e-35 1.0000000180025095e-35 1.0000000180025095e-35
decision_type=2 2 2 2 2 2 2
left_child=1 6 5 -4 -3 -2 -1
right_child=2 4 3 -5 -6 -7 -8
leaf_value=0.00026251398991211888 -0.00033410990258237106 8.4430878813007097e-05 -0.00059668165396140147 -0.00039737203718190106 -5.9613817930147115e-05 -0.00011972970818406252 0.00014682655780194693
leaf_weight=1501.2010053098202 447.24157594144344 5563.4213327765465 1060.7500807642937 194.52266916632652 207.30504575371742 66.016063570976257 47.26589047908783
leaf_count=6506 2711 26268 7503 1225 1063 351 216
internal_value=-1.00877e-06 0.00011728 -0.000490554 -0.000565796 7.92563e-05 -0.000306536 0.000258983
internal_weight=9087.72 7319.19 1768.53 1255.27 5770.73 513.258 1548.47
internal_count=45843 34053 11790 8728 27331 3062 6722
is_linear=0
shrinkage=0.05


Tree=83
num_leaves=8
num_cat=0
split_feature=2 1 1 0 0 0 0
split_gain=0.190022 0.0142346 0.00884843 0.00235997 0.00149686 0.000954846 0.000221336
threshold=1.0000000180025095e-35 1.0000000180025095e-35 1.0000000180025095e-35 1.0000000180025095e-35 1.0000000180025095e-35 1.0000000180025095e-35 1.0000000180025095e-35
decision_type=2 2 2 2 2 2 2
left_child=1 6 5 -4 -3 -2 -1
right_child=2 4 3 -5 -6 -7 -8
leaf_value=0.00024936445226846386 -0.00031746880989188018 8.0201942687767243e-05 -0.0005670763615476678 -0.00037759868702790146 -5.663545771676512e-05 -0.00011375280014730839 0.00013947850633478522
leaf_weight=1501.3103614747524 447.15443950891495 5563.604910492897 1060.3329422324896 194.47597563266754 207.29924833774567 66.012130379676819 47.268339872360229
leaf_count=6506 2711 26268 7503 1225 1063 351 216
internal_value=-9.63139e-07 0.000111406 -0.000466177 -0.00053771 7.52865e-05 -0.000291263 0.00024601
internal_weight=9087.46 7319.48 1767.98 1254.81 5770.9 513.167 1548.58
internal_count=45843 34053 11790 8728 27331 3062 6722
is_linear=0
shrinkage=0.05


Tree=84
num_leaves=8
num_cat=0
split_feature=2 1 1 0 0 0 0
split_gain=0.17154 0.0128447 0.00799325 0.00213236 0.00135094 0.000862159 0.000199728
threshold=1.0000000180025095e-35 1.0000000180025095e-35 1.0000000180025095e-35 1.0000000180025095e-35 1.0000000180025095e-35 1.0000000180025095e-35 1.0000000180025095e-35
decision_type=2 2 2 2 2 2 2
left_child=1 6 5 -4 -3 -2 -1
right_child=2 4 3 -5 -6 -7 -8
leaf_value=0.00023688099838467468 -0.00030165337308524763 7.61942453468597e-05 -0.00053893072797022606 -0.00035879924004633923 -5.3804064817029702e-05 -0.00010807001880002458 0.00013249924322587388
leaf_weight=1501.4141916632652 447.07162556052208 5563.7794854640961 1059.9364873319864 194.43161860108376 207.29375188052654 66.008395940065384 47.27066695690155
leaf_count=6506 2711 26268 7503 1225 1063 351 216
internal_value=-9.12701e-07 0.000105836 -0.000443005 -0.00051101 7.15248e-05 -0.000276749 0.000233695
internal_weight=9087.21 7319.76 1767.45 1254.37 5771.07 513.08 1548.68
internal_count=45843 34053 11790 8728 27331 3062 6722
is_linear=0
shrinkage=0.05


Tree=85
num_leaves=8
num_cat=0
split_feature=2 1 1 0 0 0 0
split_gain=0.154851 0.0115919 0.00722059 0.00192648 0.00121904 0.000778427 0.000180246
threshold=1.0000000180025095e-35 1.0000000180025095e-35 1.0000000180025095e-35 1.0000000180025095e-35 1.0000000180025095e-35 1.0000000180025095e-35 1.0000000180025095e-35
decision_type=2 2 2 2 2 2 2
left_child=1 6 5 -4 -3 -2 -1
right_child=2 4 3 -5 -6 -7 -8
leaf_value=0.00022502400525810956 -0.00028662099532557214 7.2379006322728453e-05 -0.00051217282885062504 -0.00034093765876701547 -5.1111562316285202e-05 -0.00010267157900851195 0.00012586601019861011
leaf_weight=1501.5127867162228 446.99293211102486 5563.9450576901436 1059.5598216354847 194.38945204019547 207.28852470219135 66.004844561219215 47.272878170013428
leaf_count=6506 2711 26268 7503 1225 1063 351 216
internal_value=-8.69638e-07 0.000100539 -0.000420979 -0.000485628 6.79435e-05 -0.000262953 0.000221997
internal_weight=9086.97 7320.02 1766.95 1253.95 5771.23 512.998 1548.79
internal_count=45843 34053 11790 8728 27331 3062 6722
is_linear=0
shrinkage=0.05


Tree=86
num_leaves=8
num_cat=0
split_feature=2 1 1 0 0 0 0
split_gain=0.139786 0.0104602 0.00652221 0.00174043 0.00110026 0.000702829 0.000162659
threshold=1.0000000180025095e-35 1.0000000180025095e-35 1.0000000180025095e-35 1.0000000180025095e-35 1.0000000180025095e-35 1.0000000180025095e-35 1.0000000180025095e-35
decision_type=2 2 2 2 2 2 2
left_child=1 6 5 -4 -3 -2 -1
right_child=2 4 3 -5 -6 -7 -8
leaf_value=0.00021375912668426244 -0.00027233661346494776 6.8761070163959279e-05 -0.00048673405124902884 -0.00032395900204512266 -4.8560469433073545e-05 -9.7541730258381807e-05 0.00011956488779980346
leaf_weight=1501.6064374744892 446.91819757223129 5564.1024100184441 1059.20182710886 194.34940293431282 207.28355096280575 66.001471012830734 47.274979948997498
leaf_count=6506 2711 26268 7503 1225 1063 351 216
internal_value=-8.25221e-07 9.55105e-05 -0.000400041 -0.000461498 6.45474e-05 -0.000249844 0.000210884
internal_weight=9086.74 7320.27 1766.47 1253.55 5771.39 512.92 1548.88
internal_count=45843 34053 11790 8728 27331 3062 6722
is_linear=0
shrinkage=0.05


Tree=87
num_leaves=8
num_cat=0
split_feature=2 1 1 0 0 0 0
split_gain=0.126183 0.00943943 0.0058909 0.00157216 0.000992918 0.000634535 0.000146782
threshold=1.0000000180025095e-35 1.0000000180025095e-35 1.0000000180025095e-35 1.0000000180025095e-35 1.0000000180025095e-35 1.0000000180025095e-35 1.0000000180025095e-35
decision_type=2 2 2 2 2 2 2
left_child=1 6 5 -4 -3 -2 -1
right_child=2 4 3 -5 -6 -7 -8
leaf_value=0.00020305971432998818 -0.00025876137783393638 6.5321440480181037e-05 -0.00046254611593311493 -0.00030782314698557804 -4.6131467442440084e-05 -9.2670658103169554e-05 0.00011358236094634314
leaf_weight=1501.6954347789288 446.84717956185341 5564.2519338726997 1058.8617211282253 194.31134350597858 207.27883066236973 65.998264834284782 47.27697229385376
leaf_count=6506 2711 26268 7503 1225 1063 351 216
internal_value=-7.83826e-07 9.07324e-05 -0.000380137 -0.000438555 6.13187e-05 -0.000237387 0.000200329
internal_weight=9086.52 7320.5 1766.02 1253.17 5771.53 512.845 1548.97
internal_count=45843 34053 11790 8728 27331 3062 6722
is_linear=0
shrinkage=0.05


Tree=88
num_leaves=8
num_cat=0
split_feature=2 1 1 0 0 0 0
split_gain=0.113905 0.00851752 0.00532072 0.00142028 0.000896093 0.0005729 0.000132439
threshold=1.0000000180025095e-35 1.0000000180025095e-35 1.0000000180025095e-35 1.0000000180025095e-35 1.0000000180025095e-35 1.0000000180025095e-35 1.0000000180025095e-35
decision_type=2 2 2 2 2 2 2
left_child=1 6 5 -4 -3 -2 -1
right_child=2 4 3 -5 -6 -7 -8
leaf_value=0.00019289150230040317 -0.00024586349294527718 6.2055794476120594e-05 -0.00043956084463310161 -0.00029248616776227332 -4.3824576944648949e-05 -8.8040629346923524e-05 0.00010790010126249618
leaf_weight=1501.7798755764961 446.77967609465122 5564.3940206766129 1058.5384974628687 194.27518248558044 207.27434796094894 65.995220795273781 47.278868079185486
leaf_count=6506 2711 26268 7503 1225 1063 351 216
internal_value=-7.45165e-07 8.61938e-05 -0.000361223 -0.000416754 5.82534e-05 -0.000225551 0.000190297
internal_weight=9086.32 7320.73 1765.59 1252.81 5771.67 512.775 1549.06
internal_count=45843 34053 11790 8728 27331 3062 6722
is_linear=0
shrinkage=0.05


Tree=89
num_leaves=8
num_cat=0
split_feature=2 1 1 0 0 0 0
split_gain=0.102816 0.00768716 0.00480539 0.0012828 0.000808596 0.000517208 0.000119518
threshold=1.0000000180025095e-35 1.0000000180025095e-35 1.0000000180025095e-35 1.0000000180025095e-35 1.0000000180025095e-35 1.0000000180025095e-35 1.0000000180025095e-35
decision_type=2 2 2 2 2 2 2
left_child=1 6 5 -4 -3 -2 -1
right_child=2 4 3 -5 -6 -7 -8
leaf_value=0.00018323724714461987 -0.00023360371182728676 5.8945147651992852e-05 -0.00041770418403196607 -0.00027791527491656331 -4.1634202175152353e-05 -8.3643776522772609e-05 0.0001024998213398681
leaf_weight=1501.8600507080555 446.71556597948074 5564.5286704301834 1058.231373488903 194.24082860350609 207.27008701860905 65.992328435182571 47.280667304992676
leaf_count=6506 2711 26268 7503 1225 1063 351 216
internal_value=-7.11968e-07 8.18768e-05 -0.000343242 -0.000396025 5.53333e-05 -0.000214302 0.000180773
internal_weight=9086.12 7320.94 1765.18 1252.47 5771.8 512.708 1549.14
internal_count=45843 34053 11790 8728 27331 3062 6722
is_linear=0
shrinkage=0.05


Tree=90
num_leaves=8
num_cat=0
split_feature=2 1 1 0 0 0 0
split_gain=0.092809 0.00693692 0.00433999 0.00115868 0.000729814 0.000466949 0.000107851
threshold=1.0000000180025095e-35 1.0000000180025095e-35 1.0000000180025095e-35 1.0000000180025095e-35 1.0000000180025095e-35 1.0000000180025095e-35 1.0000000180025095e-35
decision_type=2 2 2 2 2 2 2
left_child=1 6 5 -4 -3 -2 -1
right_child=2 4 3 -5 -6 -7 -8
leaf_value=0.0001740668160369643 -0.00022195386626625807 5.5998643239614596e-05 -0.00039693257008242263 -0.00026406628406706314 -3.9556305558457814e-05 -7.946235673495144e-05 9.7372618373633822e-05
leaf_weight=1501.9362510144711 446.65460683405399 5564.6570574045181 1057.9395665824413 194.20817233622074 207.26603199541569 65.989577293395996 47.282376408576965
leaf_count=6506 2711 26268 7503 1225 1063 351 216
internal_value=-6.75667e-07 7.77824e-05 -0.000326155 -0.000376325 5.25673e-05 -0.000203612 0.000171726
internal_weight=9085.93 7321.14 1764.79 1252.15 5771.92 512.644 1549.22
internal_count=45843 34053 11790 8728 27331 3062 6722
is_linear=0
shrinkage=0.05


Tree=91
num_leaves=8
num_cat=0
split_feature=2 1 1 0 0 0 0
split_gain=0.0837755 0.00626029 0.0039194 0.00104658 0.000658652 0.000421538 9.73346e-05
threshold=1.0000000180025095e-35 1.0000000180025095e-35 1.0000000180025095e-35 1.0000000180025095e-35 1.0000000180025095e-35 1.0000000180025095e-35 1.0000000180025095e-35
decision_type=2 2 2 2 2 2 2
left_child=1 6 5 -4 -3 -2 -1
right_child=2 4 3 -5 -6 -7 -8
leaf_value=0.00016535778556715159 -0.00021088564416445649 5.3197906533475937e-05 -0.00037718901134494912 -0.00025090246756073232 -3.757966985558137e-05 -7.5496423774983783e-05 9.2499827478822249e-05
leaf_weight=1502.0085734426975 446.59671786427498 5564.7787901759148 1057.6624059230089 194.17715892195702 207.26218289136887 65.986967369914055 47.28400182723999
leaf_count=6506 2711 26268 7503 1225 1063 351 216
internal_value=-6.41936e-07 7.3892e-05 -0.000309915 -0.0003576 4.99383e-05 -0.000193456 0.000163134
internal_weight=9085.76 7321.33 1764.42 1251.84 5772.04 512.584 1549.29
internal_count=45843 34053 11790 8728 27331 3062 6722
is_linear=0
shrinkage=0.05


Tree=92
num_leaves=8
num_cat=0
split_feature=2 1 1 0 0 0 0
split_gain=0.0756197 0.00564911 0.00353945 0.000945218 0.000594418 0.000380578 8.78277e-05
threshold=1.0000000180025095e-35 1.0000000180025095e-35 1.0000000180025095e-35 1.0000000180025095e-35 1.0000000180025095e-35 1.0000000180025095e-35 1.0000000180025095e-35
decision_type=2 2 2 2 2 2 2
left_child=1 6 5 -4 -3 -2 -1
right_child=2 4 3 -5 -6 -7 -8
leaf_value=0.00015708005947857558 -0.00020036680639630439 5.0538025138698994e-05 -0.00035841999998672343 -0.00023839439054540923 -3.570025163786754e-05 -7.1720273047260364e-05 8.7872761946948476e-05
leaf_weight=1502.0773088335991 446.54173748195171 5564.8942601680756 1057.3988852798939 194.1476970911026 207.25853970646858 65.98448820412159 47.28554356098175
leaf_count=6506 2711 26268 7503 1225 1063 351 216
internal_value=-6.09769e-07 7.0196e-05 -0.000294478 -0.000339801 4.74415e-05 -0.000183804 0.000154968
internal_weight=9085.59 7321.52 1764.07 1251.55 5772.15 512.526 1549.36
internal_count=45843 34053 11790 8728 27331 3062 6722
is_linear=0
shrinkage=0.05


Tree=93
num_leaves=8
num_cat=0
split_feature=2 1 1 0 0 0 0
split_gain=0.068257 0.00509815 0.00319632 0.000853697 0.000536473 0.000343562 7.927e-05
threshold=1.0000000180025095e-35 1.0000000180025095e-35 1.0000000180025095e-35 1.0000000180025095e-35 1.0000000180025095e-35 1.0000000180025095e-35 1.0000000180025095e-35
decision_type=2 2 2 2 2 2 2
left_child=1 6 5 -4 -3 -2 -1
right_child=2 4 3 -5 -6 -7 -8
leaf_value=0.00014922116526132177 -0.00019036899408320855 4.8009796354278528e-05 -0.00034058126262975064 -0.00022650524234634029 -3.3918069410763673e-05 -6.8135923971484228e-05 8.3472958705694343e-05
leaf_weight=1502.1425541341305 446.48946370184422 5565.004250228405 1057.1485574394464 194.11967732012272 207.25505492091179 65.982129335403442 47.287008047103882
leaf_count=6506 2711 26268 7503 1225 1063 351 216
internal_value=-5.79383e-07 6.66846e-05 -0.000279807 -0.000322884 4.50681e-05 -0.000174631 0.000147215
internal_weight=9085.43 7321.69 1763.74 1251.27 5772.26 512.472 1549.43
internal_count=45843 34053 11790 8728 27331 3062 6722
is_linear=0
shrinkage=0.05


Tree=94
num_leaves=8
num_cat=0
split_feature=2 1 1 0 0 0 0
split_gain=0.0616112 0.00460083 0.00288632 0.000770937 0.000484144 0.000310136 7.15283e-05
threshold=1.0000000180025095e-35 1.0000000180025095e-35 1.0000000180025095e-35 1.0000000180025095e-35 1.0000000180025095e-35 1.0000000180025095e-35 1.0000000180025095e-35
decision_type=2 2 2 2 2 2 2
left_child=1 6 5 -4 -3 -2 -1
right_child=2 4 3 -5 -6 -7 -8
leaf_value=0.00014175459725425 -0.0001808709209603707 4.5608315867217406e-05 -0.00032362679683767281 -0.00021521298955878878 -3.2221896639508533e-05 -6.4733547342547674e-05 7.9300369681307772e-05
leaf_weight=1502.2045032382011 446.43981572985649 5565.1087603569031 1056.910751581192 194.09308135509491 207.25176021456718 65.979890763759613 47.288398504257202
leaf_count=6506 2711 26268 7503 1225 1063 351 216
internal_value=-5.50727e-07 6.33489e-05 -0.000265866 -0.000306806 4.28139e-05 -0.000165917 0.000139849
internal_weight=9085.28 7321.85 1763.42 1251 5772.36 512.42 1549.49
internal_count=45843 34053 11790 8728 27331 3062 6722
is_linear=0
shrinkage=0.05


Tree=95
num_leaves=8
num_cat=0
split_feature=2 1 1 0 0 0 0
split_gain=0.0556116 0.004152 0.00260636 0.000696238 0.000436849 0.000279987 6.45442e-05
threshold=1.0000000180025095e-35 1.0000000180025095e-35 1.0000000180025095e-35 1.0000000180025095e-35 1.0000000180025095e-35 1.0000000180025095e-35 1.0000000180025095e-35
decision_type=2 2 2 2 2 2 2
left_child=1 6 5 -4 -3 -2 -1
right_child=2 4 3 -5 -6 -7 -8
leaf_value=0.00013465854127909103 -0.00017184771062459946 4.3323791540044919e-05 -0.00030751567528343368 -0.00020448061774478796 -3.0607691616366757e-05 -6.1497290117127802e-05 7.5332509602120325e-05
leaf_weight=1502.2633500397205 446.39263197779655 5565.2077905535698 1056.684796884656 194.0677996724844 207.24862390756607 65.977762028574944 47.289721369743347
leaf_count=6506 2711 26268 7503 1225 1063 351 216
internal_value=-5.26322e-07 6.01771e-05 -0.000252619 -0.000291529 4.06694e-05 -0.000157638 0.000132848
internal_weight=9085.13 7322.01 1763.12 1250.75 5772.46 512.37 1549.55
internal_count=45843 34053 11790 8728 27331 3062 6722
is_linear=0
shrinkage=0.05


Tree=96
num_leaves=8
num_cat=0
split_feature=2 1 1 0 0 0 0
split_gain=0.050196 0.00374699 0.00235345 0.000628707 0.000394267 0.000252729 5.82465e-05
threshold=1.0000000180025095e-35 1.0000000180025095e-35 1.0000000180025095e-35 1.0000000180025095e-35 1.0000000180025095e-35 1.0000000180025095e-35 1.0000000180025095e-35
decision_type=2 2 2 2 2 2 2
left_child=1 6 5 -4 -3 -2 -1
right_child=2 4 3 -5 -6 -7 -8
leaf_value=0.00012792111379199243 -0.00016327049947912166 4.1156807516653219e-05 -0.00029219969329794763 -0.00019428224801319271 -2.9079514755562164e-05 -5.8427229709767539e-05 7.1564365769450651e-05
leaf_weight=1502.3192884325981 446.34783165156841 5565.3017322421074 1056.4700225293636 194.0437775105238 207.2456618398428 65.975743129849434 47.290976643562317
leaf_count=6506 2711 26268 7503 1225 1063 351 216
internal_value=-5.00114e-07 5.71671e-05 -0.000240028 -0.000277006 3.86352e-05 -0.000149769 0.000126201
internal_weight=9085 7322.16 1762.84 1250.51 5772.55 512.324 1549.61
internal_count=45843 34053 11790 8728 27331 3062 6722
is_linear=0
shrinkage=0.05


Tree=97
num_leaves=8
num_cat=0
split_feature=2 1 1 0 0 0 0
split_gain=0.0453088 0.00338103 0.00212492 0.00056776 0.000355822 0.000228155 5.25555e-05
threshold=1.0000000180025095e-35 1.0000000180025095e-35 1.0000000180025095e-35 1.0000000180025095e-35 1.0000000180025095e-35 1.0000000180025095e-35 1.0000000180025095e-35
decision_type=2 2 2 2 2 2 2
left_child=1 6 5 -4 -3 -2 -1
right_child=2 4 3 -5 -6 -7 -8
leaf_value=0.00012151940349358169 -0.00015512526533129612 3.9102457609953815e-05 -0.00027764474470404741 -0.00018458833064559954 -2.7622093585028176e-05 -5.5507504636851995e-05 6.7987263476649499e-05
leaf_weight=1502.3724153637886 446.30525316298008 5565.3913682699203 1056.2659813016653 194.02096010744572 207.24282649159431 65.973823606967926 47.292170763015747
leaf_count=6506 2711 26268 7503 1225 1063 351 216
internal_value=-4.73018e-07 5.43106e-05 -0.000228063 -0.000263204 3.6707e-05 -0.000142296 0.000119886
internal_weight=9084.86 7322.3 1762.57 1250.29 5772.63 512.279 1549.66
internal_count=45843 34053 11790 8728 27331 3062 6722
is_linear=0
shrinkage=0.05


Tree=98
num_leaves=8
num_cat=0
split_feature=2 1 1 0 0 0 0
split_gain=0.0408956 0.00305133 0.00191869 0.000512647 0.000321176 0.000205966 4.74375e-05
threshold=1.0000000180025095e-35 1.0000000180025095e-35 1.0000000180025095e-35 1.0000000180025095e-35 1.0000000180025095e-35 1.0000000180025095e-35 1.0000000180025095e-35
decision_type=2 2 2 2 2 2 2
left_child=1 6 5 -4 -3 -2 -1
right_child=2 4 3 -5 -6 -7 -8
leaf_value=0.000115440989313796 -0.00014737967232525875 3.714666808847167e-05 -0.00026381030679296214 -0.00017538030158316623 -2.6246662906014064e-05 -5.2728274833531571e-05 6.4582773720231479e-05
leaf_weight=1502.4228277802467 446.26477532088757 5565.4763072133064 1056.0722259879112 193.99929270148277 207.24013370275497 65.971998229622841 47.293303728103638
leaf_count=6506 2711 26268 7503 1225 1063 351 216
internal_value=-4.49137e-07 5.15942e-05 -0.00021669 -0.000250087 3.48709e-05 -0.000135189 0.000113889
internal_weight=9084.74 7322.43 1762.31 1250.07 5772.72 512.237 1549.72
internal_count=45843 34053 11790 8728 27331 3062 6722
is_linear=0
shrinkage=0.05


Tree=99
num_leaves=8
num_cat=0
split_feature=2 1 1 0 0 0 0
split_gain=0.0369124 0.00275359 0.00173231 0.000462895 0.00028984 0.000185906 4.28025e-05
threshold=1.0000000180025095e-35 1.0000000180025095e-35 1.0000000180025095e-35 1.0000000180025095e-35 1.0000000180025095e-35 1.0000000180025095e-35 1.0000000180025095e-35
decision_type=2 2 2 2 2 2 2
left_child=1 6 5 -4 -3 -2 -1
right_child=2 4 3 -5 -6 -7 -8
leaf_value=0.0001096646588219842 -0.00014002318681549761 3.5289427005964205e-05 -0.00025066295975039517 -0.00016662856050497364 -2.4932326330444479e-05 -5.0097473525146799e-05 6.1355466772643972e-05
leaf_weight=1502.470719575882 446.22635772824287 5565.5569404959679 1055.8880857676268 193.97868402302265 207.23758347332478 65.970261767506599 47.294378757476807
leaf_count=6506 2711 26268 7503 1225 1063 351 216
internal_value=-4.26357e-07 4.9014e-05 -0.000205884 -0.000237621 3.31275e-05 -0.000128441 0.00010819
internal_weight=9084.62 7322.56 1762.06 1249.87 5772.79 512.197 1549.77
internal_count=45843 34053 11790 8728 27331 3062 6722
is_linear=0
shrinkage=0.05


end of trees

feature_importances:
Alcohol_Intake=400
Physical_Activity=200
Smoking_Status=100

parameters:
[boosting: gbdt]
[objective: binary]
[metric: binary_logloss]
[tree_learner: serial]
[device_type: cpu]
[data_sample_strategy: bagging]
[data: ]
[valid: ]
[num_iterations: 100]
[learning_rate: 0.05]
[num_leaves: 31]
[num_threads: 8]
[seed: 42]
[deterministic: 0]
[force_col_wise: 0]
[force_row_wise: 0]
[histogram_pool_size: -1]
[max_depth: -1]
[min_data_in_leaf: 20]
[min_sum_hessian_in_leaf: 0.001]
[bagging_fraction: 1]
[pos_bagging_fraction: 1]
[neg_bagging_fraction: 1]
[bagging_freq: 0]
[bagging_seed: 400]
[bagging_by_query: 0]
[feature_fraction: 1]
[feature_fraction_bynode: 1]
[feature_fraction_seed: 30056]
[extra_trees: 0]
[extra_seed: 12879]
[early_stopping_round: 0]
[early_stopping_min_delta: 0]
[first_metric_only: 0]
[max_delta_step: 0]
[lambda_l1: 0]
[lambda_l2: 0]
[linear_lambda: 0]
[min_gain_to_split: 0]
[drop_rate: 0.1]
[max_drop: 50]
[skip_drop: 0.5]
[xgboost_dart_mode: 0]
[uniform_drop: 0]
[drop_seed: 17869]
[top_rate: 0.2]
[other_rate: 0.1]
[min_data_per_group: 100]
[max_cat_threshold: 32]
[cat_l2: 10]
[cat_smooth: 10]
[max_cat_to_onehot: 4]
[top_k: 20]
[monotone_constraints: ]
[monotone_constraints_method: basic]
[monotone_penalty: 0]
[feature_contri: ]
[forcedsplits_filename: ]
[refit_decay_rate: 0.9]
[cegb_tradeoff: 1]
[cegb_penalty_split: 0]
[cegb_penalty_feature_lazy: ]
[cegb_penalty_feature_coupled: ]
[path_smooth: 0]
[interaction_constraints: ]
[verbosity: 1]
[saved_feature_importance_type: 0]
[use_quantized_grad: 0]
[num_grad_quant_bins: 4]
[quant_train_renew_leaf: 0]
[stochastic_rounding: 1]
[linear_tree: 0]
[max_bin: 255]
[max_bin_by_feature: ]
[min_data_in_bin: 3]
[bin_construct_sample_cnt: 200000]
[data_random_seed: 175]
[is_enable_sparse: 1]
[enable_bundle: 1]
[use_missing: 1]
[zero_as_missing: 0]
[feature_pre_filter: 1]
[pre_partition: 0]
[two_round: 0]
[header: 0]
[label_column: ]
[weight_column: ]
[group_column: ]
[ignore_column: ]
[categorical_feature: ]
[forcedbins_filename: ]
[precise_float_parser: 0]
[parser_config_file: ]
[objective_seed: 16083]
[num_class: 1]
[is_unbalance: 0]
[scale_pos_weight: 1]
[sigmoid: 1]
[boost_from_average: 1]
[reg_sqrt: 0]
[alpha: 0.9]
[fair_c: 1]
[poisson_max_delta_step: 0.7]
[tweedie_variance_power: 1.5]
[lambdarank_truncation_level: 30]
[lambdarank_norm: 1]
[label_gain: ]
[lambdarank_position_bias_regularization: 0]
[eval_at: ]
[multi_error_top_k: 1]
[auc_mu_weights: ]
[num_machines: 1]
[local_listen_port: 12400]
[time_out: 120]
[machine_list_filename: ]
[machines: ]
[gpu_platform_id: -1]
[gpu_device_id: -1]
[gpu_use_dp: 0]
[num_gpu: 1]

end of parameters

pandas_categorical:[]
