tree
version=v3
num_class=1
num_tree_per_iteration=1
label_index=0
max_feature_idx=6
objective=binary sigmoid:1
feature_names=Age BMI Cholesterol_Level Diastolic_Blood_Pressure Gender Glucose_Level Systolic_Blood_Pressure
feature_infos=[25:79] [8:65.400000000000006] [1:3] [60:120] [1:2] [1:3] [80:200]
tree_sizes=3474 3414 3504 3541 3516 3513 3531 3511 3511 3501 3519 3513 3511 3523 3513 3529 3528 3514 3523 3522 3522 3515 3533 3513 3520 3529 3522 3520 3528 3521 3521 3538 3542 3546 3549 3548 3560 3548 3551 3539 3556 3523 3557 3438 3542 3432 3540 3554 3546 3438 3537 3553 3547 3536 3545 3542 3440 3548 3552 3548 3534 3543 3444 3557 3554 3551 3561 3559 3563 3560 3550 3554 3558 3558 3570 3557 3542 3444 3547 3569 3551 3554 3546 3557 3557 3563 3560 3443 3546 3544 3552 3556 3565 3553 3553 3435 3565 3556 3566 3556

Tree=0
num_leaves=32
num_cat=0
split_feature=6 2 6 0 2 0 0 0 5 1 0 3 1 0 1 6 6 0 5 1 5 1 3 5 5 1 3 6 0 3 1
split_gain=8082.47 1000.6 918.554 793.948 216.11 174.827 159.935 141.842 89.637 48.1953 42.6967 53.7861 35.1309 19.6954 18.924 17.4562 11.4577 9.68851 9.49514 5.39661 5.2423 5.11846 5.04512 5.04709 4.55658 4.27275 4.00311 4.36705 3.64313 3.2722 2.67358
threshold=125.50000000000001 2.5000000000000004 130.50000000000003 54.500000000000007 2.5000000000000004 38.500000000000007 60.500000000000007 44.500000000000007 2.5000000000000004 33.150000000000013 58.500000000000007 85.500000000000014 28.850000000000005 58.500000000000007 20.750000000000004 149.50000000000003 138.50000000000003 62.500000000000007 1.5000000000000002 27.350000000000005 1.5000000000000002 29.950000000000003 69.500000000000014 2.5000000000000004 2.5000000000000004 26.650000000000002 83.500000000000014 101.50000000000001 53.500000000000007 88.500000000000014 26.350000000000005
decision_type=2 2 2 2 2 2 2 2 2 2 2 2 2 2 2 2 2 2 2 2 2 2 2 2 2 2 2 2 2 2 2
left_child=1 3 4 5 10 25 9 -7 26 -5 11 -2 13 -10 -8 16 18 -12 -4 20 -6 -14 30 -24 -18 -1 27 -3 -28 -21 -17
right_child=2 8 15 6 19 7 14 -9 12 -11 17 -13 21 -15 -16 22 24 -19 -20 29 -22 -23 23 -25 -26 -27 28 -29 -30 -31 -32
leaf_value=0.02246097257572393 0.012967102022311435 0.020646694086050976 0.020230514399893124 0.0088148348628361312 0.0263809686577181 0.00045448652814145986 0.0074858486543558315 0.0045739078941279595 0.012554333679412326 0.014709349117737995 0.018100135791384496 0.018024472234756315 0.028936219726952778 0.020650003048194379 0.015840554297508615 0.01748635949225576 0.027313855211974221 0.021765537888614829 0.027331823650498327 0.028299919991773569 0.021761940212807179 0.021653239008047397 0.028702603393099657 0.026689728161917288 0.025610301111162678 0.029582215458096625 0.032750297086945115 0.025646177450260415 0.025353428018070369 0.025500953284331589 0.026153468885102366
leaf_weight=16.249169930815697 510.22393582761288 19.249016687273979 45.247688576579094 1509.9228674173355 52.7473054677248 1212.188076838851 28.498544186353683 2692.3624639213085 128.24344883859158 152.74219734966755 226.73841734230518 357.73172570765018 11.499412566423414 39.247995063662529 556.97154778242111 5.9996935129165641 1406.4281543195248 105.74459816515446 32.248352631926537 102.49476417899132 45.997650265693665 59.996935129165649 1280.4345905482769 137.99295079708099 176.74097140133381 17.499106079339981 14.249272093176844 189.24033288657665 12.499361485242842 70.496398776769638 8.7495530396699888
leaf_count=65 2041 77 181 6040 211 4849 114 10770 513 611 907 1431 46 157 2228 24 5626 423 129 410 184 240 5122 552 707 70 57 757 50 282 35
internal_value=0.0142958 0.00727065 0.0245438 0.00619755 0.0180417 0.00349089 0.0109391 0.00329501 0.0212697 0.00935634 0.0162188 0.0150515 0.0169563 0.0144514 0.0154339 0.0276377 0.0269399 0.0192659 0.0231856 0.0260946 0.0242293 0.0228246 0.0284463 0.0285068 0.0271237 0.0261535 0.0256518 0.0251846 0.0292938 0.0271593 0.0226279
internal_weight=0 6660.66 4566.02 6186.43 1472.17 3938.3 2248.14 3904.55 474.226 1662.67 1200.44 867.956 238.988 167.491 585.47 3093.84 1660.67 332.483 77.496 271.736 98.745 71.4963 1433.18 1418.43 1583.17 33.7483 235.238 208.489 26.7486 172.991 14.7492
internal_count=44909 26644 18265 24747 5889 15754 8993 15619 1897 6651 4802 3472 956 670 2342 12376 6643 1330 310 1087 395 286 5733 5674 6333 135 941 834 107 692 59
is_linear=0
shrinkage=1


Tree=1
num_leaves=31
num_cat=0
split_feature=3 2 0 0 1 0 5 1 3 0 2 1 3 1 1 0 5 0 1 1 5 5 3 3 1 1 1 2 1 4
split_gain=5224.29 1443.85 1078.24 250.989 194.918 96.5709 82.4592 75.2382 72.5317 68.1378 67.6204 54.5966 32.0746 20.4685 19.6906 15.5051 11.6939 10.681 9.18609 6.88603 5.63642 5.26647 4.58964 4.25492 4.07405 3.65823 4.62426 2.95369 2.61582 2.00069
threshold=80.500000000000014 2.5000000000000004 54.500000000000007 60.500000000000007 27.450000000000003 44.500000000000007 2.5000000000000004 31.650000000000002 90.500000000000014 38.500000000000007 1.5000000000000002 27.550000000000004 85.500000000000014 20.750000000000004 22.450000000000003 58.500000000000007 1.5000000000000002 57.500000000000007 28.050000000000004 35.350000000000001 2.5000000000000004 1.5000000000000002 116.50000000000001 75.500000000000014 42.650000000000013 21.250000000000004 33.350000000000001 1.5000000000000002 29.350000000000005 1.5000000000000002
decision_type=2 2 2 2 2 2 2 2 2 2 2 2 2 2 2 2 2 2 2 2 2 2 2 2 2 2 2 2 2 2
left_child=1 2 4 7 5 -1 18 -4 10 -6 12 15 16 -5 -14 -8 -2 21 29 -19 22 -12 27 -20 -13 -22 -27 -10 -24 -3
right_child=8 6 3 13 9 -7 11 -9 20 -11 17 24 14 -15 -16 -17 -18 19 23 -21 25 -23 28 -25 -26 26 -28 -29 -30 -31
leaf_value=-0.012973339108406 -0.00084962112055184807 0.011413830342477529 -0.0036465134617049977 -0.0036592411110880621 0.016165855574552575 -0.0091073227126638977 0.00024194963520874534 0.0017508342075845593 0.012888742861012849 -0.0060104054934627792 0.011770748977172561 0.010400581016333682 0.0047772872834385026 0.0041353526827130243 0.0090123892679003347 0.0067956253100205479 0.0090377779826561581 0.012692759398883952 0.010747432734663383 0.016803841675445127 0.0026545564532120597 0.0097204241130676786 0.0064201076795498239 0.014380453668567031 0.0021479564138489307 0.012724724505117788 0.0082429982348626394 0.0141698987872393 0.012459115965554339 0.0092337393466960082
leaf_weight=946.24036730825901 49.746268585324287 109.23165938258171 1717.6860266178846 35.248439162969589 13.997444763779638 2037.2150735408068 141.24160376191139 303.97858901321888 470.41178523004055 1362.965632840991 331.94530978798866 139.97856815159321 119.23421311378479 761.93304997682571 1384.7971361875534 48.494327172636986 15.748522967100142 277.95238500833511 39.993469223380089 47.741424009203911 5.249342516064643 201.21861265599728 14.997397825121881 166.21989227831364 6.2489918768405905 68.239305809140205 34.744440019130707 291.44366480410099 13.747372061014174 68.488644257187843
leaf_count=3785 199 437 6871 141 56 8149 565 1216 1882 5452 1328 560 477 3048 5540 194 63 1112 160 191 21 805 60 665 25 273 139 1166 55 274
internal_value=0 -0.00442735 -0.00578118 -0.000961198 -0.00889712 -0.0103335 0.00907394 -0.00283497 0.010511 -0.00578497 0.00961273 0.00545596 0.00837833 0.0037907 0.00867665 0.00191699 0.00152785 0.0118686 0.0122399 0.0132954 0.0129378 0.0109969 0.0132308 0.0136759 0.0100479 0.0107976 0.0112127 0.0133788 0.0093083 0.0105737
internal_weight=0 7899.16 7179.26 2818.85 4360.42 2983.46 719.897 2021.66 3327.22 1376.96 2428.38 335.963 1569.53 797.181 1504.03 189.736 65.4948 858.858 383.934 325.694 898.833 533.164 790.6 206.213 146.228 108.233 102.984 761.855 28.7448 177.72
internal_count=44909 31598 28718 11276 17442 11934 2880 8087 13311 5508 9715 1344 6279 3189 6017 759 262 3436 1536 1303 3596 2133 3163 825 585 433 412 3048 115 711
is_linear=0
shrinkage=0.01


Tree=2
num_leaves=32
num_cat=0
split_feature=6 2 6 0 2 0 0 0 5 1 0 1 0 1 6 1 6 0 5 1 5 1 5 5 1 1 0 0 1 1 6
split_gain=7819.97 962.317 891.589 762.426 207.819 169.447 153.334 136.991 86.4791 46.3694 41.0134 33.8337 19.0176 18.2142 16.5923 12.678 11.1492 9.39311 9.28786 5.17744 5.03116 5.01422 4.64583 4.55085 3.9817 3.96761 3.73074 2.9741 2.92503 2.1663 0.876208
threshold=125.50000000000001 2.5000000000000004 130.50000000000003 54.500000000000007 2.5000000000000004 38.500000000000007 60.500000000000007 44.500000000000007 2.5000000000000004 33.150000000000013 58.500000000000007 28.850000000000005 58.500000000000007 20.750000000000004 149.50000000000003 22.050000000000004 138.50000000000003 62.500000000000007 1.5000000000000002 27.350000000000005 1.5000000000000002 29.950000000000003 2.5000000000000004 2.5000000000000004 26.650000000000002 37.550000000000004 48.500000000000007 60.500000000000007 20.450000000000003 21.250000000000004 112.50000000000001
decision_type=2 2 2 2 2 2 2 2 2 2 2 2 2 2 2 2 2 2 2 2 2 2 2 2 2 2 2 2 2 2 2
left_child=1 3 4 5 10 24 9 -7 25 -5 15 12 -10 -8 16 -2 18 -12 -4 20 -6 -13 28 -18 -1 26 -3 -21 -16 -24 -27
right_child=2 8 14 6 19 7 13 -9 11 -11 17 21 -14 -15 22 -17 23 -19 -20 27 -22 -23 29 -25 -26 30 -28 -29 -30 -31 -32
leaf_value=0.0081353395822150541 -0.0033443734051614065 0.013432290649776349 0.0058237169980246643 -0.0053962197002206912 0.011855096888620267 -0.013598517202213287 -0.0067115584604951015 -0.0095502028589863359 -0.0017383450398485562 0.00038560375854688995 0.003726992923928914 0.014393688807490012 0.0062172339565440991 0.0014847968385376105 0.010470361801940416 0.0011014938066333437 0.012821583756699067 0.0073363064948032434 0.012847778845632303 0.011886204978648715 0.0073295415175473038 0.0071841094115908475 0.0057300013596237806 0.011118890402664996 0.015010531768624718 0.012356125004353709 0.01011377675877652 0.014970164124962824 0.014169388126888725 0.012432866743971694 0.017161568820814051
leaf_weight=16.248272359371185 69.745794430375099 41.984480574727058 45.24192975461483 1509.9845824986696 52.731274247169495 1212.2128241360188 28.499799951910973 2692.4847015738487 128.24338375031948 152.73864023387432 226.7207093834877 11.495523795485495 39.242236226797104 556.94232098758221 21.743385970592499 798.17822732031345 1406.0697517693043 105.72932210564613 32.240446269512177 131.94927245378494 45.99067310988903 59.984813019633293 4.9989693760871878 176.69722171127796 17.492044150829315 5.4980322867631921 175.43823988735676 40.983406737446785 1270.0267229229212 135.95398119091988 12.245178297162056
leaf_count=65 279 168 181 6040 211 4849 114 10770 513 611 907 46 157 2228 87 3193 5626 423 129 528 184 240 20 707 70 22 702 164 5082 544 49
internal_value=0 -0.00690962 0.0100818 -0.00796188 0.00367568 -0.0106142 -0.00331543 -0.010807 0.00682051 -0.0048651 0.00188823 0.00258383 0.000125664 0.00108579 0.0131306 0.000744227 0.0124502 0.00487487 0.00874643 0.011574 0.00974682 0.00834356 0.013919 0.0126315 0.0116997 0.0111256 0.0107546 0.0126171 0.0141071 0.0121951 0.0156725
internal_weight=0 6660.74 4565 6186.6 1472.03 3938.44 2248.17 3904.7 474.132 1662.72 1200.37 238.966 167.486 585.442 3092.97 867.924 1660.25 332.45 77.4824 271.655 98.7219 71.4803 1432.72 1582.77 33.7403 235.166 217.423 172.933 1291.77 140.953 17.7432
internal_count=44909 26644 18265 24747 5889 15754 8993 15619 1897 6651 4802 956 670 2342 12376 3472 6643 1330 310 1087 395 286 5733 6333 135 941 870 692 5169 564 71
is_linear=0
shrinkage=0.01


Tree=3
num_leaves=32
num_cat=0
split_feature=6 0 6 5 0 0 0 3 6 1 0 0 3 5 1 1 6 6 0 6 4 1 3 5 3 3 5 5 3 1 1
split_gain=7665.47 901.922 874.366 241.247 185.53 121.739 101.764 92.8292 74.2522 68.0387 53.9973 52.2206 40.0296 37.7849 23.9037 16.9024 16.2846 16.0143 11.1199 10.9362 10.7485 9.4965 9.42365 9.10868 8.84461 4.80274 4.87642 4.46397 3.45074 2.58767 2.09897
threshold=125.50000000000001 54.500000000000007 130.50000000000003 1.5000000000000002 60.500000000000007 44.500000000000007 38.500000000000007 80.500000000000014 110.50000000000001 32.95000000000001 38.500000000000007 58.500000000000007 85.500000000000014 2.5000000000000004 30.850000000000005 20.750000000000004 149.50000000000003 119.50000000000001 62.500000000000007 138.50000000000003 1.5000000000000002 23.650000000000002 84.500000000000014 1.5000000000000002 96.500000000000014 69.500000000000014 2.5000000000000004 2.5000000000000004 78.500000000000014 26.350000000000005 24.350000000000005
decision_type=2 2 2 2 2 2 2 2 2 2 2 2 2 2 2 2 2 2 2 2 2 2 2 2 2 2 2 2 2 2 2
left_child=1 3 11 5 9 6 -1 10 -7 13 -5 12 14 -3 -2 28 19 -9 -17 23 21 -13 -11 -4 -14 29 -27 -21 -6 -18 -22
right_child=2 4 16 7 15 8 -8 17 -10 22 -12 20 24 -15 -16 18 25 -19 -20 27 30 -23 -24 -25 -26 26 -28 -29 -30 -31 -32
leaf_value=0.011557843292465732 -0.000496074802150777 -0.0048514047883622532 0.0057659586401937416 0.014637629401968855 -0.0097242009984995631 -0.011921833378897545 -0.013653871478862122 0.013022979058680502 -0.0082055158399330155 0.0012599817284725183 -0.0053275557283536572 0.0028743123198617989 0.0043395379586824243 0.00078599720259581261 0.0039502394618993212 0.0013916611557302197 0.0030479372074277361 0.0018473999263971287 0.0040211584269512933 0.012696693863185371 0.0064559136764098385 0.0083477554073097763 0.0093994334732144802 0.012722573604235163 0.0099676540705692894 0.014035774202179267 0.012056673231145358 0.011010142087669476 -0.0025646640271949645 0.011575824872089951 0.0036628165584088723
leaf_weight=16.240627855062485 433.21577608585358 1519.7101324647665 45.238191783428192 13.993830010294912 9.7499093711376208 779.70797017216682 1127.0776797235012 35.738464921712875 1731.6508663892746 173.22465570271015 423.71036031842232 36.241006031632423 405.14463937282562 128.98530013859272 167.72170259058475 317.94814679026604 5.9986679553985587 19.996983081102371 325.44379116594791 1405.7031915336847 35.490940988063812 252.91321241855621 15.496743217110632 32.232193410396576 29.98923048377037 1279.6132975965738 137.91748738288879 176.65823885798454 21.748721152544022 8.7458459436893445 111.21500499546528
leaf_count=65 1733 6079 181 56 39 3119 4509 143 6927 693 1695 145 1621 516 671 1272 24 80 1302 5626 142 1012 62 129 120 5122 552 707 87 35 445
internal_value=0 -0.00684084 0.00998306 -0.00970466 -0.00211235 -0.0105908 -0.0132957 -0.0031415 -0.00935933 -0.00375931 -0.00468925 0.00363917 0.00241749 -0.00441036 0.000744892 0.00237157 0.0130029 0.00901336 0.00272173 0.0123288 0.00654318 0.00766174 0.00192835 0.00866032 0.00472743 0.0137842 0.0138432 0.0125084 -0.00478079 0.00810633 0.00433852
internal_weight=0 6660.42 4564.04 4148.12 2512.31 3654.68 1143.32 493.44 2511.36 1837.42 437.704 1471.93 1036.07 1648.7 600.937 674.891 3092.11 55.7354 643.392 1659.83 435.86 289.154 188.721 77.4704 435.134 1432.28 1417.53 1582.36 31.4986 14.7445 146.706
internal_count=44909 26644 18265 16594 10050 14620 4574 1974 10046 7350 1751 5889 4145 6595 2404 2700 12376 223 2574 6643 1744 1157 755 310 1741 5733 5674 6333 126 59 587
is_linear=0
shrinkage=0.01


Tree=4
num_leaves=32
num_cat=0
split_feature=6 2 6 0 2 0 0 0 5 6 0 3 0 6 6 6 3 0 2 5 3 5 5 3 6 0 0 0 2 0 0
split_gain=7514.35 936.941 857.653 732.008 203.401 162.755 147.052 131.806 85.2896 44.6773 39.3957 48.7084 21.8382 15.9893 13.7516 10.7301 9.96383 9.20323 9.13752 4.93457 4.7131 4.78683 4.3803 3.83488 4.24925 3.54503 3.29723 2.81932 2.71728 2.46449 1.46309
threshold=125.50000000000001 2.5000000000000004 130.50000000000003 54.500000000000007 2.5000000000000004 38.500000000000007 60.500000000000007 44.500000000000007 2.5000000000000004 110.50000000000001 58.500000000000007 85.500000000000014 58.500000000000007 149.50000000000003 115.50000000000001 138.50000000000003 80.500000000000014 62.500000000000007 2.5000000000000004 2.5000000000000004 69.500000000000014 2.5000000000000004 2.5000000000000004 83.500000000000014 101.50000000000001 53.500000000000007 60.500000000000007 60.500000000000007 1.5000000000000002 36.500000000000007 55.500000000000007
decision_type=2 2 2 2 2 2 2 2 2 2 2 2 2 2 2 2 2 2 2 2 2 2 2 2 2 2 2 2 2 2 2
left_child=1 3 4 5 10 29 9 -7 23 -5 11 -2 16 15 -8 18 -10 -12 -4 27 28 -22 -17 24 -3 -25 -14 -6 -15 -1 -21
right_child=2 8 13 6 19 7 14 -9 12 -11 17 -13 26 20 -16 22 -18 -19 -20 30 21 -23 -24 25 -26 -27 -28 -29 -30 -31 -32
leaf_value=0.0098648292770545272 -0.0012697909559468959 0.0061173120616927557 0.0066353102121229635 -0.0076218787280129107 0.011793301199809094 -0.013338138479465611 -0.0016664128177849957 -0.0093666837677121324 2.7945886154125791e-05 -0.0038319151398927688 0.0036260055369591098 0.0035432298050923896 0.0047616098747605478 0.011581694189918411 0.0019159032383681879 0.012574011670337568 0.0090522563699246324 0.007199027066984871 0.014656118168819154 0.011181618095424322 0.013901229090654206 0.011940062389852995 0.010903100930892537 0.018028888864532796 0.011049719804729234 0.010729837559427649 0.0093467484571391184 0.014908686127004729 0.0028417027607027922 0.016033715564173944 0.0087995493255697624
leaf_weight=24.979537159204483 510.23715908825397 19.242878094315529 58.720029935240746 414.24321468174458 126.40447317063808 1211.8363473415375 141.22989699244499 2692.1779354661703 160.48225671052933 1248.4819026589394 226.68917743861675 357.65217812359333 26.24012316763401 8.7456738948822004 444.185552328825 1405.2264926731586 13.244583055377005 105.70364840328693 18.735109880566597 42.976974844932556 1279.0808241069317 137.8720159381628 176.6088977009058 14.237367272377016 189.15290623903275 12.492788091301916 38.984013333916664 37.71555495262146 5.9960971623659125 8.7426944673061353 64.456604525446892
leaf_count=100 2041 77 235 1657 506 4849 565 10770 642 4994 907 1431 105 35 1777 5626 53 423 75 172 5122 552 707 57 757 50 156 151 24 35 258
internal_value=0 -0.00677292 0.00988588 -0.00781127 0.00360301 -0.0104105 -0.00325857 -0.0105995 0.00677575 -0.00477613 0.00183481 0.000713627 0.0025683 0.0128776 0.00105168 0.0122095 0.000715941 0.00476226 0.00857541 0.0114186 0.0136519 0.0137104 0.0123875 0.0110517 0.0105943 0.0146176 0.00750212 0.0125092 0.00802677 0.0114642 0.00975246
internal_weight=0 6659.95 4562.82 6185.88 1471.84 3937.74 2248.14 3904.01 474.077 1662.73 1200.28 867.889 238.951 3090.99 585.415 1659.29 173.727 332.393 77.4551 271.554 1431.69 1416.95 1581.84 235.126 208.396 26.7302 65.2241 164.12 14.7418 33.7222 107.434
internal_count=44909 26644 18265 24747 5889 15754 8993 15619 1897 6651 4802 3472 956 12376 2342 6643 695 1330 310 1087 5733 5674 6333 941 834 107 261 657 59 135 430
is_linear=0
shrinkage=0.01


Tree=5
num_leaves=32
num_cat=0
split_feature=6 2 6 0 2 0 0 0 5 1 0 3 1 0 1 6 6 0 2 1 1 5 3 5 5 1 1 0 3 2 3
split_gain=7366.65 918.403 841.385 717.749 199.455 159.545 144.127 129.419 83.6378 44.422 38.6171 47.7417 32.8871 18.1216 17.4803 15.7055 10.5312 9.02372 8.96508 5.02903 4.92013 4.87284 4.627 4.70083 4.29968 3.91795 3.86607 3.69348 3.23811 2.66464 2.50325
threshold=125.50000000000001 2.5000000000000004 130.50000000000003 54.500000000000007 2.5000000000000004 38.500000000000007 60.500000000000007 43.500000000000007 2.5000000000000004 33.150000000000013 58.500000000000007 85.500000000000014 28.850000000000005 58.500000000000007 20.750000000000004 149.50000000000003 138.50000000000003 62.500000000000007 2.5000000000000004 27.350000000000005 29.950000000000003 1.5000000000000002 69.500000000000014 2.5000000000000004 2.5000000000000004 26.650000000000002 37.550000000000004 48.500000000000007 88.500000000000014 1.5000000000000002 77.500000000000014
decision_type=2 2 2 2 2 2 2 2 2 2 2 2 2 2 2 2 2 2 2 2 2 2 2 2 2 2 2 2 2 2 2
left_child=1 3 4 5 10 25 9 -7 26 -5 11 -2 13 -10 -8 16 18 -12 -4 21 -14 -6 29 -24 -18 -1 27 -3 -21 -17 -28
right_child=2 8 15 6 19 7 14 -9 12 -11 17 -13 20 -15 -16 22 24 -19 -20 28 -22 -23 23 -25 -26 -27 30 -29 -30 -31 -32
leaf_value=0.0078174275612003727 -0.0012570870095641568 0.013242967447092212 0.0065699755427310888 -0.0052482788732888374 0.011582780213408002 -0.013525871939607886 -0.0065975243118955662 -0.009401239339003619 -0.0017000275978818892 0.00041079600625615255 0.0035899681760110753 0.0035080142238754879 0.014216857942220936 0.0060666970439085697 0.0014320827005322972 0.011469092786457157 0.012453466910545987 0.0071282031039206807 0.014516275731926924 0.013472077981323721 0.0070737329405322338 0.0071277643770366597 0.013769260218643817 0.011825391975921966 0.01079771872335839 0.014640287916343524 0.0094350006457196954 0.0099402536550307358 0.010686179488266589 0.0028134897346855977 0.017787401274380773
leaf_weight=16.239540785551071 510.23967905342579 41.963009610772133 58.710971429944038 1509.9655189216137 52.692745000123978 1035.3479078263044 28.499417573213577 2867.9909388422966 128.24480798840523 152.74107648432255 226.67519538104534 357.63019466400146 11.490237623453138 39.231448948383331 556.90808808803558 8.7432338893413526 1404.6430974304676 105.68643665313721 18.726480334997177 102.37690605223179 59.971173837780952 45.972234904766083 1278.4297073632479 137.81713518500328 176.54950879514217 17.47097010910511 4.995786681771281 175.36422802507877 70.419640555977821 5.9956647455692282 12.735664114356039
leaf_count=65 2041 168 235 6040 211 4144 114 11475 513 611 907 1431 46 157 2228 35 5626 423 75 410 240 184 5122 552 707 70 20 702 282 24 51
internal_value=0 -0.00670599 0.00979029 -0.00773405 0.00356733 -0.0103082 -0.00322602 -0.0104953 0.00670914 -0.00472842 0.00181654 0.000706507 0.00254276 0.000119334 0.00104118 0.0127545 0.0120923 0.00471508 0.00849161 0.0113082 0.00822227 0.009507 0.0135221 0.0135801 0.0122686 0.0113535 0.0109443 0.010578 0.0123367 0.00794806 0.0154341
internal_weight=0 6659.16 4561.31 6185.16 1471.69 3937.05 2248.11 3903.34 473.996 1662.71 1200.23 867.87 238.938 167.476 585.408 3089.62 1658.63 332.362 77.4375 271.462 71.4614 98.665 1430.99 1416.25 1581.19 33.7105 235.059 217.327 172.797 14.7389 17.7315
internal_count=44909 26644 18265 24747 5889 15754 8993 15619 1897 6651 4802 3472 956 670 2342 12376 6643 1330 310 1087 286 395 5733 5674 6333 135 941 870 692 59 71
is_linear=0
shrinkage=0.01


Tree=6
num_leaves=32
num_cat=0
split_feature=6 0 6 5 0 0 0 3 6 1 0 0 3 6 1 1 1 6 6 1 4 6 1 5 3 3 5 5 3 1 1
split_gain=7222.21 850.284 825.566 231.791 174.896 115.391 95.9062 89.2458 72.7358 65.22 51.0605 49.2489 37.6123 33.4785 23.1758 18.1963 16.18 15.4328 15.4322 10.9839 10.4859 10.3385 9.26156 8.85986 8.62278 4.54373 4.61825 4.22196 3.33356 2.55228 2.07033
threshold=125.50000000000001 54.500000000000007 130.50000000000003 1.5000000000000002 60.500000000000007 44.500000000000007 38.500000000000007 80.500000000000014 110.50000000000001 28.950000000000003 38.500000000000007 58.500000000000007 85.500000000000014 119.50000000000001 30.850000000000005 33.350000000000001 20.750000000000004 149.50000000000003 119.50000000000001 29.150000000000002 1.5000000000000002 138.50000000000003 23.650000000000002 1.5000000000000002 96.500000000000014 69.500000000000014 2.5000000000000004 2.5000000000000004 78.500000000000014 26.350000000000005 24.350000000000005
decision_type=2 2 2 2 2 2 2 2 2 2 2 2 2 2 2 2 2 2 2 2 2 2 2 2 2 2 2 2 2 2 2
left_child=1 3 11 5 9 6 -1 10 -7 13 -5 12 14 -3 -2 -11 28 21 -9 -18 22 23 -13 -4 -14 29 -27 -23 -6 -19 -22
right_child=2 4 17 7 16 8 -8 18 -10 15 -12 20 24 -15 -16 -17 19 25 -20 -21 30 27 -24 -25 -26 26 -28 -29 -30 -31 -32
leaf_value=0.011216074757193797 -0.00049755366878723834 -0.0074139328831464603 0.0055541943840224407 0.014298572239431276 -0.0095523255285110149 -0.011628408483123347 -0.013273189643227462 0.012871647024021439 -0.0079494913524244676 -0.0018833622707359104 -0.0051256864226403888 0.0027296731946888182 0.0042021997968661254 -0.0038318071771110147 0.0038809032685429858 0.0022420119299050275 0.0018528204002888514 0.0028461153703288862 0.0018989035627977771 0.0047961263085153248 0.0062784141190904696 0.012334993423883315 0.008135897068455137 0.012417827166129825 0.0097607522649537093 0.013639781889482708 0.011712603496759184 0.010693948672346233 -0.0025150680699110601 0.011317795884672551 0.0035038961819515713
leaf_weight=16.222087934613228 433.1848459392786 350.71022176742554 45.21705649793148 13.979715600609778 9.7488772422075289 779.37508122622967 1126.1033351868391 35.714699506759644 1731.0440814644098 302.20186175405979 423.58322800695896 36.229920789599419 405.02597898244858 1018.9137009382248 167.68761710822582 165.45958180725574 469.62198835611343 5.996264934539794 19.99220173060894 173.6815063804388 35.477146208286285 1403.9562639892101 252.77471448481083 32.199631944298744 29.972931548953056 1277.6635631918907 137.75313995778561 176.48039023578167 21.747168779373169 8.73918868601322 111.17302185297012
leaf_count=65 1733 1403 181 56 39 3119 4509 143 6927 1209 1695 145 1621 4076 671 662 1879 24 80 695 142 5626 1012 129 120 5122 552 707 87 35 445
internal_value=0 -0.00664 0.00969618 -0.00942168 -0.00204902 -0.0102906 -0.0129254 -0.0029874 -0.00909163 -0.00364811 -0.0045051 0.00353207 0.00234566 -0.00474906 0.000724358 -0.000423796 0.00230484 0.0126336 0.00893373 0.00264747 0.00635302 0.011977 0.00745817 0.00840896 0.0045852 0.0133947 0.0134522 0.0121517 -0.00469329 0.00787043 0.0041751
internal_weight=0 6658.1 4559.53 4146.01 2512.08 3652.74 1142.33 493.27 2510.42 1837.29 437.563 1471.53 1035.87 1369.62 600.872 467.661 674.8 3088.01 55.7069 643.303 435.655 1657.85 289.005 77.4167 434.999 1430.15 1415.42 1580.44 31.496 14.7355 146.65
internal_count=44909 26644 18265 16594 10050 14620 4574 1974 10046 7350 1751 5889 4145 5479 2404 1871 2700 12376 223 2574 1744 6643 1157 310 1741 5733 5674 6333 126 59 587
is_linear=0
shrinkage=0.01


Tree=7
num_leaves=32
num_cat=0
split_feature=6 2 6 0 2 0 0 0 6 1 0 3 0 3 1 6 6 0 2 1 3 3 1 1 0 0 6 2 3 2 1
split_gain=7080.84 895.241 810.22 689.365 195.275 153.282 138.346 124.981 43.1879 39.1145 37.0979 46.0299 19.0631 19.0157 16.8145 15.1705 10.1516 8.84393 8.76294 4.88555 4.46297 3.89047 3.86049 3.85283 3.29509 4.21112 3.77231 3.25005 3.20704 2.62057 2.54064
threshold=125.50000000000001 2.5000000000000004 130.50000000000003 54.500000000000007 2.5000000000000004 38.500000000000007 60.500000000000007 43.500000000000007 110.50000000000001 28.050000000000004 58.500000000000007 85.500000000000014 58.500000000000007 80.500000000000014 20.750000000000004 149.50000000000003 138.50000000000003 62.500000000000007 2.5000000000000004 27.350000000000005 69.500000000000014 90.500000000000014 23.950000000000003 26.650000000000002 48.500000000000007 58.500000000000007 111.50000000000001 1.5000000000000002 88.500000000000014 1.5000000000000002 27.050000000000004
decision_type=2 2 2 2 2 2 2 2 2 2 2 2 2 2 2 2 2 2 2 2 2 2 2 2 2 2 2 2 2 2 2
left_child=1 3 4 5 10 23 8 -7 -5 12 11 -2 13 -3 -8 16 18 -12 -4 30 29 -22 -14 -1 26 -26 -11 -18 -21 -17 -6
right_child=2 9 15 6 19 7 14 -9 -10 24 17 -13 22 -15 -16 20 27 -19 -20 28 21 -23 -24 -25 25 -27 -28 -29 -30 -31 -32
leaf_value=0.0076215659473050784 -0.0012509772434432553 0.0017410954863488948 0.0064276120028985183 -0.0074423294752451663 0.009826650534925924 -0.013276677384300202 -0.0064834897435593532 -0.0092219540605391406 -0.0037158815958733583 0.0078393102785420995 0.0034924476884057865 0.0034281430975892026 0.0059150278641700131 0.011949366026774454 0.0013920203028815522 0.01128711284035587 0.01168051374723598 0.0069958242377555682 0.014287270139081156 0.013303444841882259 0.013776135347639995 0.012714716404540827 0.010476085596904279 0.014390612815015929 0.008224367115976872 0.011532660543980501 0.015370679527938524 0.012614266982155628 0.010530037114647403 0.0027013970050922685 0.0035722667783677432
leaf_weight=16.229858472943306 510.23843333125114 186.69547002017498 58.685525149106979 414.19403730332851 91.631802886724472 1034.4943627417088 28.497029930353165 2866.8942802846432 1248.407717436552 9.4900881648063677 226.6289429962635 357.57128693163395 31.725303247570992 20.224482089281082 556.87700615823269 8.7377439737319929 976.77515029907227 105.64633770287037 18.707371711730957 102.30496014654636 815.53054304420948 598.93579123914242 44.708794429898262 17.448716208338737 93.422017619013786 65.418847158551216 22.22734934091568 602.79593415558338 70.37606056034565 5.9935590475797644 6.9904137551784506
leaf_count=65 2041 747 235 1657 367 4144 114 11475 4994 38 907 1431 127 81 2228 35 3916 423 75 410 3271 2403 179 70 374 262 89 2417 282 24 28
internal_value=0 -0.00657473 0.00960342 -0.00759 0.00349708 -0.0101137 -0.00317222 -0.0102971 -0.00464423 0.00667125 0.00176494 0.000677002 0.00431529 0.00273886 0.00100863 0.0125147 0.0118636 0.00460634 0.00832744 0.011159 0.0132697 0.0133267 0.00858294 0.0111286 0.0101745 0.00958689 0.0131172 0.0120369 0.0121731 0.00779394 0.00938334
internal_weight=0 6656.96 4557.55 6183.04 1471.39 3935.07 2247.98 3901.39 1662.6 473.912 1200.09 867.81 283.354 206.92 585.374 3086.16 1656.96 332.275 77.3929 271.303 1429.2 1414.47 76.4341 33.6786 190.558 158.841 31.7174 1579.57 172.681 14.7313 98.6222
internal_count=44909 26644 18265 24747 5889 15754 8993 15619 6651 1897 4802 3472 1134 828 2342 12376 6643 1330 310 1087 5733 5674 306 135 763 636 127 6333 692 59 395
is_linear=0
shrinkage=0.01


Tree=8
num_leaves=32
num_cat=0
split_feature=6 2 6 6 2 1 3 5 5 5 1 3 1 3 6 4 6 1 5 3 1 1 5 3 5 5 1 3 3 2 3
split_gain=6942.65 877.626 795.251 204.34 191.529 106.827 103.68 81.818 54.3583 46.6454 38.355 34.7885 31.4844 26.6534 14.9177 10.0869 9.97076 9.86003 8.66037 8.0057 4.82573 4.79833 4.77081 4.38508 4.54526 4.17189 3.7212 3.17633 3.14917 2.57069 2.4565
threshold=125.50000000000001 2.5000000000000004 130.50000000000003 110.50000000000001 2.5000000000000004 27.550000000000004 80.500000000000014 2.5000000000000004 1.5000000000000002 1.5000000000000002 34.850000000000001 85.500000000000014 28.850000000000005 90.500000000000014 149.50000000000003 1.5000000000000002 138.50000000000003 22.050000000000004 1.5000000000000002 71.500000000000014 29.950000000000003 27.350000000000005 1.5000000000000002 69.500000000000014 2.5000000000000004 2.5000000000000004 37.550000000000004 83.500000000000014 88.500000000000014 1.5000000000000002 77.500000000000014
decision_type=2 2 2 2 2 2 2 2 2 2 2 2 2 2 2 2 2 2 2 2 2 2 2 2 2 2 2 2 2 2 2
left_child=1 3 4 6 11 13 9 26 -8 -1 -7 17 19 -5 16 -13 18 -2 -4 -9 -14 22 -6 29 -25 -18 27 -3 -23 -16 -28
right_child=2 7 14 5 21 10 8 12 -10 -11 -12 15 20 -15 23 -17 25 -19 -20 -21 -22 28 -24 24 -26 -27 30 -29 -30 -31 -32
leaf_value=-0.011230473320315022 -0.0035689289060593433 0.010006157780882234 0.0054244542202871024 -0.0074019175446517135 0.011347941737786992 -0.0046873450031960371 -0.0048018433017216859 -0.0041019931652393413 0.012539763881064517 -0.0060143555747490963 -0.0001337628499561245 0.0049907160399081498 0.013983553370891688 0.0093808491762195183 0.011179217033702336 0.0020175749064428282 0.012106129125247672 0.00070612597067920286 0.012212906304781486 0.0012479746480793248 0.0069063811229754211 0.013178640568488701 0.0069381380596067709 0.013389636702819657 0.011476567701411129 0.010473987879730319 0.009259030713743838 0.013832335780582556 0.010429638938570168 0.0026746183263925472 0.017536305024917737
leaf_weight=1665.922984495759 58.742467105388641 192.76760767400265 45.198711320757866 2920.7540621906519 52.641758784651756 1088.0684236437082 56.961201727390289 35.492909252643585 26.477388873696327 191.10773053765297 222.86364680528641 293.0457558631897 11.480038449168203 9.4936917722225171 8.7338741868734342 186.88243563473225 1402.3017706125975 661.34482699632645 32.167872667312622 131.96835035085678 59.943051770329475 102.2413834631443 45.945656776428223 1275.8156059533358 137.58630433678627 176.29817244410515 4.9925550371408489 24.448592126369476 70.343145594000816 5.9930342584848395 12.721315339207647
leaf_count=6671 235 772 181 11692 211 4355 228 142 106 765 892 1173 46 38 35 748 5626 2646 129 528 240 410 184 5122 552 707 20 98 282 24 51
internal_value=0 -0.00651046 0.00951215 -0.00751581 0.00346258 -0.00628601 -0.0102037 0.00660592 0.000701132 -0.0106937 -0.00391322 0.0017474 0.00248498 -0.00734754 0.0123979 0.00383298 0.0117521 0.00035738 0.00824699 0.000114065 0.00804392 0.0110528 0.0092928 0.0131468 0.0132034 0.0119239 0.0107962 0.0104368 0.0120582 0.00771832 0.0152034
internal_weight=0 6655.46 4555.28 6181.65 1471.19 4241.18 1940.47 473.814 83.4386 1857.03 1310.93 1200.02 238.884 2930.25 3084.1 479.928 1655.97 720.087 77.3666 167.461 71.4231 271.172 98.5874 1428.13 1413.4 1578.6 234.93 217.216 172.585 14.7269 17.7139
internal_count=44909 26644 18265 24747 5889 16977 7770 1897 334 7436 5247 4802 956 11730 12376 1921 6643 2881 310 670 286 1087 395 5733 5674 6333 941 870 692 59 71
is_linear=0
shrinkage=0.01


Tree=9
num_leaves=32
num_cat=0
split_feature=6 2 6 0 2 0 0 0 5 1 0 3 1 0 1 6 6 0 0 5 1 1 3 5 5 1 1 0 1 2 3
split_gain=6807.3 860.337 780.696 675.537 187.874 149.497 135.515 122.711 80.2539 42.0104 36.3813 44.4432 30.8696 17.3513 16.4083 14.6746 9.79527 8.67982 8.63284 4.74756 5.13615 4.73675 4.30967 4.46981 4.09967 3.74652 3.65562 3.66992 3.37471 2.52208 2.41355
threshold=125.50000000000001 2.5000000000000004 130.50000000000003 54.500000000000007 2.5000000000000004 38.500000000000007 60.500000000000007 44.500000000000007 2.5000000000000004 33.150000000000013 58.500000000000007 85.500000000000014 28.850000000000005 58.500000000000007 20.750000000000004 149.50000000000003 138.50000000000003 62.500000000000007 51.500000000000007 2.5000000000000004 22.050000000000004 29.950000000000003 69.500000000000014 2.5000000000000004 2.5000000000000004 26.650000000000002 37.550000000000004 48.500000000000007 35.850000000000001 1.5000000000000002 77.500000000000014
decision_type=2 2 2 2 2 2 2 2 2 2 2 2 2 2 2 2 2 2 2 2 2 2 2 2 2 2 2 2 2 2 2
left_child=1 3 4 5 10 25 9 -7 26 -5 11 -2 13 -10 -8 16 18 -12 -4 28 -21 -14 29 -24 -18 -1 27 -3 -6 -17 -28
right_child=2 8 15 6 19 7 14 -9 12 -11 17 -13 21 -15 -16 22 24 -19 -20 20 -22 -23 23 -25 -26 -27 30 -29 -30 -31 -32
leaf_value=0.0075841592445003931 -0.0012417365797527176 0.012994499621419513 0.011709247195933598 -0.0050318628859832284 0.011458652438804 -0.012768342359859809 -0.0063333704672450461 -0.0089331442445069881 -0.0016671309745342866 0.00047146281704228639 0.0034405991361303647 0.0033562667375245442 0.013852406968221849 0.005933753987004158 0.0014471819845443433 0.01107300333237367 0.01199345957249493 0.0069117371966539312 0.005015800242604093 0.00011142318350995599 0.0098332548199047964 0.0068388234037004385 0.013267116509451931 0.011369347616678223 0.010375044597096204 0.014260825449594075 0.0091698566252268257 0.0097006703459991475 0.015694418436862166 0.0026481124018060847 0.01737658041100873
leaf_weight=16.22676745057106 510.23885820806026 41.919331640005112 36.416750535368919 1509.6223795861006 142.09151068329811 1209.426162391901 28.491138234734535 2689.5534012615681 128.24291786551476 152.74420091509819 226.5989335924387 357.5087026655674 11.472872748970984 39.217712119221687 556.91535419225693 8.7294959872961027 1401.3254333585501 105.61546392738819 40.920662328600883 5.7416484206914893 101.51142790913582 59.929916664958 1274.7270402163267 137.49543960392475 176.20016247034073 17.43430832028389 4.9907042831182507 175.21032389998436 21.679086163640022 5.9924931824207297 12.70992238819599
leaf_count=65 2041 168 146 6040 570 4849 114 10770 513 611 907 1431 46 157 2228 35 5626 423 164 23 407 240 5122 552 707 70 20 702 87 24 51
internal_value=0 -0.00644667 0.00942221 -0.00744214 0.00342844 -0.00994163 -0.00306912 -0.0101228 0.00654154 -0.0045262 0.00173 0.000652623 0.00246035 0.000112925 0.00106851 0.0122831 0.0116423 0.00454412 0.00816762 0.0109483 0.00931281 0.00796575 0.0130262 0.0130823 0.0118127 0.0110423 0.0106928 0.0103366 0.0120194 0.0076437 0.0150627
internal_weight=0 6654.11 4552.79 6180.41 1470.99 3932.64 2247.77 3898.98 473.694 1662.37 1199.96 867.748 238.863 167.461 585.406 3081.81 1654.86 332.214 77.3374 271.024 107.253 71.4028 1426.94 1412.22 1577.53 33.6611 234.83 217.13 163.771 14.722 17.7006
internal_count=44909 26644 18265 24747 5889 15754 8993 15619 1897 6651 4802 3472 956 670 2342 12376 6643 1330 310 1087 430 286 5733 5674 6333 135 941 870 657 59 71
is_linear=0
shrinkage=0.01


Tree=10
num_leaves=32
num_cat=0
split_feature=6 2 6 0 2 0 0 0 5 6 0 1 0 1 6 1 6 2 0 1 1 5 1 6 5 1 1 0 5 0 6
split_gain=6675.05 843.464 766.508 662.738 184.302 146.586 132.831 120.612 78.7254 41.4733 35.6648 30.2677 17.0084 16.0831 14.4408 12.071 9.62638 8.56606 8.51257 4.68311 4.65051 4.63418 4.11734 4.69115 4.02989 3.68364 3.59267 3.60291 3.56551 2.78768 0.817756
threshold=125.50000000000001 2.5000000000000004 130.50000000000003 54.500000000000007 2.5000000000000004 38.500000000000007 60.500000000000007 43.500000000000007 2.5000000000000004 110.50000000000001 58.500000000000007 28.850000000000005 58.500000000000007 20.750000000000004 149.50000000000003 22.050000000000004 138.50000000000003 2.5000000000000004 62.500000000000007 27.350000000000005 29.950000000000003 1.5000000000000002 20.450000000000003 158.50000000000003 2.5000000000000004 24.550000000000004 37.550000000000004 48.500000000000007 2.5000000000000004 60.500000000000007 112.50000000000001
decision_type=2 2 2 2 2 2 2 2 2 2 2 2 2 2 2 2 2 2 2 2 2 2 2 2 2 2 2 2 2 2 2
left_child=1 3 4 5 10 25 9 -7 26 -5 15 12 -10 -8 16 -2 17 -4 -12 21 -13 -6 23 -16 -18 -1 27 -3 -24 -21 -28
right_child=2 8 14 6 19 7 13 -9 11 -11 18 20 -14 -15 22 -17 24 -19 -20 29 -22 -23 28 -25 -26 -27 30 -29 -30 -31 -32
leaf_value=0.0064157061054155055 -0.0033437074986793951 0.012872154200813153 0.0062105764523125761 -0.0072238328795752082 0.011132900826262291 -0.01295544142977342 -0.0062707689828946549 -0.0089694327308201555 -0.00165045158223915 -0.0035715338781061186 0.0034065030188695912 0.013723736181843154 0.0058754631588125231 0.0014327358300592239 0.012587540219932081 0.00099478637379619094 0.011882620932137154 0.013987654144216068 0.0068443877237855909 0.0111308267308452 0.0067720717750134694 0.0067848317912366464 0.013146039347021965 0.0038826736691580594 0.010277538497865205 0.013359652405855753 0.011717570338122284 0.0096076341805972753 0.011445640547268841 0.014122091009359808 0.016366614475216045
leaf_weight=11.728765860199927 69.734675854444504 41.894704163074493 58.634455755352974 414.04452133178711 52.580770805478096 1032.8428013026714 28.487827241420746 2864.5069498717785 128.24356083571911 1248.1955265849829 226.57843144237995 11.464675873517988 39.210759550333023 556.90537193417549 14.679914668202402 797.98240135610104 1400.2580165416002 18.673154577612877 105.58831764757633 131.53776839375496 59.915506944060326 45.918146207928658 1263.6127080768347 10.705861389636992 176.09363652765751 21.911502957344055 5.4841036647558221 175.13827301561832 136.6519354134798 40.825012743473053 12.201282128691673
leaf_count=47 279 168 235 1657 211 4144 114 11475 513 4994 907 46 157 2228 59 3193 5626 75 423 528 240 184 5082 43 707 88 22 702 549 164 49
internal_value=0 -0.00638407 0.00933364 -0.00736987 0.00339471 -0.00984636 -0.00303862 -0.0100258 0.00647806 -0.00448128 0.00171281 0.00243605 0.000111801 0.00105785 0.0121702 0.00064612 0.0115344 0.00808908 0.00449933 0.0108453 0.00788861 0.00910592 0.0129077 0.00891646 0.0117033 0.0109386 0.010591 0.0102378 0.0129801 0.0118393 0.014925
internal_weight=0 6652.18 4550.06 6178.62 1470.75 3930.99 2247.63 3897.35 473.553 1662.24 1199.88 238.835 167.454 585.393 3079.31 867.717 1653.66 77.3076 332.167 270.862 71.3802 98.4989 1425.65 25.3858 1576.35 33.6403 234.718 217.033 1400.26 172.363 17.6854
internal_count=44909 26644 18265 24747 5889 15754 8993 15619 1897 6651 4802 956 670 2342 12376 3472 6643 310 1330 1087 286 395 5733 102 6333 135 941 870 5631 692 71
is_linear=0
shrinkage=0.01


Tree=11
num_leaves=32
num_cat=0
split_feature=6 2 6 6 2 1 3 5 5 5 1 3 1 3 6 4 1 6 3 3 5 1 1 3 5 5 3 6 1 1 4
split_gain=6545.63 826.949 752.703 197.87 180.816 104.033 100.694 77.2334 52.7288 45.4942 37.227 33.5013 29.6788 25.9486 14.2147 9.88197 9.48421 9.46148 8.63614 7.84982 4.62161 5.00826 4.56689 4.23129 4.33382 3.96244 3.55932 4.13879 3.31552 2.5155 1.7922
threshold=125.50000000000001 2.5000000000000004 130.50000000000003 110.50000000000001 2.5000000000000004 27.550000000000004 80.500000000000014 2.5000000000000004 1.5000000000000002 1.5000000000000002 34.850000000000001 85.500000000000014 28.850000000000005 90.500000000000014 149.50000000000003 1.5000000000000002 22.050000000000004 138.50000000000003 83.500000000000014 71.500000000000014 2.5000000000000004 22.050000000000004 29.950000000000003 69.500000000000014 2.5000000000000004 2.5000000000000004 83.500000000000014 101.50000000000001 35.850000000000001 26.350000000000005 1.5000000000000002
decision_type=2 2 2 2 2 2 2 2 2 2 2 2 2 2 2 2 2 2 2 2 2 2 2 2 2 2 2 2 2 2 2
left_child=1 3 4 6 11 13 9 26 -8 -1 -7 16 19 -5 17 -13 -2 18 -4 -9 28 -22 -14 29 -25 -19 27 -3 -6 -16 -28
right_child=2 7 14 5 20 10 8 12 -10 -11 -12 15 22 -15 23 -17 -18 25 -20 -21 21 -23 -24 24 -26 -27 30 -29 -30 -31 -32
leaf_value=-0.010958928752868738 -0.0035191353718186996 0.0056279048528109143 0.011577279287134309 -0.0071898201377309902 0.01124555995578987 -0.0045089243063022727 -0.0046167130182976565 -0.0040642259873440176 0.012468505830919732 -0.0058055504333927336 -2.1815090837844385e-05 0.0048888829242156777 0.013597458378351737 0.0093732437053869848 0.0024646662215056891 0.0019457435358350731 0.00067378217696724603 0.011773559030403636 0.0048772820063052672 0.0012335712185350999 4.2481429950308404e-05 0.0096440243948815139 0.0067061106842933108 0.013029097244404649 0.011158976694461366 0.010181431588914533 0.016550098412252898 0.010499861238745823 0.015447579362114201 0.01088238770766377 0.01136228526617864
leaf_weight=1664.0022486746311 58.739076405763626 19.211635053157806 36.150678366422653 2918.5765904337168 141.89947144687176 1087.4477909505367 56.925051420927048 35.490867272019386 26.460149943828583 190.96544376015663 222.77195818722248 292.9553640037775 11.455480828881262 9.4894812554121 5.9878328293561927 186.84460553526878 661.28428547084332 1399.1024876534939 41.123134985566139 131.9563515484333 5.74007923901081 101.40267515182495 59.899863287806511 1272.2552332878113 137.28897386789322 175.97887283563614 13.196045726537704 188.74384801089764 21.641163229942322 8.7198841571807844 13.442728355526924
leaf_count=6671 235 77 145 11692 570 4355 228 142 106 765 892 1173 46 38 24 748 2646 5626 165 528 23 407 240 5122 552 707 53 757 87 35 54
internal_value=0 -0.00632228 0.00924632 -0.00729853 0.00336132 -0.00608812 -0.00994516 0.00641541 0.000804842 -0.0104284 -0.003746 0.00169577 0.00241201 -0.00713614 0.0120591 0.00374276 0.000331726 0.0114281 0.00801171 0.00011069 0.010744 0.00912963 0.00781246 0.0127913 0.0128469 0.0115957 0.0104906 0.0100498 0.0118016 0.00745535 0.0139322
internal_weight=0 6650.04 4547.11 6176.64 1470.51 4238.29 1938.35 473.397 83.3852 1854.97 1310.22 1199.82 238.803 2928.07 3076.61 479.8 720.023 1652.36 77.2738 167.447 270.683 107.143 71.3553 1424.25 1409.54 1575.08 234.594 207.955 163.541 14.7077 26.6388
internal_count=44909 26644 18265 24747 5889 16977 7770 1897 334 7436 5247 4802 956 11730 12376 1921 2881 6643 310 670 1087 430 286 5733 5674 6333 941 834 657 59 107
is_linear=0
shrinkage=0.01


Tree=12
num_leaves=32
num_cat=0
split_feature=6 2 6 0 2 0 0 0 5 1 0 3 1 0 1 6 6 0 0 1 5 1 3 5 5 1 1 0 3 2 3
split_gain=6418.8 810.725 739.254 649.742 177.409 142.994 130.128 118.539 75.7791 40.6184 34.978 42.8971 29.1029 16.674 15.6957 13.9974 9.30331 8.48131 8.35587 4.57397 4.50436 4.48578 4.16135 4.26626 3.8972 3.59977 3.5371 3.53618 3.10419 2.48153 2.36421
threshold=125.50000000000001 2.5000000000000004 130.50000000000003 54.500000000000007 2.5000000000000004 38.500000000000007 60.500000000000007 44.500000000000007 2.5000000000000004 33.150000000000013 58.500000000000007 85.500000000000014 28.850000000000005 58.500000000000007 20.750000000000004 149.50000000000003 138.50000000000003 51.500000000000007 62.500000000000007 27.350000000000005 1.5000000000000002 29.950000000000003 69.500000000000014 2.5000000000000004 2.5000000000000004 24.550000000000004 37.550000000000004 48.500000000000007 88.500000000000014 1.5000000000000002 77.500000000000014
decision_type=2 2 2 2 2 2 2 2 2 2 2 2 2 2 2 2 2 2 2 2 2 2 2 2 2 2 2 2 2 2 2
left_child=1 3 4 5 10 25 9 -7 26 -5 11 -2 13 -10 -8 16 17 -4 -12 20 -6 -14 29 -24 -18 -1 27 -3 -21 -17 -28
right_child=2 8 15 6 19 7 14 -9 12 -11 18 -13 21 -15 -16 22 24 -19 -20 28 -22 -23 23 -25 -26 -27 30 -29 -30 -31 -32
leaf_value=0.006382968616717344 -0.0012384455436921164 0.012652883094921517 0.011448462252904293 -0.0048647919535834217 0.010924435207731327 -0.012461535094532229 -0.0061260174805403082 -0.0086890835888798947 -0.0016351323657730716 0.00054670519843089463 0.0033560853042355187 0.003279167940257865 0.013473495506245985 0.0058170153007097592 0.0014854375520358136 0.010789353079845288 0.011666221574113504 0.0048097706897176715 0.0067626709664238959 0.012741517122731456 0.0066354979031497518 0.0066409256520124924 0.012912904036939447 0.011056621979611164 0.010086687053944703 0.013248959768251472 0.0088597810270106686 0.0094167282871634138 0.010008461026487024 0.0024271919172800739 0.016990370465955567
leaf_weight=11.726076945662497 510.23616440594196 41.840474188327789 36.362131744623184 1509.1001251488924 52.507764086127281 1207.1623792648315 28.477564334869385 2686.8608320355415 128.24327506124973 152.74231250584126 226.54377683997154 357.43021945655346 11.445318430662153 39.202931970357895 556.93334402143955 8.7144967466592771 1397.861669421196 40.878395304083824 105.55112884938717 101.93968796730042 45.885483428835869 59.883025035262108 1270.873143851757 137.17487148940563 175.8561402708292 21.8924890011549 4.9824237972497967 174.96237206459045 70.159417256712914 5.9868321865797034 12.673029527068136
leaf_count=47 2041 168 146 6040 211 4849 114 10770 513 611 907 1431 46 157 2228 35 5626 164 423 410 184 240 5122 552 707 88 20 702 282 24 51
internal_value=0 -0.00626086 0.00916025 -0.0072276 0.00332829 -0.00968127 -0.0029392 -0.00985856 0.00635348 -0.00436741 0.0016789 0.00062256 0.00238818 0.000109583 0.00111518 0.0119499 0.0113234 0.00793503 0.00443881 0.0106441 0.0089243 0.00773728 0.0126768 0.0127321 0.0114897 0.0108541 0.0103918 0.0100413 0.0116273 0.00738402 0.0146959
internal_weight=0 6648.13 4543.96 6174.9 1470.25 3927.64 2247.25 3894.02 473.233 1661.84 1199.76 867.666 238.775 167.446 585.411 3073.71 1650.96 77.2405 332.095 270.492 98.3932 71.3283 1422.75 1408.05 1573.72 33.6186 234.458 216.803 172.099 14.7013 17.6555
internal_count=44909 26644 18265 24747 5889 15754 8993 15619 1897 6651 4802 3472 956 670 2342 12376 6643 310 1330 1087 395 286 5733 5674 6333 135 941 870 692 59 71
is_linear=0
shrinkage=0.01


Tree=13
num_leaves=32
num_cat=0
split_feature=6 2 6 0 2 0 0 0 6 1 0 3 0 3 1 6 6 3 0 1 3 3 1 1 2 0 0 6 3 1 1
split_gain=6294.88 794.898 726.127 637.608 174.08 140.227 127.556 116.576 39.8436 35.3688 34.2903 42.0471 17.7179 17.8686 15.3852 13.7876 9.14895 8.49019 8.19587 4.49685 4.09351 3.81562 3.71772 3.55489 3.30689 3.11801 4.10855 3.66674 3.05174 2.50247 2.47628
threshold=125.50000000000001 2.5000000000000004 130.50000000000003 54.500000000000007 2.5000000000000004 38.500000000000007 60.500000000000007 43.500000000000007 110.50000000000001 28.050000000000004 58.500000000000007 85.500000000000014 58.500000000000007 80.500000000000014 20.750000000000004 149.50000000000003 138.50000000000003 83.500000000000014 62.500000000000007 27.350000000000005 69.500000000000014 90.500000000000014 23.950000000000003 26.650000000000002 1.5000000000000002 48.500000000000007 58.500000000000007 111.50000000000001 88.500000000000014 27.050000000000004 26.350000000000005
decision_type=2 2 2 2 2 2 2 2 2 2 2 2 2 2 2 2 2 2 2 2 2 2 2 2 2 2 2 2 2 2 2
left_child=1 3 4 5 10 23 8 -7 -5 12 11 -2 13 -3 -8 16 17 -4 -12 29 30 -22 -14 -1 -18 27 -27 -11 -21 -6 -17
right_child=2 9 15 6 19 7 14 -9 -10 25 18 -13 22 -15 -16 20 24 -19 -20 28 21 -23 -24 -25 -26 26 -28 -29 -30 -31 -32
leaf_value=0.0073848573043691825 -0.0012260578246182743 0.0015648959821402027 0.011396910258718569 -0.0070132520027744363 0.0092807872655192997 -0.012648996387622718 -0.0060658322515616744 -0.0087266028983437102 -0.0034325161713769782 0.007286690917276714 0.0033228666820406777 0.0032467038290454977 0.0055505362692983692 0.011473262353295497 0.0014706059372037437 0.0023613026224011797 0.011025123134629508 0.0047506904293148555 0.0066970835593208565 0.012626527055225122 0.01306544590840873 0.012011285823933411 0.010030349570648441 0.013894734249499304 0.011969199736667142 0.0077099199172206926 0.010982117661723143 0.014722934411600681 0.0099155404114853914 0.0030654436058919102 0.010716415751973985
leaf_weight=16.211492076516151 510.23763360083103 186.544229388237 36.111881941556931 413.79954086244106 91.365013718605042 1030.6512394994497 28.472540274262428 2861.2469684779644 1247.8592896312475 9.4643117636442202 226.52055765688419 357.39437916874886 31.677842259407043 20.168428912758827 556.92466901242733 5.9846875369548789 972.27934210002422 41.091919541358948 105.51915089786053 101.83987173438072 810.95221456885338 595.50063194334507 44.616121798753738 17.383044824004173 599.98475551605225 93.204644918441772 65.223494455218315 22.148941561579704 70.108978241682053 6.9723133891820899 8.7098244577646238
leaf_count=65 2041 747 145 1657 367 4144 114 11475 4994 38 907 1431 127 81 2228 24 3916 165 423 410 3271 2403 179 70 2417 374 262 89 282 28 35
internal_value=0 -0.00620063 0.00907546 -0.00715806 0.00329568 -0.00958973 -0.00291006 -0.00976533 -0.00432422 0.00629242 0.00166224 0.000616359 0.00405172 0.00253163 0.00110405 0.0118423 0.0112204 0.00785944 0.00439516 0.0105457 0.0125642 0.0126191 0.0081703 0.0107533 0.0113854 0.00962924 0.00905706 0.0124967 0.0115212 0.00884011 0.0073136
internal_weight=0 6645.6 4540.57 6172.55 1469.96 3925.49 2247.06 3891.9 1661.66 473.048 1199.67 867.632 283.007 206.713 585.397 3070.62 1649.47 77.2038 332.04 270.286 1421.15 1406.45 76.294 33.5945 1572.26 190.041 158.428 31.6133 171.949 98.3373 14.6945
internal_count=44909 26644 18265 24747 5889 15754 8993 15619 6651 1897 4802 3472 1134 828 2342 12376 6643 310 1330 1087 5733 5674 306 135 6333 763 636 127 692 395 59
is_linear=0
shrinkage=0.01


Tree=14
num_leaves=32
num_cat=0
split_feature=6 2 6 0 2 0 0 0 5 6 0 3 0 6 6 6 2 3 0 5 3 5 5 3 6 0 0 2 0 0 0
split_gain=6173.57 779.403 713.326 625.764 170.824 137.52 125.036 114.798 74.0689 39.0735 33.6166 41.2141 19.0459 13.5847 12.707 8.99965 8.42753 8.38995 8.03936 4.51512 4.02768 4.21173 3.86083 3.43487 4.05694 3.38846 2.70638 2.44325 2.42546 1.49403 0.77762
threshold=125.50000000000001 2.5000000000000004 130.50000000000003 54.500000000000007 2.5000000000000004 38.500000000000007 60.500000000000007 44.500000000000007 2.5000000000000004 110.50000000000001 58.500000000000007 85.500000000000014 60.500000000000007 149.50000000000003 115.50000000000001 138.50000000000003 2.5000000000000004 70.500000000000014 62.500000000000007 2.5000000000000004 69.500000000000014 2.5000000000000004 2.5000000000000004 83.500000000000014 101.50000000000001 53.500000000000007 60.500000000000007 1.5000000000000002 36.500000000000007 55.500000000000007 62.500000000000007
decision_type=2 2 2 2 2 2 2 2 2 2 2 2 2 2 2 2 2 2 2 2 2 2 2 2 2 2 2 2 2 2 2
left_child=1 3 4 5 10 28 9 -7 23 -5 11 -2 17 15 -8 16 -4 -10 -12 26 27 -22 -17 24 -3 -25 -6 -15 -1 -21 -14
right_child=2 8 13 6 19 7 14 -9 12 -11 18 -13 30 20 -16 22 -18 -19 -20 29 21 -23 -24 25 -26 -27 -28 -29 -30 -31 -32
leaf_value=0.0090643608633173989 -0.0012137945358862568 0.0054137012388106578 0.005920918801925557 -0.006944758875810344 0.010792382621400325 -0.012237549082558797 -0.0015198982663916785 -0.0085223761185119241 -0.0029392981617117932 -0.0033984480388224241 0.0032899919765666482 0.0032145743451792281 0.0072450094589521698 0.010625753533109735 0.0019237973008474072 0.011458507404354577 0.013644488529335259 0.0021138493728295152 0.0066322620039791069 0.010298940562424364 0.012687930437591902 0.010841697976109137 0.0098850236105065218 0.016961831538269932 0.010240038276087673 0.0098048652934237205 0.013854795730993954 0.0023249304292482344 0.015199046937683584 0.0078863150085993969 0.010075366258953318
leaf_weight=24.869020044803619 510.23871059715748 19.190290778875351 58.545168235898018 413.70237520337105 125.67507676780224 1205.0706153362989 141.2184502184391 2684.535300090909 41.461405068635941 1247.7652816772461 226.49631862342358 357.35701021552086 18.695561766624451 8.70375709235668 444.16406285762787 1395.1620757579803 18.620824679732323 158.3388402312994 105.48512353003025 42.788830667734146 1267.8597912490368 136.90542854368687 175.56260778009892 14.136019274592401 188.43458560109138 12.433874890208243 37.459078654646873 5.9835911840200415 8.6992075294256193 64.145549416542053 20.189843446016312
leaf_count=100 2041 77 235 1657 506 4849 565 10770 166 4994 907 1431 75 35 1777 5626 75 634 423 172 5122 552 707 57 757 50 151 24 35 258 81
internal_value=0 -0.00614113 0.00899185 -0.0070894 0.00326342 -0.00949947 -0.00288123 -0.0096734 0.00623172 -0.00428147 0.00164575 0.000610222 0.00231144 0.0117365 0.00109304 0.0111188 0.00778468 0.00106525 0.00435198 0.0104487 0.0124535 0.012508 0.0112826 0.0102272 0.00979395 0.0136126 0.0114956 0.00724402 0.0106542 0.00885171 0.00871457
internal_weight=0 6642.9 4536.99 6170.02 1469.65 3923.17 2246.85 3889.61 472.88 1661.47 1199.58 867.596 238.686 3067.34 585.383 1647.89 77.166 199.8 331.981 270.069 1419.45 1404.77 1570.72 234.195 207.625 26.5699 163.134 14.6873 33.5682 106.934 38.8854
internal_count=44909 26644 18265 24747 5889 15754 8993 15619 1897 6651 4802 3472 956 12376 2342 6643 310 800 1330 1087 5733 5674 6333 941 834 107 657 59 135 430 156
is_linear=0
shrinkage=0.01


Tree=15
num_leaves=32
num_cat=0
split_feature=6 0 6 5 0 0 0 3 6 1 0 0 6 3 1 1 6 6 0 4 4 3 6 5 1 6 5 3 5 5 3
split_gain=6054.84 739.345 700.845 208.375 151.778 102.733 83.0404 80.956 67.9972 58.7252 45.0712 43.0092 32.0381 31.7874 19.6771 14.0546 13.9343 13.3888 10.6667 9.89019 9.55074 9.13535 8.85299 8.38174 4.02815 4.58762 3.79966 3.55954 3.16524 3.13366 3.08918
threshold=125.50000000000001 54.500000000000007 130.50000000000003 1.5000000000000002 60.500000000000007 44.500000000000007 38.500000000000007 80.500000000000014 110.50000000000001 32.95000000000001 38.500000000000007 60.500000000000007 110.50000000000001 85.500000000000014 30.850000000000005 20.750000000000004 119.50000000000001 149.50000000000003 62.500000000000007 1.5000000000000002 1.5000000000000002 84.500000000000014 138.50000000000003 1.5000000000000002 20.450000000000003 158.50000000000003 2.5000000000000004 91.500000000000014 2.5000000000000004 2.5000000000000004 78.500000000000014
decision_type=2 2 2 2 2 2 2 2 2 2 2 2 2 2 2 2 2 2 2 2 2 2 2 2 2 2 2 2 2 2 2
left_child=1 3 11 5 9 6 -1 10 -7 12 -5 13 -3 14 -2 30 -9 22 -17 -15 28 -11 23 -4 25 -19 -24 -26 -13 -22 -6
right_child=2 4 17 7 15 8 -8 16 -10 21 -12 20 -14 19 -16 18 -18 24 -20 -21 29 -23 26 -25 27 -27 -28 -29 -30 -31 -32
leaf_value=0.010513343328927546 1.0233214588924179e-05 -0.0063351707741089794 0.0049326756987738956 0.013678685031199163 -0.0089534051509706433 -0.010835440448921445 -0.012329204251588413 0.012546369607404351 -0.0072722443420425503 0.001335120202799775 -0.0046059876906645661 0.0076976429534674823 -0.0030996786583641824 0.0054538555203902696 0.0037274536258493671 0.0012711600846455351 0.0021057863522759221 0.012029001878307161 0.0038473352299629943 0.0025291222849630913 0.0049955707119571161 0.0093519870735907749 0.01135601829539741 0.011622647270149592 0.012846138579763538 0.0034013988657413913 0.0097943785808897021 0.011821501923108817 0.01160260513811196 -0.00047440084118169443 -0.0021740786657000214
leaf_weight=16.144305482506752 506.52110086381435 406.26382628083229 45.093130320310593 13.925372377038 9.7329113334417361 776.47637340426445 1119.330665782094 35.58783483505249 1726.161015689373 173.09083443880081 422.52407413721085 149.22041547298431 1240.6388700902462 309.99489876627922 198.09833244979382 317.7724744528532 19.948625132441521 14.602463483810427 325.20464637875557 184.39369758963585 85.032745584845543 15.485641226172445 1393.6833617389202 32.03039313852787 808.4911761879921 10.66421341896057 175.41625972092152 583.90405075252056 24.111404314637184 11.944429874420164 21.724541172385216
leaf_count=65 2028 1628 181 56 39 3119 4509 143 6927 693 1695 599 4967 1243 794 1272 80 59 1302 739 341 62 5626 129 3269 43 707 2362 97 48 87
internal_value=0 -0.00608238 0.00890941 -0.00868367 -0.00180193 -0.00950967 -0.0120044 -0.00257559 -0.00837777 -0.00329255 -0.0040226 0.00323152 -0.00389782 0.00241917 0.0010553 0.00225483 0.00879613 0.0116323 0.00257414 0.00436301 0.00683485 0.00199345 0.0110189 0.00771111 0.0123446 0.00838758 0.0111814 0.0124165 0.00824084 0.00432185 -0.0042716
internal_weight=0 6640.01 4533.2 4130.1 2509.91 3638.11 1135.47 491.986 2502.64 1835.48 436.449 1469.32 1646.9 1199.01 704.619 674.435 55.5365 3063.89 642.977 494.389 270.309 188.576 1646.22 77.1235 1417.66 25.2667 1569.1 1392.4 173.332 96.9772 31.4575
internal_count=44909 26644 18265 16594 10050 14620 4574 1974 10046 7350 1751 5889 6595 4804 2822 2700 223 12376 2574 1982 1085 755 6643 310 5733 102 6333 5631 696 389 126
is_linear=0
shrinkage=0.01


Tree=16
num_leaves=32
num_cat=0
split_feature=3 2 0 0 1 0 5 1 2 3 2 1 3 1 1 0 5 0 1 1 5 5 1 3 3 1 1 1 2 1 0
split_gain=3942.09 1119.35 830.188 194.892 167.717 75.6809 67.4407 60.2039 59.5341 55.7878 55.3413 43.929 23.9652 17.2425 16.4928 12.2535 10.5509 9.04944 7.95298 6.48013 5.22241 4.5413 4.14203 4.13723 3.82753 3.65937 3.92282 3.65449 2.72741 2.36399 2.1028
threshold=80.500000000000014 2.5000000000000004 54.500000000000007 60.500000000000007 27.450000000000003 45.500000000000007 2.5000000000000004 31.650000000000002 1.5000000000000002 90.500000000000014 1.5000000000000002 27.550000000000004 85.500000000000014 22.450000000000003 20.750000000000004 58.500000000000007 1.5000000000000002 57.500000000000007 28.050000000000004 35.350000000000001 1.5000000000000002 2.5000000000000004 42.650000000000013 116.50000000000001 75.500000000000014 37.250000000000007 21.250000000000004 41.550000000000004 1.5000000000000002 29.350000000000005 51.500000000000007
decision_type=2 2 2 2 2 2 2 2 2 2 2 2 2 2 2 2 2 2 2 2 2 2 2 2 2 2 2 2 2 2 2
left_child=1 2 4 7 5 -1 18 -4 -6 10 12 15 16 -14 -5 -8 -2 20 30 -19 -12 23 -13 28 -20 26 -23 -27 -11 -25 -3
right_child=9 6 3 14 8 -7 11 -9 -10 21 17 22 13 -15 -16 -17 -18 19 24 -21 -22 25 -24 29 -26 27 -28 -29 -30 -31 -32
leaf_value=-0.011219537820498671 -0.00092906407374502436 0.011125216754395975 -0.0031887841843191312 -0.0033130352417772547 -0.0058041591789737357 -0.0079055010124402126 0.00013594531450105928 0.0016438094737275572 -0.00013449882656818489 0.01125044684818192 0.010406145319258096 0.0092883972233533691 0.0038648228463348641 0.0078414209570942545 0.0036913929208551013 0.0059694458041201753 0.0084812007839153523 0.011170234866410356 0.0095047103080146255 0.015179151818275951 0.0083559530702888539 0.0017350444501197035 0.00094358615620464129 0.0050793360443588936 0.012961876366368677 0.0012468766378095795 0.010658969480835027 0.011296599891970056 0.012488516586203103 0.010851193652335915 0.008706663043624727
leaf_weight=1087.8818844407797 49.548396542668343 50.226507559418678 1714.750618621707 35.171072140336037 1149.9800546020269 1879.7447512447834 141.09811289608479 303.40116396546364 220.75757485628128 465.25742918252945 329.02039271593094 139.21365869045258 118.43469534814358 1374.226144194603 760.44702714681625 48.345890611410141 15.687020897865294 275.33939678966999 39.744111284613609 47.23850554227829 199.63115999102592 5.2233223170042029 6.2136091291904441 14.844256475567819 164.86912037432194 9.916525796055792 86.513032272458076 5.6972867250442496 288.12580125033855 13.594709783792494 126.46419341862202
leaf_count=4384 199 202 6871 141 4621 7550 565 1216 887 1882 1328 560 477 5540 3048 194 63 1112 160 191 805 21 25 60 665 40 349 23 1166 55 509
internal_value=0 -0.00384676 -0.00504029 -0.000809821 -0.00778409 -0.00912037 0.00807253 -0.00246227 -0.00489106 0.00917706 0.00838695 0.00479801 0.00726661 0.0075259 0.00338176 0.00162465 0.0013338 0.0104374 0.0109483 0.0117573 0.00963194 0.0113178 0.00893185 0.0115826 0.0122904 0.00938915 0.0101509 0.0049139 0.0117239 0.00783846 0.00939417
internal_weight=0 7868.31 7152.13 2813.77 4338.36 2967.63 716.175 2018.15 1370.74 3298.3 2409.13 334.871 1557.9 1492.66 795.618 189.444 65.2354 851.229 381.304 322.578 528.652 889.172 145.427 781.822 204.613 107.35 91.7364 15.6138 753.383 28.439 176.691
internal_count=44909 31598 28718 11276 17442 11934 2880 8087 5508 13311 9715 1344 6279 6017 3189 759 262 3436 1536 1303 2133 3596 585 3163 825 433 370 63 3048 115 711
is_linear=0
shrinkage=0.01


Tree=17
num_leaves=32
num_cat=0
split_feature=6 2 6 0 2 0 0 0 5 6 0 3 0 6 6 6 3 3 0 5 3 5 5 3 6 0 0 2 0 0 0
split_gain=5864.18 746.29 682.849 590.697 164.465 131.366 117.422 110.277 71.7539 37.7433 31.8501 37.4137 18.229 12.8574 12.3917 8.64397 8.55131 8.16829 7.69102 4.3368 3.87416 4.17381 3.80518 3.32054 3.94773 3.33368 2.60565 2.43012 2.37514 1.51022 0.748117
threshold=125.50000000000001 2.5000000000000004 130.50000000000003 54.500000000000007 2.5000000000000004 38.500000000000007 60.500000000000007 43.500000000000007 2.5000000000000004 110.50000000000001 58.500000000000007 85.500000000000014 60.500000000000007 149.50000000000003 115.50000000000001 138.50000000000003 83.500000000000014 70.500000000000014 62.500000000000007 2.5000000000000004 69.500000000000014 2.5000000000000004 2.5000000000000004 83.500000000000014 101.50000000000001 53.500000000000007 60.500000000000007 1.5000000000000002 36.500000000000007 55.500000000000007 62.500000000000007
decision_type=2 2 2 2 2 2 2 2 2 2 2 2 2 2 2 2 2 2 2 2 2 2 2 2 2 2 2 2 2 2 2
left_child=1 3 4 5 10 28 9 -7 23 -5 11 -2 17 15 -8 16 -4 -10 -12 26 27 -22 -17 24 -3 -25 -6 -15 -1 -21 -14
right_child=2 8 13 6 19 7 14 -9 12 -11 18 -13 30 20 -16 22 -18 -19 -20 29 21 -23 -24 25 -26 -27 -28 -29 -30 -31 -32
leaf_value=0.0088806515630112676 -0.001160694335699657 0.0053129209817499605 0.011149466303889077 -0.0068035344119777652 0.010566954229780658 -0.012241503649559138 -0.001556730878496943 -0.0084202259231347561 -0.0029034520713533589 -0.0033172096584069854 0.0031812520451149837 0.0030593093077436102 0.0070931057718638989 0.010429615404946333 0.0018441491290546032 0.011201598848440129 0.0044727164221692794 0.0020827906824415184 0.0064516948292052166 0.010119910933621371 0.012399450572703162 0.010558674757659368 0.009637568979200397 0.016721810922546081 0.010075571419779491 0.0096150109799970403 0.013576148153286506 0.002145584333535368 0.014957968624443426 0.0076923488236031014 0.0098707744615336643
leaf_weight=24.82883508503437 510.22801618278027 19.177559524774551 36.041514426469803 413.44902859628201 125.4030908793211 1026.7339798361063 141.20477874577045 2855.7097225785255 41.457542240619659 1247.4742083251476 226.39743550121784 357.14717011153698 18.678536891937256 8.6888846904039365 444.10793842375278 1391.2183827012777 41.008183926343918 158.30546994507313 105.37563566863537 42.725325301289558 1263.2916262596846 136.48532281816006 175.13793969154358 14.094944879412653 188.19434620440006 12.413640961050985 37.344071298837662 5.9771146923303595 8.6785929352045041 64.037666484713554 20.163673773407936
leaf_count=100 2041 77 145 1657 506 4144 565 11475 166 4994 907 1431 75 35 1777 5626 165 634 423 172 5122 552 707 57 757 50 151 24 35 258 81
internal_value=0 -0.00598704 0.0087757 -0.00691573 0.00317131 -0.00926063 -0.00282778 -0.00943078 0.00612499 -0.00418505 0.00158486 0.000576919 0.00226679 0.0114674 0.0010237 0.0108659 0.0075959 0.00104798 0.00421999 0.01023 0.0121664 0.01222 0.0110267 0.0100611 0.00963513 0.0133938 0.0112574 0.00705347 0.0104547 0.00866383 0.00853504
internal_weight=0 6634.67 4526.51 6162.19 1468.66 3915.95 2246.24 3882.44 472.486 1660.92 1199.15 867.375 238.605 3057.85 585.313 1643.41 77.0497 199.763 331.773 269.51 1414.44 1399.78 1566.36 233.88 207.372 26.5086 162.747 14.666 33.5074 106.763 38.8422
internal_count=44909 26644 18265 24747 5889 15754 8993 15619 1897 6651 4802 3472 956 12376 2342 6643 310 800 1330 1087 5733 5674 6333 941 834 107 657 59 135 430 156
is_linear=0
shrinkage=0.01


Tree=18
num_leaves=32
num_cat=0
split_feature=6 2 6 6 2 1 5 3 5 1 1 3 1 3 6 4 1 6 3 3 1 1 5 1 6 3 5 1 3 3 3
split_gain=5751.95 731.818 671.109 184.616 161.424 98.5715 93.7782 72.3732 70.4342 37.7005 35.5292 27.9646 27.3635 24.3436 12.6833 9.48891 9.04793 8.50904 8.39607 7.39068 4.42721 4.31549 4.27244 3.896 4.48157 3.82543 3.74657 3.42597 3.04425 2.85479 2.30591
threshold=125.50000000000001 2.5000000000000004 130.50000000000003 110.50000000000001 2.5000000000000004 27.550000000000004 1.5000000000000002 80.500000000000014 2.5000000000000004 23.650000000000002 34.850000000000001 85.500000000000014 28.850000000000005 90.500000000000014 149.50000000000003 1.5000000000000002 22.050000000000004 138.50000000000003 83.500000000000014 71.500000000000014 29.950000000000003 27.350000000000005 1.5000000000000002 20.450000000000003 158.50000000000003 91.500000000000014 2.5000000000000004 37.550000000000004 88.500000000000014 83.500000000000014 77.500000000000014
decision_type=2 2 2 2 2 2 2 2 2 2 2 2 2 2 2 2 2 2 2 2 2 2 2 2 2 2 2 2 2 2 2
left_child=1 3 4 6 11 13 9 -8 27 -1 -7 16 19 -5 17 -13 -2 18 -4 -10 -14 22 -6 24 -16 -25 -19 29 -23 -3 -29
right_child=2 8 14 5 21 10 7 -9 12 -11 -12 15 20 -15 23 -17 -18 26 -20 -21 -22 28 -24 25 -26 -27 -28 30 -30 -31 -32
leaf_value=-0.012162637227627249 -0.0034386454882815373 0.0092146424185744983 0.011047378977561625 -0.0067538995264784275 0.010417826422080974 -0.0041445118295047783 -0.0053674677050276707 0.012297572013839441 -0.004015916265509463 -0.0090775807368807439 0.00024265181145580837 0.0045647891093565044 0.013144764038590759 0.0093015654000979109 0.011771866687954458 0.0016791745687242941 0.00065722109798321674 0.011102921910745241 0.0044294964240633537 0.0011254645860965334 0.0063476557822467637 0.01220204359981753 0.0062334766224230063 0.012579010624837786 0.0032345777777785245 0.011514764917391007 0.0095502300883258655 0.008444126522718122 0.0094886907797652725 0.012855746595724285 0.016489323584092379
leaf_weight=621.31816743314266 58.724371284246445 191.8697866499424 36.010975763201714 2910.8151876181364 52.269907236099243 1085.2712802737951 190.47280041873455 26.408082291483879 35.479833155870438 1092.8448616117239 222.42650434374809 292.56494604051113 11.411718636751173 9.4743859618902189 14.555885925889017 186.66383527219296 661.07907955348492 1389.5552971959114 40.994299918413162 131.90226835012436 59.783925116062164 101.38740627467632 45.768091008067131 805.6762703359127 10.645910292863844 581.54145504534245 174.97304058074951 4.9665893018245724 69.827322915196419 24.255332097411156 12.602894693613051
leaf_count=2502 235 772 145 11692 211 4355 765 106 142 4397 892 1173 46 38 59 748 2646 5626 165 528 240 410 184 3269 43 2362 707 20 282 98 51
internal_value=0 -0.0059302 0.0086962 -0.00685011 0.00314041 -0.00568005 -0.00941193 -0.00321652 0.00606651 -0.0101958 -0.0033983 0.00156917 0.00224438 -0.00670181 0.0113673 0.00344082 0.000323064 0.0107695 0.0075243 3.56507e-05 0.00743714 0.0101375 0.0084644 0.0120621 0.00816549 0.0121329 0.0109293 0.0099685 0.0110954 0.00962328 0.0142151
internal_weight=0 6631.3 4522.24 6159.03 1468.28 4227.99 1931.04 216.881 472.272 1714.16 1307.7 1199.03 238.578 2920.29 3053.95 479.229 719.803 1641.53 77.0053 167.382 71.1956 269.253 98.038 1412.42 25.2018 1387.22 1564.53 233.695 171.215 216.125 17.5695
internal_count=44909 26644 18265 24747 5889 16977 7770 871 1897 6899 5247 4802 956 11730 12376 1921 2881 6643 310 670 286 1087 395 5733 102 5631 6333 941 692 870 71
is_linear=0
shrinkage=0.01


Tree=19
num_leaves=32
num_cat=0
split_feature=6 2 6 0 2 0 0 0 5 6 0 3 0 6 6 3 6 0 0 5 3 5 5 3 6 0 0 0 2 0 0
split_gain=5641.82 717.576 659.665 579.636 158.455 128.222 115.072 108.411 69.1414 36.2859 31.2381 36.13 17.8885 12.5138 11.9057 8.54724 8.37753 8.38521 7.55186 4.23684 3.82117 4.12408 3.68971 3.22092 3.88073 3.2894 2.87478 2.56789 2.38715 2.32866 1.48718
threshold=125.50000000000001 2.5000000000000004 130.50000000000003 54.500000000000007 2.5000000000000004 38.500000000000007 60.500000000000007 43.500000000000007 2.5000000000000004 110.50000000000001 58.500000000000007 85.500000000000014 58.500000000000007 149.50000000000003 115.50000000000001 80.500000000000014 138.50000000000003 51.500000000000007 62.500000000000007 2.5000000000000004 69.500000000000014 2.5000000000000004 2.5000000000000004 83.500000000000014 101.50000000000001 53.500000000000007 60.500000000000007 60.500000000000007 1.5000000000000002 36.500000000000007 55.500000000000007
decision_type=2 2 2 2 2 2 2 2 2 2 2 2 2 2 2 2 2 2 2 2 2 2 2 2 2 2 2 2 2 2 2
left_child=1 3 4 5 10 29 9 -7 23 -5 11 -2 15 16 -8 -10 17 -4 -12 27 28 -22 -18 24 -3 -25 -14 -6 -15 -1 -21
right_child=2 8 13 6 19 7 14 -9 12 -11 18 -13 26 20 -16 -17 22 -19 -20 30 21 -23 -24 25 -26 -27 -28 -29 -30 -31 -32
leaf_value=0.0088181105342291059 -0.0011520345785600576 0.0051701819429261124 0.010954906616477423 -0.0066479734721891131 0.010377091967685862 -0.012067939378661144 -0.0014521665242543064 -0.0082758125629734808 -9.0034357624361235e-05 -0.003228518120653365 0.0031344266541701977 0.0029952906019384308 0.0041364379051124544 0.010228173853185016 0.0018813476391444728 0.0082820228179480843 0.011005673992350071 0.0043416956567288098 0.0063757998615152633 0.0099433651548692676 0.012191354147968037 0.010359255824215936 0.0094640329499711545 0.016476534219198577 0.0098946115890114691 0.009407864878195879 0.0084248764551228279 0.013368195757280472 0.0020122382692756451 0.014839420117532864 0.007532463990203556
leaf_weight=24.811923384666443 510.22505010664463 19.159409835934639 36.213527724146843 413.13175246119499 125.14218299090862 1024.7054574787617 141.20326121151447 2852.5530597120523 160.35728719830513 1247.1282465606928 226.3516508936882 357.04741013050079 26.173713982105255 8.6717683821916562 444.12811532616615 13.198084756731985 1387.8239560425282 40.74517785012722 105.32352523505688 42.655135869979858 1259.5303477197886 136.14626196026802 174.80186083912849 14.048350170254709 187.90223543345928 12.388855859637259 38.81023021042347 37.244189217686653 5.971805438399314 8.6661154329776746 63.939308539032936
leaf_count=100 2041 77 146 1657 506 4144 565 11475 642 4994 907 1431 105 35 1777 53 5626 164 423 172 5122 552 707 57 757 50 156 151 24 35 258
internal_value=0 -0.00587352 0.00861769 -0.0067846 0.00310977 -0.00910976 -0.0027353 -0.00927802 0.00600885 -0.0040794 0.00155359 0.000555378 0.0022223 0.0112687 0.00107718 0.000546622 0.0106746 0.00745359 0.00416373 0.0100463 0.0119593 0.0120126 0.0108332 0.00987713 0.00945746 0.0131641 0.00669761 0.0110631 0.00687763 0.0103768 0.00849722
internal_weight=0 6628.37 4517.83 6156.33 1467.93 3910.74 2245.59 3877.26 472.038 1660.26 1198.95 867.272 238.539 3049.9 585.331 173.555 1639.58 76.9587 331.675 268.981 1410.32 1395.68 1562.63 233.499 207.062 26.4372 64.9839 162.386 14.6436 33.478 106.594
internal_count=44909 26644 18265 24747 5889 15754 8993 15619 1897 6651 4802 3472 956 12376 2342 695 6643 310 1330 1087 5733 5674 6333 941 834 107 261 657 59 135 430
is_linear=0
shrinkage=0.01


Tree=20
num_leaves=32
num_cat=0
split_feature=6 2 6 0 2 0 0 0 5 1 0 1 0 1 6 1 6 0 1 1 1 5 1 6 5 1 1 0 5 0 6
split_gain=5534.21 703.694 648.472 569.144 155.546 125.774 112.806 106.758 67.8795 37.7758 30.6262 26.7427 15.1015 14.3424 12.3504 11.2038 8.24897 8.2359 7.49881 4.35214 4.25673 4.16745 3.83639 4.40482 3.63451 3.46512 3.37795 3.45803 3.26819 2.62831 0.775496
threshold=125.50000000000001 2.5000000000000004 130.50000000000003 54.500000000000007 2.5000000000000004 38.500000000000007 60.500000000000007 44.500000000000007 2.5000000000000004 33.150000000000013 58.500000000000007 28.850000000000005 58.500000000000007 20.750000000000004 149.50000000000003 22.050000000000004 138.50000000000003 51.500000000000007 41.95000000000001 29.950000000000003 27.350000000000005 1.5000000000000002 20.450000000000003 158.50000000000003 2.5000000000000004 24.550000000000004 37.550000000000004 48.500000000000007 2.5000000000000004 60.500000000000007 112.50000000000001
decision_type=2 2 2 2 2 2 2 2 2 2 2 2 2 2 2 2 2 2 2 2 2 2 2 2 2 2 2 2 2 2 2
left_child=1 3 4 5 10 25 9 -7 26 -5 15 12 -10 -8 16 -2 17 -4 -12 -13 21 -6 23 -16 -18 -1 27 -3 -24 -22 -28
right_child=2 8 14 6 20 7 13 -9 11 -11 18 19 -14 -15 22 -17 24 -19 -20 -21 29 -23 28 -25 -26 -27 30 -29 -30 -31 -32
leaf_value=0.0058911669457505705 -0.0032948989716846946 0.012034243130899267 0.010856031126016708 -0.0045194581518955028 0.010225292577194969 -0.011673838440252646 -0.0058592712505228994 -0.0080820540967054787 -0.0016422105111759222 0.00069989142538004338 0.0043134447479441654 0.013000192865965916 0.0054546335005757254 0.0014202383538404054 0.011569043960249784 0.00088587691561179272 0.010909816451247185 0.0042997414398120437 -0.007751312342998389 0.0062562820404100461 0.010218640408232829 0.0060893480174741598 0.012088604050702752 0.0030964958285337779 0.0093789498802128914 0.012641730014283462 0.010875850991190107 0.0088253567248119877 0.010452007886347942 0.013137811691786133 0.01542172041223404
leaf_weight=11.688893675804136 69.701261907815933 41.605604499578476 36.17810033261776 1507.267212420702 52.156824246048927 1197.9397319704294 28.448300302028656 2676.193838134408 128.22860607504845 152.71995890140533 326.36779594421387 11.394253194332121 39.135101467370987 556.87138938903809 14.514564767479898 797.52206894755363 1386.0267280936241 40.731386244297028 5.2343765944242469 59.746348664164543 130.43211755156517 45.716723248362541 1247.7477743625641 10.630299061536787 174.62462146580219 21.758174136281013 5.4440143704414377 174.16419965028763 135.24371382594109 40.395233362913132 12.079355761408806
leaf_count=47 279 168 146 6040 211 4849 114 10770 513 611 1309 46 157 2228 59 3193 5626 164 21 240 528 184 5082 43 707 88 22 702 549 164 49
internal_value=0 -0.00581804 0.00854028 -0.00672054 0.00307953 -0.00902599 -0.00270829 -0.00919269 0.00595182 -0.00403927 0.00153821 0.00220041 1.72634e-05 0.00106643 0.0111715 0.000549856 0.010581 0.00738381 0.004123 0.00733642 0.00995623 0.00829339 0.0118582 0.00798717 0.0107385 0.0102826 0.00978702 0.00944411 0.0119286 0.0109089 0.0140094
internal_weight=0 6624.68 4513.22 6152.89 1467.53 3907.58 2245.31 3874.13 471.797 1659.99 1198.83 238.504 167.364 585.32 3045.7 867.223 1637.56 76.9095 331.602 71.1406 268.701 97.8735 1408.14 25.1449 1560.65 33.4471 233.293 215.77 1382.99 170.827 17.5234
internal_count=44909 26644 18265 24747 5889 15754 8993 15619 1897 6651 4802 956 670 2342 12376 3472 6643 310 1330 286 1087 395 5733 102 6333 135 941 870 5631 692 71
is_linear=0
shrinkage=0.01


Tree=21
num_leaves=32
num_cat=0
split_feature=6 2 6 0 2 0 0 0 5 6 0 3 0 6 6 6 3 3 0 5 3 5 5 3 6 0 0 2 0 0 0
split_gain=5428.81 690.101 637.561 558.886 152.706 123.378 110.586 105.267 66.6406 35.6156 30.0266 35.4016 17.272 12.1917 11.6389 8.12357 8.27792 7.86187 7.41368 4.13827 3.764 4.01747 3.5809 3.17568 3.81494 3.23397 2.50951 2.34477 2.29584 1.47254 0.737582
threshold=125.50000000000001 2.5000000000000004 130.50000000000003 54.500000000000007 2.5000000000000004 38.500000000000007 60.500000000000007 43.500000000000007 2.5000000000000004 110.50000000000001 58.500000000000007 85.500000000000014 60.500000000000007 149.50000000000003 115.50000000000001 138.50000000000003 83.500000000000014 70.500000000000014 62.500000000000007 2.5000000000000004 69.500000000000014 2.5000000000000004 2.5000000000000004 83.500000000000014 101.50000000000001 53.500000000000007 60.500000000000007 1.5000000000000002 36.500000000000007 55.500000000000007 62.500000000000007
decision_type=2 2 2 2 2 2 2 2 2 2 2 2 2 2 2 2 2 2 2 2 2 2 2 2 2 2 2 2 2 2 2
left_child=1 3 4 5 10 28 9 -7 23 -5 11 -2 17 15 -8 16 -4 -10 -12 26 27 -22 -17 24 -3 -25 -6 -15 -1 -21 -14
right_child=2 8 13 6 19 7 14 -9 12 -11 18 -13 30 20 -16 22 -18 -19 -20 29 21 -23 -24 25 -26 -27 -28 -29 -30 -31 -32
leaf_value=0.008641578429667016 -0.001145673765483667 0.0050283029873649868 0.010817361434524456 -0.0065451642468491011 0.010195188824204535 -0.011861707153172875 -0.0014450875190862259 -0.008120735633768009 -0.0028840997310148626 -0.0031565883694789744 0.0030627710752520526 0.0029598321290454054 0.0068540049567806941 0.010036328992598445 0.0018509317626467809 0.010815310851588211 0.0042398119145683668 0.0020084863152759961 0.0062752658605955674 0.0097757879047952086 0.011988329548852143 0.010177733026449205 0.0092949544744327546 0.01625786834641035 0.009715127922225399 0.0092399584038000519 0.013156371146773147 0.0018879220283440289 0.014627275335340653 0.0073747207724995639 0.0096146555234405857
leaf_weight=24.769252091646194 510.22172755002975 19.139308378100395 35.9319027364254 412.89100882411003 124.86450143158436 1022.0376525819302 141.19822137057781 2848.8316198885441 41.44572626054287 1246.8078160881996 226.28146360814571 356.98884616792202 18.645625546574593 8.653339743614195 444.10354086756706 1384.1659073382616 40.926362618803978 158.24006645381451 105.25091956555843 42.580844894051552 1255.4532788395882 135.80518452823162 174.44153904914856 14.000256046652796 187.57430356740952 12.36622780561447 37.129353001713753 5.966343328356742 8.6440897285938245 63.832192599773407 20.12282694876194
leaf_count=100 2041 77 145 1657 506 4144 565 11475 166 4994 907 1431 75 35 1777 5626 165 634 423 172 5122 552 707 57 757 50 151 24 35 258 81
internal_value=0 -0.00576324 0.00846381 -0.00665726 0.00304953 -0.00894332 -0.00268157 -0.00910848 0.00589562 -0.00399958 0.00152293 0.000544365 0.00217887 0.0110757 0.0010558 0.0104886 0.00731487 0.000993007 0.00408264 0.00986752 0.0117585 0.0118116 0.0106452 0.00969806 0.00928118 0.0129664 0.0108739 0.00671094 0.0101901 0.0083355 0.00828693
internal_weight=0 6620.82 4508.49 6149.28 1467.15 3904.28 2245 3870.87 471.534 1659.7 1198.74 867.211 238.454 3041.34 585.302 1635.47 76.8583 199.686 331.532 268.407 1405.88 1391.26 1558.61 233.08 206.714 26.3665 161.994 14.6197 33.4133 106.413 38.7685
internal_count=44909 26644 18265 24747 5889 15754 8993 15619 1897 6651 4802 3472 956 12376 2342 6643 310 800 1330 1087 5733 5674 6333 941 834 107 657 59 135 430 156
is_linear=0
shrinkage=0.01


Tree=22
num_leaves=32
num_cat=0
split_feature=3 2 0 0 1 3 5 5 1 3 2 1 3 1 1 0 5 0 1 1 5 0 1 3 3 5 0 0 0 0 0
split_gain=3531.6 999.828 753.301 176.887 157.617 71.8277 60.8612 57.4583 55.8123 50.7919 50.9938 40.9013 21.3607 16.2782 15.6102 11.2699 10.1293 8.54034 7.79384 6.33619 5.09728 4.52064 4.12265 3.73887 3.55789 2.94994 2.69245 2.6062 2.06827 1.87355 1.73588
threshold=80.500000000000014 2.5000000000000004 54.500000000000007 60.500000000000007 27.450000000000003 70.500000000000014 2.5000000000000004 1.5000000000000002 31.650000000000002 90.500000000000014 1.5000000000000002 27.550000000000004 85.500000000000014 22.450000000000003 20.750000000000004 58.500000000000007 1.5000000000000002 57.500000000000007 28.050000000000004 35.350000000000001 1.5000000000000002 62.500000000000007 42.650000000000013 60.500000000000007 118.50000000000001 1.5000000000000002 29.500000000000004 63.500000000000007 51.500000000000007 66.500000000000014 44.500000000000007
decision_type=2 2 2 2 2 2 2 2 2 2 2 2 2 2 2 2 2 2 2 2 2 2 2 2 2 2 2 2 2 2 2
left_child=1 2 4 8 5 -1 18 -6 -4 10 12 15 16 -14 -5 -8 -2 20 28 -19 -12 24 -13 -20 26 27 -11 -23 -3 -27 -26
right_child=9 6 3 14 7 -7 11 -9 -10 21 17 22 13 -15 -16 -17 -18 19 23 -21 -22 25 -24 -25 30 29 -28 -29 -30 -31 -32
leaf_value=-0.010866808708986809 -0.00094400432343876299 0.010569928115980756 -0.0030169150831513719 -0.0032630452535888205 -0.0053991584562580811 -0.0075740274885433469 4.729396328020763e-05 0.00057719678062871573 0.0016392647441400442 0.0037798178977330702 0.0099208720654614547 0.0088917898449925419 0.0035652652655360014 0.0074381015826366012 0.0035557387768927573 0.0056471636141778503 0.0082896125151669959 0.01064277542624288 0.0035497628203063321 0.014622972962773576 0.0078892256916962035 0.0081853325774808028 0.00055122917897515173 0.011949416231487131 0.0021961556748757208 0.0074248302009227831 0.011193462375802139 0.012430622312028981 0.0081648839639263341 0.001384370188271447 0.0086979303736390238
leaf_weight=1003.0201237797737 49.411771655082703 49.959771692752838 1712.3341876119375 35.126141145825386 1179.6811026632786 1951.168618619442 140.99223493039608 186.27378204464912 302.98899258673191 4.930673122406005 326.83017434179783 138.65821059048176 117.8913132250309 1366.717548340559 759.47379875183105 48.233514726161957 15.641261696815489 273.39381730556488 5.4451915174722663 46.850215345621109 198.49416632950306 34.280198633670807 6.1909425407648078 197.78095632791519 4.9119508117437389 25.292228057980541 756.15026767551899 25.011883273720741 125.77841414511204 6.4428241252899161 25.037568867206573
leaf_count=4057 199 202 6871 141 4758 7877 565 750 1216 20 1328 560 477 5540 3048 194 63 1112 22 191 805 140 25 803 20 103 3083 102 509 26 102
internal_value=0 -0.00364268 -0.00477177 -0.000741449 -0.00739318 -0.00869201 0.00764771 -0.00458417 -0.00231689 0.00871807 0.00796261 0.00453606 0.0068848 0.00713056 0.00325431 0.0014747 0.00127611 0.00993789 0.0103908 0.0112251 0.00915321 0.0107695 0.00853531 0.0117244 0.0110124 0.00865915 0.0111454 0.00997617 0.0088486 0.0061985 0.00763159
internal_weight=0 7843.11 7130.07 2809.92 4320.14 2954.19 713.039 1365.95 2015.32 3277.29 2395.23 334.075 1549.66 1484.61 794.6 189.226 65.053 845.568 378.964 320.244 525.324 882.058 144.849 203.226 791.03 91.0271 761.081 59.2921 175.738 31.7351 29.9495
internal_count=44909 31598 28718 11276 17442 11934 2880 5508 8087 13311 9715 1344 6279 6017 3189 759 262 3436 1536 1303 2133 3596 585 825 3225 371 3103 242 711 129 122
is_linear=0
shrinkage=0.01


Tree=23
num_leaves=32
num_cat=0
split_feature=6 2 6 0 2 0 0 0 1 1 0 3 0 3 1 6 6 3 1 1 1 6 3 1 0 1 0 0 6 3 1
split_gain=5259.49 664.415 621.793 538.69 147.323 120.165 106.061 103.631 36.3997 31.5974 28.8815 32.6161 15.8049 15.8524 13.7779 11.7568 7.95461 8.33481 7.36687 4.1267 3.72574 4.30849 4.07895 3.56856 3.38406 3.37211 3.03766 3.77526 3.55741 3.01436 2.46511
threshold=125.50000000000001 2.5000000000000004 130.50000000000003 54.500000000000007 2.5000000000000004 38.500000000000007 60.500000000000007 44.500000000000007 33.150000000000013 28.050000000000004 58.500000000000007 85.500000000000014 58.500000000000007 80.500000000000014 20.750000000000004 149.50000000000003 138.50000000000003 83.500000000000014 41.95000000000001 27.350000000000005 20.450000000000003 158.50000000000003 91.500000000000014 23.950000000000003 44.500000000000007 24.550000000000004 48.500000000000007 58.500000000000007 111.50000000000001 88.500000000000014 27.050000000000004
decision_type=2 2 2 2 2 2 2 2 2 2 2 2 2 2 2 2 2 2 2 2 2 2 2 2 2 2 2 2 2 2 2
left_child=1 3 4 5 10 25 8 -7 -5 12 11 -2 13 -3 -8 16 17 -4 -12 30 21 -17 -22 -14 -18 -1 28 -28 -11 -21 -6
right_child=2 9 15 6 19 7 14 -9 -10 26 18 -13 23 -15 -16 20 24 -19 -20 29 22 -23 -24 -25 -26 -27 27 -29 -30 -31 -32
leaf_value=0.0057620206782682338 -0.0010874702132839217 0.0013077835115939741 0.010721106286133956 -0.004412050583576267 0.0084983394592043401 -0.011411878244187752 -0.0057786605720738602 -0.0078676813272733036 0.0007115456293211907 0.0066338389316015281 0.0041942764712521816 0.0028538606760163659 0.0049823219611259397 0.010675805481497864 0.0013574828039068609 0.011326350771652401 0.01183790225615021 0.0041172270526836832 -0.007764602565116646 0.011743213201484482 0.01212743940293372 0.0029353577555882777 0.011024286020437568 0.0093812622452012547 0.010339239737652576 0.012427260827092555 0.0070779691862528464 0.01022474025931447 0.013982224185287422 0.0090352763345118315 0.002309112907213431
leaf_weight=11.675207406282423 510.20111609995365 186.18009595572948 35.892055600881577 1506.5050893425941 90.688971504569054 1193.7073342353106 28.437380313873291 2671.0131652653217 152.7148260474205 9.4088934063911456 326.13646301627159 356.80036006867886 31.553206875920296 20.004282385110855 556.81361204385757 14.458593294024469 169.04579082131386 40.878254622220993 5.2337864339351645 100.75105749070644 799.91193777322769 10.609437510371206 576.91984879970551 44.379495114088058 1386.168582290411 21.695716679096222 92.719426184892654 64.750544920563698 21.973131269216537 69.438623860478401 6.9267370551824561
leaf_count=47 2041 747 145 6040 367 4849 114 10770 611 38 1309 1431 127 81 2228 59 688 165 21 410 3269 43 2362 179 5645 88 374 262 89 282 28
internal_value=0 -0.00567446 0.00833989 -0.00655212 0.00299277 -0.00879924 -0.00264943 -0.00896239 -0.00394047 0.00577227 0.00149428 0.00053452 0.00365305 0.00221668 0.00101074 0.010924 0.010347 0.00720471 0.00400539 0.00969823 0.0115956 0.00777507 0.0116652 0.00755332 0.0105021 0.0100953 0.00893807 0.0083719 0.011779 0.0106384 0.00805916
internal_weight=0 6613.53 4500.06 6142.56 1466.18 3898.09 2244.47 3864.72 1659.22 470.969 1198.37 867.001 282.117 206.184 585.251 3033.88 1631.98 76.7703 331.37 267.805 1401.9 25.068 1376.83 75.9327 1555.21 33.3709 188.852 157.47 31.382 170.19 97.6157
internal_count=44909 26644 18265 24747 5889 15754 8993 15619 6651 1897 4802 3472 1134 828 2342 12376 6643 310 1330 1087 5733 102 5631 306 6333 135 763 636 127 692 395
is_linear=0
shrinkage=0.01


Tree=24
num_leaves=32
num_cat=0
split_feature=6 2 6 0 2 0 0 0 5 6 0 3 0 6 6 6 3 3 0 5 5 3 5 0 0 4 0 0 0 0 0
split_gain=5159.75 651.622 611.462 529.094 144.652 117.886 103.976 102.237 64.2722 34.9777 28.316 31.9712 16.5898 11.6139 11.3588 7.8374 8.18729 7.67423 7.21226 4.00343 3.67832 4.84504 3.60963 3.1195 4.17135 2.64074 2.48108 2.2542 1.73971 1.4685 0.723225
threshold=125.50000000000001 2.5000000000000004 130.50000000000003 54.500000000000007 2.5000000000000004 38.500000000000007 60.500000000000007 43.500000000000007 2.5000000000000004 110.50000000000001 58.500000000000007 85.500000000000014 60.500000000000007 149.50000000000003 115.50000000000001 138.50000000000003 83.500000000000014 70.500000000000014 62.500000000000007 2.5000000000000004 2.5000000000000004 69.500000000000014 2.5000000000000004 48.500000000000007 58.500000000000007 1.5000000000000002 60.500000000000007 36.500000000000007 63.500000000000007 55.500000000000007 62.500000000000007
decision_type=2 2 2 2 2 2 2 2 2 2 2 2 2 2 2 2 2 2 2 2 2 2 2 2 2 2 2 2 2 2 2
left_child=1 3 4 5 10 27 9 -7 23 -5 11 -2 17 15 -8 16 -4 -10 -12 26 21 -15 -17 25 -25 -3 -6 -1 -22 -21 -14
right_child=2 8 13 6 19 7 14 -9 12 -11 18 -13 30 20 -16 22 -18 -19 -20 29 28 -23 -24 24 -26 -27 -28 -29 -30 -31 -32
leaf_value=0.0084701630801722466 -0.001076601880714204 0.013834705778698693 0.010625265646848289 -0.0064256166491554198 0.0099290626655250489 -0.011600221739182721 -0.0014700228443680411 -0.0079073108185343348 -0.0029246714688726493 -0.0030663790581270767 0.0029602705235557583 0.0028257433058147406 0.0066410471031746934 0.0052421547175629047 0.0017862385565682178 0.010583145167067827 0.0040776389542811634 0.0019099886069523539 0.0061302989499131579 0.0095445148545747812 0.010269623117639601 0.011729311457051883 0.0090541520207685026 0.0076527559642110155 0.010696155369226964 0.00895268374180163 0.012879907263297765 0.014410045174689299 0.0059987530852593377 0.0071434500106819301 0.0093774396084734309
leaf_weight=24.718004181981087 510.19823534786701 26.633005350828171 35.853837832808495 412.56835715472698 124.40538866817951 1018.1582039147615 141.18710172176361 2842.946476072073 41.433724194765091 1246.3341661691666 226.16061206161976 356.7474534958601 18.611964374780655 11.62005941569805 444.04350806772709 1379.1406884491444 40.862451642751694 158.15892678499222 105.13363836705685 42.463784128427505 127.9186168462038 1249.6118819862604 173.86667442321777 111.08970229327679 75.741625174880028 18.972445979714394 36.958597704768181 8.6161267161369306 10.30611829459667 63.657475411891937 20.078250125050545
leaf_count=100 2041 108 145 1657 506 4144 565 11475 166 4994 907 1431 75 47 1777 5626 165 634 423 172 522 5122 707 449 307 77 151 35 42 258 81
internal_value=0 -0.00562135 0.00826603 -0.00649084 0.00296377 -0.00871946 -0.00262334 -0.00888112 0.0057176 -0.00390182 0.0014795 0.00052921 0.00206808 0.0108316 0.00100066 0.0102578 0.00713771 0.000906355 0.00396625 0.0096128 0.0114998 0.0116695 0.010412 0.00945892 0.00888655 0.0118037 0.0106049 0.0100055 0.00995118 0.00810422 0.0080611
internal_weight=0 6609.29 4494.91 6138.57 1465.73 3894.44 2244.13 3861.1 470.72 1658.9 1198.24 866.946 238.283 3029.18 585.231 1629.72 76.7163 199.593 331.294 267.485 1399.46 1261.23 1553.01 232.437 186.831 45.6055 161.364 33.3341 138.225 106.121 38.6902
internal_count=44909 26644 18265 24747 5889 15754 8993 15619 1897 6651 4802 3472 956 12376 2342 6643 310 800 1330 1087 5733 5169 6333 941 756 185 657 135 564 430 156
is_linear=0
shrinkage=0.01


Tree=25
num_leaves=32
num_cat=0
split_feature=6 2 6 6 2 1 5 3 5 1 1 1 3 3 6 4 1 6 5 3 1 1 5 1 6 3 5 1 3 3 3
split_gain=5062.06 639.088 601.361 173.727 142.037 93.9244 90.0537 68.2665 63.1202 36.21 33.9514 25.323 23.7019 22.9958 11.4757 9.29784 8.55109 7.72298 8.1394 6.9838 4.28676 4.07572 3.97479 3.67479 4.23944 4.01936 3.55792 3.29858 2.97585 2.69651 2.28041
threshold=125.50000000000001 2.5000000000000004 130.50000000000003 110.50000000000001 2.5000000000000004 27.550000000000004 1.5000000000000002 80.500000000000014 2.5000000000000004 23.650000000000002 34.850000000000001 28.850000000000005 85.500000000000014 90.500000000000014 149.50000000000003 1.5000000000000002 22.050000000000004 138.50000000000003 1.5000000000000002 71.500000000000014 29.950000000000003 27.350000000000005 1.5000000000000002 20.450000000000003 158.50000000000003 91.500000000000014 2.5000000000000004 37.550000000000004 88.500000000000014 83.500000000000014 77.500000000000014
decision_type=2 2 2 2 2 2 2 2 2 2 2 2 2 2 2 2 2 2 2 2 2 2 2 2 2 2 2 2 2 2 2
left_child=1 3 4 6 12 13 9 -8 27 -1 -7 19 16 -5 17 -14 -2 18 -4 -10 -13 22 -6 24 -16 -25 -19 29 -23 -3 -29
right_child=2 8 14 5 21 10 7 -9 11 -11 -12 20 15 -15 23 -17 -18 26 -20 -21 -22 28 -24 25 -26 -27 -28 30 -30 -31 -32
leaf_value=-0.011627394252381865 -0.0033399253057120877 0.0086372752097652397 0.0043295583034617295 -0.0063443689089434816 0.0097916708989706554 -0.0037947115311570126 -0.0049350376004443017 0.012245279700695194 -0.0040151860465981693 -0.008595214830891422 0.00049882272718904976 0.01268577097911865 0.0043030489110707304 0.0092788789892337686 0.011136482372202217 0.0014447842258152475 0.00064270330070072626 0.01049311911701617 0.010943736606582873 0.00098399259725552211 0.0059806572965919241 0.011563771065848103 0.0057434898337610941 0.011934343986343229 0.0028033024077936705 0.010837329413986532 0.0089741985051076788 0.0078055980278367567 0.0088696896377630681 0.01219183406001218 0.015837785715177459
leaf_weight=617.50112187862396 58.700437873601913 190.75780066847801 44.880316078662872 2899.9610437601805 51.854276269674301 1082.1971007287502 189.73476660251617 26.339062705636024 35.462150692939758 1087.3343341201544 221.94568863511086 11.350200861692427 292.12617848813534 9.4519000053405744 14.410756409168245 186.44670276343822 660.82601200044155 1377.0737318396568 31.780147939920425 131.81649792194366 59.618072718381882 100.45897227525711 45.569640174508095 797.06149484217167 10.592424646019934 574.87647925317287 173.66256713867188 4.9325893670320538 69.27330569922924 24.030272707343102 12.471710428595541
leaf_count=2502 235 772 181 11692 211 4355 765 106 142 4397 892 46 1173 38 59 748 2646 5626 129 528 240 410 184 3269 43 2362 707 20 282 98 51
internal_value=0 -0.00556886 0.00819311 -0.00643027 0.00293509 -0.00529402 -0.00892266 -0.00284078 0.00566383 -0.00969349 -0.00306402 0.00204771 0.00146488 -0.00629361 0.0107406 0.0031895 0.000317792 0.0101699 0.00707151 -7.58057e-05 0.00705303 0.00952846 0.00789815 0.0114054 0.00760619 0.0114747 0.010323 0.00937424 0.0104642 0.00903496 0.0135614
internal_weight=0 6604.9 4489.59 6134.47 1465.26 4213.56 1920.91 216.074 470.439 1704.84 1304.14 238.247 1198.1 2909.41 3024.34 478.573 719.526 1627.4 76.6605 167.279 70.9683 267.156 97.4239 1396.94 25.0032 1371.94 1550.74 232.192 169.732 214.788 17.4043
internal_count=44909 26644 18265 24747 5889 16977 7770 871 1897 6899 5247 956 4802 11730 12376 1921 2881 6643 310 670 286 1087 395 5733 102 5631 6333 941 692 870 71
is_linear=0
shrinkage=0.01


Tree=26
num_leaves=32
num_cat=0
split_feature=6 2 6 0 2 0 0 0 5 6 0 3 0 6 6 6 0 3 0 5 5 3 5 0 0 4 0 0 0 0 0
split_gain=4966.09 626.731 591.504 519.587 139.481 115.095 101.911 100.675 61.9912 33.6403 27.7732 30.8774 16.2336 11.3402 10.9099 7.60985 8.14646 7.40726 7.08307 3.91892 3.64092 4.78881 3.50759 3.07047 4.11364 2.60199 2.45029 2.21326 1.71348 1.44763 0.711321
threshold=125.50000000000001 2.5000000000000004 130.50000000000003 54.500000000000007 2.5000000000000004 38.500000000000007 60.500000000000007 44.500000000000007 2.5000000000000004 110.50000000000001 58.500000000000007 85.500000000000014 60.500000000000007 149.50000000000003 115.50000000000001 138.50000000000003 51.500000000000007 70.500000000000014 62.500000000000007 2.5000000000000004 2.5000000000000004 69.500000000000014 2.5000000000000004 48.500000000000007 58.500000000000007 1.5000000000000002 60.500000000000007 36.500000000000007 63.500000000000007 55.500000000000007 62.500000000000007
decision_type=2 2 2 2 2 2 2 2 2 2 2 2 2 2 2 2 2 2 2 2 2 2 2 2 2 2 2 2 2 2 2
left_child=1 3 4 5 10 27 9 -7 23 -5 11 -2 17 15 -8 16 -4 -10 -12 26 21 -15 -17 25 -25 -3 -6 -1 -22 -21 -14
right_child=2 8 13 6 19 7 14 -9 12 -11 18 -13 30 20 -16 22 -18 -19 -20 29 28 -23 -24 24 -26 -27 -28 -29 -30 -31 -32
leaf_value=0.0084100308006939111 -0.0010687437761272595 0.013639416862467897 0.010468565841356661 -0.006280063603957076 0.0097562120567689405 -0.011160504810089091 -0.001371147573637953 -0.007661390535226094 -0.0028852596592384683 -0.0029842490583114208 0.0029167335705510273 0.0027666484079996488 0.00655071892155361 0.0050858737116957157 0.0018201873003209287 0.01040429096684236 0.003934614128069616 0.0018649272119924544 0.0060590042430350459 0.009383095212176883 0.010085877752415651 0.011541123999256933 0.0088952133912237018 0.0074963190824504792 0.010521838104410907 0.0087872370065472955 0.012693516339447103 0.01430056079612658 0.0058421366416825625 0.006996718602176516 0.009265931360999775
leaf_weight=24.696720078587532 510.19285848736763 26.557557061314583 36.010983407497406 412.14447750151157 124.07477849721909 1189.0840898156166 141.17805957794189 2665.3432054519653 41.428181678056717 1245.8763737827539 226.10586762428284 356.62975385785103 18.595017969608307 11.599230945110319 444.06509692966938 1374.9530042111874 40.589441493153572 158.12220476567745 105.07093535363674 42.373760461807251 127.51658171415329 1244.9702106416225 173.45360423624516 110.89026828110218 75.561066895723343 18.928987815976143 36.83043597638607 8.5996396243572217 10.281539827585219 63.535893335938454 20.053876683115959
leaf_count=100 2041 108 146 1657 506 4849 565 10770 166 4994 907 1431 75 47 1777 5626 164 634 423 172 522 5122 707 449 307 77 151 35 42 258 81
internal_value=0 -0.00551634 0.00812102 -0.0063696 0.00290663 -0.00858094 -0.00253719 -0.00874086 0.00561082 -0.00380351 0.00145035 0.00050922 0.00202765 0.0106507 0.00105034 0.010083 0.00700632 0.000878752 0.00391367 0.0094453 0.0113123 0.0114815 0.0102352 0.00929073 0.00872244 0.0116202 0.0104285 0.00993141 0.00976924 0.00795149 0.00795957
internal_weight=0 6601.12 4484.19 6130.99 1464.81 3887.72 2243.26 3854.43 470.137 1658.02 1198 866.823 238.199 3019.37 585.243 1625.01 76.6004 199.55 331.177 266.815 1394.37 1256.57 1548.41 231.938 186.451 45.4865 160.905 33.2964 137.798 105.91 38.6489
internal_count=44909 26644 18265 24747 5889 15754 8993 15619 1897 6651 4802 3472 956 12376 2342 6643 310 800 1330 1087 5733 5169 6333 941 756 185 657 135 564 430 156
is_linear=0
shrinkage=0.01


Tree=27
num_leaves=32
num_cat=0
split_feature=6 2 6 0 2 0 0 0 5 1 0 3 1 0 1 6 2 1 5 2 3 5 1 6 3 1 1 1 0 1 3
split_gain=4872.33 614.7 581.872 510.421 145.285 112.922 99.9095 99.3769 60.8881 35.2027 25.4585 26.1752 24.7925 13.8926 13.3558 8.88912 5.1959 4.2207 3.84697 7.02884 4.78654 3.80708 3.62616 4.1728 3.96346 3.34896 3.32008 3.25571 3.27678 2.87721 2.25691
threshold=125.50000000000001 2.5000000000000004 135.50000000000003 54.500000000000007 2.5000000000000004 38.500000000000007 60.500000000000007 43.500000000000007 2.5000000000000004 33.150000000000013 61.500000000000007 85.500000000000014 28.850000000000005 58.500000000000007 20.750000000000004 149.50000000000003 1.5000000000000002 29.950000000000003 2.5000000000000004 1.5000000000000002 71.500000000000014 2.5000000000000004 20.450000000000003 158.50000000000003 91.500000000000014 22.050000000000004 24.550000000000004 37.550000000000004 48.500000000000007 35.850000000000001 77.500000000000014
decision_type=2 2 2 2 2 2 2 2 2 2 2 2 2 2 2 2 2 2 2 2 2 2 2 2 2 2 2 2 2 2 2
left_child=1 3 4 5 10 26 9 -7 27 -5 11 -2 13 -10 -8 18 -12 -14 19 -4 -20 29 23 -17 -24 -23 -1 28 -3 -6 -29
right_child=2 8 15 6 21 7 14 -9 12 -11 16 -13 17 -15 -16 22 -18 -19 20 -21 -22 25 24 -25 -26 -27 -28 30 -30 -31 -32
leaf_value=0.0055404383800922996 -0.00026760253956253758 0.011403322785455335 0.0097951453557987289 -0.0042304408242028963 0.0099630449384092087 -0.011349366686608716 -0.005647276140842772 -0.0077018398515137955 -0.00168350895510023 0.00080886268786024157 0.0044284782807126567 0.0028920534607556258 0.012557830866421029 0.0051293158328426037 0.0013811390516603869 0.010951877783397288 0.0090205335385317737 0.0058991472657407978 0.015607821345604166 0.011306054083917851 0.0083411222846013454 0.0010920476076032165 0.011746838211602271 0.0026743518888138786 0.010655433257847211 0.0085248204154134838 0.012163343636147054 0.0076446463965989288 0.0082672497173470576 0.013790050119475539 0.015645790498338603
leaf_weight=11.650242581963537 643.24161453545094 41.260650172829628 923.14560484886169 1504.9844311177731 146.56955705583096 1013.9456215202808 28.416538670659065 2836.5488178133965 128.21031078696251 152.68696491420269 127.51662726700306 442.58441278338432 11.329748958349226 39.047303155064583 556.81205043196678 14.360329508781435 30.542035683989525 59.573967531323433 9.5828732103109342 461.98438166081905 167.59371085464954 6.4332950562238684 794.05600139498711 10.574866473674772 572.735435500741 105.00403492152691 21.608173593878746 4.9222210794687298 173.07175861299038 22.685688480734825 12.423317790031431
leaf_count=47 2575 168 3780 6040 599 4144 114 11475 513 611 513 1777 46 157 2228 59 123 240 39 1896 684 26 3269 43 2362 427 88 20 702 93 51
internal_value=0 -0.00546504 0.00804989 -0.00631039 0.00303254 -0.00850387 -0.00251223 -0.00866234 0.00555827 -0.00376627 0.00156611 0.00102028 0.0020077 -9.30137e-05 0.00103987 0.0106394 0.00531581 0.00696314 0.0101216 0.0102991 0.00873415 0.009531 0.0112206 0.00744143 0.0112895 0.00809573 0.00984338 0.0092082 0.00887097 0.010476 0.0133753
internal_weight=0 6596.49 4478.61 6126.65 1524.58 3883.75 2242.9 3850.49 469.839 1657.67 1243.88 1085.83 238.161 167.258 585.229 2954.03 158.059 70.9037 1562.31 1385.13 177.177 280.693 1391.73 24.9352 1366.79 111.437 33.2584 231.678 214.332 169.255 17.3455
internal_count=44909 26644 18265 24747 6133 15754 8993 15619 1897 6651 4988 4352 956 670 2342 12132 636 286 6399 5676 723 1145 5733 102 5631 453 135 941 870 692 71
is_linear=0
shrinkage=0.01


Tree=28
num_leaves=32
num_cat=0
split_feature=6 2 6 0 2 0 0 0 5 6 0 3 0 6 6 6 3 3 0 5 5 3 5 3 6 0 0 0 3 0 0
split_gain=4780.45 602.913 572.664 501.446 134.504 110.794 97.9483 97.9421 59.8034 33.0295 26.9348 29.7698 15.7285 11.0624 10.6654 7.31548 8.07925 7.25987 6.80021 3.80898 3.60559 4.73498 3.40729 3.06548 3.74892 3.20235 2.4259 2.18572 1.69044 1.42505 0.70081
threshold=125.50000000000001 2.5000000000000004 130.50000000000003 54.500000000000007 2.5000000000000004 38.500000000000007 60.500000000000007 43.500000000000007 2.5000000000000004 110.50000000000001 58.500000000000007 85.500000000000014 60.500000000000007 149.50000000000003 115.50000000000001 138.50000000000003 83.500000000000014 70.500000000000014 62.500000000000007 2.5000000000000004 2.5000000000000004 69.500000000000014 2.5000000000000004 83.500000000000014 101.50000000000001 53.500000000000007 60.500000000000007 36.500000000000007 90.500000000000014 55.500000000000007 62.500000000000007
decision_type=2 2 2 2 2 2 2 2 2 2 2 2 2 2 2 2 2 2 2 2 2 2 2 2 2 2 2 2 2 2 2
left_child=1 3 4 5 10 27 9 -7 23 -5 11 -2 17 15 -8 16 -4 -10 -12 26 21 -15 -17 24 -3 -25 -6 -1 -22 -21 -14
right_child=2 8 13 6 19 7 14 -9 12 -11 18 -13 30 20 -16 22 -18 -19 -20 29 28 -23 -24 25 -26 -27 -28 -29 -30 -31 -32
leaf_value=0.0082441086798694784 -0.0010553890108003403 0.0044902081683523476 0.010366168362822382 -0.0061844358135331665 0.0095818031129649393 -0.01125487204501547 -0.0013647412873396935 -0.0076311354108536079 -0.0028689492258834625 -0.0029176347118057061 0.0028704572610838749 0.0027109459781831571 0.0064324481977860127 0.0049332080980304558 0.0017907015916065398 0.010230289190179095 0.0038522777066954932 0.0018341409900733876 0.005950469485078852 0.009228517884345323 0.010581675778737625 0.011358205324378505 0.0087410435088810922 0.015653571394691077 0.0091484580547588849 0.0086351108992218911 0.012509626821801791 0.014106435161489149 0.0083484154603930844 0.0068583896756679976 0.009129355985847647
leaf_weight=24.645892083644867 510.18864648044109 19.042962148785591 35.73366479575634 411.83893130719662 123.71517425775528 1012.2425500303507 141.17184939980507 2834.2135509699583 41.421958178281784 1245.4705343693495 226.04551914334297 356.51459178328514 18.572867140173912 11.577318146824835 444.03614777326584 1370.5587910562754 40.760814964771271 158.08310694992542 104.97174617648125 42.282085001468658 76.481960937380791 1240.1044779568911 173.02529425919056 13.832251459360124 186.26826871931553 12.266035348176954 36.693414926528931 8.5719878077507001 60.868476375937462 63.415740415453911 20.023097604513168
leaf_count=100 2041 77 145 1657 506 4144 565 11475 166 4994 907 1431 75 47 1777 5626 165 634 423 172 314 5122 707 57 757 50 151 35 250 258 81
internal_value=0 -0.00541435 0.00797957 -0.00625187 0.00284945 -0.00842772 -0.00248754 -0.00858477 0.00550657 -0.00372943 0.00142064 0.000493876 0.00198813 0.0104752 0.0010295 0.00991376 0.00689518 0.000857669 0.00384719 0.00928037 0.01113 0.0112988 0.0100634 0.00912675 0.0087164 0.0123549 0.0102515 0.0097569 0.00959198 0.00780651 0.00783157
internal_weight=0 6591.7 4472.94 6122.19 1463.83 3879.67 2242.52 3846.46 469.511 1657.31 1197.72 866.703 238.101 3009.11 585.208 1620.08 76.4945 199.505 331.017 266.106 1389.03 1251.68 1543.58 231.41 205.311 26.0983 160.409 33.2179 137.35 105.698 38.596
internal_count=44909 26644 18265 24747 5889 15754 8993 15619 1897 6651 4802 3472 956 12376 2342 6643 310 800 1330 1087 5733 5169 6333 941 834 107 657 135 564 430 156
is_linear=0
shrinkage=0.01


Tree=29
num_leaves=32
num_cat=0
split_feature=6 2 6 0 2 0 0 0 1 1 0 3 0 3 1 6 1 6 0 1 1 6 3 1 0 1 3 0 0 6 1
split_gain=4690.42 591.362 563.402 492.663 132.099 108.708 96.7028 96.0264 34.533 29.6406 26.409 29.1814 14.7113 15.0095 13.0651 10.939 7.22458 7.21295 8.03308 4.02232 3.581 4.11047 3.89768 3.47981 3.34643 3.27716 2.95658 2.89377 3.53381 3.47089 2.43666
threshold=125.50000000000001 2.5000000000000004 130.50000000000003 54.500000000000007 2.5000000000000004 38.500000000000007 44.500000000000007 60.500000000000007 33.150000000000013 28.050000000000004 58.500000000000007 85.500000000000014 58.500000000000007 80.500000000000014 20.750000000000004 149.50000000000003 41.95000000000001 138.50000000000003 51.500000000000007 27.350000000000005 20.450000000000003 158.50000000000003 91.500000000000014 23.850000000000005 44.500000000000007 24.550000000000004 88.500000000000014 48.500000000000007 58.500000000000007 111.50000000000001 27.050000000000004
decision_type=2 2 2 2 2 2 2 2 2 2 2 2 2 2 2 2 2 2 2 2 2 2 2 2 2 2 2 2 2 2 2
left_child=1 3 4 5 10 25 -7 8 -5 12 11 -2 13 -3 -9 17 -12 18 -4 30 21 -17 -22 -14 -19 -1 -21 29 -29 -11 -6
right_child=2 9 15 7 19 6 -8 14 -10 27 16 -13 23 -15 -16 20 -18 24 -20 26 22 -23 -24 -25 -26 -27 -28 28 -30 -31 -32
leaf_value=0.0053942475163370578 -0.0010448427282639754 0.0011318578593354455 0.010275212939159204 -0.0041528878515431928 0.0080156223945173095 -0.010886087232201785 -0.0074497495476671472 -0.0055957728552968964 0.00083849037075648335 0.0062205768908664902 0.0039970047954888416 0.0026842694223018133 0.0043132856552744545 0.0102740861385492 0.0013567414929368984 0.010772412699970136 -0.0078491801028878847 0.01131337600722274 0.0037796148976667263 0.011232420357819389 0.011563859169735805 0.0025464403725454143 0.010479422162448442 0.008782595367575587 0.0098161929553616661 0.011980693493340982 0.008539501194690536 0.0067240076771459059 0.0097766878636002894 0.013500784137835233 0.0018451583158291204
leaf_weight=11.633623570203779 510.18498787283897 185.85731665790081 35.913861185312271 1504.263922303915 90.099042803049088 1183.4208694249392 2658.8927039951086 28.40790131688118 152.67801629006863 9.3598524332046527 325.69654583930969 356.4574049115181 27.222004473209381 19.878914579749107 556.78452455997467 14.307544305920603 5.2308857738971701 167.49452814459801 40.519672259688377 99.85070213675499 790.89477404952049 10.556676492094992 570.51684877276421 48.386788293719292 1373.597131639719 21.543833866715431 68.904708877205849 92.338720381259918 64.346488043665886 21.803854510188103 6.8890075087547293
leaf_count=47 2041 747 146 6040 367 4849 10770 114 611 38 1309 1431 110 81 2228 59 21 688 164 410 3269 43 2362 196 5645 88 282 374 262 89 28
internal_value=0 -0.00536421 0.00791014 -0.00619401 0.00282196 -0.0083525 -0.00850813 -0.00246309 -0.00369296 0.00545522 0.00140661 0.000488973 0.00340144 0.00201521 0.00101923 0.0103889 0.00380976 0.0098302 0.0068317 0.00920018 0.0110407 0.00727989 0.0111094 0.00717348 0.00997892 0.00967117 0.0101329 0.00853119 0.00797766 0.0113142 0.00757734
internal_weight=0 6586.82 4467.11 6117.63 1463.31 3875.49 3842.31 2242.13 1656.94 469.194 1197.57 866.642 281.345 205.736 585.192 3003.8 330.927 1617.53 76.4335 265.743 1386.28 24.8642 1361.41 75.6088 1541.09 33.1775 168.755 187.849 156.685 31.1637 96.9881
internal_count=44909 26644 18265 24747 5889 15754 15619 8993 6651 1897 4802 3472 1134 828 2342 12376 1330 6643 310 1087 5733 102 5631 306 6333 135 692 763 636 127 395
is_linear=0
shrinkage=0.01


Tree=30
num_leaves=32
num_cat=0
split_feature=6 2 6 0 2 0 0 0 1 1 0 3 0 3 1 6 6 2 1 1 1 6 3 1 0 1 3 0 0 6 1
split_gain=4602.2 580.044 554.335 484.061 129.742 106.666 95.3482 94.1428 33.8596 29.1183 25.893 28.6047 14.4387 14.7366 12.8078 10.8185 7.11213 7.97299 7.08099 3.96428 3.53073 4.04385 3.83983 3.41864 3.29615 3.22639 2.91384 2.84864 3.47763 3.41783 2.39386
threshold=125.50000000000001 2.5000000000000004 130.50000000000003 54.500000000000007 2.5000000000000004 38.500000000000007 43.500000000000007 60.500000000000007 33.150000000000013 28.050000000000004 58.500000000000007 85.500000000000014 58.500000000000007 80.500000000000014 20.750000000000004 149.50000000000003 138.50000000000003 2.5000000000000004 41.95000000000001 27.350000000000005 20.450000000000003 158.50000000000003 91.500000000000014 23.850000000000005 44.500000000000007 24.550000000000004 88.500000000000014 48.500000000000007 58.500000000000007 111.50000000000001 27.050000000000004
decision_type=2 2 2 2 2 2 2 2 2 2 2 2 2 2 2 2 2 2 2 2 2 2 2 2 2 2 2 2 2 2 2
left_child=1 3 4 5 10 25 -7 8 -5 12 11 -2 13 -3 -9 16 17 -4 -12 30 21 -17 -22 -14 -18 -1 -21 29 -29 -11 -6
right_child=2 9 15 7 19 6 -8 14 -10 27 18 -13 23 -15 -16 20 24 -19 -20 26 22 -23 -24 -25 -26 -27 -28 28 -30 -31 -32
leaf_value=0.0053430790502881657 -0.0010344023329687956 0.0011205919770961585 0.0049530509900521918 -0.0041124062579877482 0.0079440468478092566 -0.011072088990986327 -0.0074912856135087112 -0.005541554243296434 0.00083009625875764379 0.0061628305909999029 0.0039581019520767329 0.0026578603157505539 0.0042719395165940121 0.010184714470758456 0.0013432048944619409 0.010684911592299831 0.011221154411935259 0.012517967041332637 -0.007767274507514633 0.011140562304128901 0.011472455951235921 0.0025218224994801404 0.010395011833252806 0.008703149613780577 0.0097338997403878143 0.01188137232130713 0.0084651501618229312 0.0066616234665300943 0.0096915500414586075 0.013391038469665002 0.0018271258811078687
leaf_weight=11.627614185214041 510.181097432971 185.84862096607685 58.037553951144218 1503.8826313614845 90.002209544181824 1008.745763361454 2829.3230131566525 28.399030551314354 152.6797897964716 9.3531136959791201 325.60916651785374 356.39952112734318 27.210676461458206 19.852950215339661 556.77175585925579 14.280600398778917 167.18393366038799 18.332796230912209 5.2331732660531989 99.668182983994484 789.2323422729969 10.553149759769438 569.40370523929596 48.340429499745369 1371.3690070509911 21.50687350332737 68.815261945128441 92.271746784448624 64.263056889176369 21.762926012277603 6.8874341249465934
leaf_count=47 2041 747 235 6040 367 4144 11475 114 611 38 1309 1431 110 81 2228 59 688 75 21 410 3269 43 2362 196 5645 88 282 374 262 89 28
internal_value=0 -0.00531461 0.00784151 -0.0061368 0.00279474 -0.00827818 -0.00843242 -0.0024389 -0.00365687 0.00540404 0.00139272 0.000484118 0.00336855 0.0019954 0.00100908 0.0103036 0.00974766 0.00676902 0.00377263 0.00912096 0.0109526 0.00721599 0.0110209 0.00710719 0.00989551 0.00958694 0.0100478 0.00845484 0.00790552 0.0112183 0.00750922
internal_weight=0 6581.84 4461.19 6112.94 1462.8 3871.2 3838.07 2241.73 1656.56 468.904 1197.42 866.581 281.253 205.702 585.171 2998.39 1614.92 76.3704 330.842 265.373 1383.47 24.8338 1358.64 75.5511 1538.55 33.1345 168.483 187.651 156.535 31.116 96.8896
internal_count=44909 26644 18265 24747 5889 15754 15619 8993 6651 1897 4802 3472 1134 828 2342 12376 6643 310 1330 1087 5733 102 5631 306 6333 135 692 763 636 127 395
is_linear=0
shrinkage=0.01


Tree=31
num_leaves=32
num_cat=0
split_feature=6 0 6 2 2 2 0 2 3 0 1 0 3 3 1 1 1 6 0 3 6 3 1 1 3 3 0 3 6 1 1
split_gain=4515.74 569.317 545.458 314.54 175.747 127.434 92.2967 87.0606 79.9705 83.0843 33.2044 25.3872 28.0395 24.6358 15.9477 12.6841 12.5558 10.7009 10.6811 9.14835 7.01269 7.96609 6.94037 3.90763 3.50469 3.97053 3.24735 2.87226 2.82921 2.35564 2.35195
threshold=125.50000000000001 54.500000000000007 130.50000000000003 1.5000000000000002 2.5000000000000004 2.5000000000000004 60.500000000000007 2.5000000000000004 90.500000000000014 45.500000000000007 32.95000000000001 58.500000000000007 85.500000000000014 80.500000000000014 32.150000000000013 28.650000000000002 20.750000000000004 149.50000000000003 58.500000000000007 99.500000000000014 138.50000000000003 83.500000000000014 41.95000000000001 27.350000000000005 69.500000000000014 90.500000000000014 44.500000000000007 88.500000000000014 105.50000000000001 26.350000000000005 27.050000000000004
decision_type=2 2 2 2 2 2 2 2 2 2 2 2 2 2 2 2 2 2 2 2 2 2 2 2 2 2 2 2 2 2 2
left_child=1 3 5 8 6 11 10 13 9 -1 -3 12 -2 -5 -9 18 -8 20 -6 -10 21 -4 -13 30 29 -26 -22 -25 -17 -19 -7
right_child=2 4 17 7 15 23 16 14 19 -11 -12 22 -14 -15 -16 28 -18 24 -20 -21 26 -23 -24 27 25 -27 -28 -29 -30 -31 -32
leaf_value=-0.010922763328689021 -0.0010240663312005905 -0.0040816526181267484 0.010159705456200678 -0.0043574208061779298 0.0017320771310897298 0.0078732802604423082 -0.0054879290088491539 0.0029521754139058328 0.015331517633414133 -0.0076932685118453791 0.00073260199601430211 0.0039195983470430096 0.0026317162192792567 0.0049515845980624088 0.010282581481287937 0.0036182938217456835 0.0013298046240347629 0.0011223305208140106 0.0069739040506112361 0.0025833286062173794 0.011130202483754318 0.0036833309680793062 -0.0076864912889125191 0.011049962095188312 0.011379344928115835 0.010288184673668052 0.0096526128438052371 0.0083916472045983716 0.0094491953430031004 0.009325260193594016 0.0018092690786196985
leaf_weight=1263.1040643155575 510.17696434259415 1497.757019624114 35.626730486750603 393.11876146495342 75.050973922014236 89.903550162911415 28.389812245965004 171.96730571985245 13.068984523415567 2156.9948284775019 158.41690351068974 325.52011175453663 356.34094667434692 30.644983097910881 35.868691965937614 9.1114387363195402 556.75861057639122 5.9203341603279105 80.64288592338562 9.8884185105562192 166.8661952316761 40.677481040358543 5.2352799326181403 99.481460109353065 787.92787656188011 578.19654758274555 1369.099831238389 68.724295303225517 95.964451983571053 8.5662295967340452 6.8858651220798484
leaf_count=5184 2041 6017 145 1600 302 367 114 694 53 8753 634 1309 1431 124 146 37 2228 24 327 40 688 165 21 410 3271 2403 5645 282 391 35 28
internal_value=0 -0.00526557 0.00777368 -0.00757113 -0.00151095 0.0027678 -0.00241495 -0.00108414 -0.00876112 -0.00888598 -0.00362116 0.00137897 0.000479313 -0.00368423 0.00421727 0.00625895 0.000999027 0.0102195 0.00444712 0.0098405 0.00966614 0.00670718 0.00373589 0.0090427 0.0108656 0.0109175 0.00981314 0.00996385 0.00894358 0.00597291 0.00744187
internal_weight=0 6576.75 4455.15 4074.66 2502.09 1462.27 2241.32 631.6 3443.06 3420.1 1656.17 1197.27 866.518 423.764 207.836 260.77 585.148 2992.88 155.694 22.9574 1612.27 76.3042 330.755 264.995 1380.61 1366.12 1535.97 168.206 105.076 14.4866 96.7894
internal_count=44909 26644 18265 16594 10050 5889 8993 2564 14030 13937 6651 4802 3472 1724 840 1057 2342 12376 629 93 6643 310 1330 1087 5733 5674 6333 692 428 59 395
is_linear=0
shrinkage=0.01


Tree=32
num_leaves=32
num_cat=0
split_feature=6 0 6 2 2 2 5 0 0 2 5 3 1 3 0 3 1 1 0 6 2 5 2 3 5 5 3 1 1 6 1
split_gain=4430.97 559.139 536.766 308.92 172.336 133.16 92.7875 91.6857 90.4874 85.3675 59.7749 40.8002 32.5659 24.1564 23.6446 23.8304 12.4688 12.3088 10.4855 8.41925 5.10179 3.77604 7.01147 4.72905 3.73881 3.59508 4.65202 3.2847 2.83184 2.78147 1.91717
threshold=125.50000000000001 54.500000000000007 135.50000000000003 1.5000000000000002 2.5000000000000004 2.5000000000000004 1.5000000000000002 44.500000000000007 60.500000000000007 2.5000000000000004 2.5000000000000004 80.500000000000014 33.150000000000013 80.500000000000014 61.500000000000007 85.500000000000014 28.650000000000002 20.750000000000004 58.500000000000007 149.50000000000003 1.5000000000000002 2.5000000000000004 1.5000000000000002 71.500000000000014 2.5000000000000004 2.5000000000000004 69.500000000000014 22.050000000000004 35.850000000000001 105.50000000000001 34.050000000000004
decision_type=2 2 2 2 2 2 2 2 2 2 2 2 2 2 2 2 2 2 2 2 2 2 2 2 2 2 2 2 2 2 2
left_child=1 3 5 6 8 14 7 -1 12 13 -11 -8 -3 -5 15 -2 18 -10 -6 21 -16 22 -4 -23 28 26 -21 -26 -7 -18 -27
right_child=2 4 19 9 16 24 11 -9 17 10 -12 -13 -14 -15 20 -17 29 -19 -20 25 -22 23 -24 -25 27 30 -28 -29 -30 -31 -32
leaf_value=-0.011625740443317174 -0.0002662158042309958 -0.0040327850509321826 0.0093767680191038563 -0.0043162662991665501 0.0017149147756120562 0.0095659965494803417 -0.0041456148462188248 -0.0079826776716436735 -0.0054348875555272434 0.009975168570165371 -0.00078526310412960307 0.0087278102581138939 0.00081445194809631261 0.0049008342880307622 0.0042258327983878139 0.0027495963281523521 0.0035836717763064151 0.0013165384153741237 0.0069096437533898315 0.0046262088170609316 0.0087810814115921697 0.015185095278172793 0.010892275565308177 0.0079340420731690807 0.00076146359817199597 0.0099845993761298428 0.01100839660422309 0.0081365115702736641 0.013379471081671302 0.0093666315854119015 0.007354024717169917
leaf_weight=1007.7255128622055 643.08124350011349 1503.0941505879164 915.66643492877483 392.89948569238186 75.044082313776016 145.48779532313347 206.41767874360085 2196.7873946130276 28.38025826215744 95.802918389439583 111.95225551724434 27.953110575675964 152.68295432627201 30.652662366628647 127.3007944971323 442.16510054469109 9.1074901372194272 556.74510748684406 80.579261645674706 11.528022095561026 30.471873626112938 9.5083023905754072 457.95513246953487 166.41105456650257 6.4099304378032675 97.689835667610168 1229.8107582777739 104.36394502222538 22.481846675276756 95.84285406768322 38.672628507018089
leaf_count=4153 2575 6040 3780 1600 302 599 839 8925 114 391 449 113 611 124 513 1777 37 2228 327 47 123 39 1896 684 26 404 5122 427 93 391 160
internal_value=0 -0.00521697 0.00770665 -0.00750369 -0.00149621 0.0028892 -0.00868409 -0.00912831 -0.00239126 -0.0010738 0.00417673 -0.00261022 -0.00358581 -0.00364922 0.0014884 0.000962525 0.00620105 0.000989075 0.00440466 0.0102111 0.00510562 0.00970537 0.00988203 0.00832596 0.00913589 0.0107798 0.0109491 0.00770975 0.0100764 0.00886479 0.00923856
internal_weight=0 6571.67 4449 4070.19 2501.48 1521.76 3438.88 3204.51 2240.9 631.307 207.755 234.371 1655.78 423.552 1243.02 1085.25 260.574 585.125 155.623 2927.24 157.773 1549.54 1373.62 175.919 278.744 1377.7 1241.34 110.774 167.97 104.95 136.362
internal_count=44909 26644 18265 16594 10050 6133 14030 13078 8993 2564 840 952 6651 1724 4988 4352 1057 2342 629 12132 636 6399 5676 723 1145 5733 5169 453 692 428 564
is_linear=0
shrinkage=0.01


Tree=33
num_leaves=32
num_cat=0
split_feature=6 0 6 2 2 2 5 0 0 2 5 3 6 0 3 3 0 6 6 6 0 0 5 5 5 3 5 5 0 0 0
split_gain=4347.91 549.198 528.504 303.4 168.994 122.939 91.2034 90.4645 88.7142 83.7161 58.6942 39.9988 32.5006 24.6195 27.0335 23.6864 11.2632 10.4576 10.347 6.7514 7.92348 6.54586 5.99277 3.74204 3.55265 4.58747 3.38749 3.34563 2.41818 1.70368 1.41469
threshold=125.50000000000001 54.500000000000007 130.50000000000003 1.5000000000000002 2.5000000000000004 2.5000000000000004 1.5000000000000002 44.500000000000007 60.500000000000007 2.5000000000000004 2.5000000000000004 80.500000000000014 110.50000000000001 58.500000000000007 85.500000000000014 80.500000000000014 58.500000000000007 149.50000000000003 115.50000000000001 138.50000000000003 51.500000000000007 62.500000000000007 2.5000000000000004 2.5000000000000004 2.5000000000000004 69.500000000000014 2.5000000000000004 2.5000000000000004 60.500000000000007 63.500000000000007 55.500000000000007
decision_type=2 2 2 2 2 2 2 2 2 2 2 2 2 2 2 2 2 2 2 2 2 2 2 2 2 2 2 2 2 2 2
left_child=1 3 5 6 8 13 7 -1 12 15 -11 -8 -3 14 -2 -5 26 19 -10 20 -4 -15 -18 28 25 -19 -6 -21 -7 -26 -25
right_child=2 4 17 9 16 23 11 -9 18 10 -12 -13 -14 21 -16 -17 22 24 -20 27 -22 -23 -24 30 29 -27 -28 -29 -30 -31 -32
leaf_value=-0.011532602299654124 -0.0010111745058975199 -0.0059884313669303184 0.010029312711008471 -0.0042755173655838301 0.0056077118961273629 0.0091835641797925315 -0.0041061280980872004 -0.0079108327531202203 -0.0013792178488389979 0.009889279669978197 -0.0007773931876831619 0.0086407504168418154 -0.0027453866833300057 0.0027140822908939518 0.0025787980198151796 0.0048506740455462813 0.010004748116116773 0.0045828376529516417 0.0017290463684078426 0.0098178936082642925 0.0035675641759909137 0.0057385154947435981 0.0058460453222118694 0.0088439855044969637 0.0094796118056356387 0.01092262845541009 0.0022608058021122038 0.0083366890521146125 0.012119467735500142 0.0052246796452743828 0.00647527245316198
leaf_weight=1005.7154152840376 510.17143395543098 411.12670524418354 35.774287596344948 392.67880158126354 59.664856731891632 122.78788620233536 206.31917098164558 2194.5818552225828 141.14714242517948 95.669292017817497 111.95468667149544 27.952406913042068 1244.2450355738401 225.82988654077053 356.21855439245701 30.659904912114143 74.925932541489601 11.520786568522452 443.95447805523872 1358.8886567205191 40.414280399680138 104.7569048255682 64.462239027023315 42.020420759916306 125.96201518177986 1227.0866531282663 61.320360332727432 171.76774078607559 36.362929105758667 10.170034363865851 63.039200991392136
leaf_count=4153 2041 1657 146 1600 243 506 839 8925 565 391 449 113 4994 907 1431 124 307 47 1777 5626 164 423 261 172 522 5122 246 707 151 42 258
internal_value=0 -0.00516899 0.00764036 -0.00743722 -0.00148162 0.00271352 -0.0086081 -0.009049 -0.0023678 -0.00106364 0.00413761 -0.00258522 -0.00355083 0.00135075 0.000464852 -0.00361456 0.0061438 0.0100549 0.000979223 0.00950706 0.00660167 0.00367247 0.00808149 0.00888744 0.0106951 0.0108637 0.00391136 0.00965168 0.00985436 0.00916174 0.00742268
internal_weight=0 6566.38 4442.77 4065.53 2500.85 1461.19 3434.57 3200.3 2240.47 630.963 207.624 234.272 1655.37 1196.98 866.39 423.339 260.373 2981.58 585.102 1606.84 76.1886 330.587 139.388 264.21 1374.74 1238.61 120.985 1530.66 159.151 136.132 105.06
internal_count=44909 26644 18265 16594 10050 5889 14030 13078 8993 2564 840 952 6651 4802 3472 1724 1057 12376 2342 6643 310 1330 568 1087 5733 5169 489 6333 657 564 430
is_linear=0
shrinkage=0.01


Tree=34
num_leaves=32
num_cat=0
split_feature=6 0 6 2 2 2 5 0 0 2 5 3 1 0 3 3 1 1 6 0 1 6 5 1 5 5 3 5 3 6 1
split_gain=4266.51 539.462 520.153 297.994 165.719 120.766 89.6524 89.2738 86.976 82.0973 57.6358 39.2139 31.9551 24.1397 26.4994 23.2257 12.2494 12.0406 10.3492 10.1398 6.80054 6.66042 7.87537 3.85119 3.79352 3.51118 4.52437 3.30162 2.85056 2.73913 1.89454
threshold=125.50000000000001 54.500000000000007 130.50000000000003 1.5000000000000002 2.5000000000000004 2.5000000000000004 1.5000000000000002 44.500000000000007 60.500000000000007 2.5000000000000004 2.5000000000000004 80.500000000000014 32.95000000000001 58.500000000000007 85.500000000000014 80.500000000000014 28.650000000000002 20.750000000000004 149.50000000000003 58.500000000000007 41.95000000000001 138.50000000000003 1.5000000000000002 27.350000000000005 1.5000000000000002 2.5000000000000004 69.500000000000014 2.5000000000000004 88.500000000000014 105.50000000000001 34.050000000000004
decision_type=2 2 2 2 2 2 2 2 2 2 2 2 2 2 2 2 2 2 2 2 2 2 2 2 2 2 2 2 2 2 2
left_child=1 3 5 6 8 13 7 -1 12 15 -11 -8 -3 14 -2 -5 19 -10 21 -6 -15 22 -4 24 -7 26 -20 -23 -25 -18 -27
right_child=2 4 18 9 16 23 11 -9 17 10 -12 -13 -14 20 -16 -17 29 -19 25 -21 -22 27 -24 28 -26 30 -28 -29 -30 -31 -32
leaf_value=-0.011440768610918891 -0.0010010721121482857 -0.0039682662021585224 0.0038401431885610325 -0.00423516862126656 0.0016616286581655859 0.0090838457181719977 -0.0040670326452927185 -0.0078398072793340219 -0.0053853105340406007 0.0098044845691438107 -0.0007696031725932498 0.0085548694475476635 0.00075486557725406472 0.0038188153794276075 0.0025534455970622929 0.0048010942374436824 0.0034869242424796459 0.0012933009339076015 0.004539893562536119 0.0067727570468345509 -0.0076697368903191569 0.0097375767528003008 0.010371376802226938 0.010814113582741874 0.0051094166496761092 0.0098288752792559629 0.010837965153816433 0.0082650702249399757 0.0081595132391052531 0.0092296802112108913 0.0072096450880415365
leaf_weight=1003.6605986505747 510.16679410636425 1496.55889955163 44.637122005224228 392.4567929059267 75.015103101730347 51.213746562600136 206.21993820369244 2192.3305708765984 28.370279774069786 95.532417729496956 111.95705942809582 27.950694173574448 158.40742419660091 325.25412733852863 356.15808968245983 30.666722387075424 9.0956250429153425 556.71404859423637 11.513504490256308 80.431784510612488 5.2353753745555869 1356.4084046930075 31.48397995531559 98.959458887577057 45.220926105976105 97.345219492912292 1224.3195023238659 171.52481058239937 68.418492794036865 95.624603092670441 38.552651658654213
leaf_count=4153 2041 6017 181 1600 302 211 839 8925 114 391 449 113 634 1309 1431 124 37 2228 47 327 21 5626 129 410 184 404 5122 707 282 391 160
internal_value=0 -0.00512153 0.00757487 -0.00737152 -0.00146718 0.00268743 -0.00853303 -0.00897064 -0.00234457 -0.00105358 0.00409892 -0.00256048 -0.00351619 0.00133742 0.000460239 -0.00358025 0.00608721 0.00096946 0.0099738 0.00430624 0.00363682 0.00942845 0.00654149 0.0088119 0.00722012 0.0106115 0.0107793 0.00957227 0.009729 0.00873088 0.00908583
internal_weight=0 6560.99 4436.41 4060.77 2500.22 1460.63 3430.16 3195.99 2240.05 630.613 207.489 234.171 1654.97 1196.81 866.325 423.124 260.167 585.084 2975.79 155.447 330.49 1604.05 76.1211 263.813 96.4347 1371.73 1235.83 1527.93 167.378 104.72 135.898
internal_count=44909 26644 18265 16594 10050 5889 14030 13078 8993 2564 840 952 6651 4802 3472 1724 1057 2342 12376 629 1330 6643 310 1087 395 5733 5169 6333 692 428 564
is_linear=0
shrinkage=0.01


Tree=35
num_leaves=32
num_cat=0
split_feature=6 0 6 2 2 2 5 0 0 2 5 3 6 0 3 3 1 1 6 0 6 3 2 1 5 1 6 3 5 3 6
split_gain=4186.72 529.92 511.97 292.699 162.508 118.639 88.1336 88.1125 85.2725 80.5106 56.599 38.4452 31.9164 23.7612 23.9432 22.7742 12.0436 11.804 10.2432 9.95509 6.57048 7.86743 5.13782 3.79673 3.73438 3.5065 3.99693 3.75982 3.25865 2.81127 2.69351
threshold=125.50000000000001 54.500000000000007 130.50000000000003 1.5000000000000002 2.5000000000000004 2.5000000000000004 1.5000000000000002 44.500000000000007 60.500000000000007 2.5000000000000004 2.5000000000000004 80.500000000000014 110.50000000000001 61.500000000000007 85.500000000000014 80.500000000000014 28.650000000000002 20.750000000000004 149.50000000000003 58.500000000000007 138.50000000000003 83.500000000000014 1.5000000000000002 27.350000000000005 1.5000000000000002 20.450000000000003 158.50000000000003 91.500000000000014 2.5000000000000004 88.500000000000014 105.50000000000001
decision_type=2 2 2 2 2 2 2 2 2 2 2 2 2 2 2 2 2 2 2 2 2 2 2 2 2 2 2 2 2 2 2
left_child=1 3 5 6 8 13 7 -1 12 15 -11 -8 -3 14 -2 -5 19 -10 20 -6 21 -4 -15 24 -7 26 -20 -27 -22 -25 -18
right_child=2 4 18 9 16 23 11 -9 17 10 -12 -13 -14 22 -16 -17 30 -19 25 -21 28 -23 -24 29 -26 27 -28 -29 -30 -31 -32
leaf_value=-0.011350203472963527 -0.00046157447130059796 -0.0058986747389574894 0.0099208455700532851 -0.0041952154734588463 0.0016451677288742833 0.0090071877836069951 -0.0040283239693185112 -0.007769584339684962 -0.0053333795638882747 0.0097207566409676181 -0.00076189120488790677 0.0084701402750336306 -0.002683729978951427 0.0041461898957768127 0.0026225504105501182 0.0047520858640611053 0.0034535858467609655 0.0012804013219197719 0.010259667464791216 0.0067106857245626921 0.009658217427530499 0.0034737448227332786 0.0088917720982241103 0.01072784824589538 0.0050617129783831274 0.011046750437094171 0.0021118024954306313 0.0099748409523809662 0.0081942406358227662 0.008089411293430656 0.0091498058815714586
leaf_weight=1001.5627875477076 621.82469707727432 410.77757656574249 35.486924320459366 392.23354235291481 75.008059546351433 51.133520290255547 206.1200230717659 2190.0353267192841 28.360107392072678 95.392417743802071 111.95937378704548 27.948002547025681 1243.7692546695471 123.94597870111465 422.92472420632839 30.673126474022865 9.091613754630087 556.69959218800068 14.13557852804661 80.364329934120178 1353.8908028900623 40.563831716775894 27.960397616028786 98.758673578500748 45.190786674618721 780.69621704518795 10.487308993935583 563.35922034084797 171.27860426902771 68.321772679686546 95.495423406362534
leaf_count=4153 2489 1657 145 1600 302 211 839 8925 114 391 449 113 4994 500 1700 124 37 2228 59 327 5626 165 113 410 184 3269 43 2362 707 282 391
internal_value=0 -0.00507461 0.00751011 -0.00730658 -0.00145288 0.00266161 -0.00845885 -0.00889323 -0.00232159 -0.00104363 0.00406066 -0.00253599 -0.00348191 0.00132423 0.000786909 -0.00354627 0.00603119 0.000959806 0.00989373 0.00426524 0.00935077 0.0064821 0.00501968 0.00873736 0.00715616 0.010529 0.00678935 0.0105975 0.00949381 0.00964895 0.00865464
internal_weight=0 6555.49 4429.96 4055.92 2499.57 1460.06 3425.67 3191.6 2239.61 630.258 207.352 234.068 1654.55 1196.66 1044.75 422.907 259.959 585.06 2969.9 155.372 1601.22 76.0508 151.906 263.405 96.3243 1368.68 24.6229 1344.06 1525.17 167.08 104.587
internal_count=44909 26644 18265 16594 10050 5889 14030 13078 8993 2564 840 952 6651 4802 4189 1724 1057 2342 12376 629 6643 310 613 1087 395 5733 102 5631 6333 692 428
is_linear=0
shrinkage=0.01


Tree=36
num_leaves=32
num_cat=0
split_feature=6 0 6 2 2 2 5 0 0 2 5 3 1 0 3 1 1 1 6 0 1 6 0 1 5 5 3 0 3 6 1
split_gain=4108.5 520.572 503.952 287.513 159.361 116.554 86.6461 86.9792 83.6024 78.9553 55.5833 37.6922 31.3574 23.3956 25.5265 22.3581 11.8421 11.572 10.1393 9.77407 6.6611 6.48362 7.79165 3.74348 3.67646 3.48264 4.47938 3.23519 2.77297 2.64889 1.87182
threshold=125.50000000000001 54.500000000000007 130.50000000000003 1.5000000000000002 2.5000000000000004 2.5000000000000004 1.5000000000000002 44.500000000000007 60.500000000000007 2.5000000000000004 2.5000000000000004 80.500000000000014 33.150000000000013 58.500000000000007 85.500000000000014 27.450000000000003 28.650000000000002 20.750000000000004 149.50000000000003 58.500000000000007 41.95000000000001 138.50000000000003 51.500000000000007 27.350000000000005 1.5000000000000002 2.5000000000000004 69.500000000000014 60.500000000000007 88.500000000000014 105.50000000000001 34.050000000000004
decision_type=2 2 2 2 2 2 2 2 2 2 2 2 2 2 2 2 2 2 2 2 2 2 2 2 2 2 2 2 2 2 2
left_child=1 3 5 6 8 13 7 -1 12 15 -11 -8 -3 14 -2 -5 19 -10 21 -6 -15 22 -4 24 -7 26 -20 -23 -25 -18 -27
right_child=2 4 18 9 16 23 11 -9 17 10 -12 -13 -14 20 -16 -17 29 -19 25 -21 -22 27 -24 28 -26 30 -28 -29 -30 -31 -32
leaf_value=-0.011260873029494889 -0.00098645948927002735 -0.0038870038410764004 0.0098291340867254339 -0.0054435947938471082 0.0016288706737529665 0.0089314122901946232 -0.0039899971564826119 -0.0077001478128622619 -0.0052820062752318786 0.0096380702779206833 -0.00075425664360561609 0.0083865367916953568 0.00086993615695612103 0.0037557908837931686 0.0025025722842862137 -0.00077332548547059401 0.0034205717770161353 0.0012676311362718234 0.0043998996114228764 0.0066492801517168557 -0.007613218872238846 0.0092006215713229377 0.003412393135505792 0.010642692974492505 0.0050144872192694713 0.0096652274033477443 0.010673482186263772 0.010401741071596738 0.0080200703125981893 0.0090708900385328087 0.007057075289686833
leaf_weight=999.42366576194763 510.15962298214436 1501.4628736972809 35.650614127516747 247.92460456490517 75.000984534621239 51.052080035209656 206.01946456730366 2187.6979847103357 28.349633350968361 95.249412059783936 111.96163466572762 27.944361716508865 152.66465938091278 325.07681174576283 356.03322166204453 174.76365229487419 9.0875890403985959 556.68483974039555 11.488440081477163 80.295767739415169 5.2364951819181433 1249.0493953078985 40.331564456224442 98.554407134652138 45.16037791967392 96.961892992258072 1218.717877432704 273.31724901497364 68.223845258355141 95.363624140620232 38.420130088925362
leaf_count=4153 2041 6040 146 1013 302 211 839 8925 114 391 449 113 611 1309 1431 711 37 2228 47 327 21 5195 164 410 184 404 5122 1138 282 391 160
internal_value=0 -0.00502818 0.00744605 -0.00724239 -0.00143873 0.00263602 -0.00838554 -0.00881673 -0.00229883 -0.00103378 0.00402282 -0.00251176 -0.00344797 0.00131115 0.000447645 -0.00351264 0.00597577 0.000950248 0.0098146 0.00422466 0.00357556 0.00927398 0.00642311 0.00866368 0.00709288 0.0104474 0.0106149 0.00941626 0.00956986 0.00857929 0.00892506
internal_weight=0 6549.89 4423.43 4050.98 2498.91 1459.5 3421.09 3187.12 2239.16 629.899 207.211 233.964 1654.13 1196.51 866.193 422.688 259.748 585.034 2963.94 155.297 330.313 1598.35 75.9822 262.991 96.2125 1365.59 1230.21 1522.37 166.778 104.451 135.382
internal_count=44909 26644 18265 16594 10050 5889 14030 13078 8993 2564 840 952 6651 4802 3472 1724 1057 2342 12376 629 1330 6643 310 1087 395 5733 5169 6333 692 428 564
is_linear=0
shrinkage=0.01


Tree=37
num_leaves=32
num_cat=0
split_feature=6 0 6 5 0 6 1 3 1 1 0 0 6 3 1 6 1 1 0 6 4 4 6 3 4 5 1 6 3 0 5
split_gain=4031.83 511.405 496.086 160.01 102.162 87.8284 62.6796 62.2566 46.0214 41.8432 31.4698 24.7857 24.3572 19.4534 16.496 12.2685 11.7782 11.4165 11.7275 10.0386 9.06338 9.01728 6.39795 7.75247 5.05322 3.61892 3.46835 3.94098 3.71729 3.23445 2.63231
threshold=125.50000000000001 54.500000000000007 130.50000000000003 1.5000000000000002 60.500000000000007 110.50000000000001 27.450000000000003 80.500000000000014 28.950000000000003 28.450000000000003 60.500000000000007 38.500000000000007 119.50000000000001 85.500000000000014 30.850000000000005 117.50000000000001 33.350000000000001 26.050000000000004 62.500000000000007 149.50000000000003 1.5000000000000002 1.5000000000000002 138.50000000000003 83.500000000000014 1.5000000000000002 2.5000000000000004 20.450000000000003 158.50000000000003 91.500000000000014 44.500000000000007 2.5000000000000004
decision_type=2 2 2 2 2 2 2 2 2 2 2 2 2 2 2 2 2 2 2 2 2 2 2 2 2 2 2 2 2 2 2
left_child=1 3 10 5 8 11 -7 9 12 -5 13 -1 -3 14 -2 -9 -10 18 -6 22 -15 30 23 -4 -19 -23 27 -21 -28 -24 -12
right_child=2 4 19 7 17 6 -8 15 16 -11 21 -13 -14 20 -16 -17 -18 24 -20 26 -22 25 29 -25 -26 -27 28 -29 -30 -31 -32
leaf_value=0.0070959348483568257 -0.00011031069383281037 -0.0058655780950075962 0.0097832623077740936 -0.0052434176796897977 -0.0011362158566678958 -0.0078460440832755305 -0.004266781359886832 0.012282846723435312 -0.0011145675035959418 0.0013979183683350699 0.006593474922608554 -0.010198755848700202 -0.0027967722538777906 0.0044924085857307597 0.0033040210175706076 0.0027138670892635905 0.0022130800143362037 0.004180337324035303 0.0024886246718800946 0.010097269701545231 0.0016823466389442913 0.0039860480772313991 0.010661296284326192 0.0033773487472635228 0.0014848969658929926 -0.001936762866399209 0.010882955033455778 0.0019947264587320632 0.0098146940254150421 0.0091785431039671413 0.010188450975926307
leaf_weight=8.3433602750301343 504.67442946135998 347.21582685410976 35.402348637580872 290.49866053462029 177.80236838757992 1635.6583063900471 698.06538498401642 31.656848520040512 300.1948477178812 140.87010346353054 147.40800358355045 1217.6495695263147 1013.8011064827442 307.36761197447777 196.63821467757225 23.231180489063263 164.73594211041927 211.68047103285789 179.21775405108929 14.074757516384127 183.1822022497654 84.255049481987953 165.04323732852936 40.509242489933968 103.58769120275974 11.75565220415592 777.07347112894058 10.467153787612913 560.83757504820824 1354.4867149591446 23.633382573723793
leaf_count=34 2028 1403 145 1179 713 6712 2853 129 1209 572 599 5021 4076 1243 794 94 662 852 719 59 739 341 688 165 416 48 3269 43 2362 5645 97
internal_value=0 -0.00498226 0.00738272 -0.0071789 -0.00142473 -0.0079139 -0.00677541 -0.00179822 -0.00265178 -0.00307459 0.00261072 -0.0100811 -0.00357967 0.00191551 0.00084702 0.00823281 6.44965e-05 0.00190796 0.00068339 0.0097364 0.00344307 0.00571347 0.00919805 0.00636483 0.0032947 0.00326085 0.0103668 0.00664153 0.0104352 0.00933959 0.00709021
internal_weight=0 6544.21 4416.81 4045.97 2498.24 3559.72 2333.72 486.257 1825.95 431.369 1458.91 1225.99 1361.02 1191.86 701.313 54.888 464.931 672.288 357.02 2957.89 490.55 267.052 1595.44 75.9116 315.268 96.0107 1362.45 24.5419 1337.91 1519.53 171.041
internal_count=44909 26644 18265 16594 10050 14620 9565 1974 7350 1751 5889 5055 5479 4804 2822 223 1871 2700 1432 12376 1982 1085 6643 310 1268 389 5733 102 5631 6333 696
is_linear=0
shrinkage=0.01


Tree=38
num_leaves=32
num_cat=0
split_feature=6 0 6 5 0 6 1 3 1 1 0 0 6 3 1 6 3 1 0 4 4 6 4 5 5 0 3 5 3 5 1
split_gain=3956.35 502.35 488.513 157.234 100.148 86.4995 61.6311 61.0484 45.124 41.0371 28.9655 24.338 23.9027 17.3224 16.7397 12.0519 11.7633 11.1929 11.4947 10.5032 10.3819 7.93005 4.95519 4.8005 3.61559 4.78457 4.68871 3.4554 4.43588 2.45164 1.85788
threshold=125.50000000000001 54.500000000000007 135.50000000000003 1.5000000000000002 60.500000000000007 110.50000000000001 27.450000000000003 80.500000000000014 28.950000000000003 28.450000000000003 60.500000000000007 38.500000000000007 119.50000000000001 85.500000000000014 30.850000000000005 117.50000000000001 84.500000000000014 26.050000000000004 62.500000000000007 1.5000000000000002 1.5000000000000002 149.50000000000003 1.5000000000000002 2.5000000000000004 2.5000000000000004 44.500000000000007 71.500000000000014 2.5000000000000004 69.500000000000014 2.5000000000000004 30.950000000000003
decision_type=2 2 2 2 2 2 2 2 2 2 2 2 2 2 2 2 2 2 2 2 2 2 2 2 2 2 2 2 2 2 2
left_child=1 3 10 5 8 11 -7 9 12 -5 13 -1 -3 14 -2 -9 -10 18 -6 29 -15 24 -19 -21 25 -4 -26 28 -23 -12 -29
right_child=2 4 21 7 17 6 -8 15 16 -11 19 -13 -14 20 -16 -17 -18 22 -20 23 -22 27 -24 -25 26 -27 -28 30 -30 -31 -32
leaf_value=0.0070311464837348502 0.00013034208868794713 -0.0058099421346740543 0.011079839547620414 -0.0051935631688021545 -0.0011248262390482237 -0.0077769729356887696 -0.0042264507941435015 0.012173231117907763 -0.00035471811951183442 0.0013838060469732946 0.00665305571668302 -0.010114182542757318 -0.0027692553122673682 0.0045890979915264507 0.0034916851091248455 0.0026868326750636978 0.0061087379563883092 0.0041394594670325583 0.0024638936617599953 0.003892341752578854 0.001655357164355134 0.0042629033343330978 0.0014701390120662172 -0.0027895755872697557 0.014746848293624683 0.0092008301160516285 0.0074904254277383701 0.0098689849599106483 0.010513034059396551 0.010045334814507813 0.0075166606098952893
leaf_weight=8.3360741287469846 522.02439197897911 347.03626258671284 152.67287687957287 290.35509599745274 177.80664318799973 1633.6932882666588 697.68125592172146 31.622658804059029 434.80466286838055 140.88358144462109 150.73011465370655 1215.563561335206 1013.636879503727 319.73816092312336 206.86841313540936 23.230283379554749 30.107630804181099 211.63338705897331 179.20653106272221 88.166337057948112 193.69730155169964 11.462683677673338 103.58132529258728 12.245168209075926 9.412703409790991 1205.7645456194878 164.91277928650379 71.732454031705856 1212.9686375707388 24.811578497290611 63.119965136051178
leaf_count=34 2099 1403 638 1179 713 6712 2853 129 1750 572 613 5021 4076 1294 836 94 121 852 719 357 782 47 416 50 39 5038 684 300 5122 102 264
internal_value=0 -0.00493626 0.00731971 -0.00711526 -0.00141072 -0.00784461 -0.00671445 -0.00178085 -0.00262578 -0.00304477 0.00272636 -0.0099974 -0.00354477 0.00207538 0.00108433 0.00815573 6.38541e-05 0.00188905 0.00067657 0.00565701 0.00348232 0.00973114 0.00326231 0.00307748 0.00923802 0.00941201 0.00788224 0.0102872 0.0104545 0.00713253 0.00876794
internal_weight=0 6539.18 4410.33 4041.37 2497.81 3555.27 2331.37 486.092 1825.59 431.239 1518.28 1223.9 1360.67 1242.33 728.893 54.8529 464.912 672.228 357.013 275.953 513.435 2892.05 315.215 100.412 1532.76 1358.44 174.325 1359.28 1224.43 175.542 134.852
internal_count=44909 26644 18265 16594 10050 14620 9565 1974 7350 1751 6133 5055 5479 5011 2935 223 1871 2700 1432 1122 2076 12132 1268 407 6399 5676 723 5733 5169 715 564
is_linear=0
shrinkage=0.01


Tree=39
num_leaves=32
num_cat=0
split_feature=6 2 6 0 2 1 0 5 5 6 6 0 3 1 0 1 6 6 2 2 1 1 5 1 6 3 0 1 0 3 3
split_gain=3882.34 501.763 481.284 412.885 114.339 100.584 78.6524 58.8703 54.5904 43.2147 30.5317 22.2967 22.3351 21.7274 11.4683 11.2674 9.82446 6.15474 7.77916 5.04887 4.20396 3.62789 3.61069 3.43243 3.88702 3.67746 3.22589 3.03592 3.1607 2.77241 2.25828
threshold=125.50000000000001 2.5000000000000004 130.50000000000003 54.500000000000007 2.5000000000000004 27.450000000000003 60.500000000000007 1.5000000000000002 2.5000000000000004 110.50000000000001 110.50000000000001 61.500000000000007 85.500000000000014 28.850000000000005 60.500000000000007 20.750000000000004 149.50000000000003 138.50000000000003 2.5000000000000004 1.5000000000000002 29.950000000000003 27.350000000000005 1.5000000000000002 20.450000000000003 158.50000000000003 91.500000000000014 60.500000000000007 37.550000000000004 48.500000000000007 88.500000000000014 77.500000000000014
decision_type=2 2 2 2 2 2 2 2 2 2 2 2 2 2 2 2 2 2 2 2 2 2 2 2 2 2 2 2 2 2 2
left_child=1 3 4 5 11 9 10 -7 27 -1 -5 12 -2 14 -10 -8 17 18 -4 -13 -15 22 -6 24 -18 -25 -19 28 -3 -23 -29
right_child=2 8 16 6 21 7 15 -9 13 -11 -12 19 -14 20 -16 -17 23 26 -20 -21 -22 29 -24 25 -26 -27 -28 30 -30 -31 -32
leaf_value=-0.01040004114285706 -0.00047847996926111031 0.010758303597545982 0.0044728539199723177 -0.005728308922991086 0.008815890649606084 -0.006059556190092648 -0.0052459629962055814 0.00060914395344167319 -0.0012430000394126968 -0.0077585308988605576 -0.0025814648603211354 0.0039645685425393536 0.0025011495946522864 0.012010609453277777 0.0065139376928078294 0.0012177248842110753 0.0099384766704502768 0.0089731999558943457 0.011983153614462366 0.0086745918175806999 0.0053351585144230029 0.010507116164471331 0.0049304854021518648 0.010723237754741734 0.0018794144054946741 0.0096582220849258677 0.010176087420051097 0.0068762814417418043 0.0076602856984467416 0.007880543571843087 0.014937200998752811
leaf_weight=967.87193778157234 621.76215292513371 40.761986315250397 57.667031511664391 410.03562332689762 50.921380966901779 988.91210094094276 28.341985642910004 152.8363973647356 145.07467451691628 1719.8848608136177 1242.890302926302 123.72041867673397 422.53718474507332 11.222464412450789 21.94261933863163 556.61474561691284 14.012265041470529 1242.0389883071184 18.126975998282433 27.888979852199554 59.199011251330376 98.210787206888199 45.101777955889702 773.35642930865288 10.446633413434027 558.25773644447327 271.71962668001652 4.8602422326803234 171.43387006223202 68.018332868814468 12.197627276182173
leaf_count=4005 2489 168 235 1657 211 4056 114 621 581 7072 4994 500 1700 46 89 2228 59 5195 75 113 240 410 184 3269 43 2362 1138 20 702 282 51
internal_value=0 -0.00489074 0.00725734 -0.00565929 0.00255869 -0.00765346 -0.00224684 -0.00516687 0.00510103 -0.00870975 -0.00336209 0.00124738 0.000727117 0.00174036 -0.000223899 0.00090455 0.0095833 0.00904988 0.00626903 0.00483099 0.00639897 0.00853844 0.00699093 0.0102086 0.00649637 0.0102767 0.00918912 0.00858168 0.0082554 0.00943236 0.0126404
internal_weight=0 6534.08 4403.79 6067.39 1458.16 3829.51 2237.88 1141.75 466.692 2687.76 1652.93 1195.91 1044.3 237.439 167.017 584.957 2945.63 1589.55 75.794 151.609 70.4215 262.252 96.0232 1356.07 24.4589 1331.61 1513.76 229.254 212.196 166.229 17.0579
internal_count=44909 26644 18265 24747 5889 15754 8993 4677 1897 11077 6651 4802 4189 956 670 2342 12376 6643 310 613 286 1087 395 5733 102 5631 6333 941 870 692 71
is_linear=0
shrinkage=0.01


Tree=40
num_leaves=32
num_cat=0
split_feature=6 0 6 5 0 6 1 3 1 1 0 0 6 1 3 6 3 6 4 6 1 4 6 5 1 5 5 3 5 5 1
split_gain=3810.04 484.934 473.861 152.628 96.299 84.4873 60.0335 59.6286 44.0019 39.3238 29.9125 23.7844 23.0658 19.0038 13.2318 11.8353 11.5385 11.0115 10.6639 9.72978 8.92039 8.6846 6.07465 7.70822 4.59951 3.49801 3.4294 4.39374 3.21314 2.52855 1.84208
threshold=125.50000000000001 54.500000000000007 130.50000000000003 1.5000000000000002 60.500000000000007 110.50000000000001 27.450000000000003 80.500000000000014 28.950000000000003 28.450000000000003 60.500000000000007 38.500000000000007 119.50000000000001 23.150000000000002 85.500000000000014 117.50000000000001 84.500000000000014 115.50000000000001 1.5000000000000002 149.50000000000003 23.850000000000005 1.5000000000000002 138.50000000000003 1.5000000000000002 18.350000000000005 2.5000000000000004 2.5000000000000004 69.500000000000014 2.5000000000000004 2.5000000000000004 21.250000000000004
decision_type=2 2 2 2 2 2 2 2 2 2 2 2 2 2 2 2 2 2 2 2 2 2 2 2 2 2 2 2 2 2 2
left_child=1 3 10 5 8 11 -7 9 12 -5 13 -1 -3 24 -15 -9 -10 20 -19 22 -6 29 23 -4 -2 -23 27 -21 -24 -12 -28
right_child=2 4 19 7 17 6 -8 15 16 -11 21 -13 -14 14 -16 -17 -18 18 -20 26 -22 25 28 -25 -26 -27 30 -29 -30 -31 -32
leaf_value=0.0069986301401798847 0.0073242372695265581 -0.0057091225956127836 0.0035369574523828095 -0.0050888590424745207 -0.0038127464079691889 -0.007643642086271476 -0.0041363126377846242 0.012076958169424501 -0.0003329521265160051 0.001351194242559206 0.0064291570256612461 -0.0099584979935432114 -0.0027207451653571933 0.0013743525971418771 0.0036576608940774831 0.0026724905731069001 0.0060692884737848498 0.0037329030654155294 0.00076531703322626425 0.0041288007971424061 0.0011999919174444265 0.0038685900604268748 0.0092791498850476953 0.01001733159651425 -0.0018200211142031105 -0.0019558381409961918 0.0025544222897339636 0.010356421006723791 0.007819332161961021 0.0099599380729597595 0.0088406183375786956
leaf_weight=8.3284368067979795 5.7187031507492057 346.64486029744148 44.457485929131508 289.96638901531696 52.307076305150986 1629.6039946228266 696.65290634334087 31.578103855252266 434.65724840760231 140.88082964718342 147.07772195339203 1211.3803432583809 1013.2645062804222 602.64386056363583 438.44553345441818 23.222724065184593 30.099934622645378 310.89841923117638 198.34135834872723 11.436304807662962 110.48740980029106 84.142043352127075 1340.9435274749994 31.262008994817734 144.26814870536327 11.751428902149199 4.8356710374355307 1207.0848487317562 169.87697307765484 23.527452111244202 129.47484631836414
leaf_count=34 23 1403 181 1179 210 6712 2853 129 1750 572 599 5021 4076 2427 1774 94 121 1250 796 47 444 341 5626 129 580 48 20 5122 707 97 544
internal_value=0 -0.00484614 0.00719602 -0.00699093 -0.00138279 -0.007711 -0.00659329 -0.00173338 -0.00257467 -0.00298305 0.00253413 -0.00984271 -0.00348249 0.00185651 0.00233595 0.00809167 8.16881e-05 0.00185333 0.00257707 0.00950776 -0.000410638 0.00556267 0.00897648 0.00621248 -0.00147137 0.00315483 0.0101308 0.010298 0.00911501 0.00691607 0.00861429
internal_weight=0 6528.31 4396.95 4031.61 2496.7 3545.97 2326.26 485.648 1824.67 430.847 1457.57 1219.71 1359.91 1191.08 1041.09 54.8008 464.757 672.034 509.24 2939.37 162.794 266.499 1586.54 75.7195 149.987 95.8935 1352.83 1218.52 1510.82 170.605 134.311
internal_count=44909 26644 18265 16594 10050 14620 9565 1974 7350 1751 5889 5055 5479 4804 4201 223 1871 2700 2046 12376 654 1085 6643 310 603 389 5733 5169 6333 696 564
is_linear=0
shrinkage=0.01


Tree=41
num_leaves=32
num_cat=0
split_feature=6 2 6 0 2 0 0 0 5 6 0 1 0 1 1 6 1 6 0 1 5 1 5 0 1 1 1 0 1 1 1
split_gain=3738.9 489.81 466.684 398.392 112.282 98.2331 88.6316 75.5292 53.7308 29.5807 21.7078 21.02 11.1462 10.9658 10.2368 9.63742 6.55107 5.99606 7.6756 4.14242 3.60593 4.47947 3.39176 3.19246 3.16085 3.01685 2.97454 3.15793 2.35745 1.84753 0.785085
threshold=125.50000000000001 2.5000000000000004 130.50000000000003 54.500000000000007 2.5000000000000004 38.500000000000007 43.500000000000007 60.500000000000007 2.5000000000000004 110.50000000000001 58.500000000000007 28.850000000000005 58.500000000000007 20.750000000000004 22.050000000000004 149.50000000000003 41.95000000000001 138.50000000000003 51.500000000000007 29.950000000000003 2.5000000000000004 22.050000000000004 2.5000000000000004 60.500000000000007 35.850000000000001 24.550000000000004 37.550000000000004 48.500000000000007 20.450000000000003 30.950000000000003 39.150000000000013
decision_type=2 2 2 2 2 2 2 2 2 2 2 2 2 2 2 2 2 2 2 2 2 2 2 2 2 2 2 2 2 2 2
left_child=1 3 4 5 10 25 -7 9 26 -5 14 12 -10 -9 -2 17 -12 18 -4 -13 24 -22 28 -19 -6 -1 27 -3 -17 -24 -28
right_child=2 8 15 7 20 6 -8 13 11 -11 16 19 -14 -15 -16 22 -18 23 -20 -21 21 -23 29 -25 -26 -27 30 -29 -30 -31 -32
leaf_value=0.0055339564831459985 -0.0032982754205186948 0.01070983842682342 0.0095478234591401204 -0.0056344079507036791 0.0088464356050132094 -0.010247445863217648 -0.0067647887932293614 -0.0051915010891072401 -0.001613655702793197 -0.0025356115010140906 0.0035732495907257844 0.011901580510413543 0.0045028632083261777 0.0011865288893287474 0.00070071236182873357 0.006877901396501308 -0.0077045986597068074 0.0088265502942762048 0.003164454124225185 0.0052688398960541406 -0.001651552962665385 0.0074966541798932931 0.0096458918366153362 0.010025652495931242 0.013038785869299119 0.01186027681283704 0.015212635375388138 0.007611424786806105 0.010278522714785281 0.0072931992462982251 0.010817835952661977
leaf_weight=11.624202102422712 69.608842104673386 40.71394744515419 35.456709042191505 409.60402239859104 136.74910072982311 989.11343839764595 2797.5508747249842 28.328716948628426 128.17907425761223 1242.4887241125107 324.50981086492538 11.198754608631132 38.815395340323448 556.56452837586403 796.18639175593853 20.739558637142181 5.2336906194686881 1237.2591133713722 40.187275826931 59.149968832731247 5.659863829612731 98.55443549156189 71.295588836073875 270.58935335278511 20.707389712333679 21.442951157689095 6.7147838324308422 171.27523232996464 1194.755893945694 62.760079368948936 10.299746379256247
leaf_count=47 279 168 146 1657 570 4144 11475 114 513 4994 1309 46 157 2228 3193 87 21 5195 164 240 23 407 300 1138 87 88 28 702 5082 264 43
internal_value=0 -0.00480157 0.00713499 -0.00556194 0.00250943 -0.00752463 -0.00767449 -0.00221058 0.00507377 -0.0033039 0.00121078 0.00173958 -0.000191961 0.000877615 0.000379199 0.00943309 0.00339425 0.00890391 0.00615654 0.0063247 0.00844275 0.00699982 0.010054 0.00904173 0.00939778 0.00963637 0.00852938 0.0082065 0.0102205 0.00854445 0.0125522
internal_weight=0 6523.06 4390.25 6056.72 1457.21 3819.73 3786.66 2236.99 466.347 1652.09 1195.54 237.343 166.994 584.893 865.795 2933.04 329.744 1583.49 75.644 70.3487 261.671 104.214 1349.55 1507.85 157.456 33.0672 229.004 211.989 1215.5 134.056 17.0145
internal_count=44909 26644 18265 24747 5889 15754 15619 8993 1897 6651 4802 956 670 2342 3472 12376 1330 6643 310 286 1087 430 5733 6333 657 135 941 870 5169 564 71
is_linear=0
shrinkage=0.01


Tree=42
num_leaves=32
num_cat=0
split_feature=6 0 6 5 0 6 1 3 1 1 0 0 6 1 3 6 1 6 4 6 1 4 6 3 1 5 5 3 5 5 1
split_gain=3669.39 468.183 459.557 148.926 92.6467 83.2768 58.9547 58.0738 42.9223 38.4183 28.9945 22.8958 22.2564 18.3735 12.9711 11.5616 11.4585 10.7764 10.4348 9.54684 8.67039 8.52411 5.91958 7.65803 4.52208 3.44915 3.35521 4.35087 3.18753 2.47306 1.83003
threshold=125.50000000000001 54.500000000000007 130.50000000000003 1.5000000000000002 60.500000000000007 110.50000000000001 27.450000000000003 80.500000000000014 28.950000000000003 28.450000000000003 60.500000000000007 38.500000000000007 119.50000000000001 23.150000000000002 85.500000000000014 117.50000000000001 33.350000000000001 115.50000000000001 1.5000000000000002 149.50000000000003 23.850000000000005 1.5000000000000002 138.50000000000003 83.500000000000014 18.350000000000005 2.5000000000000004 2.5000000000000004 69.500000000000014 2.5000000000000004 2.5000000000000004 34.050000000000004
decision_type=2 2 2 2 2 2 2 2 2 2 2 2 2 2 2 2 2 2 2 2 2 2 2 2 2 2 2 2 2 2 2
left_child=1 3 10 5 8 11 -7 9 12 -5 13 -1 -3 24 -15 -9 -10 20 -19 22 -6 29 23 -4 -2 -23 27 -21 -24 -12 -28
right_child=2 4 19 7 17 6 -8 15 16 -11 21 -13 -14 14 -16 -17 -18 18 -20 26 -22 25 28 -25 -26 -27 30 -29 -30 -31 -32
leaf_value=0.0068405985863664023 0.0072686911654204333 -0.0056107018400391988 0.0095088888070932239 -0.0049903292294040209 -0.0037754482498705789 -0.0075140601300301181 -0.0040348842230745084 0.011975298788603456 -0.0010645490542252095 0.001378435492345124 0.00632996453903406 -0.0098162975569079589 -0.0026738011684764168 0.0013377307684161531 0.0035990899830342627 0.0026739799040137232 0.0022187365334819459 0.0036787146905394308 0.00074279357843385252 0.0039978376720874245 0.001167139900260664 0.0037922890028351031 0.0091331025530813591 0.0031273832371503164 -0.0017997373682233284 -0.0019931025719062633 0.0092119129633164293 0.010202279449928218 0.0076765868190167511 0.0098263858716175177 0.00661858268048756
leaf_weight=8.3089413046836835 5.7167975157499304 346.23881563544273 35.213702574372292 289.56163826584816 52.294658809900284 1625.3610792756081 695.42638964951038 31.510720804333687 299.96548226475716 140.7604682892561 146.86040283739567 1207.3102426081896 1012.8783323615789 602.43536713719368 438.12171404063702 23.205253973603249 164.63373696804047 310.77532312273979 198.30709736049175 11.409774452447889 110.46063490211964 84.064178705215454 1335.5503144860268 40.355764135718346 144.25590434670448 11.744695961475371 95.792683765292168 1201.0337215662003 169.30006024241447 23.461367174983025 38.007264792919159
leaf_count=34 23 1403 145 1179 210 6712 2853 129 1209 572 599 5021 4076 2427 1774 94 662 1250 796 47 444 341 5626 165 580 48 404 5122 707 97 160
internal_value=0 -0.00475801 0.00707489 -0.00686944 -0.00135556 -0.00758213 -0.00647152 -0.00167323 -0.00252502 -0.00290708 0.00248528 -0.00970245 -0.00342198 0.00181824 0.00228987 0.00803057 9.89044e-05 0.00181895 0.00253506 0.00935922 -0.000420956 0.0054693 0.00883209 0.00610102 -0.00145406 0.00308309 0.00997805 0.0101439 0.00896924 0.00681159 0.00847525
internal_weight=0 6517 4383.32 4021.44 2495.55 3536.41 2320.79 485.038 1823.72 430.322 1456.66 1215.62 1359.12 1190.53 1040.56 54.716 464.599 671.838 509.082 2926.66 162.755 266.131 1580.42 75.5695 149.973 95.8089 1346.24 1212.44 1504.85 170.322 133.8
internal_count=44909 26644 18265 16594 10050 14620 9565 1974 7350 1751 5889 5055 5479 4804 4201 223 1871 2700 2046 12376 654 1085 6643 310 603 389 5733 5169 6333 696 564
is_linear=0
shrinkage=0.01


Tree=43
num_leaves=31
num_cat=0
split_feature=6 2 6 0 2 1 0 0 3 3 1 0 3 3 0 1 6 4 2 1 6 3 6 0 0 0 6 0 1 3
split_gain=3600.98 478.167 452.644 384.69 117.828 108.177 57.9391 53.6893 46.2859 26.4649 24.5987 19.8136 20.0291 13.5846 12.7009 10.6724 7.57031 5.01304 3.71355 3.36294 3.84396 3.65735 3.11293 2.99731 5.75159 2.98123 3.37199 3.01802 2.25669 2.2041
threshold=125.50000000000001 2.5000000000000004 135.50000000000003 55.500000000000007 2.5000000000000004 27.950000000000003 60.500000000000007 45.500000000000007 90.500000000000014 72.500000000000014 28.050000000000004 61.500000000000007 85.500000000000014 90.500000000000014 58.500000000000007 20.750000000000004 149.50000000000003 1.5000000000000002 1.5000000000000002 20.450000000000003 158.50000000000003 91.500000000000014 143.50000000000003 53.500000000000007 60.500000000000007 48.500000000000007 111.50000000000001 58.500000000000007 42.650000000000013 81.500000000000014
decision_type=2 2 2 2 2 2 2 2 2 2 2 2 2 2 2 2 2 2 2 2 2 2 2 2 2 2 2 2 2 2
left_child=1 3 4 5 11 7 9 -1 -7 -5 13 12 -2 14 -3 -8 18 -13 22 20 -18 -21 -4 29 -25 26 -12 -27 -20 -6
right_child=2 10 16 6 23 8 15 -9 -10 -11 25 17 -14 -15 -16 -17 19 -19 28 21 -22 -23 -24 24 -26 27 -28 -29 -30 -31
leaf_value=-0.010008051474525475 -0.00032262872312424829 0.0014547608413172178 0.0085991037819382939 -0.0053508845541949158 0.011645414022947607 -0.0047591112255462925 -0.0051376104774757151 -0.0072021214116261799 0.01226893678653531 -0.0021080074473245505 0.0056704447989208663 0.0060272362394155213 0.0024445125182769472 0.014979142852348335 0.0063450237266083412 0.0011559993508460551 0.0096572150439596539 0.0023587932854859041 0.0093961097760731395 0.010418390827823518 0.0016175207128229212 0.0093510817637942768 0.0056136677547828032 0.0065301284249880253 0.010284161733300276 0.0061420047619176743 0.012882994967623939 0.0089801352065634939 0.013191780534880163 0.0085346421082290354
leaf_weight=1040.455463975668 642.73518444597721 198.24946539103985 902.03221978247166 335.9185703843832 43.019841149449348 1086.0354640483856 28.314979210495949 1978.9142165333033 16.201295644044876 1003.2644218057394 9.2768221497535723 96.104590430855751 441.08718949556351 9.4224332720041257 72.542853653430939 556.51154644787312 13.894063398241999 60.828655958175659 563.35357902944088 765.75150369107723 10.39739155769348 552.85889829695225 36.333237841725349 122.35323421657085 61.239432975649834 91.560869798064232 21.515467464923859 63.419869482517242 16.111709654331207 48.405055314302444
leaf_count=4365 2575 799 3800 1358 179 4456 114 8124 66 4036 38 390 1777 39 296 2228 59 246 2378 3269 43 2362 153 508 257 374 89 262 68 201
internal_value=0 -0.00471437 0.00701512 -0.0054667 0.00259702 -0.00719018 -0.00177468 -0.00816903 -0.00450882 -0.00292145 0.00504628 0.00128438 0.000803525 0.00317553 0.00276482 0.000851288 0.00935607 0.00460532 0.00887221 0.00990297 0.00621601 0.0099709 0.00848351 0.00851903 0.00778233 0.00786806 0.0107101 0.0073034 0.00950165 0.00999841
internal_weight=0 6511.6 4376.51 6045.62 1515.77 4121.61 1924.01 3019.37 1102.24 1339.18 465.988 1240.76 1083.82 280.215 270.792 584.827 2860.73 156.933 1517.83 1342.9 24.2915 1318.61 938.365 275.018 183.593 185.773 30.7923 154.981 579.465 91.4249
internal_count=44909 26644 18265 24747 6133 17011 7736 12489 4522 5394 1897 4988 4352 1134 1095 2342 12132 636 6399 5733 102 5631 3953 1145 765 763 127 636 2446 380
is_linear=0
shrinkage=0.01


Tree=44
num_leaves=32
num_cat=0
split_feature=6 0 6 5 0 6 0 3 1 1 0 0 6 1 3 6 3 1 0 6 4 6 0 4 1 5 5 3 0 5 1
split_gain=3534.1 452.515 445.969 145.062 88.9459 82.0694 57.3885 56.4951 41.7766 37.4499 28.0149 22.3699 21.6268 17.9593 12.4792 11.339 11.2768 10.5508 11.2807 9.3562 8.28312 5.7123 7.56311 4.65358 4.42673 3.44175 3.33215 4.31118 3.18883 2.40956 1.81612
threshold=125.50000000000001 54.500000000000007 130.50000000000003 1.5000000000000002 60.500000000000007 110.50000000000001 42.500000000000007 80.500000000000014 28.950000000000003 31.450000000000003 60.500000000000007 38.500000000000007 119.50000000000001 23.150000000000002 85.500000000000014 117.50000000000001 84.500000000000014 26.050000000000004 62.500000000000007 149.50000000000003 1.5000000000000002 138.50000000000003 51.500000000000007 1.5000000000000002 18.350000000000005 2.5000000000000004 2.5000000000000004 69.500000000000014 44.500000000000007 2.5000000000000004 21.250000000000004
decision_type=2 2 2 2 2 2 2 2 2 2 2 2 2 2 2 2 2 2 2 2 2 2 2 2 2 2 2 2 2 2 2
left_child=1 3 10 5 8 11 -7 9 12 -5 13 -1 -3 24 -15 -9 -10 18 -6 21 29 22 -4 -19 -2 -22 27 -21 -23 -12 -28
right_child=2 4 19 7 17 6 -8 15 16 -11 20 -13 -14 14 -16 -17 -18 23 -20 26 25 28 -24 -25 -26 -27 30 -29 -30 -31 -32
leaf_value=0.006796523337446193 0.0071781954995402061 -0.0055174951372108649 0.00938021364196567 -0.0042518937336257162 -0.0011783801137392397 -0.0097065491738184753 -0.0056135866190958885 0.01186692983835314 -0.0002942993606251229 0.0033245004657962113 0.0062214990261287451 -0.0096777518541571045 -0.0026210328437547381 0.001313345366248612 0.003532069252632769 0.0026511169335661083 0.0060366336907697864 0.0039691257961041865 0.0023778460302391314 0.0038692128659589061 0.0037279577126671953 0.010148662963606274 0.0030347766954381145 0.0013810746835011137 -0.0017965733277061685 -0.0020539530560336212 0.002295968058567033 0.010052804700428186 0.008665869056714702 0.0096781319592878379 0.0085539548007217189
leaf_weight=8.2992239743471128 5.7135803848505011 345.84180688858032 35.330443903803825 349.62426859140396 177.71551755070686 418.0541146248579 1897.2648249566555 31.460271552205086 434.3523140847683 80.209223613142967 146.61246712505817 1203.209438085556 1012.4431155771017 602.24128890037537 437.77245335280895 23.193423986434937 30.08391597867012 211.31316155195236 179.08419959247112 11.382355391979216 83.991474986076355 162.69467112421989 40.106053397059441 103.50975151360035 144.23453100025654 11.733460918068884 4.8111293017864218 1194.9165625572205 1336.0834552496672 23.382871150970459 128.42638505995274
leaf_count=34 23 1403 146 1425 713 1758 7807 129 1750 326 599 5021 4076 2427 1774 94 121 852 719 47 341 688 164 416 580 48 20 5122 5645 97 544
internal_value=0 -0.00467152 0.00695629 -0.00675124 -0.00132698 -0.00745607 -0.00635261 -0.00162044 -0.00247325 -0.0028381 0.00243635 -0.0095649 -0.00335852 0.0017808 0.00224727 0.00795601 0.000115788 0.00178389 0.000606554 0.0092144 0.00537207 0.00869169 0.00600664 0.00311821 -0.0014546 0.00301924 0.0098287 0.00999446 0.00882683 0.00669696 0.00832798
internal_weight=0 6505.66 4369.43 4011.31 2494.34 3526.83 2315.32 484.487 1822.72 429.833 1455.68 1211.51 1358.28 1189.96 1040.01 54.6537 464.436 671.623 356.8 2913.75 265.72 1574.21 75.4365 314.823 149.948 95.7249 1339.54 1206.3 1498.78 169.995 133.238
internal_count=44909 26644 18265 16594 10050 14620 9565 1974 7350 1751 5889 5055 5479 4804 4201 223 1871 2700 1432 12376 1085 6643 310 1268 603 389 5733 5169 6333 696 564
is_linear=0
shrinkage=0.01


Tree=45
num_leaves=31
num_cat=0
split_feature=6 2 6 0 2 1 0 3 0 1 1 0 3 3 0 1 6 1 6 3 1 1 6 3 0 0 6 0 3 1
split_gain=3468.31 466.842 439.3 371.667 108.283 94.4811 69.5471 49.14 42.1054 28.3361 23.9125 20.4435 22.6388 13.2376 12.2798 10.4273 9.27162 6.42295 5.64077 7.56644 3.51184 3.314 3.78243 3.62311 3.18029 2.98231 3.33251 2.9158 2.81521 2.34351
threshold=125.50000000000001 2.5000000000000004 130.50000000000003 54.500000000000007 2.5000000000000004 27.450000000000003 60.500000000000007 90.500000000000014 43.500000000000007 33.150000000000013 28.050000000000004 58.500000000000007 85.500000000000014 90.500000000000014 58.500000000000007 20.750000000000004 149.50000000000003 41.95000000000001 138.50000000000003 83.500000000000014 27.350000000000005 20.450000000000003 158.50000000000003 91.500000000000014 60.500000000000007 48.500000000000007 111.50000000000001 58.500000000000007 88.500000000000014 27.050000000000004
decision_type=2 2 2 2 2 2 2 2 2 2 2 2 2 2 2 2 2 2 2 2 2 2 2 2 2 2 2 2 2 2
left_child=1 3 4 5 11 8 9 -7 -1 -5 13 12 -2 14 -3 -8 18 -13 19 -4 29 22 -18 -23 -20 26 -12 -27 -22 -6
right_child=2 10 16 6 20 7 15 -9 -10 -11 25 17 -14 -15 -16 -17 21 -19 24 -21 28 23 -24 -25 -26 27 -28 -29 -30 -31
leaf_value=-0.010340118200794231 -0.0010176642177145857 0.0014816760664717438 0.0093469932495512682 -0.0036058956758078116 0.0071626055423624005 -0.00511479954217585 -0.0050949855765344901 0.012190235622808554 -0.0075290967029141244 0.00091696605919539085 0.0056360852244308549 0.0034372109192586887 0.0022698618699442457 0.014845210018450539 0.0062916127937843085 0.0011269816429846416 0.0095133194384508599 -0.0077313251477900179 0.0085410223602705431 0.0029946691674667307 0.010225564933036285 0.010269521137250881 0.0015262562745367129 0.0092045378947962393 0.0097428348828957987 0.0060960650956376674 0.012809674933486866 0.0088877548557644796 0.0075688598803273135 0.0010745766801164773
leaf_weight=736.40708461403847 510.15113814175129 198.27782106399536 35.091687694191933 1497.6828265339136 88.706920251250267 1118.5556691139936 28.304938822984695 16.653611689805984 1927.7533749639988 152.63785302639008 9.2706609815359133 324.04327115416527 355.38854120671749 9.3923842906951887 72.480183929204941 556.46105681359768 13.829860195517542 5.2323749065399161 1227.3772150576115 40.268249958753586 97.445533245801926 761.79764832556248 10.378923401236532 550.13154503703117 268.32461026310921 91.496569067239761 21.481253817677498 63.294067323207855 67.526043921709061 6.8081133365631095
leaf_count=3116 2041 799 145 6040 367 4609 114 68 7961 611 38 1309 1431 39 296 2228 59 21 5195 165 410 3269 43 2362 1138 374 89 262 282 28
internal_value=0 -0.00462876 0.00689774 -0.00537324 0.00241262 -0.00727672 -0.00213755 -0.00486093 -0.0083061 -0.00318758 0.00501825 0.00113898 0.000332186 0.00317413 0.00276927 0.000825814 0.00914292 0.00325974 0.00862212 0.00595266 0.00825463 0.00975529 0.00608906 0.00982294 0.00875662 0.00780268 0.0106471 0.00723759 0.00913812 0.00672866
internal_weight=0 6500.15 4362.5 6034.46 1455.3 3799.37 2235.09 1135.21 2664.16 1650.32 465.693 1194.82 865.54 280.15 270.758 584.766 2907.2 329.276 1571.06 75.3599 260.487 1336.14 24.2088 1311.93 1495.7 185.543 30.7519 154.791 164.972 95.515
internal_count=44909 26644 18265 24747 5889 15754 8993 4677 11077 6651 1897 4802 3472 1134 1095 2342 12376 1330 6643 310 1087 5733 102 5631 6333 763 127 636 692 395
is_linear=0
shrinkage=0.01


Tree=46
num_leaves=32
num_cat=0
split_feature=3 2 0 1 0 3 2 5 1 3 2 1 4 3 1 5 0 1 1 0 0 1 3 3 0 5 0 0 0 1 0
split_gain=2302.35 675.692 496.323 121.911 115.614 59.561 48.6363 48.4428 40.1412 36.999 38.7603 30.2956 14.574 13.5687 13.5679 8.64987 8.08174 7.36265 6.08288 5.90657 4.71879 4.31451 3.57871 3.19823 3.13379 2.63742 2.80881 2.53661 2.27958 1.78215 1.47799
threshold=80.500000000000014 2.5000000000000004 54.500000000000007 27.450000000000003 60.500000000000007 70.500000000000014 1.5000000000000002 2.5000000000000004 31.650000000000002 90.500000000000014 1.5000000000000002 27.550000000000004 1.5000000000000002 85.500000000000014 22.450000000000003 1.5000000000000002 56.500000000000007 35.050000000000004 28.050000000000004 56.500000000000007 62.500000000000007 42.650000000000013 60.500000000000007 118.50000000000001 57.500000000000007 1.5000000000000002 63.500000000000007 29.500000000000004 51.500000000000007 27.450000000000003 44.500000000000007
decision_type=2 2 2 2 2 2 2 2 2 2 2 2 2 2 2 2 2 2 2 2 2 2 2 2 2 2 2 2 2 2 2
left_child=1 2 3 5 8 -1 -5 18 -4 10 13 16 -6 15 -15 -2 -9 19 28 -12 23 -13 -20 27 -19 26 -22 -11 -3 -27 -25
right_child=9 7 4 6 12 -7 -8 11 -10 20 17 21 -14 14 -16 -17 -18 24 22 -21 25 -23 -24 30 -26 29 -28 -29 -30 -31 -32
leaf_value=-0.0092341505415680959 -0.00099865376491876825 0.0093764803509901098 -0.0024904465210340127 -0.0044003955863104668 0.0037273168557254367 -0.0061887859595589909 0.00077920628737722624 -0.00063253969936310649 0.0014744424884406025 0.0021051576789066946 0.0070602568609582474 0.0075104710432779892 0.00094525585893662364 0.0024805331888852222 0.0060683040848052289 0.0076022570461054149 0.003625747495201928 0.009254378131588633 0.0020393622505498919 0.0089328389920675395 0.0061507229291336476 -0.0011264175778196977 0.010352806987328442 0.00083558649376867062 0.012455402137055045 0.00060880816158649848 0.010662930677937046 0.0094121041553709827 0.0068238810610768618 0.0059439909272408081 0.0069651309885110299
leaf_weight=970.35642692446709 48.521696016192436 48.92039467394352 1697.6749978810549 1120.7042489349842 476.88601841032505 1899.1530704200268 216.27217474579811 115.19175104796886 300.55131080746651 4.7824076563119879 385.73629777133465 135.45194888114929 311.16007995605469 114.53088355064392 1322.8621638715267 15.40524387359619 72.696352139115334 80.011992424726486 5.3222428113222113 299.01908427476883 32.656419411301613 6.0418421328067771 191.10007819533348 4.7065600454807308 49.507656425237656 8.7840913087129611 23.886574953794479 722.83526608347893 122.82232075929642 21.797733694314957 23.96040503680706
leaf_count=4057 199 202 6871 4621 1930 7877 887 464 1216 20 1622 560 1259 477 5540 63 295 338 22 1265 140 25 803 20 211 37 102 3083 509 92 102
internal_value=0 -0.00295213 -0.00388832 -0.00605657 -0.000614869 -0.00721861 -0.00356253 0.006433 -0.00189409 0.00718791 0.00653477 0.00364688 0.00262882 0.00558195 0.00578243 0.00107401 0.00101505 0.00829153 0.00892562 0.00787798 0.00898112 0.00714167 0.0101275 0.009235 0.0104779 0.00677734 0.0080569 0.00936408 0.00755098 0.00441155 0.00595878
internal_weight=0 7690.31 6992.76 4206.49 2786.27 2869.51 1336.98 697.547 1998.23 3159 2315.6 329.382 788.046 1501.32 1437.39 63.9269 187.888 814.275 368.165 684.755 843.409 141.494 196.422 756.285 129.52 87.1248 56.543 727.618 171.743 30.5818 28.667
internal_count=44909 31598 28718 17442 11276 11934 5508 2880 8087 13311 9715 1344 3189 6279 6017 262 759 3436 1536 2887 3596 585 825 3225 549 371 242 3103 711 129 122
is_linear=0
shrinkage=0.01


Tree=47
num_leaves=32
num_cat=0
split_feature=6 6 0 5 0 6 0 3 1 0 0 0 6 1 6 3 3 6 4 6 1 4 6 3 1 5 5 3 5 5 1
split_gain=3362.57 429.552 429.119 139.98 83.7868 80.3388 56.2895 53.8236 39.7203 36.2707 26.665 21.6884 21.2567 17.2809 11.1233 11.1228 10.8268 10.5536 9.91339 9.01725 8.25213 8.07094 5.55147 7.60217 4.35309 3.43622 3.34349 4.21587 3.26356 2.33761 1.84964
threshold=125.50000000000001 130.50000000000003 54.500000000000007 1.5000000000000002 60.500000000000007 110.50000000000001 42.500000000000007 80.500000000000014 28.950000000000003 38.500000000000007 60.500000000000007 38.500000000000007 119.50000000000001 23.150000000000002 117.50000000000001 85.500000000000014 84.500000000000014 115.50000000000001 1.5000000000000002 149.50000000000003 23.850000000000005 1.5000000000000002 138.50000000000003 83.500000000000014 18.350000000000005 2.5000000000000004 2.5000000000000004 69.500000000000014 2.5000000000000004 2.5000000000000004 30.950000000000003
decision_type=2 2 2 2 2 2 2 2 2 2 2 2 2 2 2 2 2 2 2 2 2 2 2 2 2 2 2 2 2 2 2
left_child=2 10 3 5 8 11 -7 9 12 -5 13 -1 -4 24 -9 -15 -10 20 -19 22 -6 29 23 -3 -2 -23 27 -21 -24 -12 -28
right_child=1 19 4 7 17 6 -8 14 16 -11 21 -13 -14 15 -16 -17 -18 18 -20 26 -22 25 28 -25 -26 -27 30 -29 -30 -31 -32
leaf_value=0.0067472722415621734 0.0071182807660927329 0.0092699220662572739 -0.0054226115310853917 0.013204294530487271 -0.0037743284199992879 -0.0095236865622910366 -0.0054599936676111649 0.011690047017476474 -0.00029375739614330513 -0.0032668015406822687 0.0060770021713181322 -0.0094892129015140426 -0.002549370444339717 0.0013042619535331716 0.0025551905889419652 0.0034002021121555858 0.0059109213942142727 0.0035407660381605028 0.00067802538810089058 0.0037362492868240039 0.0010490014660492146 0.0036202086748870982 0.0088152480017326569 0.0028972326230440743 -0.0017853657770746916 -0.0021619263267372681 0.0092358266602886804 0.0098592059652040567 0.0073349158617012945 0.0094889315834816943 0.0068674154930486045
leaf_weight=8.2839697748422605 5.7085569351911536 35.030031681060791 345.38161027431488 13.814155876636503 52.271284461021423 415.79667873680592 1891.5385798960924 31.375974237918854 434.10443720221519 415.21520240604877 146.26076152920723 1197.1903150826693 1011.7542385309935 601.8306170552969 23.176410362124443 437.07683849334717 30.071040034294128 310.41874054074287 198.19923458993435 11.352723732590674 110.36093233525753 83.868724897503853 1322.95536275208 40.203347831964493 144.16827572882175 11.713361516594885 70.413338139653206 1186.59166662395 167.81829153001308 23.275955602526665 62.01586551964283
leaf_count=34 23 145 1403 56 210 1758 7807 129 1750 1695 599 5021 4076 2427 94 1774 121 1250 796 47 444 341 5626 165 580 48 300 5122 707 97 264
internal_value=0 0.0068028 -0.00456009 -0.006591 -0.00130388 -0.0072854 -0.0061923 -0.00154682 -0.00241693 -0.00273645 0.00236764 -0.00937764 -0.00328059 0.0017281 0.00780913 0.00218604 0.000108205 0.00171618 0.00242521 0.00902913 -0.000501255 0.00523535 0.00851485 0.00586447 -0.00144624 0.00291162 0.0096345 0.00980118 0.00864861 0.00654543 0.00812671
internal_weight=0 4350.28 6488.95 3996.39 2492.56 3512.81 2307.34 483.582 1821.31 429.029 1453.9 1205.47 1357.14 1188.78 54.5524 1038.91 464.175 671.25 508.618 2896.38 162.632 265.119 1566.01 75.2334 149.877 95.5821 1330.37 1197.94 1490.77 169.537 132.429
internal_count=44909 18265 26644 16594 10050 14620 9565 1974 7350 1751 5889 5055 5479 4804 223 4201 1871 2700 2046 12376 654 1085 6643 310 603 389 5733 5169 6333 696 564
is_linear=0
shrinkage=0.01


Tree=48
num_leaves=32
num_cat=0
split_feature=6 2 6 0 2 1 5 0 0 5 6 0 1 0 1 1 6 1 6 5 1 5 1 5 5 1 0 0 4 1 1
split_gain=3300.09 447.619 423.175 353.455 104.595 102.392 52.1705 51.8415 51.66 50.7314 25.5343 19.384 19.0762 10.2038 10.1386 9.39805 8.93813 6.31147 5.4832 7.51373 4.11465 3.52967 4.29293 3.30883 3.22314 3.11304 2.99549 3.08648 2.58937 2.26771 1.82832
threshold=125.50000000000001 2.5000000000000004 130.50000000000003 55.500000000000007 2.5000000000000004 27.950000000000003 2.5000000000000004 60.500000000000007 45.500000000000007 1.5000000000000002 110.50000000000001 58.500000000000007 28.850000000000005 60.500000000000007 20.750000000000004 22.050000000000004 149.50000000000003 41.95000000000001 138.50000000000003 1.5000000000000002 29.950000000000003 2.5000000000000004 22.050000000000004 2.5000000000000004 2.5000000000000004 35.850000000000001 48.500000000000007 58.500000000000007 1.5000000000000002 20.450000000000003 34.050000000000004
decision_type=2 2 2 2 2 2 2 2 2 2 2 2 2 2 2 2 2 2 2 2 2 2 2 2 2 2 2 2 2 2 2
left_child=1 3 4 5 11 8 26 10 -1 -7 -5 15 13 -8 -9 -2 18 -13 19 -4 -14 25 -23 29 -20 -6 28 -28 -3 -18 -25
right_child=2 6 16 7 21 9 12 14 -10 -11 -12 17 20 -15 -16 -17 23 -19 24 -21 -22 22 -24 30 -26 -27 27 -29 -30 -31 -32
leaf_value=-0.0096795040448161215 -0.0032155710057032924 0.012708063122870317 0.0031660468057648941 -0.0052431592213101766 0.008500345440927785 -0.005168627166582224 -0.0011499928160155013 -0.0050663656695800266 -0.0069157607613439991 0.0009997470094529645 -0.0020165367908031094 0.0033367254127645634 0.011605481975367206 0.0061817215569800769 0.0010697795537180977 0.00061682472190887835 0.0064308221501657723 -0.007735055627247453 0.0087460927167120183 0.0095904747791829906 0.0049748492116550424 -0.0018093779162804235 0.0071567541856861917 0.0088029256589038669 0.0072736930957217703 0.012684511721929756 0.0067182069380317304 0.0093627267536439338 0.0078208849266221681 0.0097867980171889839 0.0061952668185414261
leaf_weight=1030.4979332089424 69.584428876638412 26.03244511783123 44.204710602760315 323.50343218445778 135.51994694769382 942.41236263513565 145.01802369952202 28.296387553215027 1967.8778655678034 155.30464452505112 1014.0579596161842 323.67339091002941 11.126544281840323 21.841455236077309 556.35234045982361 795.57357296347618 20.486206889152527 5.2318963855504981 1320.0961527228355 30.95163469016552 58.908727034926414 5.6483945250511161 97.815049424767494 94.598257780075073 167.53991658985615 20.466861188411713 109.55030086636543 73.908593147993088 18.578019246459007 1174.2624454349279 37.564414262771606
leaf_count=4365 279 108 181 1313 570 3890 581 114 8124 632 4081 1309 46 89 2228 3193 87 21 5626 129 240 23 407 404 707 87 449 307 77 5082 160
internal_value=0 -0.00451848 0.00674581 -0.00524883 0.0023446 -0.00690897 0.00493484 -0.00171118 -0.00786562 -0.00429593 -0.00279693 0.00109418 0.00164815 -0.000190291 0.000772797 0.000308586 0.0089596 0.00316061 0.00844713 0.00581182 0.00602826 0.00809942 0.00666726 0.00956317 0.00858027 0.00904935 0.00834871 0.00778358 0.0106728 0.00972925 0.00806175
internal_weight=0 6483.27 4343.22 6018.3 1453.51 4096.09 464.964 1922.21 2998.38 1097.72 1337.56 1194.06 236.895 166.859 584.649 865.158 2889.7 328.905 1562.79 75.1563 70.0353 259.45 103.463 1326.91 1487.64 155.987 228.069 183.459 44.6105 1194.75 132.163
internal_count=44909 26644 18265 24747 5889 17011 1897 7736 12489 4522 5394 4802 956 670 2342 3472 12376 1330 6643 310 286 1087 430 5733 6333 657 941 756 185 5169 564
is_linear=0
shrinkage=0.01


Tree=49
num_leaves=31
num_cat=0
split_feature=6 2 6 0 2 1 0 0 3 3 1 0 3 3 0 1 6 2 0 1 0 3 3 1 0 0 0 6 0 3
split_gain=3239 439.145 416.867 347.424 110.065 100.777 51.0308 50.8263 43.0423 25.1403 22.615 18.0541 17.4953 12.8252 11.6243 9.95748 7.10024 4.82617 3.63411 5.76092 4.38093 3.35272 6.68391 5.24906 3.00517 5.53762 2.95551 3.30541 2.79523 2.20907
threshold=125.50000000000001 2.5000000000000004 135.50000000000003 55.500000000000007 2.5000000000000004 27.950000000000003 45.500000000000007 60.500000000000007 90.500000000000014 72.500000000000014 28.050000000000004 61.500000000000007 85.500000000000014 90.500000000000014 58.500000000000007 35.250000000000007 149.50000000000003 1.5000000000000002 44.500000000000007 21.750000000000004 59.500000000000007 90.500000000000014 99.500000000000014 19.350000000000005 53.500000000000007 60.500000000000007 48.500000000000007 111.50000000000001 58.500000000000007 81.500000000000014
decision_type=2 2 2 2 2 2 2 2 2 2 2 2 2 2 2 2 2 2 2 2 2 2 2 2 2 2 2 2 2 2
left_child=1 3 4 5 11 6 -1 9 -7 -5 13 12 -2 14 -3 -9 18 -13 19 -4 -20 23 -23 -18 29 -26 27 -12 -28 -6
right_child=2 10 16 7 24 8 -8 15 -10 -11 26 17 -14 -15 -16 -17 21 -19 20 -21 -22 22 -24 -25 25 -27 28 -29 -30 -31
leaf_value=-0.0096043783917305302 -0.000324414764025666 0.0014464747037927501 0.0038883678999779513 -0.00514093344140779 0.011345814135735573 -0.0044984041851768557 -0.0068549214625784017 0.00046198194792078097 0.011939254422127087 -0.0019768367711560345 0.0054450134392870254 0.0035040048082038283 0.0022632547709224154 0.014621060428520169 0.0061315072825231763 0.006384040501828476 0.0015120280619300714 0.0079572504188424389 0.0079760663022517709 0.01045895106933814 0.0092860172958366821 0.0041112887245420386 0.0091514423392514647 0.010000925276620679 0.0062305815410199127 0.0099314008199761078 0.0059224921457181647 0.012603622873884241 0.0086616787754670282 0.0082191112904257818
leaf_weight=1028.1845555454493 642.52545465528965 198.13308852910995 14.630334377288817 335.07821400463581 42.666910111904144 1080.7420487999916 1965.5017638653517 554.69402588903904 16.168304473161697 1002.1293825656176 9.2387222051620501 126.29584680497646 440.34098398685455 9.3342809379100782 72.278297901153564 29.924230843782425 7.3544693887233725 30.144613146781921 989.96088409423828 151.76064482331276 344.02463388442993 27.695448234677315 526.47872513532639 761.90195021033287 121.50823460519314 60.595473036170006 91.231732308864594 21.369535475969315 62.966244012117386 48.036039099097252
leaf_count=4365 2575 799 62 1358 179 4456 8124 2222 66 4036 38 513 1777 39 296 120 31 123 4219 648 1470 120 2283 3299 508 257 374 89 262 201
internal_value=0 -0.00447767 0.00668966 -0.00520146 0.00245242 -0.00684913 -0.00779923 -0.00169441 -0.00425612 -0.0027697 0.00488987 0.00118661 0.000727845 0.00309655 0.00269874 0.000765108 0.00895865 0.0043621 0.00848771 0.00988122 0.00831389 0.00949256 0.00889956 0.00991977 0.00820277 0.00746204 0.00760446 0.0104429 0.00704103 0.00968992
internal_weight=0 6476.97 4335.92 6012.42 1512.11 4090.6 2993.69 1921.83 1096.91 1337.21 464.552 1239.31 1082.87 279.746 270.411 584.618 2823.81 156.44 1500.38 166.391 1333.99 1323.43 554.174 769.256 272.807 182.104 184.806 30.6083 154.198 90.7029
internal_count=44909 26644 18265 24747 6133 17011 12489 7736 4522 5394 1897 4988 4352 1134 1095 2342 12132 636 6399 710 5689 5733 2403 3330 1145 765 763 127 636 380
is_linear=0
shrinkage=0.01


Tree=50
num_leaves=32
num_cat=0
split_feature=3 2 0 1 0 3 2 5 1 3 2 1 4 3 1 5 3 1 1 5 0 1 3 3 0 5 0 0 0 1 0
split_gain=2145.45 634.77 463.332 115.072 107.104 57.3415 47.137 46.6844 38.1841 35.1 37.168 28.7415 14.0918 12.5983 12.9784 8.37551 7.76502 7.22233 5.86692 5.81534 4.70318 4.25985 3.53395 3.13689 3.07877 2.57631 2.80405 2.46819 2.29873 1.76666 1.42692
threshold=80.500000000000014 2.5000000000000004 54.500000000000007 27.450000000000003 60.500000000000007 70.500000000000014 1.5000000000000002 2.5000000000000004 31.650000000000002 90.500000000000014 1.5000000000000002 27.550000000000004 1.5000000000000002 85.500000000000014 22.450000000000003 1.5000000000000002 60.500000000000007 35.050000000000004 28.050000000000004 1.5000000000000002 62.500000000000007 42.650000000000013 60.500000000000007 118.50000000000001 57.500000000000007 1.5000000000000002 63.500000000000007 29.500000000000004 51.500000000000007 27.450000000000003 44.500000000000007
decision_type=2 2 2 2 2 2 2 2 2 2 2 2 2 2 2 2 2 2 2 2 2 2 2 2 2 2 2 2 2 2 2
left_child=1 2 3 5 8 -1 -5 18 -4 10 13 16 -6 15 -15 -2 -9 19 28 -12 23 -13 -20 27 -19 26 -22 -11 -3 -27 -25
right_child=9 7 4 6 12 -7 -8 11 -10 20 17 21 -14 14 -16 -17 -18 24 22 -21 25 -23 -24 30 -26 29 -28 -29 -30 -31 -32
leaf_value=-0.0089814155779535283 -0.00099822433743037989 0.0092045221257816747 -0.0024118338003385506 -0.0042633994558740861 0.0036078644296827795 -0.0059836942021886351 0.00084250947813761096 -0.010263330380040719 0.0014577097074108473 0.0019284989928233431 0.0083541058433620457 0.0073088863376425586 0.00087029088453087153 0.0023508254756454566 0.0058681109509078422 0.007476404014074939 0.0013333593381227461 0.0090139380533641039 0.0018527771927373971 0.0064388230779751686 0.0058708086187565242 -0.00128651278601017 0.010129830048207869 0.00066857895236830669 0.012200845504582185 0.00037050699866859676 0.01040024043465935 0.0091520227525762766 0.0066357520412123104 0.005698758971117949 0.0067119113025367674
leaf_weight=963.51553373038769 48.390025585889816 48.71587261557579 1695.191621914506 1116.7506066262722 476.12823620438576 1889.3120532929897 215.73595967888832 5.9634731113910666 300.16847439110279 4.7616542130708686 428.16183470189571 134.84351997077465 310.75988791882992 114.00186577439308 1315.0263884216547 15.364806070923803 181.70261913537979 79.402545467019081 5.3024237602949134 251.73546513915062 32.36540099978447 6.0233939588069907 189.81805747747421 4.6757772117853191 49.033148095011711 8.7331188470125216 23.65879000723362 716.36463193595409 122.27688673138618 21.647895961999893 23.763704851269722
leaf_count=4057 199 202 6871 4621 1930 7877 887 24 1216 20 1823 560 1259 477 5540 63 735 338 22 1064 140 25 803 20 211 37 102 3083 509 92 102
internal_value=0 -0.0028516 -0.00376041 -0.00586293 -0.000597612 -0.00699615 -0.00343673 0.0062641 -0.00182973 0.00696625 0.00632869 0.00352743 0.00252673 0.00539348 0.00558752 0.00104415 0.000964851 0.0080558 0.00871985 0.00764496 0.00872119 0.00694135 0.0099049 0.00897586 0.0102306 0.00651199 0.00778357 0.00910433 0.0073676 0.00416714 0.00571832
internal_weight=0 7662.21 6967.56 4185.31 2782.25 2852.83 1332.49 694.646 1995.36 3137.09 2301.12 328.533 786.888 1492.78 1429.03 63.7548 187.666 808.333 366.113 679.897 835.971 140.867 195.12 749.566 128.436 86.4052 56.0242 721.126 170.993 30.381 28.4395
internal_count=44909 31598 28718 17442 11276 11934 5508 2880 8087 13311 9715 1344 3189 6279 6017 262 759 3436 1536 2887 3596 585 825 3225 549 371 242 3103 711 129 122
is_linear=0
shrinkage=0.01


Tree=51
num_leaves=32
num_cat=0
split_feature=3 2 0 1 0 3 2 5 1 3 2 1 4 3 1 5 0 1 1 5 0 1 3 3 0 5 0 0 0 1 0
split_gain=2105.51 622.69 454.912 113.18 104.989 56.5216 46.2388 45.953 37.43 34.6644 36.6369 28.2304 13.8189 12.375 12.7554 8.21469 7.6891 7.13244 5.79695 5.73128 4.63784 4.18491 3.50451 3.09515 3.04793 2.53875 2.76543 2.43207 2.26173 1.73563 1.40293
threshold=80.500000000000014 2.5000000000000004 54.500000000000007 27.450000000000003 60.500000000000007 70.500000000000014 1.5000000000000002 2.5000000000000004 31.650000000000002 90.500000000000014 1.5000000000000002 27.550000000000004 1.5000000000000002 85.500000000000014 22.450000000000003 1.5000000000000002 56.500000000000007 35.050000000000004 28.050000000000004 1.5000000000000002 62.500000000000007 42.650000000000013 75.500000000000014 118.50000000000001 57.500000000000007 1.5000000000000002 63.500000000000007 29.500000000000004 51.500000000000007 27.450000000000003 44.500000000000007
decision_type=2 2 2 2 2 2 2 2 2 2 2 2 2 2 2 2 2 2 2 2 2 2 2 2 2 2 2 2 2 2 2
left_child=1 2 3 5 8 -1 -5 18 -4 10 13 16 -6 15 -15 -2 -9 19 28 -12 23 -13 -20 27 -19 26 -22 -11 -3 -27 -25
right_child=9 7 4 6 12 -7 -8 11 -10 20 17 21 -14 14 -16 -17 -18 24 22 -21 25 -23 -24 30 -26 29 -28 -29 -30 -31 -32
leaf_value=-0.0089083447232157619 -0.00098823063753002171 0.0091277284646737039 -0.0023880601122819364 -0.0042230775500435927 0.0035727695779013942 -0.0059297872185187532 0.00083402693069186556 -0.00065191374567322039 0.0014431777371588285 0.0019099802556281264 0.0082863096939132207 0.0072453978140761604 0.00086163866470562666 0.0023280565852818649 0.0058156545659894922 0.0074068714478323873 0.0035047693020350979 0.0089427097516048843 0.0071099273766704711 0.0063834133536831731 0.0058214399520048303 -0.0012733501794352862 0.010490627690200408 0.00066196714619318013 0.012118056828033796 0.00036683233085821554 0.010324660505551309 0.0090819312449072365 0.0065777417295589113 0.0056492485313331389 0.0066553524242903552
leaf_weight=961.71366682648659 48.390587076544762 48.634878888726234 1694.9482314884663 1116.1422300636768 475.99778746068478 1887.4321979284286 215.75073716044426 115.09668445587158 300.15910820662975 4.7597536146640769 427.35235339403152 134.66574244201183 310.74169778823853 113.96584737300873 1313.6259263008833 15.354008063673971 72.556076496839523 79.235473334789276 38.132094010710716 251.38315697014332 32.31373718380928 6.0247939079999915 156.54243324697018 4.6752566099166897 48.875245779752731 8.7323938161134738 23.593985751271248 714.68282854557037 122.12249414622784 21.619387090206146 23.726186335086823
leaf_count=4057 199 202 6871 4621 1930 7877 887 464 1216 20 1823 560 1259 477 5540 63 295 338 160 1064 140 25 665 20 211 37 102 3083 509 92 102
internal_value=0 -0.00282515 -0.00372533 -0.00581027 -0.000591721 -0.00693518 -0.00340389 0.0062093 -0.00181166 0.00690721 0.00627345 0.00349419 0.00250194 0.00534475 0.00553724 0.00103388 0.000955271 0.00799001 0.00864884 0.00758153 0.00865341 0.0068806 0.00982843 0.00890666 0.0101541 0.00645783 0.00772187 0.00903448 0.00730403 0.00412946 0.00566876
internal_weight=0 7656.66 6962.89 4181.04 2781.85 2849.15 1331.89 693.775 1995.11 3132.29 2298.18 328.343 786.739 1491.34 1427.59 63.7446 187.653 806.846 365.432 678.736 834.104 140.691 194.675 747.844 128.111 86.2595 55.9077 719.443 170.757 30.3518 28.4014
internal_count=44909 31598 28718 17442 11276 11934 5508 2880 8087 13311 9715 1344 3189 6279 6017 262 759 3436 1536 2887 3596 585 825 3225 549 371 242 3103 711 129 122
is_linear=0
shrinkage=0.01


Tree=52
num_leaves=32
num_cat=0
split_feature=6 2 6 6 2 5 1 3 5 1 1 3 1 3 4 6 1 3 6 3 1 3 3 1 5 1 5 1 1 3 3
split_gain=3102.7 415.515 405.076 140.058 97.7233 72.8754 72.3442 53.4291 49.8134 31.6968 29.4443 19.1746 17.8683 12.8828 8.61032 8.46194 7.28168 6.31317 5.26098 7.80139 4.06069 3.73767 6.62215 5.12367 3.36309 4.20361 3.27757 3.06909 2.81309 2.40066 2.25734
threshold=125.50000000000001 2.5000000000000004 130.50000000000003 110.50000000000001 2.5000000000000004 1.5000000000000002 27.550000000000004 80.500000000000014 2.5000000000000004 23.650000000000002 34.850000000000001 90.500000000000014 28.850000000000005 85.500000000000014 1.5000000000000002 149.50000000000003 22.050000000000004 71.500000000000014 138.50000000000003 83.500000000000014 29.950000000000003 90.500000000000014 99.500000000000014 19.350000000000005 2.5000000000000004 22.050000000000004 2.5000000000000004 35.850000000000001 37.550000000000004 83.500000000000014 77.500000000000014
decision_type=2 2 2 2 2 2 2 2 2 2 2 2 2 2 2 2 2 2 2 2 2 2 2 2 2 2 2 2 2 2 2
left_child=1 3 4 5 13 9 11 -7 28 -1 -8 -5 17 16 -15 18 -2 -10 19 -4 -14 23 -23 -17 27 -26 -20 -6 29 -3 -30
right_child=2 8 15 6 24 7 10 -9 12 -11 -12 -13 20 14 -16 21 -18 -19 26 -21 -22 22 -24 -25 25 -27 -28 -29 30 -31 -32
leaf_value=-0.0099221384055599177 -0.0031738212409033397 0.0073952336776449811 0.0091120995601395496 -0.0050015765449333907 0.0082269402374363469 -0.0037309559785126973 -0.0027832886804514782 0.011551630868940628 -0.0040006445213490926 -0.0070363368977303456 0.0012378858087763761 0.0093038143468657884 0.011336773533761066 0.0034045451437201926 0.00064446011493174903 0.001472403645848461 0.00050534544424297523 0.00075916994408813142 0.008540079310013422 0.0026425840428103632 0.0047302050966738793 0.0039223337075935099 0.0089544637328092015 0.0098639464078490776 -0.0019546139577273766 0.0069273738060631551 0.0070505176371577416 0.012402451578391935 0.0062340291215834953 0.010803021919114791 0.014357245139450706
leaf_weight=595.25284844636917 58.572221770882607 186.79899825155735 34.888706132769585 2837.4950765520334 134.47173681855202 186.55570217967033 1067.0623966157436 26.073416635394096 35.365145087242126 1055.5340791791677 219.5624258518219 9.4007674157619459 11.056000113487242 289.76541554927826 185.30394959449768 7.3466317653655997 659.39197477698326 131.40251252055168 1311.0695156008005 40.019786953926086 58.694534838199615 27.529244661331177 522.51583954691887 757.75441548228264 5.637251839041709 97.276538833975792 166.47545832395554 20.254603147506714 4.7931236028671291 23.244520425796509 11.949120894074438
leaf_count=2502 235 772 145 11692 570 765 4355 106 142 4397 892 38 46 1173 748 31 2646 528 5626 165 240 120 2283 3299 23 407 707 87 20 98 51
internal_value=0 -0.00438614 0.00656275 -0.00509106 0.00225662 -0.00736718 -0.00406497 -0.00185695 0.00473819 -0.00807692 -0.00209708 -0.00495434 0.00152737 0.00105048 0.00232796 0.00874116 0.000205195 -0.000250208 0.00824118 0.00565577 0.0057774 0.00933135 0.00870261 0.00978337 0.00784175 0.00644085 0.00837225 0.00877354 0.0080868 0.00777236 0.0120317
internal_weight=0 6460.24 4318.27 5996.94 1450.67 1863.42 4133.52 212.629 463.304 1650.79 1286.62 2846.9 236.518 1193.03 475.069 2867.6 717.964 166.768 1552.45 74.9085 69.7505 1315.15 550.045 765.101 257.64 102.914 1477.54 154.726 226.786 210.044 16.7422
internal_count=44909 26644 18265 24747 5889 7770 16977 871 1897 6899 5247 11730 956 4802 1921 12376 2881 670 6643 310 286 5733 2403 3330 1087 430 6333 657 941 870 71
is_linear=0
shrinkage=0.01


Tree=53
num_leaves=32
num_cat=0
split_feature=6 2 6 6 2 5 1 3 5 1 1 3 1 3 4 6 1 3 6 3 1 3 3 1 5 1 5 1 1 3 3
split_gain=3045.2 407.602 399.043 137.807 96.035 71.6469 71.0328 52.4043 48.9571 31.2617 28.8703 18.8036 17.5326 12.6313 8.4449 8.39071 7.1371 6.18754 5.19763 7.67228 3.99869 3.68949 6.53202 5.05301 3.3192 4.12952 3.23728 3.03429 2.78093 2.37034 2.2323
threshold=125.50000000000001 2.5000000000000004 130.50000000000003 110.50000000000001 2.5000000000000004 1.5000000000000002 27.550000000000004 80.500000000000014 2.5000000000000004 23.650000000000002 34.850000000000001 90.500000000000014 28.850000000000005 85.500000000000014 1.5000000000000002 149.50000000000003 22.050000000000004 71.500000000000014 138.50000000000003 83.500000000000014 29.950000000000003 90.500000000000014 99.500000000000014 19.350000000000005 2.5000000000000004 22.050000000000004 2.5000000000000004 35.850000000000001 37.550000000000004 83.500000000000014 77.500000000000014
decision_type=2 2 2 2 2 2 2 2 2 2 2 2 2 2 2 2 2 2 2 2 2 2 2 2 2 2 2 2 2 2 2
left_child=1 3 4 5 13 9 11 -7 28 -1 -8 -5 17 16 -15 18 -2 -10 19 -4 -14 23 -23 -17 27 -26 -20 -6 29 -3 -30
right_child=2 8 15 6 24 7 10 -9 12 -11 -12 -13 20 14 -16 21 -18 -19 26 -21 -22 22 -24 -25 25 -27 -28 -29 30 -31 -32
leaf_value=-0.00984347772164809 -0.0031422550806018347 0.007330926760225248 0.0090367328275253334 -0.0049552522981019219 0.0081607203905819433 -0.0036955623600921374 -0.0027563425927156714 0.011445868650490052 -0.0039606261685741538 -0.0069749796342157824 0.0012253890902424718 0.0092120528625750514 0.011248564752553139 0.0033717446197258569 0.00063805447159797431 0.0014581530142814942 0.00050029728229134321 0.00075159755778954514 0.0084737002045824766 0.0026173323236042163 0.004686119850606723 0.0038875138021808244 0.0088882847202299362 0.0097930740996760839 -0.0019345401568878144 0.0068680445099085601 0.0069920119517336591 0.012318942994339237 0.0061795178328483899 0.010721017132285815 0.014265379252853642
leaf_weight=594.01571674644947 58.569028705358505 186.55445583164692 34.828186392784119 2835.3916225582361 134.20859538018703 186.45947188138962 1066.7208276838064 26.051307335495949 35.365250527858734 1054.1780357956886 219.58344478905201 9.399470850825308 11.031395196914671 289.65899023413658 185.29273913800716 7.3442580997943869 659.38531042635441 131.39912648499012 1308.1411362141371 40.001923993229866 58.654443517327309 27.498217448592186 521.14912258088589 755.61664091050625 5.6387809067964545 97.136393338441849 166.19118770956993 20.188320025801659 4.7870815545320538 23.188376262784004 11.906025826930998
leaf_count=2502 235 772 145 11692 570 765 4355 106 142 4397 892 38 46 1173 748 31 2646 528 5626 165 240 120 2283 3299 23 407 707 87 20 98 51
internal_value=0 -0.00434604 0.00650839 -0.0050445 0.00223498 -0.00730419 -0.0040267 -0.0018394 0.00469508 -0.0080088 -0.00207663 -0.00490844 0.00151254 0.00104009 0.00230525 0.00867451 0.000203146 -0.00024771 0.00817618 0.00560511 0.00572497 0.00926309 0.00863765 0.00971284 0.00777754 0.00638509 0.00830668 0.00870443 0.00801836 0.00770572 0.0119466
internal_weight=0 6454.69 4310.85 5991.8 1450.08 1860.7 4131.1 212.511 462.886 1648.19 1286.3 2844.79 236.45 1192.91 474.952 2860.77 717.954 166.764 1549.16 74.8301 69.6858 1311.61 548.647 762.961 257.172 102.775 1474.33 154.397 226.436 209.743 16.6931
internal_count=44909 26644 18265 24747 5889 7770 16977 871 1897 6899 5247 11730 956 4802 1921 12376 2881 670 6643 310 286 5733 2403 3330 1087 430 6333 657 941 870 71
is_linear=0
shrinkage=0.01


Tree=54
num_leaves=32
num_cat=0
split_feature=6 2 6 0 2 0 0 2 5 1 0 1 0 1 0 5 6 2 2 1 5 0 0 1 1 1 4 1 1 4 1
split_gain=2988.8 399.842 393.134 334.972 101.379 98.3275 93.5696 76.0557 48.1171 38.0746 21.4452 17.2034 17.1381 11.0761 9.83023 7.22541 5.86575 6.52557 4.70747 3.93804 3.2542 2.93478 3.0405 2.79149 2.65109 2.60321 2.56569 2.27163 4.35727 2.888 2.14861
threshold=125.50000000000001 2.5000000000000004 135.50000000000003 51.500000000000007 2.5000000000000004 38.500000000000007 58.500000000000007 1.5000000000000002 2.5000000000000004 31.050000000000004 62.500000000000007 28.850000000000005 61.500000000000007 22.050000000000004 60.500000000000007 2.5000000000000004 149.50000000000003 1.5000000000000002 1.5000000000000002 29.950000000000003 2.5000000000000004 48.500000000000007 58.500000000000007 22.050000000000004 35.850000000000001 24.550000000000004 1.5000000000000002 27.850000000000005 26.350000000000005 1.5000000000000002 20.450000000000003
decision_type=2 2 2 2 2 2 2 2 2 2 2 2 2 2 2 2 2 2 2 2 2 2 2 2 2 2 2 2 2 2 2
left_child=1 3 4 5 12 25 9 -7 21 -5 -8 14 13 -2 -10 16 17 -4 -14 -13 24 26 -23 -22 -6 -1 -3 28 -17 -29 -18
right_child=2 8 15 6 20 7 10 -9 11 -11 -12 19 18 -15 -16 27 30 -19 -20 -21 23 22 -24 -25 -26 -27 -28 29 -30 -31 -32
leaf_value=0.0058823042622804947 -0.0027870884169434959 0.012301365487654106 0.0078963459787904818 -0.0045566789112337445 0.0082824901509819596 -0.0082661365576707762 -0.0012278805164804886 -0.0029758852332383927 -0.0011864238140866768 -0.00067801459499452902 0.0019417331055325438 0.011161530425908114 0.0033780494864835463 0.0009768612910278304 0.0060179379166654754 0.0071618728463187517 0.0061395340080682287 0.0093906226490577654 0.0077822277401137976 0.0046424660869839049 0.00010977123544625601 0.0063290228426711639 0.0089654830087316523 0.0069443018851548036 0.012048945902473036 0.011765408562507818 0.0074119668242912983 0.0073540748558226388 0.011710210889559361 0.0046715979455309161 0.0094207659860145541
leaf_weight=11.624307349324225 84.832554489374161 25.74904976785183 879.51156522333622 1768.7850308567286 140.80849096179008 2500.6228020489216 791.79684199392796 304.88987684249878 144.9750103354454 295.34729227423668 292.24684865772724 11.006366327404974 126.07762901484966 997.04913334548473 21.785806551575661 79.314524456858635 20.306669816374779 437.69076973199844 30.054728224873543 58.614123418927193 6.3492078483104697 108.75919325649738 73.171505510807037 101.6985452324152 21.547536060214043 21.309241101145744 18.402535110712051 135.09264460206032 28.678129300475121 57.09888282418251 1157.2763350754976
leaf_count=47 341 108 3780 7250 599 10537 3189 1268 581 1197 1171 46 513 4011 89 339 87 1896 123 240 26 449 307 427 93 88 77 580 123 245 5082
internal_value=0 -0.00430634 0.00645455 -0.0049984 0.00234028 -0.00748956 -0.00275232 -0.00769122 0.00465241 -0.0040017 -0.000373386 0.00149786 0.00112869 0.000681722 -0.000245239 0.00867498 0.00885135 0.00839288 0.00422583 0.00567307 0.00788744 0.00795067 0.00738939 0.00654268 0.00878237 0.00968889 0.0102634 0.00720921 0.00836971 0.00655713 0.00936418
internal_weight=0 6449.09 4303.39 5986.62 1508.42 2838.45 3148.18 2805.51 462.464 2064.13 1084.04 236.381 1238.01 1081.88 166.761 2794.97 2494.79 1317.2 156.132 69.6205 270.404 226.082 181.931 108.048 162.356 32.9335 44.1516 300.184 107.993 192.192 1177.58
internal_count=44909 26644 18265 24747 6133 11940 12807 11805 1897 8447 4360 956 4988 4352 670 12132 10845 5676 636 286 1145 941 756 453 692 135 185 1287 462 825 5169
is_linear=0
shrinkage=0.01


Tree=55
num_leaves=32
num_cat=0
split_feature=6 2 6 0 0 2 0 2 5 1 0 0 1 0 6 6 1 6 0 1 5 0 1 5 0 0 1 4 0 1 1
split_gain=2933.62 392.289 387.481 329.565 96.532 92.7343 91.803 74.8728 47.2897 37.3696 21.0196 17.9315 16.8802 9.66323 9.21191 8.24876 6.21495 5.01592 7.58879 3.87867 3.30928 3.28479 3.25365 3.28023 2.89371 2.99898 2.56601 2.53117 2.31929 2.12461 1.8605
threshold=125.50000000000001 2.5000000000000004 130.50000000000003 51.500000000000007 38.500000000000007 2.5000000000000004 58.500000000000007 1.5000000000000002 2.5000000000000004 31.050000000000004 62.500000000000007 58.500000000000007 28.850000000000005 58.500000000000007 129.50000000000003 149.50000000000003 41.95000000000001 138.50000000000003 51.500000000000007 29.950000000000003 2.5000000000000004 44.500000000000007 27.350000000000005 1.5000000000000002 48.500000000000007 58.500000000000007 24.550000000000004 1.5000000000000002 60.500000000000007 20.450000000000003 34.050000000000004
decision_type=2 2 2 2 2 2 2 2 2 2 2 2 2 2 2 2 2 2 2 2 2 2 2 2 2 2 2 2 2 2 2
left_child=1 3 5 4 26 11 9 -6 24 -5 -8 14 13 -10 -2 17 -13 18 -4 -14 29 -19 23 -7 27 -26 -1 -3 -24 -17 -22
right_child=2 8 15 6 7 22 10 -9 12 -11 -12 16 19 -15 -16 20 -18 21 -20 -21 30 -23 28 -25 25 -27 -28 -29 -30 -31 -32
leaf_value=0.0058259232214582443 0.0065184812466158116 0.012210240902537882 0.008921011026068246 -0.0045141519768908912 -0.0081985943164004146 0.0079367767751748336 -0.0012156790036859117 -0.0029477977614233769 -0.0015647372262985516 -0.00067127574133746802 0.0019224186162294557 0.0031834139918947638 0.011075638457774834 0.0041411408375536694 9.263250598820525e-05 0.0060876757015330294 -0.0078067594663674611 0.0095330107217387484 0.002532676441083168 0.004599238147467672 0.0083698212146622996 0.0080122533032369048 0.0078482523097100441 0.0042007899501928323 0.0062726394415701606 0.0088931309962415502 0.01166954513004672 0.0073490536943769001 0.010675638524235363 0.0093531090165364511 0.0057198601763375281
leaf_weight=11.619459152221678 22.917022973299026 25.682137459516525 34.936181902885437 1767.5999475568533 2496.034483268857 49.777117192745209 791.74673391878605 304.7178793400526 128.11250039935112 295.32921662926674 292.23129050433636 323.03484314680099 10.980931535363196 38.630844280123711 841.47168159484863 20.275016620755196 5.2287968546152106 159.32634852826595 39.754922106862068 58.573587417602539 93.19648851454258 1308.5226371735334 124.04933398962021 44.521406725049019 108.64003798365593 73.029852092266083 21.269648492336273 18.374613776803017 37.869303673505783 1154.0075745433569 37.017666876316071
leaf_count=47 92 108 146 7250 10537 211 3189 1268 513 1197 1171 1309 46 157 3380 87 21 688 164 240 404 5645 528 184 449 307 88 77 164 5082 160
internal_value=0 -0.00426762 0.00640121 -0.00495348 -0.00742731 0.00219123 -0.00272591 -0.00762732 0.0046103 -0.00396401 -0.000369674 0.00101863 0.00148342 -0.000242808 0.000262997 0.00854369 0.00300836 0.00804869 0.00552077 0.0056217 0.00912901 0.00817732 0.00764954 0.0061729 0.00788363 0.00732606 0.00960504 0.0101828 0.00850952 0.00929673 0.00761648
internal_weight=0 6442.57 4295.91 5980.55 2833.64 1448.87 3146.91 2800.75 462.025 2062.93 1083.98 1192.65 236.298 166.743 864.389 2847.04 328.264 1542.54 74.6911 69.5545 1304.5 1467.85 256.217 94.2985 225.727 181.67 32.8891 44.0568 161.919 1174.28 130.214
internal_count=44909 26644 18265 24747 11940 5889 12807 11805 1897 8447 4360 4802 956 670 3472 12376 1330 6643 310 286 5733 6333 1087 395 941 756 135 185 692 5169 564
is_linear=0
shrinkage=0.01


Tree=56
num_leaves=31
num_cat=0
split_feature=6 2 6 0 0 2 0 2 1 0 1 0 3 3 0 6 6 3 2 3 3 1 0 1 0 6 3 0 1 1
split_gain=2879.5 384.881 381.749 324.257 94.7709 91.1395 90.0703 73.7121 36.6781 20.6026 20.2616 17.6082 15.4067 12.3365 10.8885 8.18141 4.95581 7.56328 4.77657 3.65431 6.47298 4.96008 3.24267 3.21154 2.87141 3.27361 2.86069 2.73492 2.5297 2.33388
threshold=125.50000000000001 2.5000000000000004 130.50000000000003 51.500000000000007 38.500000000000007 2.5000000000000004 58.500000000000007 1.5000000000000002 31.050000000000004 62.500000000000007 28.050000000000004 61.500000000000007 85.500000000000014 90.500000000000014 58.500000000000007 149.50000000000003 138.50000000000003 83.500000000000014 1.5000000000000002 90.500000000000014 99.500000000000014 19.350000000000005 44.500000000000007 27.350000000000005 48.500000000000007 111.50000000000001 88.500000000000014 58.500000000000007 24.550000000000004 27.050000000000004
decision_type=2 2 2 2 2 2 2 2 2 2 2 2 2 2 2 2 2 2 2 2 2 2 2 2 2 2 2 2 2 2
left_child=1 3 5 4 28 11 8 -6 -5 -8 13 12 -2 14 -3 16 17 -4 -13 21 -21 -17 -18 29 25 -12 -25 -26 -1 -7
right_child=2 10 15 6 7 23 9 -9 -10 -11 24 18 -14 -15 -16 19 22 -19 -20 20 -22 -23 -24 26 27 -27 -28 -29 -30 -31
leaf_value=0.0057701561241279477 -0.00045344964222198368 0.0012694933779927014 0.0088863907263827101 -0.004472038443614725 -0.0081317415763769094 0.0065561590652524282 -0.0012035988130858787 -0.0029199720508011826 -0.00066460354111005069 0.0019032988106384425 0.0049765738819202796 0.0033624695331772847 0.0020247381677700365 0.014246811050391281 0.0058158643230895599 0.0013212519513533833 0.0094623663337694789 0.0025030207422400206 0.0079669732348506671 0.0036942479784616189 0.0086885629007139673 0.009592285887742481 0.007949459223852564 0.0095517147847297718 0.0054870653115970461 0.012138631127964041 0.006846084118504174 0.0082104780617626785 0.011575046013782809 0.00044398741394054006
leaf_weight=11.614465609192846 621.45718947052956 197.57618559896946 34.696543574333191 1766.4091645181179 2491.4125752598047 87.443168520927429 791.69654919207096 304.54632547497749 295.31125384569168 292.21534487605095 9.1534975022077578 122.80282390117645 420.68543592095375 9.2173981517553312 71.831470727920532 7.3213611245155326 158.91277131438255 39.913731604814529 27.59138785302639 27.322619706392288 516.90226872265339 749.36151254177094 1305.684563934803 95.351546481251717 90.490186810493469 21.077034413814545 66.215306311845779 62.233043298125267 21.229065373539925 6.7279052436351767
leaf_count=47 2489 799 145 7250 10537 367 3189 1268 1197 1171 38 500 1700 39 296 31 688 165 113 120 2283 3299 5645 410 374 89 282 262 88 28
internal_value=0 -0.00422928 0.00634838 -0.004909 -0.00736568 0.00217023 -0.00269975 -0.00756406 -0.00392668 -0.000366 0.00456865 0.00100854 0.000546929 0.00287089 0.00248168 0.00847897 0.00798554 0.00547152 0.00420721 0.00906278 0.00843783 0.00951226 0.00811361 0.00758732 0.0071542 0.00997003 0.00844286 0.00659683 0.00952226 0.00611948
internal_weight=0 6436.01 4288.39 5974.43 2828.8 1448.27 3145.63 2795.96 2061.72 1083.91 461.579 1192.54 1042.14 278.625 269.408 2840.12 1539.21 74.6103 150.394 1300.91 544.225 756.683 1464.6 255.738 182.954 30.2305 161.567 152.723 32.8435 94.1711
internal_count=44909 26644 18265 24747 11940 5889 12807 11805 8447 4360 1897 4802 4189 1134 1095 12376 6643 310 613 5733 2403 3330 6333 1087 763 127 692 636 135 395
is_linear=0
shrinkage=0.01


Tree=57
num_leaves=32
num_cat=0
split_feature=6 2 6 0 0 2 0 2 5 6 0 0 3 0 6 3 0 6 0 3 3 3 5 0 0 0 3 0 0 0 0
split_gain=2826.4 377.613 376.093 319.044 93.0435 89.5689 88.3706 72.5728 46.3794 27.069 20.1938 17.3814 16.9727 11.0346 8.11456 6.54412 5.09992 4.89689 7.48428 3.60873 6.38587 4.19146 3.23074 3.20147 2.85014 4.2352 2.53128 2.20772 1.99733 1.54852 0.677534
threshold=125.50000000000001 2.5000000000000004 130.50000000000003 51.500000000000007 38.500000000000007 2.5000000000000004 58.500000000000007 1.5000000000000002 2.5000000000000004 110.50000000000001 62.500000000000007 58.500000000000007 85.500000000000014 60.500000000000007 149.50000000000003 70.500000000000014 62.500000000000007 138.50000000000003 51.500000000000007 90.500000000000014 99.500000000000014 78.500000000000014 2.5000000000000004 44.500000000000007 51.500000000000007 58.500000000000007 83.500000000000014 60.500000000000007 36.500000000000007 55.500000000000007 62.500000000000007
decision_type=2 2 2 2 2 2 2 2 2 2 2 2 2 2 2 2 2 2 2 2 2 2 2 2 2 2 2 2 2 2 2
left_child=1 3 5 4 28 11 9 -6 24 -5 -8 12 -2 15 17 -10 -13 18 -4 21 -21 -16 27 -19 26 -26 -3 -7 -1 -24 -15
right_child=2 8 14 6 7 22 10 -9 13 -11 -12 16 -14 30 19 -17 -18 23 -20 20 -22 -23 29 -25 25 -27 -28 -29 -30 -31 -32
leaf_value=0.0079902269360196294 -0.0009131801842180915 0.0086226170627575777 0.0088056035691938539 -0.0058197299866501297 -0.0080655649650805423 0.0077949443624345718 -0.0011916389709877694 -0.0028924053297297182 -0.0030585581501068322 -0.0032090448095001044 0.0018843716292811831 0.0021121271449718636 0.0019361225353608431 0.0049991628727928264 0.0065247081887918994 0.0014178622193789447 0.0047954573843230043 0.0093924553404947358 0.0024542518131240323 0.0036613703603191783 0.0086249062286270634 0.0096347686853653011 0.0076544895662206767 0.007887254922063212 0.0054447246710116427 0.0087644817909976521 0.013835162255833651 0.010664414833764227 0.013639647175628466 0.0051419176090708296 0.0076817771456790017
leaf_weight=24.377341166138649 510.02376759052277 59.870133996009827 34.833096548914909 537.22539779543877 2486.7590200006962 118.44436682760715 791.6463016718626 304.37523956596851 41.224401324987411 1523.2811038345098 292.19903753697872 224.59877823293209 354.28595715761185 18.173272103071213 46.157642960548401 157.16105718910694 103.45546925067902 158.4967464953661 39.6968954205513 27.292439669370651 515.51708966493607 708.34339806437492 40.918134450912476 1302.8366044014692 81.434942185878754 72.768845662474632 11.033070534467695 34.658420145511627 8.4195205569267255 61.240575477480888 19.535449951887131
leaf_count=100 2041 249 146 2223 10537 506 3189 1268 166 6224 1171 907 1431 75 199 634 423 688 164 120 2283 3131 172 5645 337 307 48 151 35 258 81
internal_value=0 -0.00419127 0.00629612 -0.00486495 -0.00730467 0.0021495 -0.00267385 -0.00750143 0.0045267 -0.00388972 -0.000362363 0.0009986 0.000254767 0.00143021 0.00841485 0.000487664 0.00295834 0.00792299 0.00542268 0.00899715 0.00837534 0.00944451 0.00752554 0.00805051 0.00777432 0.00701132 0.00943373 0.00844452 0.00944053 0.00614829 0.00638892
internal_weight=0 6429.48 4280.8 5968.28 2823.93 1447.63 3144.35 2791.13 461.201 2060.51 1083.85 1192.36 864.31 236.094 2833.17 198.385 328.054 1535.86 74.53 1297.31 542.81 754.501 255.261 1461.33 225.107 154.204 70.9032 153.103 32.7969 102.159 37.7087
internal_count=44909 26644 18265 24747 11940 5889 12807 11805 1897 8447 4360 4802 3472 956 12376 800 1330 6643 310 5733 2403 3330 1087 6333 941 644 297 657 135 430 156
is_linear=0
shrinkage=0.01


Tree=58
num_leaves=32
num_cat=0
split_feature=6 6 0 5 6 0 0 3 1 1 3 0 1 1 6 6 4 3 6 3 4 1 6 3 1 5 3 3 1 5 5
split_gain=2774.32 370.525 368.568 124.373 75.5474 69.8726 54.7904 47.6359 34.2517 34.1346 23.3621 23.1582 19.2175 15.4213 10.4341 10.0389 9.10835 8.42722 8.04867 7.82752 7.68753 7.59648 4.83847 7.45819 4.33157 3.64341 3.56427 6.30026 4.90654 3.2055 2.14243
threshold=125.50000000000001 130.50000000000003 54.500000000000007 1.5000000000000002 110.50000000000001 60.500000000000007 42.500000000000007 80.500000000000014 32.95000000000001 31.450000000000003 90.500000000000014 60.500000000000007 24.550000000000004 23.150000000000002 117.50000000000001 115.50000000000001 1.5000000000000002 85.500000000000014 149.50000000000003 84.500000000000014 1.5000000000000002 23.850000000000005 138.50000000000003 83.500000000000014 18.350000000000005 2.5000000000000004 90.500000000000014 99.500000000000014 19.350000000000005 2.5000000000000004 2.5000000000000004
decision_type=2 2 2 2 2 2 2 2 2 2 2 2 2 2 2 2 2 2 2 2 2 2 2 2 2 2 2 2 2 2 2
left_child=2 11 3 4 12 8 -6 9 10 -5 -4 13 -1 24 -9 21 -17 -15 22 -10 30 -7 23 -3 -2 -22 28 -28 -20 -24 -13
right_child=1 18 5 7 6 15 -8 14 19 -11 -12 20 -14 17 -16 16 -18 -19 26 -21 25 -23 29 -25 -26 -27 27 -29 -30 -31 -32
leaf_value=-0.010090015933843764 0.0070871891128958895 0.0087715596482186107 -0.0026988405591519345 -0.0037669227455255651 -0.0089733902629657754 -0.0036839814717415527 -0.0049277813938956817 0.011337140505723698 0.0012832764333189639 0.0034932368770766264 0.016144867090609211 0.0056510293408543501 -0.0075388659452042131 0.0011986366710017519 0.0024574483780435341 0.0033862366580930938 0.00063975603064755297 0.003027259729628366 0.0012210263922429476 0.0087326799230372804 0.0032709471142535456 0.00094773824970169611 0.0081552494339571756 0.0024254800462766564 -0.0018071312123440931 -0.0027098237439892605 0.0036287713223418687 0.0085618367893565105 0.0094574035099803007 0.0066735240184322584 0.0089415003186842888
leaf_weight=569.84087955951691 5.6920878589153281 34.594790309667587 1620.3299028873444 346.03293451666832 407.82378977537155 52.199776709079742 1868.624515876174 31.050740301609039 171.801877617836 79.669294714927673 6.6061042994260779 144.98675866425037 612.81832981109619 599.92845891416073 23.061152577400208 309.63216118514538 197.94358062744141 434.58099803328514 7.3036427497863761 15.366914436221121 83.38785457611084 110.09194380044937 1293.47843927145 39.853504300117493 143.86269995570183 11.603058621287344 27.262394607067108 514.12840010225773 745.00546860694885 164.57960897684097 22.914856180548668
leaf_count=2449 23 145 6568 1425 1758 210 7807 129 693 326 27 599 2606 2427 94 1250 796 1774 31 62 341 444 5626 165 580 48 120 2283 3299 707 97
internal_value=0 0.00624437 -0.00415364 -0.00605594 -0.00671774 -0.0011371 -0.00565255 -0.00128483 -0.00215627 -0.0024082 -0.00262233 0.00212901 -0.00876809 0.0015329 0.00755283 0.00162295 0.00231517 0.00196681 0.00835135 0.00189489 0.00481388 -0.000542016 0.00786103 0.00537439 -0.00146861 0.0025404 0.00893217 0.00831343 0.00937744 0.007988 0.00610011
internal_weight=0 4273.16 6422.89 3938.92 3459.11 2483.97 2276.45 479.814 1814.1 425.702 1626.94 1446.96 1182.66 1184.06 54.1119 669.867 507.576 1034.51 2826.21 187.169 262.893 162.292 1532.51 74.4483 149.555 94.9909 1293.7 541.391 752.309 1458.06 167.902
internal_count=44909 18265 26644 16594 14620 10050 9565 1974 7350 1751 6595 5889 5055 4804 223 2700 2046 4201 12376 755 1085 654 6643 310 603 389 5733 2403 3330 6333 696
is_linear=0
shrinkage=0.01


Tree=59
num_leaves=32
num_cat=0
split_feature=6 6 0 5 0 0 6 0 3 1 0 0 6 1 0 6 3 6 4 4 3 1 5 6 5 0 3 3 0 1 5
split_gain=2723.01 365.171 362.21 122.27 74.8508 68.497 54.3775 53.1292 46.7225 33.6725 33.6216 21.2668 19.6084 12.541 10.7332 10.2609 9.92617 9.8409 9.09099 8.93096 7.49853 7.44579 7.13353 5.64434 4.85306 4.81366 4.17972 3.16282 2.98123 2.03106 1.98138
threshold=125.50000000000001 135.50000000000003 54.500000000000007 1.5000000000000002 44.500000000000007 60.500000000000007 115.50000000000001 38.500000000000007 80.500000000000014 28.950000000000003 38.500000000000007 60.500000000000007 119.50000000000001 23.150000000000002 38.500000000000007 117.50000000000001 84.500000000000014 115.50000000000001 1.5000000000000002 1.5000000000000002 90.500000000000014 23.850000000000005 2.5000000000000004 149.50000000000003 2.5000000000000004 44.500000000000007 69.500000000000014 77.500000000000014 57.500000000000007 27.850000000000005 2.5000000000000004
decision_type=2 2 2 2 2 2 2 2 2 2 2 2 2 2 2 2 2 2 2 2 2 2 2 2 2 2 2 2 2 2 2
left_child=2 11 3 4 7 9 -6 -1 10 12 -5 13 -4 20 -15 -10 -11 21 30 -19 -2 -7 23 25 -20 -3 -25 28 -24 -29 -13
right_child=1 22 5 8 6 17 -8 -9 15 16 -12 18 -14 14 -16 -17 -18 19 24 -21 -22 -23 27 26 -26 -27 -28 29 -30 -31 -32
leaf_value=0.0093440504274756465 -0.001379585701084813 0.0097875594855573837 -0.0049981573037071588 0.013000917381103188 -0.0079082020494450171 -0.0036473843958575052 -0.0046645336586274167 -0.0091556786370356868 0.011241895120574464 -0.00019238962889683544 -0.0028984658526269042 0.0057208800062889063 -0.0022299131137055142 0.013623513388118338 0.0019724209573967985 0.0024330303219061941 0.0057567405692512943 0.0033531214088991131 0.0031768510630139197 0.00063337601534134533 0.010397441704873672 0.00093830233922195187 0.01421521434178102 0.0029452641373147255 -0.0035852361027372344 0.0078615912000831838 0.0090957504586526086 0.007779895883136107 0.0062966843473997508 0.0059877643057146858 0.0088153157215709928
leaf_weight=15.759212106466292 152.09234887361526 146.17726808786392 342.91638097167015 13.744078546762465 753.72791768610477 52.196318447589874 1644.3586526960135 1039.9749983400106 31.000925183296204 432.65682047605515 411.80854317545891 148.22167029976845 1008.128586217761 7.9656737595796576 1067.9477597177029 23.059677258133888 29.990325331687927 309.5635362714529 87.245305642485619 197.9381363093853 5.6056151539087287 110.087097838521 11.008569955825807 11.156320691108702 12.08332386612892 1156.2245245277882 1149.9698866009712 97.423912659287453 8.3690233379602414 180.22408823668957 24.049539163708687
leaf_count=65 614 638 1403 56 3189 210 6857 4509 129 1750 1695 613 4076 33 4341 94 121 1250 357 796 23 444 47 47 50 5038 5122 422 36 782 102
internal_value=0 0.00619272 -0.00411597 -0.0060038 -0.0066608 -0.00112596 -0.00568403 -0.00887953 -0.00127251 -0.00213519 -0.00238496 0.0022304 -0.00293254 0.00167267 0.00205868 0.00748445 0.000193253 0.00160692 0.00476365 0.00229235 -0.000960953 -0.000536623 0.0083532 0.00852971 0.00235424 0.00807776 0.00903666 0.00688922 0.0107953 0.00661661 0.00615287
internal_weight=0 4265.76 6416.91 3933.43 3453.82 2483.48 2398.09 1055.73 479.613 1813.69 425.553 1505.21 1351.04 1233.61 1075.91 54.0606 462.647 669.785 271.6 507.502 157.698 162.283 2760.55 2463.53 99.3286 1302.4 1161.13 297.026 19.3776 277.648 172.271
internal_count=44909 18265 26644 16594 14620 10050 10046 4574 1974 7350 1751 6133 5479 5011 4374 223 1871 2700 1122 2046 637 654 12132 10845 407 5676 5169 1287 83 1204 715
is_linear=0
shrinkage=0.01


Tree=60
num_leaves=32
num_cat=0
split_feature=3 2 0 1 0 0 2 5 1 3 2 1 4 3 1 5 3 5 1 1 0 1 0 3 3 1 5 2 0 0 1
split_gain=1799.44 540.372 401.84 103.47 91.924 52.4669 42.3399 41.5805 33.9831 31.1086 33.2304 25.138 13.1566 10.6452 11.8201 7.69545 7.4001 6.91939 5.54907 5.43443 4.69579 4.198 4.19295 3.49198 3.00447 2.53234 3.33665 2.65122 2.43128 2.32155 1.35601
threshold=80.500000000000014 2.5000000000000004 54.500000000000007 27.450000000000003 60.500000000000007 45.500000000000007 1.5000000000000002 2.5000000000000004 22.750000000000004 90.500000000000014 1.5000000000000002 27.550000000000004 1.5000000000000002 85.500000000000014 22.450000000000003 1.5000000000000002 60.500000000000007 1.5000000000000002 28.050000000000004 35.650000000000013 62.500000000000007 42.650000000000013 59.500000000000007 60.500000000000007 118.50000000000001 34.95000000000001 2.5000000000000004 1.5000000000000002 29.500000000000004 51.500000000000007 37.95000000000001
decision_type=2 2 2 2 2 2 2 2 2 2 2 2 2 2 2 2 2 2 2 2 2 2 2 2 2 2 2 2 2 2 2
left_child=1 2 3 5 8 -1 -5 18 -4 10 13 16 -6 15 -15 -2 -9 19 29 -12 24 -13 -19 -20 28 27 -27 -22 -11 -3 -26
right_child=9 7 4 6 12 -7 -8 11 -10 20 17 21 -14 14 -16 -17 -18 22 23 -21 25 -23 -24 -25 30 26 -28 -29 -30 -31 -32
leaf_value=-0.0083378177329996514 -0.0010238773514057427 0.0087215782965908099 -0.0047034285466216533 -0.0039124359361211326 0.0034348066144982048 -0.0054924374486274583 0.00094275723269711474 -0.010106690697717658 -0.001094298124515688 0.0013309127842270688 0.0078330528738091137 0.0068435747378344557 0.00078515441925188553 0.0020259796840553148 0.005404370228248653 0.0071325743535807984 0.0012249308349496577 0.0056153275308862636 0.0013002774347204932 0.011036611324742826 0.0087478366806451532 -0.0017281266711769399 0.0083158860517799811 0.0095774680238160711 0.0040955346528797777 0.0051719150263396527 -0.0046954953706622622 0.0047796926056122716 0.0085531562568001082 0.0061238340667194814 0.0097507796809245696
leaf_weight=1013.0155868828297 48.023448497056961 48.115720227360725 308.91583704948425 1105.2845363765955 474.34900458157063 1798.7125488221645 214.46365325152874 5.9524156004190436 1678.112992271781 4.6923741400241843 429.78847767412663 133.25634062290192 309.78179247677326 112.56787799298763 1294.4300624728203 15.237506732344626 181.16330182552338 225.3016819357872 5.2402715831995001 60.393615424633026 33.679686114192009 5.9695301651954642 77.189994901418686 186.29586486518383 22.620176836848263 12.502142101526262 4.7209721058607093 33.669265866279602 699.7597593665123 120.7041303217411 5.2179898917675009
leaf_count=4384 199 202 1258 4621 1930 7550 887 24 6829 20 1867 560 1259 477 5540 63 735 968 22 265 148 25 336 803 99 55 20 148 3083 509 23
internal_value=0 -0.00261569 -0.00345732 -0.00543337 -0.000511265 -0.00651758 -0.00312345 0.00584429 -0.0016554 0.00644727 0.00584343 0.00325851 0.00238802 0.00495365 0.00513408 0.000940747 0.000864456 0.00749381 0.008186 0.00822775 0.00812005 0.00647605 0.00630446 0.00935101 0.00837772 0.00588901 0.00246719 0.00676407 0.00850505 0.00686422 0.00515555
internal_weight=0 7589.33 6902.64 4131.48 2771.16 2811.73 1319.75 686.698 1987.03 3079.8 2262.93 326.342 784.131 1470.26 1407 63.261 187.116 792.674 360.356 490.182 816.862 139.226 302.492 191.536 732.29 84.5721 17.2231 67.349 704.452 168.82 27.8382
internal_count=44909 31598 28718 17442 11276 11934 5508 2880 8087 13311 9715 1344 3189 6279 6017 262 759 3436 1536 2132 3596 585 1304 825 3225 371 75 296 3103 711 122
is_linear=0
shrinkage=0.01


Tree=61
num_leaves=32
num_cat=0
split_feature=6 2 6 6 2 5 1 3 5 1 1 3 1 4 1 3 6 3 6 3 1 3 3 1 5 1 1 5 6 1 1
split_gain=2640.86 360.361 357.567 130.76 86.572 67.0679 66.8161 48.7129 45.164 29.9453 27.4682 17.5611 15.753 12.0424 10.4805 9.90691 7.78213 5.86819 4.66923 7.46767 3.86141 3.72825 6.24709 4.82915 3.17501 3.15283 3.84198 3.57648 2.75405 5.04316 2.95647
threshold=125.50000000000001 2.5000000000000004 130.50000000000003 110.50000000000001 2.5000000000000004 1.5000000000000002 27.550000000000004 80.500000000000014 2.5000000000000004 23.650000000000002 34.850000000000001 90.500000000000014 28.850000000000005 1.5000000000000002 22.250000000000004 85.500000000000014 149.50000000000003 71.500000000000014 138.50000000000003 83.500000000000014 29.950000000000003 90.500000000000014 99.500000000000014 19.350000000000005 2.5000000000000004 31.250000000000004 32.150000000000013 2.5000000000000004 101.50000000000001 31.450000000000003 37.550000000000004
decision_type=2 2 2 2 2 2 2 2 2 2 2 2 2 2 2 2 2 2 2 2 2 2 2 2 2 2 2 2 2 2 2
left_child=1 3 4 5 13 9 11 -7 28 -1 -8 -5 17 15 -15 -2 18 -10 19 -4 -14 23 -23 -18 -20 27 -27 -6 29 -3 -30
right_child=2 8 16 6 25 7 10 -9 12 -11 -12 -13 20 14 -16 -17 21 -19 24 -21 -22 22 -24 -25 -26 26 -28 -29 30 -31 -32
leaf_value=-0.0094264318972040635 0.00079728307412436721 0.0071523589142206577 0.008665151952268739 -0.0046271367613918042 0.0077964896153500064 -0.0034247007271765539 -0.0024925863862383744 0.011213463940400853 -0.0038715188642510986 -0.0066016404532340126 0.0013985016625200194 0.0090855791161850562 0.01087854667131723 -0.0050452075747525584 0.00014323277627662878 0.0031673339779562876 0.0011174282911543645 0.00071944990831934936 0.0079984117824535798 0.0023064579482678714 0.0043986894119618951 0.0034482250845929707 0.0083759848742403203 0.009299574986152118 0.0065199773886658562 0.014101124426242286 0.0080610340881790178 0.0048272097576427886 0.0077135790937486086 -0.0035100950382931273 0.012358465001762194
leaf_weight=586.07061272859573 452.75800602138042 17.327397733926777 34.491828486323357 2814.4312992990017 97.808235198259354 185.41508813202381 1061.4052482098341 25.910641580820084 35.335187420248985 1043.4084101170301 218.82350744307041 9.3701934814453107 10.916496023535727 43.054638415575027 406.60170739889145 288.91425789892673 7.2843694388866416 131.28559628129005 1285.777589648962 39.758738204836845 58.361720681190491 27.0932447463274 509.93428634107113 739.68824204802513 163.75838249921799 12.261848092079161 74.602792799472809 69.311553671956062 186.41684506833553 5.9623903036117545 14.790449440479277
leaf_count=2502 1819 72 145 11692 420 765 4355 106 142 4397 892 38 46 173 1637 1173 31 528 5626 165 240 120 2283 3299 707 53 323 291 780 25 64
internal_value=0 -0.00405568 0.00610908 -0.00471577 0.00206772 -0.00693023 -0.0037225 -0.00162992 0.00446758 -0.00761763 -0.0018275 -0.00458163 0.00141214 0.000937679 -0.000353561 0.00172052 0.00818937 -0.000254155 0.0077061 0.00526028 0.00541975 0.00876289 0.00812738 0.00921978 0.00783139 0.00736826 0.00891366 0.00656501 0.00767819 0.00442268 0.00805502
internal_weight=0 6405.23 4253.1 5944.84 1445.31 1840.8 4104.03 211.326 460.396 1629.48 1280.23 2823.8 235.899 1191.33 449.656 741.672 2807.79 166.621 1523.79 74.2506 69.2782 1284 537.028 746.973 1449.54 253.984 86.8646 167.12 224.497 23.2898 201.207
internal_count=44909 26644 18265 24747 5889 7770 16977 871 1897 6899 5247 11730 956 4802 1810 2992 12376 670 6643 310 286 5733 2403 3330 6333 1087 376 711 941 97 844
is_linear=0
shrinkage=0.01


Tree=62
num_leaves=31
num_cat=0
split_feature=6 2 6 0 0 2 0 2 1 1 0 0 3 3 0 6 1 6 0 3 3 1 0 1 1 0 6 0 1 0
split_gain=2592.09 353.515 352.324 301.367 88.3924 85.0853 81.9031 70.7128 34.4858 18.9331 18.8437 16.2515 15.1994 11.7593 10.2093 7.7202 6.10381 4.61446 7.40283 3.68255 6.16401 4.76383 3.17392 3.11321 3.79793 2.88523 3.23874 2.57547 2.47163 1.67545
threshold=125.50000000000001 2.5000000000000004 130.50000000000003 51.500000000000007 38.500000000000007 2.5000000000000004 58.500000000000007 1.5000000000000002 31.050000000000004 28.050000000000004 62.500000000000007 58.500000000000007 85.500000000000014 90.500000000000014 58.500000000000007 149.50000000000003 41.95000000000001 138.50000000000003 51.500000000000007 90.500000000000014 99.500000000000014 19.350000000000005 44.500000000000007 31.250000000000004 32.150000000000013 48.500000000000007 111.50000000000001 58.500000000000007 24.550000000000004 48.500000000000007
decision_type=2 2 2 2 2 2 2 2 2 2 2 2 2 2 2 2 2 2 2 2 2 2 2 2 2 2 2 2 2 2
left_child=1 3 5 4 28 11 8 -6 -5 13 -8 12 -2 14 -3 17 -13 18 -4 21 -21 -17 -19 29 -25 26 -11 -27 -1 -7
right_child=2 9 15 6 7 23 10 -9 -10 25 -12 16 -14 -15 -16 19 -18 22 -20 20 -22 -23 -24 24 -26 27 -28 -29 -30 -31
leaf_value=0.0055867639577753181 -0.00089564057355863132 0.0012340462694035803 0.0085896716350457297 -0.004247605993367036 -0.0078088263469113456 0.0092078740985963685 -0.0011202785221699329 -0.0026892039092815075 -0.00055193531959545745 0.0047909286988394558 0.0018517561321160201 0.0029992630899246587 0.0018019034770224024 0.013953546956513298 0.0056432631793989227 0.0011065475415694232 -0.0078963329842931043 0.0091145486528332719 0.002257174444916086 0.003417431236214991 0.0083151523686344937 0.0092343517037935564 0.0076075790541466782 0.014014620683885148 0.0079982976434731373 0.0052971908257455078 0.011933205846894659 0.0079482121023071676 0.011337377353877794 0.0061377710519300108
leaf_weight=11.578910142183302 509.97686171531677 197.35975702106953 34.625169157981873 1759.1345735043287 2466.8764419704676 20.227957591414452 790.94695177674294 302.9156102836132 294.81101740896702 9.1132246255874652 292.12454387545586 322.23149636387825 353.77677704393864 9.1197022795677167 71.552860513329506 7.2824449390172949 5.224980190396308 156.75090345740318 39.543756201863289 27.06414906680584 508.53528793156147 737.4747438877821 1289.4742052406073 12.214395627379416 74.436912298202515 90.121353015303612 20.931185752153397 61.760077551007271 21.082464024424553 146.62063236534595
leaf_count=47 2041 799 146 7250 10537 86 3189 1268 1197 38 1171 1309 1431 39 296 31 21 688 164 120 2283 3299 5645 53 323 374 89 262 88 625
internal_value=0 -0.00401879 0.00605894 -0.00467285 -0.00705607 0.00204792 -0.00254381 -0.00724892 -0.00371715 0.00442715 -0.000318665 0.000928396 0.000209221 0.00278599 0.00240726 0.00812795 0.00282541 0.00764615 0.00521345 0.00870007 0.00806767 0.00915488 0.00777091 0.0073086 0.00884636 0.00693529 0.00976677 0.00637518 0.00929871 0.00650998
internal_weight=0 6399.43 4245.46 5939.47 2802.45 1444.71 3137.02 2769.79 2053.95 459.958 1083.07 1191.21 863.754 278.032 268.913 2800.75 327.456 1520.39 74.1689 1280.36 535.599 744.757 1446.23 253.5 86.6513 181.926 30.0444 151.881 32.6614 166.849
internal_count=44909 26644 18265 24747 11940 5889 12807 11805 8447 1897 4360 4802 3472 1134 1095 12376 1330 6643 310 5733 2403 3330 6333 1087 376 763 127 636 135 711
is_linear=0
shrinkage=0.01


Tree=63
num_leaves=32
num_cat=0
split_feature=6 6 0 5 0 6 3 1 1 0 6 0 0 1 3 1 6 4 4 1 5 6 6 5 0 1 3 3 0 1 5
split_gain=2544.4 347.151 344.22 115.247 87.2386 55.0954 44.5289 43.3494 42.0681 33.7394 28.6714 20.2406 19.1109 12.66 11.8981 13.2067 9.49464 8.80651 8.52391 7.13935 7.09698 6.98004 5.42381 4.85901 4.78385 4.2272 4.11649 3.20067 2.97459 2.02956 1.91583
threshold=125.50000000000001 135.50000000000003 52.500000000000007 1.5000000000000002 60.500000000000007 110.50000000000001 80.500000000000014 28.950000000000003 27.450000000000003 38.500000000000007 117.50000000000001 60.500000000000007 38.500000000000007 34.850000000000001 96.500000000000014 22.050000000000004 115.50000000000001 1.5000000000000002 1.5000000000000002 23.850000000000005 2.5000000000000004 117.50000000000001 149.50000000000003 2.5000000000000004 44.500000000000007 34.550000000000004 69.500000000000014 77.500000000000014 57.500000000000007 27.850000000000005 2.5000000000000004
decision_type=2 2 2 2 2 2 2 2 2 2 2 2 2 2 2 2 2 2 2 2 2 2 2 2 2 2 2 2 2 2 2
left_child=2 11 3 5 7 12 9 10 -7 -5 -4 14 -1 -9 15 -2 19 30 -18 -6 22 -8 24 -19 -3 -16 -24 28 -22 -29 -13
right_child=1 20 4 6 16 8 21 13 -10 -11 -12 17 -14 -15 25 -17 18 23 -20 -21 27 -23 26 -25 -26 -27 -28 29 -30 -31 -32
leaf_value=0.0063785179181308355 -0.0022328917247236451 0.0095752423646874758 -0.0053332030414911073 0.012876014320635792 -0.0035717243599288702 -0.0069255592073566019 0.010692873843243206 -0.00096311611146819229 -0.0036280995681401318 -0.0031308466169804794 -0.0025077898576482799 0.0055687826587888555 -0.0089566600294196386 0.0024513034030146661 0.0088176553167883063 0.0017354967025811675 0.0032917517221409888 0.0030739678952136167 0.00063393919911140957 0.00091997449901246356 0.01403731615583551 0.0031740373062490806 0.0027476297725566711 -0.0036996290345332073 0.0076467288078692257 -0.00066967504337934883 0.008866620052356132 0.007556893356716006 0.0061004883929640695 0.0057581969746810574 0.0086204438685072941
leaf_weight=8.1925159394741041 90.744966208934784 144.87681336700916 485.45937289297581 13.709733277559279 52.168182492256165 1284.1871234923601 29.401911705732346 463.10058805346489 553.71792335808277 333.3451007604599 1380.4800039678812 147.73251251876354 1008.689188465476 141.8564976900816 29.773758605122566 1105.6403800100088 309.27874054014683 87.082562565803528 197.86671018600464 110.00366175174713 10.927759021520616 21.285253152251244 11.101560324430464 12.056559279561041 1146.7769549638033 5.5759192556142798 1137.8052024245262 96.635999724268913 8.3152484297752363 178.80040439963341 23.900621071457863
leaf_count=34 367 638 2011 56 210 5473 123 1887 2319 1378 5636 613 4365 575 123 4498 1250 357 796 444 47 87 47 50 5038 23 5122 422 36 782 102
internal_value=0 0.00600935 -0.00398279 -0.00626284 -0.0016212 -0.00696545 -0.00121982 -0.00248869 -0.00593211 -0.00249853 -0.00324287 0.00214762 -0.00883311 -0.000162468 0.00160344 0.0014345 0.00158127 0.0046231 0.00225479 -0.000524936 0.00813065 0.00753546 0.00830765 0.00225021 0.00786304 0.00732116 0.00880749 0.00666473 0.0106077 0.00638926 0.00599374
internal_weight=0 4237.75 6392.74 3252.53 3140.21 2854.79 397.742 2470.9 1837.91 347.055 1865.94 1502.51 1016.88 604.957 1231.74 1196.39 669.317 270.772 507.145 162.172 2735.24 50.6872 2440.56 99.1391 1291.65 35.3497 1148.91 294.679 19.243 275.436 171.633
internal_count=44909 18265 26644 13835 12809 12191 1644 10109 7792 1434 7647 6133 4399 2462 5011 4865 2700 1122 2046 654 12132 210 10845 407 5676 146 5169 1287 83 1204 715
is_linear=0
shrinkage=0.01


Tree=64
num_leaves=32
num_cat=0
split_feature=6 2 6 6 2 5 1 3 5 1 1 3 1 4 1 3 6 6 2 6 5 1 3 3 1 5 1 1 6 6 1
split_gain=2497.41 345.245 342.339 126.711 83.6047 64.7558 64.2772 47.0727 44.3634 29.383 26.5526 17.0462 15.1256 11.7445 10.1469 9.5523 7.59665 5.83039 4.59777 9.53958 6.43342 3.80907 3.6469 6.09839 4.71387 3.09375 3.87424 2.99889 2.70376 4.98957 2.88509
threshold=125.50000000000001 2.5000000000000004 130.50000000000003 110.50000000000001 2.5000000000000004 1.5000000000000002 27.550000000000004 80.500000000000014 2.5000000000000004 23.650000000000002 34.850000000000001 90.500000000000014 28.850000000000005 1.5000000000000002 22.250000000000004 85.500000000000014 149.50000000000003 100.50000000000001 1.5000000000000002 138.50000000000003 1.5000000000000002 29.950000000000003 90.500000000000014 99.500000000000014 19.350000000000005 2.5000000000000004 22.050000000000004 35.850000000000001 101.50000000000001 99.500000000000014 37.550000000000004
decision_type=2 2 2 2 2 2 2 2 2 2 2 2 2 2 2 2 2 2 2 2 2 2 2 2 2 2 2 2 2 2 2
left_child=1 3 4 5 13 9 11 -7 28 -1 -8 -5 17 15 -15 -2 18 -10 19 -4 -20 -14 24 -24 -18 27 -27 -6 29 -3 -30
right_child=2 8 16 6 25 7 10 -9 12 -11 -12 -13 21 14 -16 -17 22 -19 20 -21 -22 -23 23 -25 -26 26 -28 -29 30 -31 -32
leaf_value=-0.0092550727911018017 0.00076540732292282884 0.0089759387931024875 0.002448546492024529 -0.0045051983906220124 0.0075907020579116793 -0.0033327367757616804 -0.0024111320462515051 0.011074629024175766 -0.0079043090643495777 -0.0064495948994233157 0.0014162212662292375 0.0090122007853991933 0.010741099181644728 -0.0049933726327446651 0.00011218010543527649 0.0030934755692214083 0.0010154856314821266 0.00020007923934476762 0.0090630255810968761 0.0073143387203434161 0.0068969402856816596 0.0042927853880416426 0.0033116918787218807 0.0081926268712409871 0.0091099746736111528 -0.0021930633619890029 0.0063514141392135839 0.011773061117587925 0.0076267343873303748 -0.00028892269964228475 0.012227685538442499
leaf_weight=582.69943116605282 452.63258923590183 11.671564698219299 42.197508245706558 2806.6577287763357 131.74165010452271 185.04548579454422 1059.7965036034584 25.845136538147926 9.408213719725607 1038.9479564428329 218.66216184198856 9.3602421432733518 10.870271965861319 43.049411967396736 406.48725445568562 288.63160014152527 7.2657649070024481 157.15943121910095 355.97722572088242 892.41689059138298 223.02084209024906 58.246524855494499 26.963101178407669 505.66920173168182 733.1667482405901 5.6178483366966239 95.778288424015045 19.709094077348709 185.96837748587132 11.579984799027443 14.706795141100882
leaf_count=2502 1819 49 175 11692 570 765 4355 106 38 4397 892 38 46 173 1637 1173 31 632 1577 3916 975 240 120 2283 3299 23 407 87 780 48 64
internal_value=0 -0.00394677 0.00595976 -0.00459422 0.00200743 -0.00677978 -0.00361605 -0.00156708 0.00440254 -0.00745767 -0.00175652 -0.00446027 0.0013742 0.000898522 -0.000376748 0.0016719 0.00800728 -0.00025768 0.00752845 0.00709465 0.00822868 0.00530694 0.0085766 0.00794554 0.00903054 0.00722989 0.00587801 0.00813497 0.00758989 0.00436175 0.00796392
internal_weight=0 6386.63 4230.33 5927.01 1443.65 1832.54 4094.48 210.891 459.611 1621.65 1278.46 2816.02 235.684 1190.8 449.537 741.264 2786.68 166.568 1513.61 934.614 578.998 69.1168 1273.06 532.632 740.433 252.847 101.396 151.451 223.927 23.2515 200.675
internal_count=44909 26644 18265 24747 5889 7770 16977 871 1897 6899 5247 11730 956 4802 1810 2992 12376 670 6643 4091 2552 286 5733 2403 3330 1087 430 657 941 97 844
is_linear=0
shrinkage=0.01


Tree=65
num_leaves=32
num_cat=0
split_feature=6 2 6 6 2 3 1 5 6 1 1 3 1 4 1 3 6 6 2 6 5 1 3 3 1 5 1 1 6 1 1
split_gain=2451.33 338.69 337.34 124.705 82.1714 64.027 63.115 43.6092 39.1031 32.6771 26.0336 16.7173 14.8426 11.5132 9.94447 9.36941 7.53629 5.71344 4.54184 9.40227 6.35972 3.75275 3.60317 6.01776 4.65044 3.05459 3.80602 2.96716 2.66217 4.99491 2.85553
threshold=125.50000000000001 2.5000000000000004 130.50000000000003 110.50000000000001 2.5000000000000004 80.500000000000014 27.550000000000004 2.5000000000000004 109.50000000000001 23.650000000000002 34.850000000000001 90.500000000000014 28.850000000000005 1.5000000000000002 22.250000000000004 85.500000000000014 149.50000000000003 100.50000000000001 1.5000000000000002 138.50000000000003 1.5000000000000002 29.950000000000003 90.500000000000014 99.500000000000014 19.350000000000005 2.5000000000000004 22.050000000000004 35.850000000000001 101.50000000000001 31.450000000000003 37.550000000000004
decision_type=2 2 2 2 2 2 2 2 2 2 2 2 2 2 2 2 2 2 2 2 2 2 2 2 2 2 2 2 2 2 2
left_child=1 3 4 5 13 9 11 28 -7 -1 -8 -5 17 15 -15 -2 18 -9 19 -4 -20 -14 24 -24 -18 27 -27 -6 29 -3 -30
right_child=2 7 16 6 25 8 10 12 -10 -11 -12 -13 21 14 -16 -17 22 -19 20 -21 -22 -23 23 -25 -26 26 -28 -29 30 -31 -32
leaf_value=-0.0089688276258238081 0.00075776774555503959 0.0070438187122647588 0.0024251638288078242 -0.0044636555035661839 0.007530581293696657 0.0092578885085039409 -0.0023877922326305538 -0.0078240214235617139 -0.0046619410144866941 -0.0061115838325294805 0.0014018889105577091 0.0089245187807380898 0.010660518094158007 -0.0049431885877462573 0.00011105897992640676 0.0030637194134066027 0.0010055780841271105 0.00019807959064272956 0.0089979491092300381 0.0072570929188712149 0.0068417983986894327 0.0042529233907894499 0.0032820519510946876 0.0081333832237114167 0.009046521985244171 -0.0021704153989577008 0.0062975367833959404 0.01169789036428861 0.0075627246197207346 -0.0035777046304738551 0.012147683883405825
leaf_weight=620.28278841078281 452.62398080527782 17.277843058109287 42.178415238857269 2804.4622696638107 131.46686328947544 38.570659294724464 1059.4557826370001 9.4097026735544187 42.328002259135246 1128.4490286558867 218.68856804072857 9.3576955497264844 10.843051001429556 43.051583185791969 406.48476530611515 288.52115416526794 7.2639847993850699 157.15856584906578 354.97132107615471 890.47169589996338 222.57236590981483 58.204743921756744 26.934681341052055 504.26600907742977 730.93733049929142 5.6196964830160132 95.632459238171577 19.637745872139931 185.66847044229507 5.9528886973857871 14.655869647860525
leaf_count=2664 1819 72 175 11692 570 159 4355 38 175 4772 892 38 46 173 1637 1173 31 632 1577 3916 975 240 120 2283 3299 23 407 87 780 25 64
internal_value=0 -0.00391092 0.00591099 -0.00455247 0.00198821 -0.00672271 -0.0035821 0.00436273 0.00197472 -0.00712506 -0.00173938 -0.00441913 0.00136086 0.000889628 -0.000372981 0.00165545 0.00794751 -0.000255101 0.00747012 0.00703857 0.00816702 0.00525915 0.00851545 0.0078874 0.0089674 0.00717157 0.00582755 0.00807217 0.00752655 0.00432205 0.00789816
internal_weight=0 6380.77 4222.63 5921.59 1443.04 1829.63 4091.96 459.171 80.8987 1748.73 1278.14 2813.82 235.616 1190.68 449.536 741.145 2779.6 166.568 1510.19 932.65 577.544 69.0478 1269.4 531.201 738.201 252.357 101.252 151.105 223.555 23.2307 200.324
internal_count=44909 26644 18265 24747 5889 7770 16977 1897 334 7436 5247 11730 956 4802 1810 2992 12376 670 6643 4091 2552 286 5733 2403 3330 1087 430 657 941 97 844
is_linear=0
shrinkage=0.01


Tree=66
num_leaves=32
num_cat=0
split_feature=6 0 6 2 2 2 5 0 0 3 6 2 3 0 0 5 3 6 0 2 2 6 5 3 3 3 3 0 0 4 0
split_gain=2406.12 337.377 332.419 202.724 134.121 80.7636 78.7853 68.5166 53.1638 34.7878 25.9005 23.7085 23.354 18.1191 15.7381 13.5151 12.8057 7.47657 5.67919 4.69081 4.48688 9.26711 6.28733 4.37866 3.56031 5.9384 4.13121 3.08026 6.63826 5.03712 3.04318
threshold=125.50000000000001 52.500000000000007 130.50000000000003 1.5000000000000002 2.5000000000000004 2.5000000000000004 1.5000000000000002 58.500000000000007 42.500000000000007 80.500000000000014 110.50000000000001 2.5000000000000004 80.500000000000014 62.500000000000007 61.500000000000007 2.5000000000000004 85.500000000000014 149.50000000000003 60.500000000000007 1.5000000000000002 1.5000000000000002 138.50000000000003 1.5000000000000002 90.500000000000014 90.500000000000014 99.500000000000014 78.500000000000014 60.500000000000007 55.500000000000007 1.5000000000000002 53.500000000000007
decision_type=2 2 2 2 2 2 2 2 2 2 2 2 2 2 2 2 2 2 2 2 2 2 2 2 2 2 2 2 2 2 2
left_child=1 3 5 6 7 14 8 10 -1 11 -3 -5 -8 -9 16 30 -2 20 -17 -16 21 -4 -22 -11 26 -26 -19 28 -7 -29 -6
right_child=2 4 17 9 15 27 12 13 -10 23 -12 -13 -14 -15 19 18 -18 24 -20 -21 22 -23 -24 -25 25 -27 -28 29 -30 -31 -32
leaf_value=-0.0101747491109359 -0.00046672916723922397 -0.0054945564350325935 0.0024020010896044141 -0.002690517577183141 0.011886159875614602 0.0081540409026237392 -0.0024569629573527796 -0.0010135498167268991 -0.0068419704006589185 0.0057157727437386861 -0.0027128184187199793 0.0022705211282452831 0.0077444990142125541 0.0019011792512809767 0.0030742116800946428 0.0016416427028253819 0.0017944963711241239 0.0059790797618421623 0.0061321070061106358 0.0076502790132571743 0.0089334859691870949 0.007200345674723713 0.0067871338744663143 0.012187932882853129 0.0032526621412744062 0.0080746437730939563 0.0090966859306423828 0.011173936314037267 0.0044368774797232096 0.0047682631249336858 0.0065972090320920553
leaf_weight=639.59008127450943 621.27884106338024 450.01295748353004 42.159393548965454 311.63314898312092 11.838249132037161 109.02551946043968 171.63407285511494 790.20238769054413 1901.9325279146433 34.214071944355965 1306.4184547662735 139.42860373854637 25.81612192094326 292.11825715005398 122.26852451264858 113.2964550703764 419.58856232464314 45.291724815964699 37.482487440109253 27.425394922494888 353.96251457929611 888.52455908060074 222.12360356748104 15.051599413156508 26.906413853168488 502.86205045878887 690.6741448789835 39.040934145450592 85.892380103468895 17.906258717179298 134.25544176995754
leaf_count=2824 2489 1873 175 1311 49 469 717 3189 8100 142 5346 571 106 1171 500 458 1700 199 156 113 1577 3916 975 64 120 2283 3131 173 368 77 567
internal_value=0 -0.00387538 0.00586264 -0.00613876 -0.00153717 0.00196917 -0.00720796 -0.00220598 -0.00768069 -0.000285555 -0.00342552 -0.001157 -0.00112315 -0.000226865 0.000880822 0.00485818 0.000444803 0.00788827 0.00275794 0.00391259 0.00741231 0.00698298 0.00810591 0.00769314 0.00845485 0.00782974 0.00890483 0.00711379 0.00651604 0.00915976 0.00702578
internal_weight=0 6374.92 4214.93 3239.3 3135.62 1442.43 2738.97 2838.75 2541.52 500.327 1756.43 451.062 197.45 1082.32 1190.56 296.873 1040.87 2772.5 150.779 149.694 1506.77 930.684 576.086 49.2657 1265.73 529.768 735.966 251.865 194.918 56.9472 146.094
internal_count=44909 26644 18265 13835 12809 5889 11747 11579 10924 2088 7219 1882 823 4360 4802 1230 4189 12376 614 613 6643 4091 2552 206 5733 2403 3330 1087 837 250 616
is_linear=0
shrinkage=0.01


Tree=67
num_leaves=32
num_cat=0
split_feature=6 0 6 2 2 2 0 0 0 2 1 6 3 0 3 1 1 1 6 0 1 2 6 3 3 1 0 0 4 0 6
split_gain=2361.91 331.761 327.56 212.161 99.9273 79.3779 66.8086 74.8967 49.1285 42.2211 41.9393 23.3838 16.4725 15.5229 14.2995 12.0174 9.37059 8.06493 7.41752 6.958 5.99057 4.43287 9.13406 3.51837 5.86028 4.60225 3.04443 6.54002 4.97881 2.57521 2.56682
threshold=125.50000000000001 54.500000000000007 130.50000000000003 1.5000000000000002 2.5000000000000004 2.5000000000000004 45.500000000000007 38.500000000000007 60.500000000000007 2.5000000000000004 30.850000000000005 110.50000000000001 80.500000000000014 58.500000000000007 85.500000000000014 32.150000000000013 20.750000000000004 28.650000000000002 149.50000000000003 58.500000000000007 41.95000000000001 1.5000000000000002 138.50000000000003 90.500000000000014 99.500000000000014 19.350000000000005 60.500000000000007 55.500000000000007 1.5000000000000002 45.500000000000007 105.50000000000001
decision_type=2 2 2 2 2 2 2 2 2 2 2 2 2 2 2 2 2 2 2 2 2 2 2 2 2 2 2 2 2 2 2
left_child=1 3 5 6 8 13 7 -1 11 12 -8 -3 -5 14 -2 -11 -10 19 21 -6 -15 22 -4 25 -25 -20 27 -7 -28 -23 -19
right_child=2 4 18 9 17 26 10 -9 16 15 -12 -13 -14 20 -16 -17 -18 30 23 -21 -22 29 -24 24 -26 -27 28 -29 -30 -31 -32
leaf_value=0.0086929366421717742 -0.0009019831655017477 -0.0046367135293667837 0.0023790556097939767 -0.0026850380998234835 0.001325234998244623 0.008089983440332231 -0.0061354553007786561 -0.0089199812095643993 -0.0047927439475848772 0.0023454260851766108 -0.0018894700768552642 -0.0018638944954287406 0.0049767525661457111 0.0029001548196829962 0.0017152692160788726 0.0088047007860026921 0.0011153547561227892 0.0020127747541438322 0.00091312554904098616 0.0055899519110641036 -0.0078947000402669748 0.0097487149240553447 0.007144088988171207 0.0032235201784483365 0.008016398465759654 0.0089219271377218145 0.011101112341037644 0.0043975092428247811 0.0047264295425273762 0.0077822501353022886 0.0076487119670445372
leaf_weight=24.651660025119781 509.96485097706318 403.54920771718025 42.140444368124008 380.62816445529461 74.543068781495094 108.79108832776546 1813.4563103616238 1171.245196685195 28.206871286034584 169.55152051150799 266.86176896095276 1234.6247886121273 30.294065177440643 321.77505549788475 353.4228652715683 34.697725966572762 556.22304664552212 8.8579362481832487 7.2467941194772711 78.589338317513466 5.2243094891309729 76.880934193730354 886.57591767609119 26.878301307559013 501.45765143632889 726.47928805649281 38.90475969016552 85.795199021697044 17.884210363030434 497.74482545256615 92.129479840397835
leaf_count=102 2041 1657 175 1600 302 469 7682 5134 114 694 1112 4994 124 1309 1431 146 2228 37 31 327 21 342 3916 120 2283 3299 173 368 77 2210 391
internal_value=0 -0.00384077 0.0058148 -0.0056617 -0.000979744 0.0019504 -0.00667349 -0.00855692 -0.00165893 -0.000273194 -0.00559078 -0.00254695 -0.00212019 0.000872144 0.000169374 0.00344272 0.000830207 0.00496065 0.00782954 0.00351394 0.00272769 0.00735501 0.00692788 0.00839479 0.00777257 0.00884283 0.00705645 0.00646193 0.00909357 0.00804535 0.00715437
internal_weight=0 6368.11 4207.17 3891.39 2476.72 1441.76 3276.21 1195.9 2222.6 615.171 2080.32 1638.17 410.922 1190.39 863.388 204.249 584.43 254.12 2765.4 153.132 326.999 1503.34 928.716 1262.06 528.336 733.726 251.375 194.586 56.789 574.626 100.987
internal_count=44909 26644 18265 16594 10050 5889 14030 5236 8993 2564 8794 6651 1724 4802 3472 840 2342 1057 12376 629 1330 6643 4091 5733 2403 3330 1087 837 250 2552 428
is_linear=0
shrinkage=0.01


Tree=68
num_leaves=32
num_cat=0
split_feature=6 0 6 2 2 2 5 0 0 2 5 1 1 0 0 1 5 1 6 1 2 2 6 5 5 1 5 0 0 1 1
split_gain=2318.55 326.784 322.771 196.144 128.945 78.0166 77.3452 66.1114 52.2857 30.2925 36.0844 25.9751 25.9215 17.5042 15.2527 13.9309 13.283 10.7653 7.35944 7.14004 4.61345 4.37909 9.00306 6.24165 3.30402 3.04701 3.09549 3.01148 2.17426 2.00323 1.8812
threshold=125.50000000000001 52.500000000000007 130.50000000000003 1.5000000000000002 2.5000000000000004 2.5000000000000004 1.5000000000000002 58.500000000000007 42.500000000000007 2.5000000000000004 2.5000000000000004 33.650000000000013 31.250000000000004 62.500000000000007 61.500000000000007 27.450000000000003 2.5000000000000004 22.050000000000004 149.50000000000003 27.550000000000004 1.5000000000000002 1.5000000000000002 138.50000000000003 1.5000000000000002 2.5000000000000004 27.350000000000005 1.5000000000000002 53.500000000000007 60.500000000000007 20.450000000000003 30.950000000000003
decision_type=2 2 2 2 2 2 2 2 2 2 2 2 2 2 2 2 2 2 2 2 2 2 2 2 2 2 2 2 2 2 2
left_child=1 3 5 6 7 14 8 11 -1 15 -11 -3 -8 -9 17 -5 27 -2 21 -18 -16 22 -4 -23 29 26 -7 -6 -27 -20 -26
right_child=2 4 18 9 16 25 12 13 -10 10 -12 -13 -14 -15 20 -17 19 -19 24 -21 -22 23 -24 -25 30 28 -28 -29 -30 -31 -32
leaf_value=-0.010045415441326038 -0.0030863982429920386 -0.0036999565906530797 0.0023563258489929092 -0.0036985200131982128 0.011766109493536179 0.007295620226403874 -0.0030820812962734537 -0.00099082490384058306 -0.0067316316062382689 0.0082369035781522468 -0.0012221483255273917 0.00099989242745519716 0.0054447239383944015 0.0018742398855068154 0.0030184223630158533 0.00041846990500946562 0.00097042513298843029 0.00072824341027686386 0.0053514467373824391 0.0054471768670262327 0.0075602597265358252 0.0088123163433860251 0.0070883147504313552 0.0066685895311224697 0.0079473991080095691 0.0071987540684331063 0.0036369868532810878 0.0064972317047017293 0.0099756960758987986 0.0085623865784788585 0.0055007712111219669
leaf_weight=635.84966835379601 80.154144763946533 1627.62872210145 42.121569454669952 197.19164371490479 11.804279461503027 48.766216933727264 150.36058910191059 789.98799397051334 1895.6449790745974 76.958463400602341 84.734131291508675 126.75300805270672 46.733392968773842 292.08406011760235 122.1626071035862 140.93076917529106 92.801023527979851 960.50865545868874 19.775112867355347 57.826352834701538 27.376618072390556 352.03297537565231 884.62620940804482 221.13631750643253 67.038183391094208 121.41121688485146 43.982620403170586 133.88278989493847 36.723843738436699 1112.4136844277382 59.160437598824501
leaf_count=2824 322 6707 175 837 49 211 630 3189 8100 325 342 512 193 1171 500 584 374 3867 87 240 113 1577 3916 975 300 528 184 567 164 5082 264
internal_value=0 -0.00380654 0.00576739 -0.00603925 -0.00150567 0.00193181 -0.00709419 -0.0021614 -0.00756397 -0.000280104 0.00327994 -0.0033604 -0.00106027 -0.000217457 0.000863559 -0.00198254 0.0047713 0.000434431 0.0077713 0.00268907 0.00384991 0.00729817 0.00687324 0.00798524 0.00833523 0.00699965 0.00556065 0.00692414 0.00784365 0.0085063 0.00680045
internal_weight=0 6361.17 4199.39 3228.4 3132.77 1441.09 2728.59 2836.45 2531.49 499.815 161.693 1754.38 197.094 1082.07 1190.2 338.122 296.314 1040.66 2758.3 150.627 149.539 1499.92 926.748 573.169 1258.39 250.884 92.7488 145.687 158.135 1132.19 126.199
internal_count=44909 26644 18265 13835 12809 5889 11747 11579 10924 2088 667 7219 823 4360 4802 1421 1230 4189 12376 614 613 6643 4091 2552 5733 1087 395 616 692 5169 564
is_linear=0
shrinkage=0.01


Tree=69
num_leaves=32
num_cat=0
split_feature=6 0 6 2 2 2 5 0 0 2 5 1 1 0 0 1 5 6 6 1 1 2 6 5 5 1 1 5 0 1 1
split_gain=2275.97 321.331 318.074 192.856 126.463 76.6833 76.1289 64.8558 51.7309 29.7106 35.4462 25.528 25.4067 17.1569 15.0345 13.6702 13.066 9.09354 7.30154 7.01019 5.87252 4.32687 8.87408 6.17146 3.27125 3.02429 3.81615 3.4522 2.96384 1.98173 1.86005
threshold=125.50000000000001 52.500000000000007 130.50000000000003 1.5000000000000002 2.5000000000000004 2.5000000000000004 1.5000000000000002 58.500000000000007 42.500000000000007 2.5000000000000004 2.5000000000000004 34.850000000000001 31.250000000000004 62.500000000000007 58.500000000000007 27.450000000000003 2.5000000000000004 129.50000000000003 149.50000000000003 27.550000000000004 41.95000000000001 1.5000000000000002 138.50000000000003 1.5000000000000002 2.5000000000000004 31.250000000000004 32.150000000000013 2.5000000000000004 53.500000000000007 20.450000000000003 34.050000000000004
decision_type=2 2 2 2 2 2 2 2 2 2 2 2 2 2 2 2 2 2 2 2 2 2 2 2 2 2 2 2 2 2 2
left_child=1 3 5 6 7 14 8 11 -1 15 -11 -3 -8 -9 17 -5 28 -2 21 -18 -16 22 -4 -23 29 27 -27 -7 -6 -20 -26
right_child=2 4 18 9 16 25 12 13 -10 10 -12 -13 -14 -15 20 -17 19 -19 24 -21 -22 23 -24 -25 30 26 -28 -29 -30 -31 -32
leaf_value=-0.0099763885296263836 0.0063834571637463103 -0.0036137568201707348 0.0023338092250468298 -0.0036646742555689611 0.011674739667319373 0.007373360265894734 -0.0030529854786477766 -0.00098097857169381596 -0.0066756539346471194 0.00816955803549318 -0.0012098736542216599 0.0017775406513881734 0.0053878223586973232 0.0018556051799672256 0.0028527617471687731 0.00041425667743953155 0.00096076556456375895 -5.8645409008751799e-06 0.0053063921383333969 0.0053979976070578275 -0.0078337524885424732 0.0087495628974207582 0.0070330153434393274 0.0066154041525965006 0.0075143626958003307 0.013693560619846017 0.0076154455419878203 0.0044386199090776244 0.0064419948630680011 0.0085026344310511065 0.004821381932238313
leaf_weight=633.85666055977345 22.881792068481445 1660.6857670843601 42.102770566940308 197.02357062697411 11.777829110622404 96.383959919214249 150.276058614254 789.93856139481068 1892.4413366019726 76.817646369338036 84.737825065851212 92.73170168697834 46.754571601748466 292.06719289720058 321.56018191576004 140.94042153656483 92.796737626194954 840.40697634220123 19.743743941187859 57.769941255450249 5.2258112132549277 351.01734885573387 882.67589229345322 220.68728829920292 90.058555528521538 12.022557660937307 73.361282259225845 68.618906885385513 133.68147033452988 1109.045789450407 35.861562341451645
leaf_count=2824 92 6845 175 837 49 420 630 3189 8100 325 342 374 193 1171 1309 584 374 3380 87 240 21 1577 3916 975 404 53 323 291 567 5082 160
internal_value=0 -0.00377258 0.00572032 -0.00598923 -0.00149124 0.00191334 -0.00703689 -0.00214057 -0.00750382 -0.000277462 0.00324993 -0.00332863 -0.00105002 -0.000215296 0.000855016 -0.00196365 0.00472822 0.000163487 0.00771357 0.00266326 0.00268187 0.00724186 0.00681907 0.00792574 0.00827619 0.00694349 0.00847128 0.0061529 0.00686569 0.00844673 0.00674741
internal_weight=0 6354.3 4191.65 3222.85 3131.45 1440.46 2723.33 2835.42 2526.3 499.519 161.555 1753.42 197.031 1082.01 1190.07 337.964 296.026 863.289 2751.19 150.567 326.786 1496.48 924.779 571.705 1254.71 250.387 85.3838 165.003 145.459 1128.79 125.92
internal_count=44909 26644 18265 13835 12809 5889 11747 11579 10924 2088 667 7219 823 4360 4802 1421 1230 3472 12376 614 1330 6643 4091 2552 5733 1087 376 711 616 5169 564
is_linear=0
shrinkage=0.01


Tree=70
num_leaves=32
num_cat=0
split_feature=6 6 2 6 2 3 1 5 6 1 1 3 1 4 1 3 6 3 2 6 5 1 3 3 1 1 5 3 6 1 1
split_gain=2234.17 313.454 308.006 121.032 75.3718 61.8745 60.6411 41.0979 37.8053 32.0266 24.8454 16.0781 14.0541 11.2914 9.6207 8.91127 7.24417 5.64194 4.27551 8.74706 6.10243 3.74046 3.49346 5.81825 4.52286 2.99188 3.02027 2.93139 2.63037 4.94538 2.83925
threshold=125.50000000000001 130.50000000000003 2.5000000000000004 110.50000000000001 2.5000000000000004 80.500000000000014 27.550000000000004 2.5000000000000004 109.50000000000001 23.650000000000002 34.150000000000013 90.500000000000014 28.850000000000005 1.5000000000000002 22.250000000000004 85.500000000000014 149.50000000000003 71.500000000000014 1.5000000000000002 138.50000000000003 1.5000000000000002 29.950000000000003 90.500000000000014 99.500000000000014 19.350000000000005 27.350000000000005 1.5000000000000002 88.500000000000014 101.50000000000001 31.450000000000003 37.550000000000004
decision_type=2 2 2 2 2 2 2 2 2 2 2 2 2 2 2 2 2 2 2 2 2 2 2 2 2 2 2 2 2 2 2
left_child=2 4 3 5 13 9 11 28 -7 -1 -8 -5 17 15 -15 -2 18 -9 19 -3 -20 -14 24 -24 -18 26 -6 -27 29 -4 -30
right_child=1 16 7 6 25 8 10 12 -10 -11 -12 -13 21 14 -16 -17 22 -19 20 -21 -22 -23 23 -25 -26 27 -28 -29 30 -31 -32
leaf_value=-0.0087312081899206927 0.00072987032217270743 0.00231150433830404 0.0067787323914185529 -0.0042624193802344298 0.0071783676635444257 0.0092301583097569515 -0.0022924008352017177 -0.0038624173513376121 -0.00447891001613794 -0.0058911462500380327 0.0011771173325300834 0.0088736296000594891 0.010470700026907165 -0.0048998608174788431 7.218209177834402e-05 0.0029797262597875619 0.00079357466642839491 0.00064056734503772407 0.0086873747969894773 0.0069781835147488527 0.0065626672108570041 0.004054260841301908 0.0030480159548221036 0.0078392855259687769 0.0087451319753172642 0.0088648085949290661 0.0035592934471666781 0.0060906737053045045 0.0072914102813330254 -0.0038176198399926136 0.011889718366081523
leaf_weight=614.82650497555733 452.44657035171986 42.08404915034771 17.172996863722805 2790.2046947777271 48.568250849843025 38.482913568615913 1015.1413316428661 35.315201252698898 42.146611168980598 1121.0285019427538 259.07424864172935 9.348834425210951 10.773439839482306 43.039283409714699 406.29376582801342 288.17813171446323 7.2251142263412467 131.18012537062168 349.99990247189999 880.725291416049 220.2383633852005 57.978393286466599 26.706578209996223 497.10391034185886 719.99487172067165 92.817150756716728 43.905145183205605 64.602440997958183 184.32665477693081 5.9236608147621146 14.482927694916723
leaf_count=2664 1819 175 72 11692 211 159 4187 142 175 4772 1060 38 46 173 1637 1173 31 528 1577 3916 975 240 120 2283 3299 410 184 282 780 25 64
internal_value=0 0.00567365 -0.00373895 -0.00435263 0.00189502 -0.00649931 -0.00339543 0.00416816 0.00206416 -0.00689707 -0.00158698 -0.00421855 0.00125609 0.000846551 -0.000404064 0.00160529 0.00765634 -0.000314557 0.00718602 0.00676536 0.00786677 0.00505972 0.00821765 0.007595 0.00866613 0.00688771 0.00546008 0.00772635 0.0072553 0.00406106 0.00762639
internal_weight=0 4183.93 6347.41 5890.25 1439.85 1816.48 4073.77 457.153 80.6295 1735.86 1274.22 2799.55 235.247 1189.96 449.333 740.625 2744.08 166.495 1493.05 922.809 570.238 68.7518 1251.03 523.81 727.22 249.893 92.4734 157.42 221.906 23.0967 198.81
internal_count=44909 18265 26644 24747 5889 7770 16977 1897 334 7436 5247 11730 956 4802 1810 2992 12376 670 6643 4091 2552 286 5733 2403 3330 1087 395 692 941 97 844
is_linear=0
shrinkage=0.01


Tree=71
num_leaves=32
num_cat=0
split_feature=6 6 2 6 2 5 1 3 5 1 1 3 1 4 1 3 6 6 2 6 5 1 3 3 1 1 1 5 3 6 4
split_gain=2193.01 308.901 302.162 119.114 74.0846 61.2543 59.5443 43.6829 40.4013 28.0967 24.3938 15.7681 13.7911 11.0689 9.42897 8.74067 7.18717 5.57045 4.22498 8.62196 6.03454 3.68567 3.45312 5.74194 4.46238 2.97053 3.78488 3.38075 2.62082 3.23818 1.86741
threshold=125.50000000000001 130.50000000000003 2.5000000000000004 110.50000000000001 2.5000000000000004 1.5000000000000002 27.550000000000004 80.500000000000014 2.5000000000000004 23.650000000000002 34.850000000000001 90.500000000000014 28.850000000000005 1.5000000000000002 22.250000000000004 85.500000000000014 149.50000000000003 100.50000000000001 1.5000000000000002 138.50000000000003 1.5000000000000002 29.950000000000003 90.500000000000014 99.500000000000014 19.350000000000005 31.250000000000004 32.150000000000013 2.5000000000000004 83.500000000000014 101.50000000000001 1.5000000000000002
decision_type=2 2 2 2 2 2 2 2 2 2 2 2 2 2 2 2 2 2 2 2 2 2 2 2 2 2 2 2 2 2 2
left_child=2 4 3 5 13 9 11 -7 28 -1 -8 -5 17 15 -15 -2 18 -10 19 -3 -20 -14 24 -24 -18 27 -27 -6 29 -4 -30
right_child=1 16 8 6 25 7 10 -9 12 -11 -12 -13 21 14 -16 -17 22 -19 20 -21 -22 -23 23 -25 -26 26 -28 -29 30 -31 -32
leaf_value=-0.0088805733349302547 0.00072258586412920925 0.0022894085740726134 0.0028337314853557906 -0.0042231579019397112 0.0072589487376572984 -0.0030699783404152204 -0.0022008092448833668 0.010838946874762168 -0.0077867879662980666 -0.006120303982320139 0.0014712632536026035 0.0087878125648017374 0.010393343685884087 -0.0048507324033898571 7.1460478095394515e-05 0.0029510729137543074 0.00078579669774266308 0.00013615621451238029 0.0086257410989196235 0.0069238120992364269 0.0065103720350508766 0.0040166546005553925 0.003020601605294011 0.007782973128902893 0.0086849156065087699 0.013569535757717792 0.0074971900001245652 0.0043501495994459878 0.013076112522088131 0.0072249482188825563 0.0075509295924098161
leaf_weight=574.74650700390339 452.43780387938023 42.065406292676926 18.536896720528603 2787.9942105859518 95.979935765266418 184.10411489009857 1055.5869799107313 25.736578837037086 9.4052713513374311 1028.9715038985014 218.32463891804218 9.3457440137863141 10.745230674743651 43.040429532527924 406.29210931062698 288.06696148216724 7.2236707061529151 157.08584225177765 348.98088078200817 878.77486738562584 219.78963068127632 57.936220273375511 26.679605260491371 495.70067553222179 717.74833516776562 11.943492889404295 73.018516883254051 68.453453823924065 12.094826132059097 178.51647600531578 12.376915618777275
leaf_count=2502 1819 175 77 11692 420 765 4355 106 38 4397 892 38 46 173 1637 1173 31 632 1577 3916 975 240 120 2283 3299 53 323 291 53 757 54
internal_value=0 0.00562739 -0.00370502 -0.00431312 0.00187689 -0.00644475 -0.00336357 -0.00136407 0.00413064 -0.00710954 -0.00157148 -0.00417969 0.00124394 0.000838172 -0.000400024 0.0015895 0.00759958 -0.00031142 0.00713066 0.00671211 0.0078083 0.00501429 0.00815958 0.00753974 0.00860621 0.00683251 0.00835081 0.00604802 0.00719517 0.00681186 0.0102817
internal_weight=0 4176.2 6341.51 5884.81 1439.23 1813.56 4071.25 209.841 456.698 1603.72 1273.91 2797.34 235.173 1189.84 449.333 740.505 2736.96 166.491 1489.61 920.84 568.771 68.6815 1247.35 522.38 724.972 249.395 84.962 164.433 221.525 197.053 24.4717
internal_count=44909 18265 26644 24747 5889 7770 16977 871 1897 6899 5247 11730 956 4802 1810 2992 12376 670 6643 4091 2552 286 5733 2403 3330 1087 376 711 941 834 107
is_linear=0
shrinkage=0.01


Tree=72
num_leaves=32
num_cat=0
split_feature=6 0 6 2 2 2 5 0 0 3 1 1 1 0 0 5 3 5 1 6 2 2 1 3 3 0 0 0 0 3 1
split_gain=2152.61 315.033 304.42 186.809 118.144 79.0612 74.3186 63.676 51.2916 32.8845 24.5747 24.3123 22.6044 16.783 13.9189 12.2632 11.0851 6.94051 6.63628 5.09925 5.97045 4.33746 4.29845 4.17468 3.22634 3.02871 5.20471 2.99068 2.9227 2.28566 2.02645
threshold=125.50000000000001 52.500000000000007 135.50000000000003 1.5000000000000002 2.5000000000000004 2.5000000000000004 1.5000000000000002 58.500000000000007 42.500000000000007 80.500000000000014 31.250000000000004 33.650000000000013 31.950000000000003 62.500000000000007 61.500000000000007 2.5000000000000004 85.500000000000014 2.5000000000000004 27.550000000000004 149.50000000000003 1.5000000000000002 1.5000000000000002 21.950000000000003 69.500000000000014 77.500000000000014 53.500000000000007 60.500000000000007 57.500000000000007 53.500000000000007 81.500000000000014 27.850000000000005
decision_type=2 2 2 2 2 2 2 2 2 2 2 2 2 2 2 2 2 2 2 2 2 2 2 2 2 2 2 2 2 2 2
left_child=1 3 5 6 7 14 8 11 -1 12 -8 -3 -5 -9 16 28 -2 19 -17 20 -4 -16 -11 -21 27 29 -27 -19 -6 -7 -26
right_child=2 4 17 9 15 25 10 13 -10 22 -12 -13 -14 -15 21 18 -18 24 -20 23 -22 -23 -24 -25 30 26 -28 -29 -30 -31 -32
leaf_value=-0.0098406178545289644 -0.00032763782424119671 -0.0035481478469790175 0.0068632261909593673 -0.0020755972801830948 0.01147484499213168 0.010199731534901016 -0.0029601356505599358 -0.00088999356007336123 -0.0065441575491423836 0.013808298683195544 0.0053450434253059101 0.00099971928239483087 0.0040298916529969888 0.0019157557874192501 0.0029000545034050603 0.00095405519243072336 0.0017362854776991083 0.013610355123646478 0.0052750905041386836 0.002119298307325706 0.0083238200525267321 0.0071517919294416168 0.0061345964598004867 0.0083338712362130262 0.0070395025080636766 0.0049894132061668473 0.0086576335259690527 0.0055766541153238073 0.006265006260728765 0.0069557556596842162 0.0052239985282183559
leaf_weight=629.73837432265282 641.83826170861721 1623.1322846114635 846.1217628121376 376.92754046618938 11.716539174318312 40.97648249566555 149.92809170484543 789.34890630841255 1884.5127451270819 8.9234127253293973 46.73318150639534 126.72411873936653 72.264589384198189 292.07943205535412 125.16108660399914 92.792875304818153 437.68289412558079 10.716552317142488 57.608436599373817 10.91587772965431 418.18390208482742 29.684715554118156 40.115405485033989 1107.7940130382776 94.68936562538147 117.30229835212231 57.709319412708282 8.1638229489326459 133.01072815060616 46.217952162027359 175.30569140613079
leaf_count=2824 2575 6707 3780 1581 49 179 630 3189 8100 38 193 512 301 1171 513 374 1777 47 240 47 1896 123 168 5122 422 508 257 36 567 201 782
internal_value=0 -0.00367144 0.00558152 -0.00587241 -0.00141223 0.00197067 -0.00690674 -0.00203985 -0.00736981 -0.00024451 -0.000986552 -0.00321879 -0.00109337 -0.000132198 0.000911337 0.00460876 0.000509163 0.00760402 0.00260915 0.00778147 0.00734633 0.00371513 0.00753095 0.00827323 0.00614017 0.0069576 0.00619899 0.0101366 0.00668677 0.00848024 0.00586071
internal_weight=0 6335.56 4168.46 3209.14 3126.41 1496.57 2710.91 2831.28 2514.25 498.231 196.661 1749.86 449.192 1081.43 1234.37 295.129 1079.52 2671.89 150.401 2383.02 1264.31 154.846 49.0388 1118.71 288.875 262.206 175.012 18.8804 144.727 87.1944 269.995
internal_count=44909 26644 18265 13835 12809 6133 11747 11579 10924 2088 823 7219 1882 4360 4988 1230 4352 12132 614 10845 5676 636 206 5169 1287 1145 765 83 616 380 1204
is_linear=0
shrinkage=0.01


Tree=73
num_leaves=32
num_cat=0
split_feature=6 0 6 2 2 5 2 0 0 3 6 3 2 0 0 3 5 6 0 0 0 0 6 3 3 3 0 0 4 0 0
split_gain=2113.09 309.743 300.122 183.742 115.871 73.1525 71.5553 62.4654 50.9098 32.2519 24.2887 21.8431 20.3681 16.45 14.5782 13.5096 12.0641 7.0757 5.48556 4.52438 4.27082 4.20046 8.30941 3.42384 5.6831 4.16271 2.97482 6.42292 4.97942 2.87767 2.01704
threshold=125.50000000000001 52.500000000000007 130.50000000000003 1.5000000000000002 2.5000000000000004 1.5000000000000002 2.5000000000000004 58.500000000000007 44.500000000000007 80.500000000000014 110.50000000000001 80.500000000000014 2.5000000000000004 62.500000000000007 58.500000000000007 85.500000000000014 2.5000000000000004 149.50000000000003 60.500000000000007 62.500000000000007 48.500000000000007 48.500000000000007 138.50000000000003 90.500000000000014 99.500000000000014 78.500000000000014 60.500000000000007 55.500000000000007 1.5000000000000002 53.500000000000007 30.500000000000004
decision_type=2 2 2 2 2 2 2 2 2 2 2 2 2 2 2 2 2 2 2 2 2 2 2 2 2 2 2 2 2 2 2
left_child=1 3 6 5 7 8 14 10 -1 12 -3 -7 -5 -9 15 -2 29 21 -18 -16 -11 30 -23 25 -25 -19 27 -8 -28 -6 -4
right_child=2 4 17 9 16 11 26 13 -10 20 -12 -13 -14 -15 19 -17 18 23 -20 -21 -22 22 -24 24 -26 -27 28 -29 -30 -31 -32
leaf_value=-0.0091718785779003626 -0.0009010157118060269 -0.0051995896513484839 0.0012297153104058045 -0.0025076404326845399 0.011387466610523773 -0.002270536496578577 0.0077560970449149979 -0.00088114729102654768 -0.0062207922863862421 0.0094992482489547302 -0.0024978446403230146 0.0076123774690133872 0.0021000213734697669 0.0018967031329852999 0.0018236310457172148 0.0016435935950955766 0.001487380490818743 0.005529859714069503 0.0059110437117972318 0.0043590887636165932 0.0031846419328014127 0.0025237343581900394 0.0069141810552301409 0.0029224627144162707 0.0076693111515446942 0.0086864762091375322 0.010779508252213705 0.0040771102636752397 0.0043623725118080063 0.0062119066716016082 0.0081427034560538868
leaf_weight=927.26448948681355 509.94528605043888 446.99333882331848 4.2789989262819281 310.21118380129337 11.688518747687338 170.86572194099426 107.49323627352715 789.30107045173645 1581.7461853772402 33.187193691730499 1301.8968068510294 25.73159784078598 138.89225125312805 292.0633402466774 223.82212997972965 353.11534498631954 113.06667517125607 44.527996420860291 37.273180112242699 102.66044618189335 15.814728975296019 44.826819643378258 1123.9046479016542 26.58209040760994 492.8310325294733 676.07611022889614 38.266303300857544 84.961974278092384 17.678171813488007 132.80725461244583 309.7350899130106
leaf_count=4153 2041 1873 19 1311 49 717 469 3189 6771 140 5346 106 571 1171 907 1431 458 199 156 423 66 188 5049 120 2283 3131 173 368 77 567 1387
internal_value=0 -0.00363864 0.00553608 -0.0058236 -0.0013987 -0.00685116 0.00184035 -0.00202019 -0.00731144 -0.000242125 -0.00318838 -0.000977013 -0.00108265 -0.000130884 0.000820974 0.000140094 0.00456724 0.00748786 0.00258412 0.00262089 0.00746129 0.00702167 0.00674579 0.0080453 0.00742638 0.00849142 0.00672198 0.00613196 0.00875173 0.00663057 0.0080485
internal_weight=0 6328.8 4160.71 3203.71 3125.09 2705.61 1437.94 2830.25 2509.01 498.105 1748.89 196.597 449.103 1081.36 1189.54 863.061 294.836 2722.76 150.34 326.483 49.0019 1482.75 1168.73 1240.02 519.413 720.604 248.4 192.455 55.9445 144.496 314.014
internal_count=44909 26644 18265 13835 12809 11747 5889 11579 10924 2088 7219 823 1882 4360 4802 3472 1230 12376 614 1330 206 6643 5237 5733 2403 3330 1087 837 250 616 1406
is_linear=0
shrinkage=0.01


Tree=74
num_leaves=32
num_cat=0
split_feature=6 0 6 2 2 2 0 0 0 1 2 6 3 0 3 1 1 0 1 6 1 1 2 6 3 3 1 1 3 0 1
split_gain=2074.33 304.756 295.749 191.859 86.1664 70.3315 63.3962 72.2097 44.8404 39.8665 36.4775 21.8332 15.0916 14.295 13.2425 11.4231 9.07057 7.69295 7.02365 7.02111 5.76309 4.45059 4.14617 8.32218 3.38495 5.60873 4.43076 2.95831 2.90582 2.56869 2.34062
threshold=125.50000000000001 54.500000000000007 130.50000000000003 1.5000000000000002 2.5000000000000004 2.5000000000000004 45.500000000000007 38.500000000000007 60.500000000000007 30.850000000000005 2.5000000000000004 110.50000000000001 80.500000000000014 58.500000000000007 85.500000000000014 32.150000000000013 20.750000000000004 58.500000000000007 28.250000000000004 149.50000000000003 41.95000000000001 23.850000000000005 1.5000000000000002 138.50000000000003 90.500000000000014 99.500000000000014 19.350000000000005 27.350000000000005 88.500000000000014 45.500000000000007 27.050000000000004
decision_type=2 2 2 2 2 2 2 2 2 2 2 2 2 2 2 2 2 2 2 2 2 2 2 2 2 2 2 2 2 2 2
left_child=1 3 5 6 8 13 7 -1 11 -8 12 -3 -5 14 -2 -12 -10 18 -6 22 -15 -19 23 -4 26 -26 -21 30 -29 -24 -7
right_child=2 4 19 10 17 27 9 -9 16 -11 15 -13 -14 20 -16 -17 -18 21 -20 24 -22 -23 29 -25 25 -27 -28 28 -30 -31 -32
leaf_value=0.0087653265980276989 -0.00089201717096097091 -0.0043699445192955317 0.0022030820418329584 -0.002494535219442763 0.00088220888635633001 0.0056881216066130046 -0.0058123384032290649 -0.008548185378922336 -0.0046542663339377826 -0.001660377914470848 0.0021619082658798344 -0.001684951235414896 0.0048428159589356777 0.0027651494876239804 0.0016274605356728783 0.0084864693238111914 0.0011630821867603084 0.002644163467547863 0.0058801148135721945 0.0006235152389647854 -0.007821828983394433 0.0072220854705732085 0.0093589405766794694 0.0067609406302743449 0.002896109001670393 0.0076143504883563083 0.0085119524912623742 0.0086458393418435402 0.0058719773962792737 0.0073766072407702469 -0.00049872067244588112
leaf_weight=24.603527456521988 509.93863953649998 401.56235662102699 41.987524673342705 378.83968934416771 72.617493972182274 85.285877376794815 1796.5087566971779 1152.7143359482288 28.160066068172455 265.42888823151588 168.87215848267078 1232.0383690744638 30.272186815738678 321.13729338347912 353.04989224672318 34.370061174035072 556.21231070160866 26.475202634930611 45.885369822382927 7.1922846734523764 5.2254207730293265 107.32211731374264 75.451980426907539 872.83714102208614 26.555870532989502 491.4314808100462 711.16173973679543 91.936011433601379 64.095034450292587 489.04738074541092 6.587235987186431
leaf_count=102 2041 1657 175 1600 295 367 7682 5134 114 1112 694 4994 124 1309 1431 146 2228 110 194 31 21 458 342 3916 120 2283 3299 410 282 2210 28
internal_value=0 -0.00360623 0.00549106 -0.00536457 -0.000864643 0.00182284 -0.00633497 -0.00818637 -0.00149455 -0.00527787 -0.000231336 -0.00234496 -0.00195161 0.000812898 0.000138705 0.00323145 0.000882753 0.00467288 0.00281744 0.00743246 0.00259564 0.00631623 0.00696762 0.00655175 0.00798865 0.00737246 0.00843297 0.00666814 0.00750638 0.00764157 0.00524453
internal_weight=0 6321.88 4152.92 3851.61 2470.27 1437.26 3239.26 1177.32 2217.97 2061.94 612.354 1633.6 409.112 1189.35 862.989 203.242 584.372 252.3 118.503 2715.67 326.363 133.797 1479.32 914.825 1236.34 517.987 718.354 247.904 156.031 564.499 91.8731
internal_count=44909 26644 18265 16594 10050 5889 14030 5236 8993 8794 2564 6651 1724 4802 3472 840 2342 1057 489 12376 1330 568 6643 4091 5733 2403 3330 1087 692 2552 395
is_linear=0
shrinkage=0.01


Tree=75
num_leaves=32
num_cat=0
split_feature=6 0 6 2 2 5 2 0 6 2 5 1 1 0 0 1 5 1 6 1 2 0 6 5 5 1 1 0 1 1 1
split_gain=2036.3 300.039 291.446 177.815 111.401 71.825 69.1284 60.2674 50.1465 26.3488 33.9136 23.8717 23.8249 15.8911 14.0969 12.9626 11.8512 10.2835 6.96644 6.42194 4.46935 4.13934 8.1368 3.2399 2.95221 3.7008 2.99453 2.85046 2.81127 1.9317 1.85461
threshold=125.50000000000001 52.500000000000007 130.50000000000003 1.5000000000000002 2.5000000000000004 1.5000000000000002 2.5000000000000004 58.500000000000007 110.50000000000001 2.5000000000000004 2.5000000000000004 31.250000000000004 34.850000000000001 62.500000000000007 61.500000000000007 27.450000000000003 2.5000000000000004 22.050000000000004 149.50000000000003 27.550000000000004 1.5000000000000002 48.500000000000007 138.50000000000003 2.5000000000000004 2.5000000000000004 22.050000000000004 35.850000000000001 53.500000000000007 22.550000000000004 20.450000000000003 30.950000000000003
decision_type=2 2 2 2 2 2 2 2 2 2 2 2 2 2 2 2 2 2 2 2 2 2 2 2 2 2 2 2 2 2 2
left_child=1 3 6 5 7 8 14 12 -1 15 -11 -7 -3 -9 17 -5 27 -2 21 -18 -16 28 -23 29 26 -26 -8 -6 -4 -20 -25
right_child=2 4 18 9 16 11 24 13 -10 10 -12 -13 -14 -15 20 -17 19 -19 23 -21 -22 22 -24 30 25 -27 -28 -29 -30 -31 -32
leaf_value=-0.0091453477432491392 -0.0030491040207947634 -0.0034041999936538815 0.0053295328818304304 -0.0034904082411869809 0.011276744436914048 -0.0028672584577540405 0.0069626240236142093 -0.00086118152051608264 -0.0061690077750652592 0.0079281642157165884 -0.0012661301178635163 0.0053234332971340802 0.001805627117939081 0.0018692875457017425 0.0028617859616148112 0.00048798443793864304 0.0008927686343728089 0.00067993483996740367 0.0049847932351941866 0.0051476711777703856 0.0073416706007258812 0.0024586793422247074 0.0068068772430283355 0.0075495511978375465 -0.0026286765711769932 0.0057535635156419299 0.011203130143926739 0.0061175396361899323 0.0082812086822867826 0.0081597999141399067 0.0050993504419112705
leaf_weight=866.66195940971375 80.123782619833946 1654.1411673277617 36.541106447577477 196.02750012278557 11.651227563619612 149.55180503427982 128.68403474986553 789.09208182990551 1632.1446677297354 76.256438910961151 84.652694568037987 46.692448288202286 92.69665239751339 292.02829115092754 121.8473100066185 140.66817657649517 92.742087945342064 959.94537727534771 19.505629673600197 57.442913308739662 27.249857947230339 44.758128419518471 1118.701717838645 65.830142632126808 5.579736962914466 94.017874255776405 19.128414213657379 132.42511764168739 275.89614087343216 1089.1252643764019 58.207030415534973
leaf_count=3864 322 6845 163 837 49 630 570 3189 7060 325 342 193 374 1171 500 584 374 3867 87 240 113 188 5049 300 23 407 87 567 1243 5082 264
internal_value=0 -0.00357416 0.00544642 -0.00572973 -0.00136996 -0.0067438 0.00180547 -0.00197928 -0.00720129 -0.000237497 0.00309114 -0.000918445 -0.00312774 -0.000123637 0.000804896 -0.00182827 0.0044858 0.000392661 0.00737752 0.00252019 0.00368056 0.00691404 0.0066396 0.00793245 0.00661472 0.00528397 0.00751139 0.00653476 0.007936 0.00810394 0.00639974
internal_weight=0 6314.88 4145.14 3192.66 3122.22 2695.05 1436.58 2827.96 2498.81 497.605 160.909 196.244 1746.84 1081.12 1189.17 336.696 294.261 1040.07 2708.57 150.185 149.097 1475.9 1163.46 1232.67 247.41 99.5976 147.812 144.076 312.437 1108.63 124.037
internal_count=44909 26644 18265 13835 12809 11747 5889 11579 10924 2088 667 823 7219 4360 4802 1421 1230 4189 12376 614 613 6643 5237 5733 1087 430 657 616 1406 5169 564
is_linear=0
shrinkage=0.01


Tree=76
num_leaves=32
num_cat=0
split_feature=6 6 2 6 2 3 1 5 6 1 1 3 1 4 1 3 6 3 2 6 5 1 3 3 1 5 1 1 1 3 6
split_gain=1998.93 287.219 275.587 114.88 67.9492 58.9855 57.272 38.3976 36.1316 31.0359 23.2405 15.1122 13.0268 10.8508 9.11312 8.18652 6.91257 5.48225 4.11464 8.15104 5.99834 3.68429 3.35566 5.55271 4.36335 2.91505 3.6352 2.9641 2.60343 2.28525 2.21473
threshold=125.50000000000001 130.50000000000003 2.5000000000000004 110.50000000000001 2.5000000000000004 80.500000000000014 27.550000000000004 2.5000000000000004 109.50000000000001 23.650000000000002 34.150000000000013 90.500000000000014 28.850000000000005 1.5000000000000002 22.250000000000004 85.500000000000014 149.50000000000003 71.500000000000014 1.5000000000000002 138.50000000000003 1.5000000000000002 29.950000000000003 90.500000000000014 99.500000000000014 19.350000000000005 2.5000000000000004 22.050000000000004 35.850000000000001 37.550000000000004 77.500000000000014 120.50000000000001
decision_type=2 2 2 2 2 2 2 2 2 2 2 2 2 2 2 2 2 2 2 2 2 2 2 2 2 2 2 2 2 2 2
left_child=2 4 3 5 13 9 11 28 -7 -1 -8 -5 17 15 -15 -2 18 -9 19 -3 -20 -14 24 -24 -18 27 -27 -6 30 -30 -4
right_child=1 16 7 6 25 8 10 12 -10 -11 -12 -13 21 14 -16 -17 22 -19 20 -21 -22 -23 23 -25 -26 26 -28 -29 29 -31 -32
leaf_value=-0.008435573705865191 0.00070224601970619719 0.0021393839297410185 0.0064277159176398778 -0.0040370982389440176 0.0069080262259887384 0.0091673824533577229 -0.0021157710132527329 -0.0038636852141953415 -0.004265537794158808 -0.005625188982538035 0.0012433591348015554 0.0087077324767631577 0.010215724805850207 -0.0048055900265284923 3.4421945388818067e-05 0.0028599856815350578 0.0005649222179878381 0.00057603027120982342 0.008354963459938608 0.0066535599492073116 0.0062332322677345229 0.0038203925881994789 0.0027996336473944212 0.0075031030092584765 0.008399299097642747 -0.0026012192572195487 0.0057050110152940267 0.011134702978155782 0.0049230504287621586 0.013269235593807261 0.011436613686173453
leaf_weight=607.74526350200176 452.25051303207874 41.930018499493599 194.76684808731079 2774.0364087820053 128.40548273921013 38.343619823455811 1011.426939368248 35.30218979716301 41.909933924674988 1111.7895604670048 258.63081654906273 9.3350924551486951 10.674498304724692 43.02388921380043 406.08017835021019 287.68387423455715 7.1812811493873587 131.10494098067284 344.36103177070618 868.84630146622658 217.34139406681061 57.698239415884018 26.459018930792809 488.56486640870571 706.79271519184113 5.5822346359491339 93.870575517416 19.053880169987679 4.6190100312232962 11.322075277566908 9.2465607076883298
leaf_count=2664 1819 175 830 11692 570 159 4187 142 175 4772 1060 38 46 173 1637 1173 31 528 1577 3916 975 240 120 2283 3299 23 407 87 20 51 40
internal_value=0 0.00540208 -0.00354234 -0.00412493 0.00178821 -0.00622738 -0.00319141 0.00395667 0.00215246 -0.00661848 -0.00143173 -0.00399435 0.00114406 0.000796935 -0.000429248 0.00154117 0.00732301 -0.000365826 0.00686087 0.00644574 0.00753399 0.00481885 0.0078767 0.00726147 0.0083205 0.00656185 0.00523879 0.00745417 0.00695885 0.0108509 0.00665474
internal_weight=0 4137.43 6307.95 5853.22 1435.95 1799.79 4053.43 454.734 80.2536 1719.53 1270.06 2783.37 234.78 1189.04 449.104 739.934 2701.48 166.407 1472.48 910.776 561.702 68.3727 1229 515.024 713.974 246.912 99.4528 147.459 219.954 15.9411 204.013
internal_count=44909 18265 26644 24747 5889 7770 16977 1897 334 7436 5247 11730 956 4802 1810 2992 12376 670 6643 4091 2552 286 5733 2403 3330 1087 430 657 941 71 870
is_linear=0
shrinkage=0.01


Tree=77
num_leaves=31
num_cat=0
split_feature=6 0 6 0 3 0 0 1 6 0 0 1 1 3 5 3 6 4 1 1 0 0 6 5 3 3 1 1 6 5
split_gain=1962.14 294.611 283.06 100.716 77.5744 74.0907 63.5634 35.2051 19.0883 19.0469 18.7095 17.5832 12.7618 11.1234 8.35125 7.19456 6.85824 6.68804 5.61423 5.43669 5.09438 4.10324 7.96492 3.87957 3.31806 5.48014 4.3051 2.78229 2.74557 1.73884
threshold=125.50000000000001 52.500000000000007 130.50000000000003 38.500000000000007 90.500000000000014 58.500000000000007 42.500000000000007 33.650000000000013 110.50000000000001 62.500000000000007 60.500000000000007 26.450000000000003 22.050000000000004 99.500000000000014 2.5000000000000004 85.500000000000014 149.50000000000003 1.5000000000000002 20.950000000000003 18.350000000000005 29.500000000000004 48.500000000000007 138.50000000000003 2.5000000000000004 90.500000000000014 99.500000000000014 19.350000000000005 22.550000000000004 95.500000000000014 2.5000000000000004
decision_type=2 2 2 2 2 2 2 2 2 2 2 2 2 2 2 2 2 2 2 2 2 2 2 2 2 2 2 2 2 2
left_child=1 3 10 20 6 7 -5 8 -3 11 12 -7 19 -6 -9 -14 21 29 -11 -2 -1 27 -23 -19 26 -26 -18 -4 -22 -12
right_child=2 5 16 4 13 9 -8 14 -10 18 17 -13 15 -15 -16 -17 24 23 -20 -21 28 22 -24 -25 25 -27 -28 -29 -30 -31
leaf_value=-4.0803914575898049e-05 0.007023901179771328 -0.0047359433813840045 0.0052303850186097723 -0.008540845332152134 0.016736126260378254 -0.0013804700175802946 -0.0051951832733787198 0.0012980465141079153 -0.002342612602860904 -0.0028881133028725 0.0050135085246209507 0.001488267210408021 0.00084610721567791002 0.0029169262712677663 0.0089677043109860164 0.002495852993844016 0.0005593563704329674 0.0028326849839219663 0.0029247194122422535 -0.0031082242700770503 0.0044310861243429204 0.0023949512443076758 0.0067005141434329273 -0.0033795051052105431 0.0027743188628354151 0.0074494283387071258 0.0083419543348675768 0.0081727232325176091 0.012104223212458264 0.0080236527251076207
leaf_weight=4.7282034158706656 5.6643799841403952 446.99782574176788 36.399449676275253 746.89141510426998 15.868701070547106 507.48970936238766 2369.0631112456322 132.57405686378479 1309.4876720905304 17.525425553321838 142.71745476126671 369.01343095302582 637.82724884152412 9.2025428265333158 15.899775147438048 451.44253964722157 7.1802165061235419 82.671875178813934 320.03310470283031 81.391539812088013 5.4651204645633689 44.690157547593117 1113.4609912484884 11.444653093814848 26.433575302362442 487.1712052822113 704.54618084430695 274.49968042969704 31.781402543187141 22.171776875853539
leaf_count=20 23 1882 163 3363 66 2060 10191 540 5394 71 599 1501 2593 38 65 1859 31 341 1296 329 23 188 5049 48 120 2283 3299 1243 134 97
internal_value=0 -0.00351023 0.00535812 -0.00565054 -0.00585617 -0.00132602 -0.00599714 -0.00255644 -0.00295168 0.000604589 0.00177111 -0.000172713 0.00123538 0.0116637 0.00211938 0.00152984 0.00726897 0.00420423 0.00262293 -0.00244897 0.00973711 0.0068082 0.00653437 0.00207728 0.00782139 0.00720882 0.00826344 0.00782824 0.0109784 0.00541827
internal_weight=0 6302.02 4129.71 3183 3141.03 3119.02 3115.95 1904.96 1756.49 1214.06 1435.33 876.503 1176.33 25.0712 148.474 1089.27 2694.38 259.006 337.559 87.0559 41.9747 1469.05 1158.15 94.1165 1225.33 513.605 711.726 310.899 37.2465 164.889
internal_count=44909 26644 18265 13835 13658 12809 13554 7881 7276 4928 5889 3561 4804 104 605 4452 12376 1085 1367 352 177 6643 5237 389 5733 2403 3330 1406 157 696
is_linear=0
shrinkage=0.01


Tree=78
num_leaves=32
num_cat=0
split_feature=6 0 6 2 2 2 5 0 0 2 5 1 6 0 0 1 5 0 5 1 6 2 2 0 0 0 1 1 4 1 1
split_gain=1925.98 289.647 279.022 173.576 106.364 72.7685 70.3009 57.9461 49.8485 24.9335 32.8088 23.1565 22.8396 15.2415 12.9335 12.5745 11.3817 9.21517 6.91361 6.10008 4.87609 5.89043 3.19611 2.9776 5.05581 2.83322 2.246 4.50405 2.99247 1.8826 1.69837
threshold=125.50000000000001 52.500000000000007 135.50000000000003 1.5000000000000002 2.5000000000000004 2.5000000000000004 1.5000000000000002 58.500000000000007 42.500000000000007 2.5000000000000004 2.5000000000000004 31.250000000000004 110.50000000000001 62.500000000000007 62.500000000000007 27.450000000000003 2.5000000000000004 38.500000000000007 2.5000000000000004 27.550000000000004 149.50000000000003 1.5000000000000002 1.5000000000000002 53.500000000000007 60.500000000000007 53.500000000000007 27.850000000000005 26.350000000000005 1.5000000000000002 20.450000000000003 35.250000000000007
decision_type=2 2 2 2 2 2 2 2 2 2 2 2 2 2 2 2 2 2 2 2 2 2 2 2 2 2 2 2 2 2 2
left_child=1 3 5 6 7 14 8 12 -1 15 -11 -8 -3 -9 17 -5 25 -2 20 -18 21 -4 -16 30 -25 -6 27 -20 -28 -22 -7
right_child=2 4 18 9 16 23 11 13 -10 10 -12 -13 -14 -15 22 -17 19 -19 26 -21 29 -23 -24 24 -26 -27 28 -29 -30 -31 -32
leaf_value=-0.0095207089149839681 0.01066329889029769 -0.004992262469208592 0.006542021924325344 -0.0033627539721977802 0.011163133913769486 0.0075345079393794772 -0.0027624238221039495 -0.00081187606020602029 -0.006247092540425634 0.0078365576275950047 -0.001214435870327348 0.0053108361317150011 -0.002366659866034234 0.001862494673040449 0.0032966573071681665 0.00056054460513960233 0.00090388563882804298 0.00045300592743495655 0.0057299295716460499 0.0050537807987870702 0.0048513949218401912 0.0080038245454324246 0.007574777299132268 0.004723648332709024 0.0083609635486560138 0.0060108150223527846 0.0059711704742966857 0.010482552756400736 0.0031696373018410052 0.007994207147121464 0.011182878943508598
leaf_weight=619.59719048440456 8.909934535622595 444.74210992455482 834.58392901718616 195.29972755908966 11.611690372228621 70.643418937921524 149.1084099560976 788.73581592738628 1866.1060372889042 76.025029689073563 84.634566307067871 46.641701549291611 1298.9482537806034 291.99011407792568 84.150331154465675 140.438580468297 92.735556453466415 1118.019491314888 75.300137087702751 57.311633080244064 19.402557596564293 411.6090619713068 22.035730570554733 116.27478691935539 56.922643825411797 131.98285429179668 128.23351733386517 27.123085662722588 54.260692477226257 1079.1814260482788 15.572165995836256
leaf_count=2824 37 1873 3780 837 49 310 630 3189 8100 325 342 193 5346 1171 347 584 374 4512 339 240 87 1896 92 508 257 567 580 123 245 5082 70
internal_value=0 -0.00347853 0.00531424 -0.00560315 -0.00131317 0.00186086 -0.00660871 -0.0019087 -0.00706309 -0.000171297 0.00306855 -0.000838795 -0.00303634 -8.93156e-05 0.000848103 -0.00172165 0.00441494 0.000533732 0.00727427 0.00248897 0.00745301 0.00702485 0.00418445 0.00667497 0.00591908 0.00642745 0.00580335 0.00698849 0.0051382 0.0079387 0.00819347
internal_weight=0 6295.91 4122.22 3177.85 3118.06 1492.53 2681.45 2824.42 2485.7 496.398 160.66 195.75 1743.69 1080.73 1233.12 335.738 293.642 1126.93 2629.69 150.047 2344.78 1246.19 106.186 259.413 173.197 143.595 284.917 102.423 182.494 1098.58 86.2156
internal_count=44909 26644 18265 13835 12809 6133 11747 11579 10924 2088 667 823 7219 4360 4988 1421 1230 4549 12132 614 10845 5676 439 1145 765 616 1287 462 825 5169 380
is_linear=0
shrinkage=0.01


Tree=79
num_leaves=32
num_cat=0
split_feature=6 0 6 2 2 2 0 0 0 1 2 6 3 0 3 1 1 0 6 1 1 1 0 6 3 3 1 0 0 4 1
split_gain=1890.65 284.969 275.061 180.884 79.0867 65.6173 61.4034 69.2047 41.6223 38.4875 33.1316 20.5484 14.385 13.5167 12.6745 10.9693 8.7301 7.43886 6.75406 6.63829 5.65938 4.28853 4.05991 7.75941 3.29 5.42288 4.23795 2.89617 6.29759 4.89295 2.75853
threshold=125.50000000000001 54.500000000000007 130.50000000000003 1.5000000000000002 2.5000000000000004 2.5000000000000004 45.500000000000007 38.500000000000007 60.500000000000007 30.850000000000005 2.5000000000000004 110.50000000000001 80.500000000000014 58.500000000000007 85.500000000000014 32.150000000000013 20.750000000000004 58.500000000000007 149.50000000000003 28.250000000000004 41.95000000000001 23.850000000000005 48.500000000000007 138.50000000000003 90.500000000000014 99.500000000000014 19.350000000000005 60.500000000000007 55.500000000000007 1.5000000000000002 22.550000000000004
decision_type=2 2 2 2 2 2 2 2 2 2 2 2 2 2 2 2 2 2 2 2 2 2 2 2 2 2 2 2 2 2 2
left_child=1 3 5 6 8 13 7 -1 11 -8 12 -3 -5 14 -2 -12 -10 19 22 -6 -15 -19 30 -24 26 -26 -20 28 -7 -29 -4
right_child=2 4 18 10 17 27 9 -9 16 -11 15 -13 -14 20 -16 -17 -18 21 24 -21 -22 -23 23 -25 25 -27 -28 29 -30 -31 -32
leaf_value=0.008678217482735685 -0.00089961123910216616 -0.0041895485522512018 0.0051297435274398825 -0.0023409612830177303 0.00081362364661545462 0.0074743672552709172 -0.0055907767812280722 -0.0082970468654409175 -0.0045460984047634616 -0.0015025566653677097 0.0020907627592139737 -0.0015807994013252306 0.0048275022636788149 0.0026673492965956524 0.0015658262886464583 0.0083052210538504742 0.0011646019397176177 0.0025332911682366737 0.00050484954561131701 0.0056818591091391665 -0.0078251099074961843 0.0070347287693653454 0.0023432110629439517 0.0065959097440224171 0.0026818623404259441 0.0073410346380990976 0.0082323058019957811 0.010489174126866164 0.0038140580726739749 0.0040916488108042647 0.0080655113936825597
leaf_weight=24.533132150769234 509.92205491662025 400.12075592577457 36.255188763141632 377.34193132817745 72.519520357251167 106.33069898188114 1784.2276835888624 1139.5308504253626 28.123166844248772 264.4014932513237 168.47539274394512 1230.4258436113596 30.236764520406723 320.63581973314285 352.77567344903946 34.162985071539879 556.15393245220184 26.403390571475029 7.1698047220706931 45.636821031570435 5.224368378520011 106.6645369976759 44.632034346461296 1108.2352021336555 26.339712619781494 484.32518619298935 700.19729524850845 37.654936462640762 84.246285811066628 17.516016289591789 273.09601409733295
leaf_count=102 2041 1657 163 1600 295 469 7682 5134 114 1112 694 4994 124 1309 1431 146 2228 110 31 194 21 458 188 5049 120 2283 3299 173 368 77 1243
internal_value=0 -0.00344759 0.00527097 -0.00515726 -0.000797221 0.00173654 -0.00610526 -0.00793929 -0.00140035 -0.00506314 -0.000166173 -0.00222096 -0.00180916 0.000763968 0.000108559 0.00313846 0.000889727 0.00452006 0.00716239 0.00269394 0.00249913 0.00614155 0.00670422 0.00643127 0.0077124 0.00710072 0.00815398 0.00644039 0.00585629 0.00845805 0.00772145
internal_weight=0 6288.96 4114.56 3822.91 2466.05 1434.31 3212.69 1164.06 2214.82 2048.63 610.217 1630.55 407.579 1188.56 862.698 202.638 584.277 251.224 2680.25 118.156 325.86 133.068 1462.22 1152.87 1218.03 510.665 707.367 245.748 190.577 55.171 309.351
internal_count=44909 26644 18265 16594 10050 5889 14030 5236 8993 8794 2564 6651 1724 4802 3472 840 2342 1057 12376 489 1330 568 6643 5237 5733 2403 3330 1087 837 250 1406
is_linear=0
shrinkage=0.01


Tree=80
num_leaves=32
num_cat=0
split_feature=6 6 2 6 2 3 1 5 6 1 1 3 1 4 1 1 6 6 2 6 5 1 3 3 3 1 5 3 6 6 1
split_gain=1856 271.062 259.351 111.196 64.4963 57.2027 55.3 36.9986 34.9571 30.503 22.4701 14.4714 12.3282 10.5864 8.81093 7.86043 6.70168 5.43565 4.05321 7.83349 5.9437 3.67485 3.25359 5.35204 4.21068 2.89668 2.92784 2.92295 2.5938 5.35553 2.93748
threshold=125.50000000000001 130.50000000000003 2.5000000000000004 110.50000000000001 2.5000000000000004 80.500000000000014 27.550000000000004 2.5000000000000004 109.50000000000001 23.650000000000002 34.850000000000001 90.500000000000014 28.850000000000005 1.5000000000000002 22.250000000000004 23.650000000000002 149.50000000000003 100.50000000000001 1.5000000000000002 138.50000000000003 1.5000000000000002 29.950000000000003 90.500000000000014 99.500000000000014 78.500000000000014 27.350000000000005 1.5000000000000002 88.500000000000014 100.50000000000001 99.500000000000014 37.550000000000004
decision_type=2 2 2 2 2 2 2 2 2 2 2 2 2 2 2 2 2 2 2 2 2 2 2 2 2 2 2 2 2 2 2
left_child=2 4 3 5 13 9 11 28 -7 -1 -8 -5 17 15 -15 -2 18 -9 19 -3 -20 -14 24 -24 -18 26 -6 -27 29 -4 -30
right_child=1 16 7 6 25 8 10 12 -10 -11 -12 -13 21 14 -16 -17 22 -19 20 -21 -22 -23 23 -25 -26 27 -28 -29 30 -31 -32
leaf_value=-0.0082551300065170329 -0.00094766147455585461 0.0020119036019001376 0.0082895772849412644 -0.0038975048459266135 0.0066856276841388198 0.0091073377581849975 -0.0019403248218788597 -0.0077493748021428633 -0.0041234166607347009 -0.0054594801362841837 0.0015901657079733667 0.0085823123226273328 0.010093247010806015 -0.0047584829468264832 1.1829212927994452e-06 0.0019276326024207585 0.0050935000629217155 8.1856685738592317e-05 0.0081464523369837189 0.0064443157289451256 0.0060242646393793009 0.0036915617267578495 0.0026575450706136012 0.0072885845264725668 0.0082969765282544117 0.0083747833358992756 0.003095892134659951 0.0055763322801260298 0.0068434143971105241 -0.0016077778435015736 0.011535097964182292
leaf_weight=603.1890534311533 112.06138733029366 41.809029370546341 11.43932743370533 2763.1030649542809 47.680999875068665 38.272040218114853 1049.4383238255978 9.3936627209186536 41.757572263479233 1105.7047534286976 217.66630478203297 9.3230146616697294 10.622799068689345 43.014023795723915 405.92808811366558 627.37050329148769 43.744562029838562 156.95865826308727 340.66985881328583 860.90455783903599 215.43200401961803 57.531532019376755 26.315047770738602 482.93935133516788 661.38052546977997 90.788099065423012 43.402901768684387 63.379689559340477 182.67317369580269 10.472129136323929 14.396721184253691
leaf_count=2664 452 175 49 11692 211 159 4355 38 175 4772 892 38 46 173 1637 2540 199 632 1577 3916 975 240 120 2283 3131 410 184 282 783 44 65
internal_value=0 0.00522816 -0.00341695 -0.00398372 0.00172001 -0.00605929 -0.00306454 0.0038674 0.00220384 -0.00644626 -0.00133385 -0.00385554 0.00110723 0.000756447 -0.00045485 0.00149188 0.00710957 -0.000360361 0.00665274 0.00623903 0.00732432 0.00468935 0.00765836 0.00704928 0.00809824 0.00638897 0.00497506 0.00722432 0.00682326 0.00355934 0.00718616
internal_weight=0 4106.82 6281.94 5828.45 1433.63 1788.92 4039.53 453.488 80.0296 1708.89 1267.1 2772.43 234.507 1188.37 448.942 739.432 2673.19 166.352 1458.82 902.714 556.102 68.1543 1214.38 509.254 705.125 245.252 91.0839 154.168 218.981 21.9115 197.07
internal_count=44909 18265 26644 24747 5889 7770 16977 1897 334 7436 5247 11730 956 4802 1810 2992 12376 670 6643 4091 2552 286 5733 2403 3330 1087 395 692 941 93 848
is_linear=0
shrinkage=0.01


Tree=81
num_leaves=32
num_cat=0
split_feature=6 0 6 2 2 2 0 0 0 3 1 1 0 0 3 0 1 6 2 1 1 0 6 3 3 1 1 1 1 0 0
split_gain=1821.83 280.161 267.146 166.779 99.7917 63.3977 56.2921 55.9304 54.0543 29.6301 22.1937 21.1747 14.7088 13.2463 10.8387 7.4562 8.31509 6.64882 4.33887 4.1919 4.17013 4.02531 7.59499 3.21775 5.28218 4.1949 2.87547 3.84072 2.73055 2.3319 1.6369
threshold=125.50000000000001 52.500000000000007 130.50000000000003 1.5000000000000002 2.5000000000000004 2.5000000000000004 38.500000000000007 58.500000000000007 42.500000000000007 80.500000000000014 34.850000000000001 31.950000000000003 62.500000000000007 61.500000000000007 85.500000000000014 58.500000000000007 36.45000000000001 149.50000000000003 1.5000000000000002 23.850000000000005 21.950000000000003 48.500000000000007 138.50000000000003 90.500000000000014 99.500000000000014 19.350000000000005 31.250000000000004 32.150000000000013 22.550000000000004 36.500000000000007 48.500000000000007
decision_type=2 2 2 2 2 2 2 2 2 2 2 2 2 2 2 2 2 2 2 2 2 2 2 2 2 2 2 2 2 2 2
left_child=1 3 5 6 7 13 29 10 -8 11 -3 -5 -9 14 -2 16 -6 21 -15 -17 -11 28 -23 25 -25 -19 30 -28 -4 -1 -7
right_child=2 4 17 9 15 26 8 12 -10 20 -12 -13 -14 18 -16 19 -18 23 -20 -21 -22 22 -24 24 -26 -27 27 -29 -30 -31 -32
leaf_value=0.0068685284600753281 -0.00048858773437615859 -0.0032104945793556411 0.0050338344488563983 -0.0019152966987352404 0.0022679324967414217 0.0082729805532274735 -0.0091201149187261528 -0.00075606454479217771 -0.0057963255214838897 0.013464802260635605 0.0018191605777451672 0.0040082947817006668 0.0018714567193598337 0.0027335480999244712 0.0015934713578987039 0.0024847082226942584 0.01181018088715448 0.00042438063057656224 0.0071561649871996879 0.006938665235751278 0.0058739159594571383 0.0022820656038044125 0.0064928839467807932 0.0026334335551683303 0.0072365242865104875 0.0081212643107339607 0.013170447220824191 0.006981152211316081 0.0079605576683709177 0.014059055638135172 0.0051876352640892022
leaf_weight=18.532511249184612 621.05883833765984 1647.6751841455698 36.114887967705727 374.70505508780479 150.32973951101303 19.56268273293972 648.33128525316715 788.25284290313721 1994.5302040427923 8.8416083753108961 92.664891883730888 71.930205851793289 291.96538469195366 121.57321199774742 418.51692645251751 26.372272431850433 9.7225992232561094 7.153765156865119 27.133859321475029 106.32259021699429 39.879713714122772 44.565153121948242 1103.0242367833853 26.290547370910645 481.55648574233055 695.73212245106697 11.663278505206106 71.424219965934753 271.70045192539692 5.9607427269220343 142.10288028419018
leaf_count=77 2489 6845 163 1581 620 86 2971 3189 8674 38 374 301 1171 500 1700 110 42 31 113 458 168 188 5049 120 2283 3299 53 323 1243 25 625
internal_value=0 -0.003386 0.0051856 -0.00548225 -0.00125649 0.00170352 -0.00647185 -0.00183327 -0.0066117 -0.000153532 -0.00294269 -0.000961308 -4.58884e-05 0.000748941 0.000349617 0.00430073 0.00284759 0.00705721 0.00354052 0.00605347 0.00725146 0.00660173 0.00632936 0.00760472 0.00699823 0.00804293 0.00633804 0.00784996 0.00761718 0.00861843 0.00556098
internal_weight=0 6276.02 4099.17 3162.71 3113.31 1433.04 2667.35 2820.56 2642.86 495.357 1740.34 446.635 1080.22 1188.28 1039.58 292.747 160.052 2666.14 148.707 132.695 48.7213 1455.4 1147.59 1210.73 507.847 702.886 244.753 83.0875 307.815 24.4933 161.666
internal_count=44909 26644 18265 13835 12809 5889 11747 11579 11645 2088 7219 1882 4360 4802 4189 1230 662 12376 613 568 206 6643 5237 5733 2403 3330 1087 376 1406 102 711
is_linear=0
shrinkage=0.01


Tree=82
num_leaves=32
num_cat=0
split_feature=6 0 6 2 2 5 2 0 0 3 6 6 0 0 0 5 3 5 0 6 2 3 0 3 2 0 0 0 0 3 6
split_gain=1788.41 275.468 263.268 164.049 97.8707 68.8503 68.1327 54.8962 48.7166 29.0624 20.2302 18.9182 18.2755 17.711 12.3715 10.9217 10.7156 6.87383 5.12923 4.74462 5.81861 4.21543 4.12662 3.27316 3.09054 3.00472 2.91413 4.94678 2.83196 2.28268 1.55967
threshold=125.50000000000001 52.500000000000007 135.50000000000003 1.5000000000000002 2.5000000000000004 1.5000000000000002 2.5000000000000004 57.500000000000007 44.500000000000007 80.500000000000014 109.50000000000001 115.50000000000001 62.500000000000007 38.500000000000007 62.500000000000007 2.5000000000000004 85.500000000000014 2.5000000000000004 60.500000000000007 149.50000000000003 1.5000000000000002 69.500000000000014 48.500000000000007 77.500000000000014 1.5000000000000002 57.500000000000007 53.500000000000007 60.500000000000007 53.500000000000007 81.500000000000014 146.50000000000003
decision_type=2 2 2 2 2 2 2 2 2 2 2 2 2 2 2 2 2 2 2 2 2 2 2 2 2 2 2 2 2 2 2
left_child=1 3 6 5 7 8 14 11 -1 13 -7 -3 -9 -5 16 28 -2 19 -17 20 -4 -21 -11 25 -16 -19 29 -28 -6 -8 -25
right_child=2 4 17 9 15 10 26 12 -10 22 -12 -13 -14 -15 24 18 -18 23 -20 21 -22 -23 -24 30 -26 -27 27 -29 -30 -31 -32
leaf_value=-0.0087160049799264831 -0.00029722960729810578 -0.0050416969082333531 0.0063363331919115964 0.013501924954559518 0.010988741300835679 0.0055076267224052093 0.0097180270198445138 -0.00097246708345102189 -0.0058012019509310403 0.0091974224424855294 -0.0023710247432279486 -0.0024717928044648281 0.0018528501004996208 -0.0012262856169970686 0.003207781896029552 0.0013153978574445841 0.001689929121397481 0.013183913735959599 0.0056074180661899366 0.0014818458934019397 0.0077966695175225864 0.0077868207231080316 0.002972768193054664 0.004611742789110038 0.0074217034863285304 0.0050437960210985211 0.0045361739841084875 0.0081501859935141675 0.0058231941308483394 0.0064431844274021122 0.0061577393091584035
leaf_weight=906.4657387137413 670.70400841534138 390.32994006574154 826.94036200642586 8.3197623938322049 11.547672182321547 41.368373662233353 40.116446554660797 1060.9494550228119 1560.5655104666948 32.942008629441261 153.60235014557838 1076.3156943321228 291.94844698905945 438.2293768376112 84.009907826781273 112.76867887377739 455.7603555470705 10.472746208310129 36.9727703332901 10.709832757711409 407.19452047348022 1074.5597511082888 15.738829985260962 145.56953454017639 21.952380880713463 7.99752652645111 115.52963790297508 56.346219480037689 131.18135741353035 45.34108941257 118.27502749860287
leaf_count=4153 2694 1654 3780 35 49 175 179 4304 6771 140 648 4450 1171 1847 347 458 1855 47 156 47 1896 5122 66 656 92 36 508 257 567 201 548
internal_value=0 -0.00335579 0.00514347 -0.0054369 -0.00124444 -0.00642008 0.00179126 -0.0018156 -0.00687219 -0.000152035 -0.000699353 -0.00315574 -0.000362778 -0.000951881 0.000814052 0.00426179 0.000506762 0.00706296 0.00237514 0.00724229 0.00681816 0.0077246 0.00718495 0.00558967 0.00408079 0.00965929 0.00647133 0.00572096 0.00624112 0.0079805 0.00530478
internal_weight=0 6269.25 4091.48 3157.23 3112.01 2662 1489.76 2819.54 2467.03 495.23 194.971 1466.65 1352.9 446.549 1232.43 292.47 1126.46 2601.72 149.741 2319.4 1234.13 1085.27 48.6808 282.315 105.962 18.4703 257.333 171.876 142.729 85.4575 263.845
internal_count=44909 26644 18265 13835 12809 11747 6133 11579 10924 2088 823 6104 5475 1882 4988 1230 4549 12132 614 10845 5676 5169 206 1287 439 83 1145 765 616 380 1204
is_linear=0
shrinkage=0.01


Tree=83
num_leaves=32
num_cat=0
split_feature=6 0 6 2 2 2 0 0 0 3 3 1 0 3 1 0 1 6 1 1 1 2 6 3 3 3 1 3 0 1 0
split_gain=1755.61 270.857 259.562 161.363 95.9891 61.23 55.0205 53.9483 53.1435 29.5542 28.5066 20.7525 12.9738 12.0096 8.50534 7.30132 8.19031 6.53037 5.55439 4.12943 4.10168 3.98546 7.56468 3.19488 5.23087 4.17631 2.86198 2.88972 2.50973 2.32594 2.29926
threshold=125.50000000000001 52.500000000000007 130.50000000000003 1.5000000000000002 2.5000000000000004 2.5000000000000004 38.500000000000007 60.500000000000007 42.500000000000007 72.500000000000014 80.500000000000014 31.950000000000003 58.500000000000007 85.500000000000014 20.750000000000004 58.500000000000007 36.45000000000001 149.50000000000003 41.95000000000001 23.850000000000005 21.950000000000003 1.5000000000000002 138.50000000000003 90.500000000000014 99.500000000000014 78.500000000000014 27.350000000000005 88.500000000000014 45.500000000000007 27.050000000000004 36.500000000000007
decision_type=2 2 2 2 2 2 2 2 2 2 2 2 2 2 2 2 2 2 2 2 2 2 2 2 2 2 2 2 2 2 2
left_child=1 3 5 6 7 12 30 9 -8 -3 11 -5 13 -2 -9 16 -6 21 -14 -17 -12 22 -4 25 -25 -19 29 -28 -23 -7 -1
right_child=2 4 17 10 15 26 8 14 -10 -11 20 -13 18 -15 -16 19 -18 23 -20 -21 -22 28 -24 24 -26 -27 27 -29 -30 -31 -32
leaf_value=0.0068227368601563778 -0.00088962801639251088 -0.0044753791179949305 0.0019329911716378211 -0.0018874294959275264 0.0022105245948030663 0.0052732316555303225 -0.0090033465957312948 -0.0044610134718139913 -0.0056985604701181667 -0.0018340401425118384 0.013293059256466145 0.0039768820336834225 0.0026014923083020175 0.0015107735985940326 0.0011786909658937656 0.0024168681700826224 0.011700734981711709 0.0049340397495585943 -0.0077932367442090523 0.0068414951284583182 0.0057533961216957065 0.0088894521810017457 0.0062931654599628151 0.0025413056229414577 0.0071304979253322496 0.0081356169899643137 0.0082181259361735343 0.0054265187663942727 0.0069058095996063305 -0.00092797154193806992 0.013970430086911779
leaf_weight=18.51340173184872 509.90314756333828 568.01829217374325 41.732915937900543 374.52283549308777 150.17667356133461 84.126567482948303 644.30058769881725 28.091869577765465 1987.8842531740665 1666.3021174073219 8.8117787241935712 71.9346012622118 320.28072138130665 352.53347989916801 556.12423619627953 26.333713889122009 9.6800432801246625 43.44631327688694 5.224404662847518 105.98749375343323 39.826586008071899 73.596841871738434 855.04076986014843 26.196284621953964 478.71462090313435 655.0876550078392 90.110125362873077 63.008921161293983 478.28758278489113 6.5170284062623969 5.9458377957344046
leaf_count=77 2041 2380 175 1581 620 367 2971 114 8674 6857 38 301 1309 1431 2228 110 42 199 21 458 168 342 3916 120 2283 3131 410 282 2210 28 25
internal_value=0 -0.00332587 0.00510167 -0.00539197 -0.00123251 0.00167038 -0.00636877 -0.00179809 -0.0065075 -0.00250553 -0.000150549 -0.000942554 0.000733594 9.1571e-05 0.000907507 0.00422342 0.0027852 0.006954 0.00243466 0.00596093 0.00711935 0.00650173 0.00609026 0.00749844 0.0068924 0.00793649 0.00623568 0.00706937 0.00717034 0.00482738 0.00856028
internal_weight=0 6262.45 4083.81 3151.74 3110.71 1431.7 2656.64 2818.54 2632.18 2234.32 495.096 446.457 1187.94 862.437 584.216 292.178 159.857 2652.1 325.505 132.321 48.6384 1448.66 896.774 1203.44 504.911 698.534 243.763 153.119 551.884 90.6436 24.4592
internal_count=44909 26644 18265 13835 12809 5889 11747 11579 11645 9237 2088 1882 4802 3472 2342 1230 662 12376 1330 568 206 6643 4091 5733 2403 3330 1087 692 2552 395 102
is_linear=0
shrinkage=0.01


Tree=84
num_leaves=32
num_cat=0
split_feature=6 0 6 2 2 2 0 0 0 1 2 5 6 1 0 6 1 0 6 1 1 1 0 6 5 5 1 1 1 1 1
split_gain=1723.41 266.413 255.791 168.128 71.1657 60.1834 58.9443 65.2896 38.5686 37.5707 30.9048 40.7594 19.3706 13.0943 12.7212 8.99613 8.33889 7.05316 6.47911 6.38002 5.44365 4.06494 3.97957 7.35425 3.20927 2.89894 3.53279 2.95233 2.71235 1.86917 1.85729
threshold=125.50000000000001 54.500000000000007 130.50000000000003 1.5000000000000002 2.5000000000000004 2.5000000000000004 45.500000000000007 38.500000000000007 60.500000000000007 30.850000000000005 2.5000000000000004 2.5000000000000004 110.50000000000001 27.450000000000003 58.500000000000007 129.50000000000003 20.750000000000004 58.500000000000007 149.50000000000003 28.250000000000004 41.95000000000001 23.850000000000005 48.500000000000007 138.50000000000003 2.5000000000000004 2.5000000000000004 22.050000000000004 35.850000000000001 22.550000000000004 34.050000000000004 20.450000000000003
decision_type=2 2 2 2 2 2 2 2 2 2 2 2 2 2 2 2 2 2 2 2 2 2 2 2 2 2 2 2 2 2 2
left_child=1 3 5 6 8 14 7 -1 12 -8 13 -12 -3 -5 15 -2 -10 19 22 -6 -16 -19 28 -24 30 27 -27 -7 -4 -26 -20
right_child=2 4 18 10 17 25 9 -9 16 -11 11 -13 -14 -15 20 -17 -18 21 24 -21 -22 -23 23 -25 29 26 -28 -29 -30 -31 -32
leaf_value=0.0084861634550691522 0.0062813979436660483 -0.0040122479510743035 0.0048827798862009116 -0.0032598148592383469 0.00070262835079665025 0.0065357911244208937 -0.0053798301247855304 -0.008039339646629123 -0.0044186662266153184 -0.0013316498535679865 0.0080115334708325686 -0.0010135569294897903 -0.001475440472686537 0.00037594289537752303 0.0025764052672712767 -7.7845512025591045e-05 0.0011669396854051082 0.0023938157013933918 0.0045333113913771294 0.0054851607769823164 -0.0077121472411822356 0.0067853581532985978 0.002193349090598744 0.0063420252987826586 0.0066880348702089533 -0.0028869058847825176 0.0053234434421193903 0.010796391925078582 0.0078091030519699236 0.003938320648695399 0.0076751666429005043
leaf_weight=24.426329180598259 22.851142898201942 398.65486411750317 35.889757663011551 235.67838430404663 72.411519885063171 126.41749383509159 1772.1361771821976 1125.5777968168259 28.07755520939827 263.32696165144444 91.074742525815964 111.0654225051403 1228.774217620492 170.88183768093586 320.16594471037388 839.51506149768829 556.10733407735825 26.321495324373245 19.155272006988525 45.371232092380524 5.2265324294567099 105.79666908085346 44.463224112987518 1095.2804436683655 86.611323639750481 5.555051550269126 92.632792234420776 18.665165409445763 269.63978569209576 34.596115350723267 1059.4566664546728
leaf_count=102 92 1657 163 1013 295 570 7682 5134 114 1112 391 449 4994 711 1309 3380 2228 110 87 194 21 458 188 5049 404 23 407 87 1243 160 5082
internal_value=0 -0.0032962 0.00506024 -0.0049584 -0.000734094 0.00165447 -0.00587859 -0.00768833 -0.00130566 -0.00485612 -0.000142843 0.00305272 -0.00209686 -0.00173166 0.000726372 9.06629e-05 0.00089848 0.00432421 0.00690281 0.00254491 0.00241115 0.00591044 0.00645186 0.00618018 0.007446 0.00618588 0.00485894 0.00708393 0.00746536 0.00590319 0.00761937
internal_weight=0 6255.68 4076.12 3794.17 2461.51 1431.03 3185.47 1150 2211.61 2035.46 608.7 202.14 1627.43 406.56 1187.76 862.366 584.185 249.901 2645.09 117.783 325.392 132.118 1445.27 1139.74 1199.82 243.271 98.1878 145.083 305.53 121.207 1078.61
internal_count=44909 26644 18265 16594 10050 5889 14030 5236 8993 8794 2564 840 6651 1724 4802 3472 2342 1057 12376 489 1330 568 6643 5237 5733 1087 430 657 1406 564 5169
is_linear=0
shrinkage=0.01


Tree=85
num_leaves=32
num_cat=0
split_feature=6 0 6 2 2 5 2 0 6 3 1 1 1 0 0 5 3 6 1 2 0 2 6 5 5 3 0 0 1 0 1
split_gain=1691.82 262.369 252.086 156.172 92.3183 67.5418 59.1577 52.4811 48.9692 27.8826 22.1326 20.2036 20.1867 17.3375 12.4982 10.666 10.2344 6.42834 5.65052 4.21649 4.05392 3.95533 7.40839 5.89258 3.17727 4.16314 2.86814 6.18003 2.96593 2.7816 1.84415
threshold=125.50000000000001 52.500000000000007 130.50000000000003 1.5000000000000002 2.5000000000000004 1.5000000000000002 2.5000000000000004 57.500000000000007 110.50000000000001 80.500000000000014 31.250000000000004 30.750000000000004 31.950000000000003 62.500000000000007 61.500000000000007 2.5000000000000004 85.500000000000014 149.50000000000003 26.250000000000004 1.5000000000000002 48.500000000000007 1.5000000000000002 138.50000000000003 1.5000000000000002 2.5000000000000004 69.500000000000014 60.500000000000007 55.500000000000007 30.550000000000004 53.500000000000007 30.950000000000003
decision_type=2 2 2 2 2 2 2 2 2 2 2 2 2 2 2 2 2 2 2 2 2 2 2 2 2 2 2 2 2 2 2
left_child=1 3 6 5 7 8 14 11 -1 12 -7 -3 -5 -9 16 29 -2 21 -17 -16 -11 22 -4 -23 25 -19 27 -8 -28 -6 -26
right_child=2 4 17 9 15 10 26 13 -10 20 -12 -13 -14 -15 19 18 -18 24 -20 -21 -22 23 -24 -25 30 -27 28 -29 -30 -31 -32
leaf_value=-0.0086652218313313361 -0.00048287144268804318 -0.0035878871584426272 0.0018750655835162245 -0.0018638406399537728 0.010828623176596639 -0.0024861491112282445 0.0071670630857283224 -0.00093531327290811983 -0.0056928728512707751 0.0090467596828922043 0.0054266975766079648 -0.00039042924654782602 0.0039208376370590478 0.0018169198487050192 0.0026382876057197188 0.00040551847763417771 0.0015407645602537982 0.0013502723636960824 0.0042960653619639674 0.0070052077150146884 0.0028711815979308103 0.0078949371569165434 0.0061931830541503427 0.0057690671272370752 0.0070197195667779282 0.0076290566548571645 0.0061914860826199451 0.003520953283898899 0.01093180146445945 0.0056958604908043586 0.0045455153102774556
leaf_weight=846.64181353151798 621.00613549351692 1228.549782782793 41.67707784473896 374.18352843821049 11.486775800585745 147.93021722137928 104.99976992607117 1060.3368633836508 1605.0597114562988 32.843804880976677 46.446671798825264 235.4945275336504 71.921756953001022 291.89128863811493 121.36722783744335 77.296493649482727 418.23395496606827 10.665953904390333 72.200440391898155 27.03598265349865 15.716094076633452 336.08253253996372 851.10638332366943 213.03535518050194 64.114983722567558 1064.5989529490471 31.780186742544174 83.41977559030056 22.575256511569023 130.61803071200848 56.823946923017502
leaf_count=3864 2489 5142 175 1581 49 630 469 4304 7060 140 193 962 301 1171 500 312 1700 47 302 113 66 1577 3916 975 300 5122 144 368 106 567 264
internal_value=0 -0.00326696 0.00501906 -0.00530532 -0.00120705 -0.00626945 0.00163864 -0.00176164 -0.00671931 -0.000147921 -0.000595362 -0.00307357 -0.000931226 -0.000341218 0.000719179 0.00414912 0.000331525 0.00685197 0.00228448 0.00343385 0.00704807 0.00640236 0.0059916 0.00707019 0.00739393 0.00756678 0.0061366 0.00555281 0.00816026 0.00611076 0.0058572
internal_weight=0 6248.62 4068.52 3140.74 3107.87 2646.08 1430.42 2816.27 2451.7 494.665 194.377 1464.04 446.105 1352.23 1187.64 291.602 1039.24 2638.11 149.497 148.403 48.5599 1441.9 892.783 549.118 1196.2 1075.26 242.775 188.42 54.3554 142.105 120.939
internal_count=44909 26644 18265 13835 12809 11747 5889 11579 10924 2088 823 6104 1882 5475 4802 1230 4189 12376 614 613 206 6643 4091 2552 5733 5169 1087 837 250 616 564
is_linear=0
shrinkage=0.01


Tree=86
num_leaves=32
num_cat=0
split_feature=6 0 6 2 2 5 2 0 6 2 5 1 1 0 0 0 5 6 6 1 1 0 6 5 5 1 1 0 1 1 1
split_gain=1660.79 257.973 248.426 153.615 90.544 66.4796 58.1471 51.4898 48.41 22.5533 31.0141 21.6907 19.8305 16.9937 12.3308 11.7262 10.4937 8.82544 6.3773 5.55732 5.33312 3.94631 7.19775 3.14574 2.86903 3.47257 2.92578 2.74085 2.68515 1.85194 1.84342
threshold=125.50000000000001 52.500000000000007 130.50000000000003 1.5000000000000002 2.5000000000000004 1.5000000000000002 2.5000000000000004 57.500000000000007 110.50000000000001 2.5000000000000004 2.5000000000000004 31.250000000000004 30.750000000000004 62.500000000000007 58.500000000000007 38.500000000000007 2.5000000000000004 129.50000000000003 149.50000000000003 27.550000000000004 41.95000000000001 48.500000000000007 138.50000000000003 2.5000000000000004 2.5000000000000004 22.050000000000004 35.850000000000001 53.500000000000007 22.550000000000004 21.250000000000004 20.450000000000003
decision_type=2 2 2 2 2 2 2 2 2 2 2 2 2 2 2 2 2 2 2 2 2 2 2 2 2 2 2 2 2 2 2
left_child=1 3 6 5 7 8 14 12 -1 15 -11 -7 -3 -9 17 -5 27 -2 21 -18 -16 28 -23 30 26 -26 -8 -6 -4 -25 -20
right_child=2 4 18 9 16 11 24 13 -10 10 -12 -13 -14 -15 20 -17 19 -19 23 -21 -22 22 -24 29 25 -27 -28 -29 -30 -31 -32
leaf_value=-0.0086046376582279895 0.0062189795073122195 -0.0035545873218806937 0.0047907602245253105 0.010514365838156641 0.010749469091710959 -0.0024625911576882046 0.0064371791488140083 -0.00092604104883147289 -0.0056455221880918737 0.0076047894337639586 -0.0012165368107464655 0.0053700174730483231 -0.00038654307389759078 0.0017988614165176751 0.0025351948302040823 -0.001911732247183487 0.00075171305776126505 -8.0568645271061334e-05 0.0044338672012172202 0.0047239800230779354 -0.0076473049102061923 0.0021353296637631812 0.0062429131253590791 -0.0005141231790924838 -0.0029151423107998588 0.0052276935421825647 0.010692218130402767 0.0056477940804119317 0.0077082195753705434 0.0060541639031593012 0.007570407907941259
leaf_weight=844.0897208750248 22.844314604997635 1227.662846326828 35.751534700393677 7.7749463319778434 11.455801025032995 147.85230749845505 125.87603151798248 1060.2445240914822 1602.3502646535635 75.405238062143326 84.539711147546768 46.467436626553535 235.48361021280289 291.87340676784515 319.94884760677814 326.81493753194809 92.600672259926796 839.45018897950649 19.077480733394623 56.837635025382042 5.2277102321386328 44.39771631360054 1090.1241141408682 4.4572682231664649 5.5521889925003043 92.31556011736393 18.539896935224533 130.41340819001198 268.25075671076775 116.21414384245872 1052.8448710143566
leaf_count=3864 92 5142 163 33 49 630 570 4304 7060 325 342 193 962 1171 1309 1388 374 3380 87 240 21 188 5049 20 23 407 87 567 1243 544 5082
internal_value=0 -0.00323782 0.0049783 -0.00526145 -0.00119548 -0.00621933 0.00162302 -0.00174465 -0.0066665 -0.000146479 0.00294223 -0.000589589 -0.00304471 -0.000337833 0.000712093 -0.00162298 0.00411181 8.6322e-05 0.00680156 0.00226253 0.0023715 0.00635329 0.00608217 0.00734227 0.00608762 0.00476574 0.00698343 0.00605975 0.00736512 0.00581155 0.00751459
internal_weight=0 6241.87 4060.87 3135.29 3106.57 2640.76 1429.75 2815.26 2446.44 494.535 159.945 194.32 1463.15 1352.12 1187.47 334.59 291.308 862.295 2631.12 149.438 325.177 1438.52 1134.52 1192.59 242.284 97.8677 144.416 141.869 304.002 120.671 1071.92
internal_count=44909 26644 18265 13835 12809 11747 5889 11579 10924 2088 667 823 6104 5475 4802 1421 1230 3472 12376 614 1330 6643 5237 5733 1087 430 657 616 1406 564 5169
is_linear=0
shrinkage=0.01


Tree=87
num_leaves=31
num_cat=0
split_feature=6 0 6 0 0 3 1 1 6 0 0 1 1 1 3 6 4 6 1 6 0 5 0 6 3 3 1 6 1 5
split_gain=1630.33 254.094 244.827 93.109 73.3928 72.2137 55.2301 36.0157 20.5316 16.4252 16.184 16.4442 12.0735 11.0953 9.97602 6.5526 6.44886 6.32715 5.2969 5.2479 5.05544 4.0815 3.89599 7.09685 3.19305 5.214 4.15008 2.73171 2.65226 1.54639
threshold=125.50000000000001 51.500000000000007 130.50000000000003 38.500000000000007 58.500000000000007 90.500000000000014 27.450000000000003 29.350000000000005 117.50000000000001 60.500000000000007 62.500000000000007 26.450000000000003 22.050000000000004 36.45000000000001 99.500000000000014 129.50000000000003 1.5000000000000002 149.50000000000003 18.350000000000005 115.50000000000001 29.500000000000004 2.5000000000000004 48.500000000000007 138.50000000000003 90.500000000000014 99.500000000000014 19.350000000000005 95.500000000000014 22.550000000000004 2.5000000000000004
decision_type=2 2 2 2 2 2 2 2 2 2 2 2 2 2 2 2 2 2 2 2 2 2 2 2 2 2 2 2 2 2
left_child=1 3 9 20 7 6 -5 8 -3 12 11 -6 18 -9 -7 -14 29 22 -2 -12 -1 -18 28 -24 26 -26 -19 -22 -4 -11
right_child=2 4 17 5 10 14 -8 13 -10 16 19 -13 15 -15 -16 -17 21 24 -20 -21 27 -23 23 -25 25 -27 -28 -29 -30 -31
leaf_value=-0.00035102637809046182 0.0068838856555423914 -0.004988445708860768 0.0047508077295739708 -0.0067337759024538001 -0.0012823021943966601 0.0170766721039361 -0.0036570291051552174 -0.00069816657495096266 -0.0024935983881870559 0.0047160381606133495 0.00032208782928303946 0.0014953975473578351 0.0068612213258705604 0.0035085322602815185 0.0035958972336309586 0.0012825057188330425 0.0025801536123768566 0.00012142752477396165 -0.0031312444695522149 0.0031934695014519177 0.0041171665962989757 -0.0038214019683772949 0.002115010824724465 0.0061948407394108894 0.0023185859879891945 0.0069210580768890827 0.0078106680932000004 0.011805235388943217 0.0076529639446037906 0.0075798723631393733
leaf_weight=4.6870691031217566 5.6479011476039878 445.66711524128914 35.691969230771065 1919.5324664413929 506.41947124898434 14.321607455611231 838.2030213624239 412.18095085024834 1269.4817538112402 141.49929450452328 85.216127827763557 368.00702059268951 21.479589238762856 73.946569442749023 8.9012627899646741 1063.9377195388079 82.224183022975922 7.0921327620744696 81.270378187298775 251.51846818625927 5.4181626290082923 11.332445636391638 44.376113057136536 1087.610371991992 25.96554559469223 473.01164828240871 682.92555138468742 31.43998809158802 267.48952400684357 21.753465890884399
leaf_count=20 23 1909 163 8605 2060 60 3633 1704 5288 599 346 1501 88 303 37 4364 341 31 329 1021 23 48 188 5049 120 2283 3299 134 1243 97
internal_value=0 -0.00320903 0.00493778 -0.00542874 -0.00137306 -0.00565074 -0.00579861 -0.00246089 -0.00314186 0.00160749 0.000604047 -0.000113293 0.00110573 -5.82708e-05 0.0119095 0.0013929 0.00389803 0.00675148 -0.00248047 0.00246682 0.00943114 0.00180474 0.00630455 0.0060349 0.00729096 0.00668156 0.00773164 0.0106751 0.00731131 0.00509764
internal_weight=0 6234.94 4053.31 2822.5 3412.44 2780.96 2757.74 2201.28 1715.15 1429.14 1211.16 874.426 1172.34 486.128 23.2229 1085.42 256.809 2624.16 86.9183 336.735 41.5452 93.5566 1435.17 1131.99 1188.99 498.977 690.018 36.8582 303.181 163.253
internal_count=44909 26644 18265 12512 14132 12335 12238 9204 7197 5889 4928 3561 4804 2007 97 4452 1085 12376 352 1367 177 389 6643 5237 5733 2403 3330 157 1406 696
is_linear=0
shrinkage=0.01


Tree=88
num_leaves=32
num_cat=0
split_feature=3 2 0 0 2 5 1 5 3 2 1 1 4 1 0 3 5 3 1 1 0 1 0 1 3 0 1 5 2 0 1
split_gain=1109.72 338.813 285.816 90.8198 77.1715 50.753 46.3697 31.664 22.4827 22.9808 18.0357 14.1141 12.4632 8.05459 13.8977 8.61222 6.72547 6.70651 5.3786 5.06192 5.01366 4.47818 3.92745 3.668 2.93429 2.81812 2.46723 3.28796 2.86319 2.40666 1.3132
threshold=80.500000000000014 2.5000000000000004 51.500000000000007 60.500000000000007 1.5000000000000002 1.5000000000000002 22.750000000000004 2.5000000000000004 90.500000000000014 1.5000000000000002 27.550000000000004 26.650000000000002 1.5000000000000002 22.450000000000003 51.500000000000007 85.500000000000014 1.5000000000000002 60.500000000000007 34.150000000000013 28.050000000000004 62.500000000000007 42.650000000000013 59.500000000000007 30.050000000000004 118.50000000000001 51.500000000000007 34.95000000000001 2.5000000000000004 1.5000000000000002 59.500000000000007 37.95000000000001
decision_type=2 2 2 2 2 2 2 2 2 2 2 2 2 2 2 2 2 2 2 2 2 2 2 2 2 2 2 2 2 2 2
left_child=1 2 4 6 5 -1 -4 19 9 13 17 -6 -5 14 -2 -15 18 -9 -11 25 24 -12 -18 -21 29 -3 28 -28 -22 -10 -26
right_child=8 7 3 12 11 -7 -8 10 20 16 21 -13 -14 15 -16 -17 22 -19 -20 23 26 -23 -24 -25 30 -27 27 -29 -30 -31 -32
leaf_value=-0.0060783543235748859 -0.0026786290215560305 0.0076658084623828495 -0.0045795864488459145 0.0031575331724342398 -0.0026950094785097682 -0.00075646727643137685 -0.0011675449752740572 -0.010014978809172839 0.0068687066718699091 0.0063715218674669991 0.005672313981395569 0.001300184036209695 0.00056451426097571024 0.00021502598390521564 0.0043223544484060896 0.004347106601634022 0.0042361103048343873 0.00081503432746477705 0.0092140242617318978 0.010416378774626986 0.0073502033388557243 -0.0033534969500250383 0.006929217298122411 0.0071725042311316335 0.0026111149136275216 0.0047487999224555804 0.0036435008739467895 -0.0063867363863289962 0.003083677196800787 0.0086342614276881616 0.0083783243453137597
leaf_weight=2388.3316156864166 48.223066985607147 46.415166467428207 473.17052465677261 469.05943709611893 176.93786580860615 193.73254641890526 2517.0422754585743 5.9062831401824942 568.12866805493832 379.1547237187624 128.30192020535469 176.76434148848057 306.46963751316071 52.59231024980545 68.820419803261757 1232.6795814186335 213.77901375293732 179.29404616355896 80.744672417640686 47.145570427179337 31.46168078482151 5.7431012392044059 72.52006322145462 133.74325227737427 21.186139851808552 115.61996394395828 11.720007941126825 4.5319013595581046 31.454248264431953 89.34830629825592 4.8525102436542502
leaf_count=10682 212 202 1992 1930 767 823 10518 24 2678 1754 560 747 1259 224 303 5540 968 735 378 213 148 25 336 612 99 509 55 20 148 425 23
internal_value=0 -0.00206576 -0.00274003 -0.000916581 -0.00507898 -0.00567905 -0.00170747 0.00475817 0.00522734 0.00470375 0.00249178 -0.000698393 0.00213284 0.00394932 0.00143788 0.00417803 0.00612153 0.000469651 0.00687058 0.00686807 0.00670231 0.00528561 0.00491828 0.00801796 0.00697825 0.00558438 0.00431997 0.000846534 0.00521719 0.00710864 0.00368588
internal_weight=0 7363.68 6701.51 3765.74 2935.77 2582.06 2990.21 662.169 2911.2 2148.51 319.245 353.702 775.529 1402.32 117.043 1285.27 746.198 185.2 459.899 342.924 762.683 134.045 286.299 180.889 683.516 162.035 79.1678 16.2519 62.9159 657.477 26.0387
internal_count=44909 31598 28718 15699 13019 11505 12510 2880 13311 9715 1344 1514 3189 6279 515 5764 3436 759 2132 1536 3596 585 1304 825 3225 711 371 75 296 3103 122
is_linear=0
shrinkage=0.01


Tree=89
num_leaves=32
num_cat=0
split_feature=6 6 2 6 2 3 1 5 6 1 1 3 4 1 1 2 5 6 6 2 3 1 3 5 6 1 1 1 1 1 6
split_gain=1581.12 239.704 224.66 105.234 61.8009 53.4053 51.4536 34.0417 33.2374 29.4605 21.1369 13.3121 11.3298 11.0974 8.73738 8.40481 6.79857 5.25855 4.43318 5.57831 4.1078 3.69675 3.33004 2.7685 2.61482 5.11314 2.67934 2.56201 2.27497 1.7847 1.28862
threshold=125.50000000000001 135.50000000000003 2.5000000000000004 110.50000000000001 2.5000000000000004 80.500000000000014 27.550000000000004 2.5000000000000004 109.50000000000001 23.650000000000002 34.150000000000013 90.500000000000014 1.5000000000000002 28.850000000000005 22.250000000000004 1.5000000000000002 2.5000000000000004 100.50000000000001 149.50000000000003 1.5000000000000002 69.500000000000014 29.950000000000003 75.500000000000014 2.5000000000000004 101.50000000000001 31.450000000000003 37.550000000000004 35.850000000000001 31.250000000000004 27.850000000000005 149.50000000000003
decision_type=2 2 2 2 2 2 2 2 2 2 2 2 2 2 2 2 2 2 2 2 2 2 2 2 2 2 2 2 2 2 2
left_child=2 4 3 5 12 9 11 24 -7 -1 -8 -5 15 17 -14 -2 18 -9 19 -3 -20 -15 30 27 25 -4 -26 -6 -25 -24 -18
right_child=1 16 7 6 23 8 10 13 -10 -11 -12 -13 14 21 -16 -17 22 -19 20 -21 -22 -23 29 28 26 -27 -28 -29 -30 -31 -32
leaf_value=-0.0078987987682600791 0.00099561855143266709 0.0060206035242887203 0.0060687958240670204 -0.0036045876818334801 0.0065220883852594039 0.0090244529259412929 -0.0017796607445468898 -0.0076714467658688858 -0.0039148643364506266 -0.0051306364856345691 0.0014330038906505507 0.0083855556968754144 -0.0046103379363584317 0.0098581764213902263 -2.3816436910890161e-05 0.0036816356549454528 0.011872276899518431 3.9654001834854707e-05 0.0011885979845205055 0.007462767073936922 0.0074420268000659597 0.0034063463047378346 0.0060991354454498631 0.0038749882271349985 0.0065467408897195 -0.0048272847846469189 0.01110726720502055 0.010384953195308336 0.0070639573507321127 0.004366426348320262 0.0062651103936745521
leaf_weight=593.29719789326191 618.94203969836235 814.7934747338295 16.825844839215282 2738.2498818039894 131.67818094789982 38.083964794874191 1002.9615739285946 9.3723833709955198 41.468070060014725 1092.2798310667276 257.33554698526859 9.2911506891250593 46.065121278166771 10.515329241752623 422.35313977301121 143.50613364577293 9.9120393395423907 156.77387936413288 10.610321745276449 399.81953778862953 1052.5478661507368 57.133838713169098 91.498928874731064 69.702933102846146 180.03875979781151 5.788293480873107 13.87528584897518 19.744092240929604 32.943335726857185 169.68581339716911 6.9882344752550116
leaf_count=2664 2509 3780 72 11692 599 159 4187 38 175 4772 1060 38 186 46 1708 585 45 632 47 1896 5122 240 424 304 780 25 64 93 149 786 32
internal_value=0 0.00487139 -0.003162 -0.00369266 0.00167603 -0.00572711 -0.00279665 0.00364083 0.00227958 -0.00610499 -0.00112368 -0.00356404 0.000749174 0.000994872 -0.000474863 0.00150117 0.00672786 -0.000395333 0.00690807 0.00649533 0.00737962 0.00440921 0.0052518 0.00616631 0.00649779 0.00327985 0.00687306 0.00702577 0.00489846 0.00497343 0.00955372
internal_weight=0 4040.79 6223.29 5772.97 1484.93 1765.13 4007.84 450.324 79.552 1685.58 1260.3 2747.54 1230.87 233.795 468.418 762.448 2555.86 166.146 2277.77 1214.61 1063.16 67.6492 278.085 254.069 216.528 22.6141 193.914 151.422 102.646 261.185 16.9003
internal_count=44909 18265 26644 24747 6133 7770 16977 1897 334 7436 5247 11730 4988 956 1894 3094 12132 670 10845 5676 5169 286 1287 1145 941 97 844 692 453 1210 77
is_linear=0
shrinkage=0.01


Tree=90
num_leaves=32
num_cat=0
split_feature=3 2 0 0 2 5 1 5 3 2 1 1 4 1 0 3 5 3 1 1 0 1 0 1 3 0 1 5 2 0 1
split_gain=1070.51 326.362 279.994 88.7223 75.6917 49.8847 45.0037 30.6878 21.8814 22.3126 17.4792 13.6765 12.1748 7.84976 13.5958 8.39142 6.6002 6.52549 5.30436 5.02035 4.95745 4.41188 3.87401 3.63393 2.91863 2.77779 2.42787 3.21367 2.82822 2.38531 1.30168
threshold=80.500000000000014 2.5000000000000004 51.500000000000007 60.500000000000007 1.5000000000000002 1.5000000000000002 22.750000000000004 2.5000000000000004 90.500000000000014 1.5000000000000002 27.550000000000004 26.650000000000002 1.5000000000000002 22.450000000000003 51.500000000000007 85.500000000000014 1.5000000000000002 60.500000000000007 34.150000000000013 28.050000000000004 62.500000000000007 42.650000000000013 59.500000000000007 30.050000000000004 118.50000000000001 51.500000000000007 34.95000000000001 2.5000000000000004 1.5000000000000002 59.500000000000007 37.95000000000001
decision_type=2 2 2 2 2 2 2 2 2 2 2 2 2 2 2 2 2 2 2 2 2 2 2 2 2 2 2 2 2 2 2
left_child=1 2 4 6 5 -1 -4 19 9 13 17 -6 -5 14 -2 -15 18 -9 -11 25 24 -12 -18 -21 29 -3 28 -28 -22 -10 -26
right_child=8 7 3 12 11 -7 -8 10 20 16 21 -13 -14 15 -16 -17 22 -19 -20 23 26 -23 -24 -25 30 -27 27 -29 -30 -31 -32
leaf_value=-0.0060028196875349339 -0.0026697750714453545 0.0075520949818835975 -0.0045013119204198419 0.0031411946841578197 -0.0026375465151131133 -0.0007235751721747255 -0.0011369862159984043 -0.0098879833866081963 0.0067705123476551089 0.006276134421543603 0.0055875065524300721 0.0012978421428673772 0.0005777342674436421 0.00019696010960405086 0.0042599762467574491 0.004277530342301503 0.0041563996807030676 0.00079814295018458884 0.0091070861278709069 0.010304511298101098 0.0072495898429414084 -0.0033744144050811675 0.0068367909747508674 0.0070667866968513217 0.0025197041479965952 0.0046506117933461872 0.0035560050757314074 -0.0063636139910153121 0.002999581393242517 0.008533471310859464 0.0082765763531738278
leaf_weight=2381.0572172254324 48.175687521696091 46.23466083407402 472.27266322076321 468.75760915875435 176.58728055655956 193.53659015893936 2514.846732839942 5.9026185870170584 565.24061477184296 377.43544919788837 127.93440067768097 176.64345520734787 306.35329888761044 52.550080806016922 68.665126875042915 1229.2656683325768 213.09953537583351 179.22662214934826 80.260721400380135 46.876996204257011 31.294679254293442 5.7395891696214667 72.187908947467804 133.0710339397192 21.122624918818477 115.23329062759876 11.674133390188219 4.5345520526170722 31.337070405483246 88.804535672068596 4.8247574716806403
leaf_count=10682 212 202 1992 1930 767 823 10518 24 2678 1754 560 747 1259 224 303 5540 968 735 378 213 148 25 336 612 99 509 55 20 148 425 23
internal_value=0 -0.00202941 -0.00269136 -0.00088664 -0.00501041 -0.00560597 -0.0016689 0.00467822 0.00514501 0.004628 0.00244712 -0.000669539 0.00212802 0.00388406 0.00140271 0.00411024 0.00602845 0.000457429 0.00677256 0.00676156 0.00660417 0.00520271 0.00483463 0.00791022 0.00687939 0.00548142 0.00423043 0.000780886 0.00512315 0.00700988 0.00359016
internal_weight=0 7350.27 6690.05 3762.23 2927.82 2574.59 2987.12 660.219 2900.47 2141.64 318.803 353.231 775.111 1398.66 116.841 1281.82 742.984 185.129 457.696 341.416 758.833 133.674 285.287 179.948 679.993 161.468 78.8404 16.2087 62.6317 654.045 25.9474
internal_count=44909 31598 28718 15699 13019 11505 12510 2880 13311 9715 1344 1514 3189 6279 515 5764 3436 759 2132 1536 3596 585 1304 825 3225 711 371 75 296 3103 122
is_linear=0
shrinkage=0.01


Tree=91
num_leaves=32
num_cat=0
split_feature=6 0 6 2 2 0 0 2 1 0 2 5 6 1 0 1 1 0 6 1 2 0 6 1 5 0 0 4 1 1 1
split_gain=1533.48 241.675 234.759 153.065 63.1063 57.3434 61.9568 54.4197 35.5441 34.0803 27.3881 37.9561 18.46 11.9572 11.5164 8.96695 8.09181 6.82117 6.04389 5.86018 4.10644 3.98041 6.89823 3.87597 3.10082 2.82316 6.11185 4.85804 2.55155 1.8434 1.79421
threshold=125.50000000000001 54.500000000000007 130.50000000000003 1.5000000000000002 2.5000000000000004 45.500000000000007 38.500000000000007 2.5000000000000004 30.850000000000005 60.500000000000007 2.5000000000000004 2.5000000000000004 110.50000000000001 27.450000000000003 61.500000000000007 22.050000000000004 20.750000000000004 58.500000000000007 149.50000000000003 28.250000000000004 1.5000000000000002 48.500000000000007 138.50000000000003 23.650000000000002 2.5000000000000004 60.500000000000007 55.500000000000007 1.5000000000000002 22.550000000000004 34.050000000000004 20.450000000000003
decision_type=2 2 2 2 2 2 2 2 2 2 2 2 2 2 2 2 2 2 2 2 2 2 2 2 2 2 2 2 2 2 2
left_child=1 3 7 5 9 6 -1 14 -7 12 13 -12 -3 -5 15 -2 -11 19 21 -6 -16 28 -23 -19 30 26 -9 -27 -4 -26 -20
right_child=2 4 18 10 17 8 -8 25 -10 16 11 -13 -14 -15 20 -17 -18 23 24 -21 -22 22 -24 -25 29 27 -28 -29 -30 -31 -32
leaf_value=0.0083906646421722693 -0.002920563519652915 -0.003833206336966617 0.0046609273766608219 -0.0030731287127635024 0.00058762208939090396 -0.0050977859193065047 -0.0077427702857519043 0.0069204527169281762 -0.0011491867268196823 -0.0043816972385790241 0.0077259770088174322 -0.0010088947976345367 -0.0013523823517202873 0.00040687587948847349 0.0024919786164134296 0.00056374404634013673 0.0011222755501027917 0.0020228237822004411 0.0042446886179394981 0.0051861072190692702 0.0068114285897870747 0.0020125537370875675 0.0060407599100444076 0.0064826922792529298 0.0063826547877024013 0.0099732216876759431 0.0032769792414023627 0.003520377501505675 0.0075138500349881876 0.0036326474156296051 0.0073520820650543692
leaf_weight=24.325504526495934 80.028410911560059 397.02577286958694 35.546859428286552 234.28893348574638 72.248618826270103 1754.9605002105236 1108.602747887373 103.86924888193607 262.00744561851025 28.059319853782654 90.188817635178566 110.94101068377495 1226.6419396102428 170.65136802196503 121.03490345180035 958.32628032565117 555.94796738028526 23.815532848238945 18.919992297887802 44.957510724663734 26.901270821690559 44.255412325263023 1079.3036826252937 107.20570303499699 85.251423269510269 36.469752088189125 82.696130603551865 17.155029386281967 265.46164399385452 34.135498762130737 1038.766904130578
leaf_count=102 322 1657 163 1013 295 7682 5134 469 1112 114 391 449 4994 711 500 3867 2228 100 87 194 113 188 5049 468 404 173 368 77 1243 160 5082
internal_value=0 -0.00311561 0.00480622 -0.00471057 -0.00067634 -0.00559608 -0.00739636 0.00154597 -0.00458486 -0.00121385 -0.000108399 0.00290792 -0.001959 -0.00160657 0.0006671 0.0002952 0.000857831 0.00410416 0.00659382 0.00235149 0.00327744 0.00615569 0.00588209 0.00567203 0.00712406 0.00588671 0.00530546 0.0079089 0.00717694 0.00559636 0.0072965
internal_weight=0 6211.87 4028.12 3755.97 2455.9 3149.9 1132.93 1426.48 2016.97 2207.67 606.07 201.13 1623.67 404.94 1186.29 1038.35 584.007 248.227 2601.64 117.206 147.936 1424.57 1123.56 131.021 1177.07 240.19 186.565 53.6248 301.009 119.387 1057.69
internal_count=44909 26644 18265 16594 10050 14030 5236 5889 8794 8993 2564 840 6651 1724 4802 4189 2342 1057 12376 489 613 6643 5237 568 5733 1087 837 250 1406 564 5169
is_linear=0
shrinkage=0.01


Tree=92
num_leaves=32
num_cat=0
split_feature=6 0 6 2 2 5 0 2 6 2 5 3 3 6 3 0 3 5 6 0 4 0 6 0 3 3 3 0 0 4 6
split_gain=1505.36 237.901 231.346 139.808 81.586 68.7008 54.6246 53.4907 46.3848 25.145 30.7825 18.8494 17.9672 16.1997 12.5043 11.3357 10.1876 10.1303 5.99622 5.52989 4.21707 3.92967 6.80109 3.92925 3.48233 5.21702 4.03597 2.79109 6.02266 4.8043 1.44962
threshold=125.50000000000001 51.500000000000007 130.50000000000003 1.5000000000000002 2.5000000000000004 1.5000000000000002 57.500000000000007 2.5000000000000004 110.50000000000001 2.5000000000000004 2.5000000000000004 80.500000000000014 72.500000000000014 110.50000000000001 80.500000000000014 58.500000000000007 85.500000000000014 2.5000000000000004 149.50000000000003 60.500000000000007 1.5000000000000002 48.500000000000007 138.50000000000003 52.500000000000007 90.500000000000014 99.500000000000014 78.500000000000014 60.500000000000007 55.500000000000007 1.5000000000000002 132.50000000000003
decision_type=2 2 2 2 2 2 2 2 2 2 2 2 2 2 2 2 2 2 2 2 2 2 2 2 2 2 2 2 2 2 2
left_child=1 3 7 5 6 8 12 15 -1 14 -11 -7 -3 -8 -5 16 -2 23 21 -19 -17 30 -23 -6 26 -26 -20 28 -9 -29 -4
right_child=2 4 18 9 17 11 13 27 -10 10 -12 -13 -14 -15 -16 20 -18 19 24 -21 -22 22 -24 -25 25 -27 -28 29 -30 -31 -32
leaf_value=-0.0086768084853582669 -0.00084274402853556235 -0.0046822007880182011 0.011966208698591042 -0.002259125818209516 -0.0020940001469577909 -0.0015115814963258798 -0.0022678664746039559 0.006867257920052619 -0.0056241835653928086 0.0082451304653646858 -0.0012697853738131825 0.0079900403618551295 -0.0023708414138038907 0.00031248049076789124 0.0053285168650915099 0.0030956670117786422 0.0013693913631870793 0.00088405015438415351 0.0045615160068988823 0.0052865129499738237 0.00071028354635766313 0.001993370817848374 0.0059942000829104171 0.0058155561990653982 0.0020447686001893294 0.0066746986116543892 0.0077359892856595745 0.0099127220568352332 0.0032475667879655668 0.0034891431656706869 0.0070248448152831471
leaf_weight=767.88843584060669 509.80285729467869 455.4379316419363 6.0592323243618003 281.32176174223423 6.5742121040821067 151.96618478000164 318.32269947230816 103.62830910086632 1415.0572666227818 68.141692355275154 67.863771572709084 24.204003646969795 1285.8179718703032 1032.4038318097591 23.53642250597477 209.9303288012743 351.87587842345238 129.03959971666336 42.728481099009514 36.630835711956024 114.55492307245731 44.234588786959648 1076.8227625191212 140.65518747270107 25.677908688783646 466.17639842629433 638.93772968649864 36.326134443283081 82.611066877841949 17.135610714554787 294.13331735134125
leaf_count=3574 2041 1951 27 1204 28 649 1304 469 6315 297 275 101 5381 4171 97 863 1431 525 199 156 467 188 5049 616 120 2283 3131 173 368 77 1379
internal_value=0 -0.00308797 0.00476708 -0.00524723 -0.00131232 -0.00621321 -0.00180474 0.00153119 -0.006698 -7.817e-05 0.00349739 -0.000206155 -0.00297539 -0.000295624 -0.00167333 0.000660502 6.06055e-05 0.00355369 0.00654525 0.00185746 0.00225354 0.00610844 0.00583634 0.00546237 0.00707428 0.00643299 0.00753701 0.0058398 0.00526165 0.00785383 0.00712458
internal_weight=0 6204.86 4020.64 2799.98 3404.88 2359.12 3091.98 1425.87 2182.95 440.864 136.005 176.17 1741.26 1350.73 304.858 1186.16 861.679 312.9 2594.77 165.67 324.485 1421.25 1121.06 147.229 1173.52 491.854 681.666 239.701 186.239 53.4617 300.193
internal_count=44909 26644 18265 12512 14132 10639 12807 5889 9889 1873 572 750 7332 5475 1301 4802 3472 1325 12376 681 1330 6643 5237 644 5733 2403 3330 1087 837 250 1406
is_linear=0
shrinkage=0.01


Tree=93
num_leaves=32
num_cat=0
split_feature=6 6 2 6 2 5 1 3 5 1 1 3 1 4 1 1 6 3 1 2 6 5 3 3 1 1 1 5 6 6 1
split_gain=1477.76 227.97 208.376 101.377 52.5766 51.9759 49.6818 36.8568 32.0522 25.7395 20.5569 12.7081 10.5882 9.98615 8.05871 7.29964 5.94907 5.12032 3.65231 3.64319 6.97841 5.79618 3.44372 5.14768 4.07993 2.73058 3.92336 3.13804 2.59324 5.32632 2.83968
threshold=125.50000000000001 130.50000000000003 2.5000000000000004 110.50000000000001 2.5000000000000004 1.5000000000000002 27.550000000000004 80.500000000000014 2.5000000000000004 23.650000000000002 34.150000000000013 90.500000000000014 28.850000000000005 1.5000000000000002 22.250000000000004 23.650000000000002 149.50000000000003 71.500000000000014 29.950000000000003 1.5000000000000002 138.50000000000003 1.5000000000000002 90.500000000000014 99.500000000000014 19.350000000000005 31.250000000000004 32.150000000000013 2.5000000000000004 100.50000000000001 99.500000000000014 37.550000000000004
decision_type=2 2 2 2 2 2 2 2 2 2 2 2 2 2 2 2 2 2 2 2 2 2 2 2 2 2 2 2 2 2 2
left_child=2 4 3 5 13 9 11 -7 28 -1 -8 -5 17 15 -15 -2 19 -10 -14 20 -3 -21 24 -24 -18 27 -27 -6 29 -4 -30
right_child=1 16 8 6 25 7 10 -9 12 -11 -12 -13 18 14 -16 -17 22 -19 -20 21 -22 -23 23 -25 -26 26 -28 -29 30 -31 -32
leaf_value=-0.0079404161869435358 -0.00098341294714662081 0.0016600277141242967 0.0077693198617442309 -0.003488259994670324 0.0062266154564183341 -0.0024465302341069536 -0.0016953984466617561 0.01041824638398812 -0.0038014565055855998 -0.0052468601683615321 0.0014751571920309306 0.0082366083151745404 0.009715935872465593 -0.0046414329806608546 -8.6638486379758117e-05 0.0017898565209460804 -8.2469842989333408e-05 0.00049375040831497606 0.0032848408406562484 0.0075363854705773814 0.0058629060560939986 0.0054087988392945516 0.002025899656758149 0.0066269944312533011 0.0075651509029345115 0.012746790654772765 0.0063995313174307613 0.0033743976343811087 0.0063197348912396676 -0.0021781269279831446 0.011003624396170624
leaf_weight=550.76677702367306 111.87771357595921 41.461335316300392 11.231206461787224 2728.1872315257788 91.957012638449669 181.27993103861809 1000.6889076381922 25.388564273715019 35.226234525442123 996.93693454563618 257.0205724388361 9.2755224108695966 10.451020896434782 42.961879089474678 405.30080235004425 625.84463411569595 7.0490269660949698 130.84476792812347 56.96016600728035 329.26593764126301 837.69042244553566 209.52873872220516 25.657999366521835 464.8435449898243 672.42673960328102 11.32570607960224 69.483261927962303 66.446846291422844 179.46486006677151 10.336877301335335 13.949715986847876
leaf_count=2502 452 175 49 11692 420 765 4187 106 142 4397 1060 38 46 173 1637 2540 31 528 240 1577 3916 975 120 2283 3299 53 323 291 783 44 65
internal_value=0 0.00472831 -0.0030605 -0.00357259 0.0015166 -0.00557642 -0.00269266 -0.000866134 0.00350474 -0.00620539 -0.00104748 -0.00344853 0.00093943 0.000653997 -0.000523174 0.00136928 0.00649703 -0.00041733 0.00428188 0.00606151 0.0056647 0.006709 0.00702486 0.00638631 0.00748581 0.00579328 0.00728913 0.00503017 0.00629079 0.00300183 0.00665755
internal_weight=0 4013.12 6198.01 5749.54 1425.2 1754.37 3995.17 206.668 448.465 1547.7 1257.71 2737.46 233.482 1185.99 448.263 737.722 2587.92 166.071 67.4112 1417.95 879.152 538.795 1169.98 490.502 679.476 239.213 80.809 158.404 214.983 21.5681 193.415
internal_count=44909 18265 26644 24747 5889 7770 16977 871 1897 6899 5247 11730 956 4802 1810 2992 12376 670 286 6643 4091 2552 5733 2403 3330 1087 376 711 941 93 848
is_linear=0
shrinkage=0.01


Tree=94
num_leaves=32
num_cat=0
split_feature=3 0 2 2 0 0 0 3 2 5 1 3 2 1 4 1 1 1 0 3 5 1 5 0 0 3 1 5 2 0 1
split_gain=998.432 306.902 201.753 87.6179 69.1188 58.2596 52.2164 43.1203 38.1127 29.3591 26.3112 20.9199 21.1631 12.5688 11.88 9.61759 7.59263 7.4703 13.2454 7.96015 6.52538 5.25638 4.95136 4.93472 3.79836 2.86401 2.38457 3.14744 2.82125 2.36976 1.28038
threshold=80.500000000000014 54.500000000000007 1.5000000000000002 2.5000000000000004 44.500000000000007 60.500000000000007 38.500000000000007 70.500000000000014 2.5000000000000004 2.5000000000000004 22.750000000000004 90.500000000000014 1.5000000000000002 32.250000000000007 1.5000000000000002 27.650000000000002 42.95000000000001 22.450000000000003 51.500000000000007 85.500000000000014 1.5000000000000002 34.150000000000013 1.5000000000000002 62.500000000000007 59.500000000000007 118.50000000000001 34.95000000000001 2.5000000000000004 1.5000000000000002 59.500000000000007 37.95000000000001
decision_type=2 2 2 2 2 2 2 2 2 2 2 2 2 2 2 2 2 2 2 2 2 2 2 2 2 2 2 2 2 2 2
left_child=1 2 4 5 6 10 -1 -6 13 -10 -3 12 17 -4 -7 22 -17 18 -2 -19 21 -14 -5 25 -22 29 28 -28 -25 -13 -27
right_child=11 3 8 15 7 14 -8 -9 9 -11 -12 23 20 -15 -16 16 -18 19 -20 -21 24 -23 -24 26 -26 30 27 -29 -30 -31 -32
leaf_value=0.007912370555491214 -0.002695463213669412 -0.0038557036192276642 -0.0013924229995477522 0.0049881273357559588 -0.0059787768604144496 0.003097473053103073 -0.0072833796279092493 -0.0030093271181360023 0.0075076002274202048 0.00079303336601337375 -0.00064894907425526015 0.0065916945289013788 0.006102109956976051 0.0029332150510371319 0.00056356865399845887 0.0066259501574837129 -0.0040271949581532247 0.00016249515518360503 0.0041601477546332113 0.0041431083456928107 0.0039898289837382436 0.0089348795293642397 0.0017006716722478307 0.0070717414660401027 0.0066556430031486993 0.0023640795538858342 0.0033808377044360115 -0.0064566323410782346 0.0028070838670868391 0.0083585668139986233 0.0081036925383185555
leaf_weight=23.141437470912933 47.976899027824402 302.78554300963879 397.11039470136166 82.007872089743614 676.02534595131874 468.05089510977268 990.67967501282692 1767.8509697914124 128.06705042719841 132.48286268115044 1651.0777703970671 559.63566470146179 374.05143059790134 80.848492741584778 305.98990811407566 203.07276107370853 6.9180704802274695 52.391677096486092 68.305676534771919 1221.3674319684505 211.58567252755165 79.409497335553169 103.80873946845531 30.981417149305344 71.513635739684105 20.950138896703724 11.578247308731081 4.5227168351411811 31.067565411329269 87.82123264670372 4.7719043940305701
leaf_count=97 212 1258 1710 365 3014 1930 4623 7659 576 550 6829 2678 1754 339 1259 926 32 224 303 5540 968 378 431 148 336 99 55 20 148 425 23
internal_value=0 -0.00196135 -0.00372801 0.000411883 -0.00474137 -0.000226069 -0.00693652 -0.00383074 0.00101656 0.00409342 -0.00114589 0.00499082 0.00448405 -0.000660726 0.00209578 0.00480865 0.00627499 0.00375788 0.0013316 0.00397938 0.00585448 0.00659818 0.00315155 0.00642521 0.00466324 0.00670135 0.00404664 0.000617519 0.00493645 0.00683135 0.00342888
internal_weight=0 7319.92 4196.21 3123.71 3457.7 2727.9 1013.82 2443.88 738.509 260.55 1953.86 2877.93 2126.6 477.959 774.041 395.807 209.991 1390.04 116.283 1273.76 736.56 453.461 185.817 751.329 283.099 673.179 78.1499 16.101 62.049 647.457 25.722
internal_count=44909 31598 18568 13030 15393 11276 4720 10673 3175 1126 8087 13311 9715 2049 3189 1754 958 6279 515 5764 3436 2132 796 3596 1304 3225 371 75 296 3103 122
is_linear=0
shrinkage=0.01


Tree=95
num_leaves=31
num_cat=0
split_feature=6 0 6 0 3 0 1 1 6 0 1 0 1 3 1 3 4 5 5 0 6 1 6 0 3 3 0 6 0 3
split_gain=1433.05 230.347 223.183 86.452 66.7398 66.4958 51.7543 32.9267 19.0055 14.7589 15.0776 13.7907 10.5386 9.96269 9.96375 9.75286 7.32478 6.78546 5.5564 5.06208 4.9401 4.25971 4.15555 4.90754 4.01083 3.4144 4.21275 2.68695 2.05417 1.66281
threshold=125.50000000000001 51.500000000000007 135.50000000000003 38.500000000000007 90.500000000000014 58.500000000000007 27.450000000000003 29.350000000000005 117.50000000000001 62.500000000000007 26.450000000000003 60.500000000000007 36.45000000000001 96.500000000000014 22.050000000000004 99.500000000000014 1.5000000000000002 2.5000000000000004 2.5000000000000004 29.500000000000004 115.50000000000001 34.550000000000004 149.50000000000003 44.500000000000007 69.500000000000014 75.500000000000014 57.500000000000007 95.500000000000014 43.500000000000007 78.500000000000014
decision_type=2 2 2 2 2 2 2 2 2 2 2 2 2 2 2 2 2 2 2 2 2 2 2 2 2 2 2 2 2 2
left_child=1 3 11 19 6 7 -5 8 -3 10 -7 13 -9 14 -2 -6 29 22 -18 -1 -11 -15 23 -4 -24 26 -19 -21 -27 -13
right_child=2 5 17 4 15 9 -8 12 -10 20 -12 16 -14 21 -16 -17 18 25 -20 27 -22 -23 24 -25 -26 28 -28 -29 -30 -31
leaf_value=-0.00059450111780794991 -0.0022179139590499134 -0.0047455410972647022 0.0080580995373696947 -0.0064198691972933639 0.01668631308617146 -0.0011918145478483828 -0.0034252661223639069 -0.00063191442752887116 -0.0023365964674948708 0.00031226947317127939 0.0014709300742101038 0.0079380839545185079 0.0034727054431692357 0.0079545186214411388 0.0012428322706249386 0.0033339797799369943 0.0023628970571307711 0.013710818175402536 -0.0049752633189855608 0.0039599003372973321 0.0031006651509890531 -0.0016803889417309834 0.00097880055172544262 0.006027996196621763 0.0071797851135490436 0.0014890126655753863 0.0035703812526993112 0.01161109089210133 0.0049550720963109345 0.0045996636500421559
leaf_weight=4.6493345201015464 90.051410585641861 441.9915614426136 134.05966730415821 1891.8226881176233 14.236463829874994 505.36667031049728 830.46594931185246 410.8935374468565 1264.4712760895491 85.066698804497719 367.1451108455658 16.571796476840973 73.783706381917 29.036308914422989 1092.2135849744081 8.8841153681278211 85.756955295801163 9.56860099732876 11.729934886097906 5.3828783184289923 251.0428374260664 5.4499128162860861 10.536841720342634 1065.4564231187105 1035.295789077878 18.412828981876373 7.1643544882535926 31.155990570783615 239.57964564859867 149.66225787997246
leaf_count=20 367 1909 638 8605 60 2060 3633 1704 5288 346 1501 71 303 123 4498 37 357 44 50 23 1021 23 47 5038 5122 86 33 134 1124 644
internal_value=0 -0.00301552 0.00466472 -0.0051469 -0.00536264 -0.00126855 -0.00550633 -0.00230723 -0.00296054 0.000614506 -7.13556e-05 0.00158311 -7.05722e-06 0.00113378 0.000979232 0.0115557 0.00365621 0.00647508 0.00147995 0.00923339 0.00239494 0.0064319 0.00665658 0.00625488 0.00711731 0.00499162 0.00936911 0.0104839 0.0047077 0.00493247
internal_weight=0 6186.36 4000.55 2786.6 2745.41 3399.76 2722.29 2191.14 1706.46 1208.62 872.512 1480.47 484.677 1216.75 1182.26 23.1206 263.721 2520.07 97.4869 41.1882 336.11 34.4862 2245.35 1199.52 1045.83 274.725 16.733 36.5389 257.992 166.234
internal_count=44909 26644 18265 12512 12335 14132 12238 9204 7197 4928 3561 6133 2007 5011 4865 97 1122 12132 407 177 1367 146 10845 5676 5169 1287 77 157 1210 715
is_linear=0
shrinkage=0.01


Tree=96
num_leaves=32
num_cat=0
split_feature=6 0 6 2 2 5 0 2 6 1 2 5 1 6 3 0 5 3 1 6 2 0 6 0 3 3 1 0 0 1 1
split_gain=1406.62 226.507 220.09 134.189 76.344 66.6372 51.7708 50.9104 45.1567 24.3445 23.5583 29.509 19.1117 15.4331 11.7754 10.8158 9.55738 8.72229 5.77747 5.76582 4.31174 3.92847 6.57194 3.87965 3.56331 5.10976 4.02537 2.74435 5.94997 2.91925 2.50895
threshold=125.50000000000001 51.500000000000007 130.50000000000003 1.5000000000000002 2.5000000000000004 1.5000000000000002 57.500000000000007 2.5000000000000004 110.50000000000001 31.050000000000004 2.5000000000000004 2.5000000000000004 31.250000000000004 110.50000000000001 80.500000000000014 62.500000000000007 2.5000000000000004 85.500000000000014 32.850000000000001 149.50000000000003 1.5000000000000002 48.500000000000007 138.50000000000003 52.500000000000007 90.500000000000014 99.500000000000014 19.350000000000005 60.500000000000007 55.500000000000007 30.550000000000004 22.550000000000004
decision_type=2 2 2 2 2 2 2 2 2 2 2 2 2 2 2 2 2 2 2 2 2 2 2 2 2 2 2 2 2 2 2
left_child=1 3 7 5 6 8 9 15 -1 -3 14 -12 -7 -8 -5 17 23 -2 -18 21 -17 30 -23 -6 26 -26 -21 28 -9 -29 -4
right_child=2 4 19 10 16 12 13 27 -10 -11 11 -13 -14 -15 -16 20 18 -19 -20 24 -22 22 -24 -25 25 -27 -28 29 -30 -31 -32
leaf_value=-0.0084995299480885821 -0.00040252900809019837 -0.0033629676198735393 0.00445847652088376 -0.002150265694203503 -0.0021984505536075932 -0.0020604025507327344 -0.0021902917715634516 0.0067190159376958412 -0.0054745168131392422 -4.696023223126216e-06 0.008099814791705344 -0.0012306038307684718 0.0055096869403816282 0.00032966942925099731 0.0052188162132029339 0.0027156962139761841 0.0010959824187151716 0.0014274929157521027 0.0066921915564524129 -0.00016027823442432658 0.0078687919741645372 0.0018879546138536136 0.0058268019118081441 0.0056710654064550739 0.0018864098389536146 0.0064841942266439037 0.0074453679556926809 0.0057289522403408434 0.0031108388643923484 0.010495978544028388 0.0073005865400535257
leaf_weight=760.19593353569508 648.81597727537155 1484.1581291556358 35.231418952345848 280.44145430624485 6.5582822710275641 130.7706039249897 317.89766080677509 102.93065820634365 1406.5040116161108 252.59608943760395 67.756737247109413 67.828461021184921 44.766920208930969 1031.9967916309834 23.501718744635582 81.053996309638023 144.30389404296875 435.10480724275112 21.152158781886101 7.0321351289749137 20.305064529180527 44.109889909625053 1067.72196829319 139.91868670284748 25.509529426693916 460.81750011444092 667.22733081877232 31.101196765899658 82.20020492374897 21.886334478855133 262.3708418160677
leaf_count=3574 2604 6295 163 1204 28 563 1304 469 6315 1037 297 275 187 4171 97 337 591 1775 90 31 86 188 5049 616 120 2283 3299 144 368 106 1243
internal_value=0 -0.0029883 0.00462637 -0.00510433 -0.0012563 -0.00605576 -0.00173276 0.00147186 -0.00653586 -0.00287454 -3.41853e-05 0.00343214 -0.000129821 -0.000263777 -0.00158047 0.000624187 0.00345837 0.000332074 0.00181141 0.00637349 0.00374801 0.00594368 0.00567054 0.00531872 0.00689546 0.00624302 0.00736605 0.00569129 0.00511694 0.00769796 0.00696413
internal_weight=0 6180.35 3993.42 2781.77 3398.58 2342.24 3086.65 1423.4 2166.7 1736.75 439.528 135.585 175.538 1349.89 303.943 1185.28 311.933 1083.92 165.456 2570.02 101.359 1409.43 1111.83 146.477 1160.59 486.327 674.259 238.118 185.131 52.9875 297.602
internal_count=44909 26644 18265 12512 14132 10639 12807 5889 9889 7332 1873 572 750 5475 1301 4802 1325 4379 681 12376 423 6643 5237 644 5733 2403 3330 1087 837 250 1406
is_linear=0
shrinkage=0.01


Tree=97
num_leaves=32
num_cat=0
split_feature=6 6 2 6 5 2 1 6 5 1 1 3 1 4 1 1 6 6 1 3 3 1 2 6 5 1 1 5 6 1 1
split_gain=1380.82 216.874 196.25 97.4033 50.0775 50.0388 47.349 36.1935 30.5113 25.1117 19.8133 11.9889 10.052 9.69541 7.73035 7.03773 5.71987 5.06788 3.63218 3.52361 5.04143 3.97066 3.5157 6.74868 5.69651 2.67174 3.90241 3.04835 2.56837 5.11131 2.64733
threshold=125.50000000000001 130.50000000000003 2.5000000000000004 110.50000000000001 1.5000000000000002 2.5000000000000004 27.550000000000004 109.50000000000001 2.5000000000000004 23.650000000000002 34.850000000000001 90.500000000000014 28.850000000000005 1.5000000000000002 22.250000000000004 43.350000000000001 149.50000000000003 100.50000000000001 29.950000000000003 90.500000000000014 99.500000000000014 19.350000000000005 1.5000000000000002 138.50000000000003 1.5000000000000002 31.250000000000004 32.150000000000013 2.5000000000000004 101.50000000000001 31.450000000000003 37.550000000000004
decision_type=2 2 2 2 2 2 2 2 2 2 2 2 2 2 2 2 2 2 2 2 2 2 2 2 2 2 2 2 2 2 2
left_child=2 5 3 4 9 13 11 -6 28 -1 -8 -5 17 15 -15 -2 22 -10 -14 21 -21 -18 23 -3 -24 27 -27 -7 29 -4 -30
right_child=1 16 8 6 7 25 10 -9 12 -11 -12 -13 18 14 -16 -17 19 -19 -20 20 -22 -23 24 -25 -26 26 -28 -29 30 -31 -32
leaf_value=-0.007773329402853052 0.0014609455389412199 0.0015644959799531351 0.0057466190296652075 -0.0033754180242656418 0.0038040442279818278 0.006073883139598335 -0.0015633652088216587 -0.0046147701215164053 -0.0075515080276726942 -0.0051029227363763542 0.0017622271045860439 0.0080244102104931672 0.0096131410529834392 -0.0045765051176974662 -0.00011442495746830139 -0.0056090667884206346 -0.00015866790954821304 2.3967099938874514e-05 0.0031858785692051028 0.0018689146205795796 0.0064377739902565633 0.0073950686621154825 0.0073623755314034213 0.0057030970665538942 0.0052438111344032656 0.012606009110533334 0.0062427023488144939 0.0032552953656163853 0.0061973174960319299 -0.0051984419838553252 0.010776674698745714
leaf_weight=546.17999367415905 722.72354944050312 41.362494647502899 16.657789990305904 2718.2358078062534 93.331012099981308 91.314204171299934 1038.9816596955061 112.76403272151947 9.3584546297788602 991.23423074185848 216.47814399003983 9.2567998766899091 10.402545660734175 42.941925942897797 405.09194666147232 14.359412834048269 7.0324677973985663 156.66594138741493 56.810761779546738 25.490933269262314 459.50547049939632 665.05889987945557 325.87115502357483 831.04763267934322 207.88438203930855 11.203875586390494 68.938104882836342 66.180242821574211 177.8631376773119 5.7359503209590903 13.588499590754507
leaf_count=2502 2934 175 72 11692 394 420 4355 477 38 4397 892 38 46 173 1637 58 31 632 240 120 2283 3299 1577 3916 975 53 323 291 780 25 64
internal_value=0 0.00458868 -0.0029617 -0.00345989 -0.0054311 0.00145781 -0.002597 -0.000802274 0.00341927 -0.00605161 -0.000989935 -0.00333673 0.000917852 0.000618032 -0.000542094 0.00132321 0.0063265 -0.000403047 0.00418062 0.00684725 0.00619764 0.00731603 0.00589799 0.00550688 0.00653725 0.00564587 0.00713229 0.00488949 0.00614753 0.00294314 0.00652234
internal_weight=0 3986.01 6173.54 5726.46 1743.51 1422.75 3982.95 206.095 447.083 1537.41 1255.46 2727.49 233.238 1185.12 448.034 737.083 2563.25 166.024 67.2133 1157.09 484.996 672.091 1406.17 872.41 533.756 237.636 80.142 157.494 213.845 22.3937 191.452
internal_count=44909 18265 26644 24747 7770 5889 16977 871 1897 6899 5247 11730 956 4802 1810 2992 12376 670 286 5733 2403 3330 6643 4091 2552 1087 376 711 941 97 844
is_linear=0
shrinkage=0.01


Tree=98
num_leaves=32
num_cat=0
split_feature=6 0 6 2 2 5 0 2 6 3 3 3 2 6 0 0 0 6 5 2 0 6 0 3 0 3 5 0 0 4 6
split_gain=1355.38 222.515 213.721 131.079 72.9604 65.1854 50.8112 49.1838 44.0187 23.1346 17.3938 16.7732 16.6159 14.7984 10.6316 9.32135 7.96787 5.67338 4.31273 3.97178 3.89574 6.42907 3.86356 3.48445 5.13261 3.97188 3.26604 2.7181 5.86967 4.73303 1.47096
threshold=125.50000000000001 51.500000000000007 130.50000000000003 1.5000000000000002 2.5000000000000004 1.5000000000000002 57.500000000000007 2.5000000000000004 110.50000000000001 80.500000000000014 80.500000000000014 72.500000000000014 2.5000000000000004 110.50000000000001 61.500000000000007 58.500000000000007 41.500000000000007 149.50000000000003 2.5000000000000004 1.5000000000000002 48.500000000000007 138.50000000000003 48.500000000000007 90.500000000000014 62.500000000000007 78.500000000000014 2.5000000000000004 60.500000000000007 55.500000000000007 1.5000000000000002 132.50000000000003
decision_type=2 2 2 2 2 2 2 2 2 2 2 2 2 2 2 2 2 2 2 2 2 2 2 2 2 2 2 2 2 2 2
left_child=1 3 7 5 6 8 11 14 -1 12 -7 -3 -5 -8 16 18 -2 20 -6 -16 30 -22 -11 25 -25 -19 -17 28 -9 -29 -4
right_child=2 4 17 9 15 10 13 27 -10 22 -12 -13 -14 -15 19 26 -18 23 -20 -21 21 -23 -24 24 -26 -27 -28 29 -30 -31 -32
leaf_value=-0.0084008830559247315 -0.0032158136172076631 -0.0044715440604493721 0.011773567088147752 -0.0020990518826979436 0.0037094964016557144 -0.0013736168692315631 -0.0021164535855901691 0.0066239616387865829 -0.0054073410688046429 0.0086418331961473239 0.0077728948204288887 -0.0022320353769175313 0.0024110261107693916 0.0003521254060186104 0.0023517626709024441 0.0069503324269161552 0.00047609201931536659 0.0042969173523435891 0.0005943260723757399 0.0066104198832406674 0.0018365093094469757 0.0057352871533215234 0.0017894355841637636 0.006513940409548751 0.0032161114888056555 0.0074660142570759794 0.003775428417693153 0.0096694642847744879 0.0030339127243191257 0.0032566531281609723 0.0067701492047815542
leaf_weight=755.92237631976604 62.184447780251503 452.50928223133087 5.9972741603851309 280.02683256566525 77.850144654512405 151.30925303697586 317.58202993869781 102.48089750111103 1402.7096109390259 32.432357385754585 24.10346519947052 1281.6904811859131 115.33070227503777 1031.8285514712334 120.69809906184673 68.120754897594452 975.40163101255894 42.207221075892448 103.55931688845158 26.75413604080677 44.048247441649437 1062.7354799211025 11.025281324982641 430.66987799108028 53.001477688550949 627.72300879657269 61.791938200592995 35.726304084062576 81.968585222959518 16.978782907128334 290.11419855058193
leaf_count=3574 251 1951 27 1204 337 649 1304 469 6315 140 101 5381 482 4171 500 307 3938 199 420 113 188 5049 47 2142 261 3131 261 173 368 77 1379
internal_value=0 -0.00293484 0.00455121 -0.00503652 -0.00121826 -0.00597925 -0.00168407 0.00144381 -0.00645564 -2.21539e-05 -0.000116795 -0.0028164 -0.000783406 -0.000228851 0.000611893 0.00339547 0.000254829 0.00627988 0.00193117 0.00312447 0.00585269 0.00558012 0.00690337 0.00679937 0.00615256 0.00726635 0.00544021 0.00560083 0.00502856 0.0076036 0.00687149
internal_weight=0 6167.79 3978.69 2772.86 3394.93 2334.04 3083.61 1422.19 2158.63 438.815 175.413 1734.2 395.358 1349.41 1185.04 311.322 1037.59 2556.5 181.409 147.452 1402.9 1106.78 43.4576 1153.6 483.671 669.93 129.913 237.155 184.449 52.7051 296.111
internal_count=44909 26644 18265 12512 14132 10639 12807 5889 9889 1873 750 7332 1686 5475 4802 1325 4189 12376 757 613 6643 5237 187 5733 2403 3330 568 1087 837 250 1406
is_linear=0
shrinkage=0.01


Tree=99
num_leaves=32
num_cat=0
split_feature=6 6 2 6 5 2 1 6 5 1 1 6 1 4 1 1 6 6 1 2 6 5 3 3 3 1 3 5 6 6 1
split_gain=1330.49 210.602 188.965 94.5377 48.6711 48.3432 46.4315 35.4072 29.7874 24.8208 19.4515 11.7459 9.86053 9.49931 7.57222 7.00103 5.62773 4.97588 3.58058 3.48967 6.61816 5.65291 3.4462 4.98906 3.92995 2.65106 2.96642 2.67952 2.54041 5.25801 2.79704
threshold=125.50000000000001 130.50000000000003 2.5000000000000004 110.50000000000001 1.5000000000000002 2.5000000000000004 27.550000000000004 109.50000000000001 2.5000000000000004 23.650000000000002 34.150000000000013 114.50000000000001 28.850000000000005 1.5000000000000002 22.250000000000004 23.650000000000002 149.50000000000003 100.50000000000001 29.950000000000003 1.5000000000000002 138.50000000000003 1.5000000000000002 90.500000000000014 99.500000000000014 78.500000000000014 27.350000000000005 88.500000000000014 1.5000000000000002 100.50000000000001 99.500000000000014 37.550000000000004
decision_type=2 2 2 2 2 2 2 2 2 2 2 2 2 2 2 2 2 2 2 2 2 2 2 2 2 2 2 2 2 2 2
left_child=2 5 3 4 9 13 11 -6 28 -1 -8 -5 17 15 -15 -2 19 -10 -14 20 -3 -21 24 -24 -18 27 -27 -7 29 -4 -30
right_child=1 16 8 6 7 25 10 -9 12 -11 -12 -13 18 14 -16 -17 22 -19 -20 21 -22 -23 23 -25 -26 26 -28 -29 30 -31 -32
leaf_value=-0.0076741510947248683 -0.0010008045998080755 0.0015107509672891394 0.0075561814786034853 0.0069352303756469204 0.0037753902804997489 0.0058594051474389888 -0.0015876952706657815 -0.0045545300399046761 -0.0075033741204613459 -0.0050135472665670776 0.001499085038299658 -0.0033235572956303375 0.0095278122042131673 -0.0045356660388286693 -0.00011923464333642527 0.0017161501195380447 0.0042610103608446102 3.4667810682196911e-06 0.0031356249536723673 0.0072707753678282021 0.0056122584803532851 0.0051553068803193939 0.0017951680579840841 0.0063475590519259419 0.0074161018789583744 0.0075600239616650071 0.0046848457660328014 0.0023780997819261756 0.006089789107981294 -0.0023578746773083542 0.010772804931872533
leaf_weight=543.53881157934666 111.80347985029221 41.305764734745026 11.139572098851204 11.206862300634382 93.318217307329178 46.041208982467651 997.7522792071104 112.5999510884285 9.3573654890060407 987.97504834830761 256.66010314226151 2711.7785502970219 10.363660350441931 42.937406703829765 405.06273755431175 625.12505608797073 42.137618124485016 156.64065147936344 56.738595962524414 324.07514157891273 827.27470917999744 206.99910528957844 25.412314742803574 456.94423443078995 625.63873654603958 87.041808485984802 61.055073261260986 42.534453630447388 177.97864320874214 10.292197659611702 13.738529577851294
leaf_count=2502 452 175 49 47 394 211 4187 477 38 4397 1060 11683 46 173 1637 2540 199 632 240 1577 3916 975 120 2283 3131 410 282 184 783 44 65
internal_value=0 0.00451404 -0.00290869 -0.00339807 -0.00534409 0.00142998 -0.002548 -0.000779568 0.00335854 -0.0059578 -0.000956122 -0.00328134 0.000887966 0.000605832 -0.000542516 0.00130395 0.00623352 -0.000419696 0.00412287 0.00580765 0.00541721 0.00644622 0.00675178 0.00610772 0.00721701 0.00555619 0.00637469 0.00418767 0.00606036 0.00279515 0.00642538
internal_weight=0 3971.39 6161.08 5714.83 1737.43 1421.6 3977.4 205.918 446.249 1531.51 1254.41 2722.99 233.1 1184.93 448 736.929 2549.79 165.998 67.1023 1399.65 868.58 531.074 1150.13 482.357 667.776 236.673 148.097 88.5757 213.149 21.4318 191.717
internal_count=44909 18265 26644 24747 7770 5889 16977 871 1897 6899 5247 11730 956 4802 1810 2992 12376 670 286 6643 4091 2552 5733 2403 3330 1087 692 395 941 93 848
is_linear=0
shrinkage=0.01


end of trees

feature_importances:
Age=704
BMI=690
Systolic_Blood_Pressure=539
Diastolic_Blood_Pressure=453
Glucose_Level=336
Cholesterol_Level=299
Gender=70

parameters:
[boosting: gbdt]
[objective: binary]
[metric: binary_logloss]
[tree_learner: serial]
[device_type: cpu]
[data: ]
[valid: ]
[num_iterations: 100]
[learning_rate: 0.01]
[num_leaves: 32]
[num_threads: -1]
[deterministic: 0]
[force_col_wise: 0]
[force_row_wise: 0]
[histogram_pool_size: -1]
[max_depth: 5]
[min_data_in_leaf: 20]
[min_sum_hessian_in_leaf: 0.001]
[bagging_fraction: 0.8]
[pos_bagging_fraction: 1]
[neg_bagging_fraction: 1]
[bagging_freq: 0]
[bagging_seed: 20851]
[feature_fraction: 0.8]
[feature_fraction_bynode: 1]
[feature_fraction_seed: 25954]
[extra_trees: 0]
[extra_seed: 11525]
[early_stopping_round: 0]
[first_metric_only: 0]
[max_delta_step: 0]
[lambda_l1: 0]
[lambda_l2: 0]
[linear_lambda: 0]
[min_gain_to_split: 0]
[drop_rate: 0.1]
[max_drop: 50]
[skip_drop: 0.5]
[xgboost_dart_mode: 0]
[uniform_drop: 0]
[drop_seed: 29710]
[top_rate: 0.2]
[other_rate: 0.1]
[min_data_per_group: 100]
[max_cat_threshold: 32]
[cat_l2: 10]
[cat_smooth: 10]
[max_cat_to_onehot: 4]
[top_k: 20]
[monotone_constraints: ]
[monotone_constraints_method: basic]
[monotone_penalty: 0]
[feature_contri: ]
[forcedsplits_filename: ]
[refit_decay_rate: 0.9]
[cegb_tradeoff: 1]
[cegb_penalty_split: 0]
[cegb_penalty_feature_lazy: ]
[cegb_penalty_feature_coupled: ]
[path_smooth: 0]
[interaction_constraints: ]
[verbosity: -1]
[saved_feature_importance_type: 0]
[linear_tree: 0]
[max_bin: 255]
[max_bin_by_feature: ]
[min_data_in_bin: 3]
[bin_construct_sample_cnt: 200000]
[data_random_seed: 201]
[is_enable_sparse: 1]
[enable_bundle: 1]
[use_missing: 1]
[zero_as_missing: 0]
[feature_pre_filter: 1]
[pre_partition: 0]
[two_round: 0]
[header: 0]
[label_column: ]
[weight_column: ]
[group_column: ]
[ignore_column: ]
[categorical_feature: ]
[forcedbins_filename: ]
[precise_float_parser: 0]
[objective_seed: 296]
[num_class: 1]
[is_unbalance: 0]
[scale_pos_weight: 1]
[sigmoid: 1]
[boost_from_average: 1]
[reg_sqrt: 0]
[alpha: 0.9]
[fair_c: 1]
[poisson_max_delta_step: 0.7]
[tweedie_variance_power: 1.5]
[lambdarank_truncation_level: 30]
[lambdarank_norm: 1]
[label_gain: ]
[eval_at: ]
[multi_error_top_k: 1]
[auc_mu_weights: ]
[num_machines: 1]
[local_listen_port: 12400]
[time_out: 120]
[machine_list_filename: ]
[machines: ]
[gpu_platform_id: -1]
[gpu_device_id: -1]
[gpu_use_dp: 0]
[num_gpu: 1]

end of parameters

pandas_categorical:[]
