tree
version=v3
num_class=1
num_tree_per_iteration=1
label_index=0
max_feature_idx=5
objective=binary sigmoid:1
feature_names=Age Alcohol_Intake BMI Gender Physical_Activity Smoking_Status
feature_infos=[21:80] [0:1] [8:85] [1:2] [0:1] [0:1]
tree_sizes=3012 3409 3404 3456 3453 3452 3459 3448 3459 3450 3462 3458 3461 3452 3466 3441 3450 3454 3434 3445 3442 3441 3465 3452 3451 3450 3450 3433 3452 3442 3449 3450 3444 3456 3454 3459 3423 3464 3473 3436 3466 3471 3433 3478 3451 3476 3468 3465 3472 3461 3461 3429 3475 3444 3464 3477 3474 3460 3473 3452 3463 3466 3477 3444 3447 3441 3443 3455 3439 3469 3457 3440 3467 3461 3461 3434 3439 3443 3446 3453 3470 3461 3457 3437 3448 3464 3469 3468 3477 3454 3427 3464 3426 3437 3454 3441 3443 3464 3434 3468

Tree=0
num_leaves=31
num_cat=0
split_feature=0 0 5 0 0 0 0 3 0 0 0 2 3 0 0 0 2 2 0 0 4 2 2 2 0 2 0 0 0 0
split_gain=4345.1 2075.68 883.665 726.765 591.321 272.691 343.295 265.891 262.207 240.827 351.879 168.934 157.722 130.543 106.096 146.366 106.015 84.0467 79.3279 71.762 70.7419 55.1245 54.637 58.0057 52.0318 44.0824 38.7516 38.0624 102.972 41.8415
threshold=42.500000000000007 65.500000000000014 1.0000000180025095e-35 38.000000000000007 52.500000000000007 62.500000000000007 61.500000000000007 1.5000000000000002 41.500000000000007 57.500000000000007 56.500000000000007 25.050000000000004 1.5000000000000002 51.500000000000007 47.500000000000007 46.500000000000007 27.450000000000003 27.550000000000004 74.500000000000014 62.500000000000007 1.0000000180025095e-35 27.250000000000004 24.950000000000003 23.050000000000004 74.500000000000014 30.750000000000004 62.500000000000007 61.500000000000007 57.500000000000007 56.500000000000007
decision_type=2 2 2 2 2 2 2 2 2 2 2 2 2 2 2 2 2 2 2 2 2 2 2 2 2 2 2 2 2 2
left_child=3 2 4 -1 11 6 9 26 16 10 17 22 20 14 15 -13 -5 -6 -14 27 -3 -11 23 -2 -22 -16 -4 28 29 -9
right_child=1 12 7 8 5 -7 -8 19 -10 21 -12 13 18 -15 25 -17 -18 -19 -20 -21 24 -23 -24 -25 -26 -27 -28 -29 -30 -31
leaf_value=-0.094745186862967165 -0.015114333519241494 -0.027932098765432102 -0.046012931034482757 -0.026307053941908715 0.033552435016432625 0.072502134927412462 -0.0016611295681063125 0.0033880903490759759 -0.062463683904706573 0.047624076029567058 0.00015467904098994588 0.032772020725388602 -0.03088768115942029 -0.0068914956011730203 0.031435212085996513 -0.015648854961832062 0.023054331864904552 0.057168916453848966 -0.0010087424344317419 0.07103448275862069 -0.067881408276714017 0.067270194986072424 -0.050000000000000003 0.0099841521394611731 -0.040540540540540543 0.057358490566037736 0.076923076923076927 -0.024137931034482762 0.053099730458221028 -0.028301886792452831
leaf_weight=1103.75 448.25 324 464 301.25 836.75 585.5 526.75 487 430.25 710.25 646.5 386 552 341 430.25 262 170.25 685.25 371.75 36.25 404.75 718 64 473.25 305.25 265 6.4999999999999991 145 92.75 132.5
leaf_count=4415 1793 1296 1856 1205 3347 2342 2107 1948 1721 2841 2586 1544 2208 1364 1721 1048 681 2741 1487 145 1619 2872 256 1893 1221 1060 26 580 371 530
internal_value=0 0.0126583 0.0230791 -0.0675393 0.0299136 0.0405712 0.0360373 -0.013893 -0.034239 0.0415584 0.0310583 0.0111153 -0.0338782 0.0207362 0.0277499 0.0131944 -0.00848356 0.0441853 -0.0188633 0.00212647 -0.0472921 0.0575004 -0.00532725 -0.00222463 -0.0561268 0.0413161 -0.0443146 -0.000787402 0.0039663 -0.00338983
internal_weight=0 10700.5 8742.75 2005.5 7378.75 4709 4123.5 1364 901.75 3596.75 2168.5 2669.75 1957.75 1684.25 1343.25 648 471.5 1522 923.75 893.5 1034 1428.25 985.5 921.5 710 695.25 470.5 857.25 712.25 619.5
internal_count=50824 42802 34971 8022 29515 18836 16494 5456 3607 14387 8674 10679 7831 6737 5373 2592 1886 6088 3695 3574 4136 5713 3942 3686 2840 2781 1882 3429 2849 2478
is_linear=0
shrinkage=0.05


Tree=1
num_leaves=31
num_cat=0
split_feature=0 0 5 0 0 0 0 3 0 0 0 2 3 0 0 0 2 2 0 0 4 2 2 2 0 2 2 0 0 0
split_gain=3926.86 1874.13 797.907 659.324 534.294 246.872 310.143 240.124 237.035 217.83 317.861 152.513 142.57 117.871 95.838 132.13 95.6944 76.0522 71.6225 64.8511 64.0103 49.9874 49.3464 53.7309 47.1397 39.8836 36.2193 35.0021 34.3566 93.0006
threshold=42.500000000000007 65.500000000000014 1.0000000180025095e-35 38.000000000000007 52.500000000000007 62.500000000000007 61.500000000000007 1.5000000000000002 41.500000000000007 57.500000000000007 56.500000000000007 25.050000000000004 1.5000000000000002 51.500000000000007 47.500000000000007 46.500000000000007 27.450000000000003 27.550000000000004 74.500000000000014 62.500000000000007 1.0000000180025095e-35 27.350000000000005 24.950000000000003 24.150000000000002 74.500000000000014 30.750000000000004 23.050000000000004 62.500000000000007 61.500000000000007 57.500000000000007
decision_type=2 2 2 2 2 2 2 2 2 2 2 2 2 2 2 2 2 2 2 2 2 2 2 2 2 2 2 2 2 2
left_child=3 2 4 -1 11 6 9 27 16 10 17 22 20 14 15 -13 -5 -6 -14 28 -3 -11 23 -2 -22 -16 -12 -4 29 -9
right_child=1 12 7 8 5 -7 -8 19 -10 21 26 13 18 -15 25 -17 -18 -19 -20 -21 24 -23 -24 -25 -26 -27 -28 -29 -30 -31
leaf_value=-0.090213623412403576 -0.0084297643807854199 -0.026540761929394047 -0.043735833510917255 -0.024996101965989607 0.031883941512378076 0.068969168125021532 -0.0015780745550654047 -0.0032205043779391807 -0.059399415033476649 0.045452295115971195 -0.028279987991792373 0.031141924862975748 -0.029350419615483653 -0.0065469988058025827 0.029870958830473877 -0.014867338325274933 0.021904575363328294 0.054355637133180978 -0.00095830521250057335 0.067569415781245562 -0.064562957816360497 0.064170334230808465 -0.047530212352017258 0.020965968005397104 -0.038529619666585184 0.054536184592144023 0.0050739330085782094 0.073186974213225828 -0.022934432894743409 0.05048093692032625
leaf_weight=1101.2766765803099 723.46754658222198 323.93681144714355 463.75449275970459 301.19789198040962 836.51454396545887 584.73125541210175 526.74962323904037 619.47207859158516 429.83060333132744 724.08133502304554 95.5 385.89637470245361 551.86836004257202 340.99595528841019 430.14372754096985 261.98396193981171 170.22738079726696 684.69039522111416 371.74991136789322 36.20431050658226 404.28409838676453 702.95443758368492 63.960018157958984 197.99506688117981 305.12460476160049 264.78215217590332 551 6.4903940558433524 144.9788773059845 92.684649601578712
leaf_count=4415 2894 1296 1856 1205 3347 2342 2107 2478 1721 2898 382 1544 2208 1364 1721 1048 681 2741 1487 145 1619 2815 256 792 1221 1060 2204 26 580 371
internal_value=0 0.0120307 0.0219348 -0.0642596 0.0284311 0.038566 0.0342526 -0.0132024 -0.0325454 0.039503 0.0295165 0.0105617 -0.0321976 0.0197048 0.0263713 0.0125371 -0.00806069 0.0419984 -0.0179228 0.00202061 -0.0449565 0.0546728 -0.00506132 -0.00211349 -0.0533657 0.039269 0.000146942 -0.042122 -0.000748088 0.00376855
internal_weight=0 10696 8739.03 2002.53 7375.45 4706.22 4121.49 1363.58 901.256 3594.74 2167.7 2669.22 1956.96 1683.8 1342.81 647.88 471.425 1521.2 923.618 893.34 1033.35 1427.04 985.423 921.463 709.409 694.926 646.5 470.245 857.136 712.157
internal_count=50824 42802 34971 8022 29515 18836 16494 5456 3607 14387 8674 10679 7831 6737 5373 2592 1886 6088 3695 3574 4136 5713 3942 3686 2840 2781 2586 1882 3429 2849
is_linear=0
shrinkage=0.05


Tree=2
num_leaves=31
num_cat=0
split_feature=0 0 0 5 0 2 3 0 0 0 0 0 3 0 2 2 2 0 0 2 5 0 4 0 0 2 0 0 0 0
split_gain=3564.6 1414.04 1060.24 613.46 309.725 214.271 178.595 162.568 273.631 214.929 131.031 158.445 129.246 98.2042 95.7579 102.359 86.405 83.0798 159.138 79.9518 64.9497 64.7133 58.1933 55.107 52.6011 46.3199 45.4694 61.5678 74.1409 43.0076
threshold=38.000000000000007 65.500000000000014 47.500000000000007 1.0000000180025095e-35 62.500000000000007 27.050000000000004 1.5000000000000002 42.500000000000007 46.500000000000007 41.500000000000007 61.500000000000007 57.500000000000007 1.5000000000000002 56.500000000000007 26.950000000000003 23.050000000000004 27.450000000000003 52.500000000000007 51.500000000000007 27.250000000000004 1.0000000180025095e-35 74.500000000000014 1.0000000180025095e-35 52.500000000000007 62.500000000000007 27.950000000000003 51.500000000000007 52.500000000000007 56.500000000000007 74.500000000000014
decision_type=2 2 2 2 2 2 2 2 2 2 2 2 2 2 2 2 2 2 2 2 2 2 2 2 2 2 2 2 2 2
left_child=-1 2 7 4 5 14 -5 9 19 16 11 13 22 17 15 -4 -2 18 -7 -9 -10 -14 -3 -17 26 -12 -8 -28 -29 -24
right_child=1 12 3 6 -6 10 24 8 20 -11 25 -13 21 -15 -16 23 -18 -19 -20 -21 -22 -23 29 -25 -26 -27 27 28 -30 -31
leaf_value=-0.086257042428561248 -0.023758083388641334 -0.025227834261247407 0.005046307437748327 -0.036232732363634217 0.065768322384294739 0.042581919605988457 0.033657454998415902 0.0028409841444185006 -0.019072573710292175 -0.056587627616373259 0.080717724986997544 0.060301450798479261 -0.02790198046669147 0.0088819001950973774 -0.029609596962957143 0.01287633876997611 0.020817279422489288 0.050206123682349148 -0.0061970520595543907 0.036448488023151281 -0.057272108804117296 -0.00091039262847530901 -0.061537932624773278 0.031331601589359083 0.06442378635464073 -0.0024287222039233083 -0.036705628119477439 0.039606180614781841 -0.006096151775691833 -0.03664631023517826
leaf_weight=1094.3638050556183 301.0518566519022 323.7597599029541 838.06423646211624 392.93476055562496 582.58018046617508 515.43608951568604 100.25 423.57983696460724 392.12883916497231 428.65657988190651 17.999952793121338 733.63341470062733 551.4995641708374 347.2476197630167 102.20597258210182 571.7201191931963 170.16399832069874 748.30385752022266 247.48883262276649 303.96083942055702 155.36425742506981 371.74964547157288 402.9801914691925 1382.8411522209644 36.076455116271973 241.24936729669571 109 116.75 369.88846758008003 304.77338165044785
leaf_count=4415 1205 1296 3355 1575 2342 2066 401 1695 1569 1721 72 2947 2208 1389 409 2288 681 3002 990 1217 622 1487 1619 5538 145 965 436 467 1481 1221
internal_value=0 0.00814855 0.0160199 0.0249824 0.0310299 0.0275079 -0.00904129 -0.0146955 -0.0032114 -0.0309674 0.0372364 0.0406261 -0.0306234 0.0328593 0.0179254 0.0196652 -0.00766117 0.0383688 0.0267583 0.0168819 -0.0299126 -0.0170337 -0.0427868 0.0259333 0.00555567 0.00334422 0.00250381 -0.00273956 0.00486835 -0.0508191
internal_weight=0 11583.3 9628.58 7453.67 6328.77 5746.19 1124.9 2174.91 1275.03 899.872 2851.36 2592.11 1954.76 1858.48 2894.83 2792.63 471.216 1511.23 762.925 727.541 547.493 923.249 1031.51 1954.56 731.965 259.249 695.888 595.638 486.638 707.754
internal_count=50824 46409 38578 29868 25363 23021 4505 8710 5103 3607 11431 10394 7831 7447 11590 11181 1886 6058 3056 2912 2191 3695 4136 7826 2930 1037 2785 2384 1948 2840
is_linear=0
shrinkage=0.05


Tree=3
num_leaves=31
num_cat=0
split_feature=0 0 0 5 0 0 0 0 0 0 0 0 0 0 0 3 0 2 3 2 2 5 2 5 0 4 0 0 0 2
split_gain=3247.93 1278.56 962.444 467.373 321.106 208.21 213.938 247.147 205.075 264.68 195.39 191.89 151.157 144.549 147.151 117.456 112.637 99.4959 84.3302 78.0376 73.2818 65.6034 65.356 58.8559 58.5075 53.1176 39.4715 35.1587 110.172 31.7243
threshold=38.000000000000007 65.500000000000014 52.500000000000007 1.0000000180025095e-35 42.500000000000007 51.500000000000007 47.500000000000007 46.500000000000007 62.500000000000007 61.500000000000007 41.500000000000007 58.500000000000007 56.500000000000007 56.500000000000007 57.500000000000007 1.5000000000000002 62.500000000000007 26.950000000000003 1.5000000000000002 27.450000000000003 24.850000000000005 1.0000000180025095e-35 29.750000000000004 1.0000000180025095e-35 74.500000000000014 1.0000000180025095e-35 74.500000000000014 57.500000000000007 61.500000000000007 23.050000000000004
decision_type=2 2 2 2 2 2 2 2 2 2 2 2 2 2 2 2 2 2 2 2 2 2 2 2 2 2 2 2 2 2
left_child=-1 2 4 8 10 6 7 20 9 11 19 13 -5 22 29 25 18 -8 -14 -2 -6 -7 -4 -9 -17 -3 -27 -20 -29 -15
right_child=1 15 3 12 5 21 17 23 -10 -11 -12 -13 16 14 -16 24 -18 -19 27 -21 -22 -23 -24 -25 -26 26 -28 28 -30 -31
leaf_value=-0.082770553493333315 -0.022587537496077947 -0.023987226149138629 0.031294069353389992 0.041337602815118814 -0.0042481112150387634 -0.01009716797463865 0.012487362651158617 -0.018125557165070135 0.062847069944697895 -0.0020264814510875142 -0.053992320174888558 0.053828070393420017 -0.042879886285546093 -0.027121964543133748 0.039272924750933573 -0.026534998444921926 0.063064903898808367 0.041205221454478212 -0.026430529754644178 0.019788094922692456 0.028461902445918494 -0.043981809122885206 0.053795153501846785 -0.054515930561186379 -0.00086487054713346484 -0.058761933263628857 -0.03487766265064611 0.048344036741585807 -0.021495316128796193 0.0040958427054753272
leaf_weight=1083.6988765746355 300.82607917487621 323.48601365089417 1049.8195404261351 139.36381135880947 275.96426302194595 536.90104082226753 626.38782562315464 391.98912838101387 579.25819039344788 526.68337416648865 426.84281879663467 1056.4473570287228 261.71019557118416 95.487283527851105 362.79313334822655 550.92931079864502 42.357966020703316 581.69229379296303 132.45313555002213 170.06598177552223 451.15925803780556 194.62329471111298 465.94643753767014 155.06485196948051 371.74922446906567 400.96616576611996 304.2304268181324 92.529994547367096 144.89757567644119 550.91914591193199
leaf_count=4415 1205 1296 4212 558 1104 2148 2507 1569 2342 2107 1721 4253 1051 382 1460 2208 171 2336 530 681 1808 780 1876 622 1487 1619 1221 371 580 2204
internal_value=0 0.00775512 0.0152462 0.0289247 -0.00305392 0.00433123 0.01124 -0.00305295 0.0349957 0.0310686 -0.0294919 0.0359355 -0.00606407 0.0284493 0.0137878 -0.029145 -0.0158661 0.0263151 -0.0211597 -0.00728328 0.0160475 -0.0191122 0.0382109 -0.0284406 -0.0161924 -0.0407627 -0.048458 -0.00579147 0.00572239 -0.000515658
internal_weight=0 11563.5 9612.18 5500.67 4111.52 3213.78 2482.26 1274.18 4687.35 4108.1 897.735 3581.41 813.313 2524.97 1009.2 1951.36 673.949 1208.08 631.591 470.892 727.124 731.524 1515.77 547.054 922.679 1028.68 705.197 369.881 237.428 646.406
internal_count=50824 46409 38578 22097 16481 12874 9946 5103 18836 16494 3607 14387 3261 10134 4046 7831 2703 4843 2532 1886 2912 2928 6088 2191 3695 4136 2840 1481 951 2586
is_linear=0
shrinkage=0.05


Tree=4
num_leaves=31
num_cat=0
split_feature=0 0 0 5 0 0 0 0 0 0 0 0 0 0 0 3 0 2 3 2 2 2 5 5 0 4 2 0 0 0
split_gain=2968.28 1156.83 871.989 423.529 290.743 188.445 240.195 188.102 193.404 223.331 178.019 175.268 136.604 131.211 133.415 106.963 102.172 92.484 76.4708 70.496 67.7272 60.0529 59.4474 53.5025 52.9249 48.6493 40.599 37.1327 31.7551 99.6834
threshold=38.000000000000007 65.500000000000014 52.500000000000007 1.0000000180025095e-35 42.500000000000007 62.500000000000007 61.500000000000007 51.500000000000007 47.500000000000007 46.500000000000007 41.500000000000007 58.500000000000007 56.500000000000007 56.500000000000007 57.500000000000007 1.5000000000000002 62.500000000000007 24.150000000000002 1.5000000000000002 27.450000000000003 27.250000000000004 29.450000000000003 1.0000000180025095e-35 1.0000000180025095e-35 74.500000000000014 1.0000000180025095e-35 30.750000000000004 78.500000000000014 57.500000000000007 61.500000000000007
decision_type=2 2 2 2 2 2 2 2 2 2 2 2 2 2 2 2 2 2 2 2 2 2 2 2 2 2 2 2 2 2
left_child=-1 2 4 5 10 6 11 8 9 20 19 13 -5 21 -15 25 18 -10 -14 -2 -6 -4 -9 -11 -17 -3 -19 -27 -20 -30
right_child=1 15 3 12 7 -7 -8 22 17 23 -12 -13 16 14 -16 24 -18 26 28 -21 -22 -23 -24 -25 -26 27 -28 -29 29 -31
leaf_value=-0.079673069872036081 -0.021479610819853404 -0.022813552426715018 0.029521511699001874 0.039298452639694281 0.0023424014926009588 0.060163275776917595 -0.0019251429779966315 -0.0095932584771406797 0.002055138323273573 -0.017228231098012057 -0.051584118447019968 0.051393935502366962 -0.040867834466840294 -0.00048996769805886463 0.03743731935696043 -0.025243010420565093 0.060339083302076157 0.02594579677487115 -0.025126279892328598 0.018813115578172748 0.0333020122145559 0.050832689378480046 -0.041874815393418217 -0.051968364738584821 -0.00082163141266759039 -0.052616976573103096 0.048808161638649865 -0.025457327966523297 0.046065238023398881 -0.020434926782804817
leaf_weight=1069.882804453373 300.53302094340324 323.13071322441101 1023.0671854019165 139.26748596131802 423.43687491118908 574.95091041922569 526.68674652278423 536.84913492202759 321.20337857306004 391.79042556881905 424.4903609752655 1051.2875551134348 260.88584117591381 646.33443614840508 361.58285956084728 550.18921852111816 42.065212443470955 597.43682284653187 132.36420840024948 169.93877032399178 303.09392143785954 488.36403053998947 194.20541477203369 154.54566663503647 371.74869267642498 537.56360721588135 287.69156503677368 164.31661595404148 92.258636429905891 144.7981071472168
leaf_count=4415 1205 1296 4112 558 1695 2342 2107 2148 1285 1569 1721 4253 1051 2586 1460 2208 171 2397 530 681 1217 1976 780 622 1487 2179 1161 661 371 580
internal_value=0 0.00738589 0.0145204 0.0275658 -0.00290624 0.0333572 0.0295957 0.00411946 0.0106917 -0.00290356 -0.0281076 0.0342452 -0.00577289 0.0270893 0.0131162 -0.027753 -0.0151085 0.0250369 -0.0201437 -0.0069255 0.0152581 0.0364074 -0.0181689 -0.0270554 -0.0153957 -0.0388677 0.0333767 -0.0462587 -0.0055082 0.00544586
internal_weight=0 11536.1 9589.13 5483.91 4105.22 4672.27 4097.32 3210.25 2479.2 1272.87 894.962 3570.64 811.639 2519.35 1007.92 1946.95 672.372 1206.33 630.307 470.472 726.531 1511.43 731.055 546.336 921.938 1025.01 885.128 701.88 369.421 237.057
internal_count=50824 46409 38578 22097 16481 18836 16494 12874 9946 5103 3607 14387 3261 10134 4046 7831 2703 4843 2532 1886 2912 6088 2928 2191 3695 4136 3558 2840 1481 951
is_linear=0
shrinkage=0.05


Tree=5
num_leaves=31
num_cat=0
split_feature=0 0 0 5 0 0 0 0 0 0 0 0 0 0 0 3 0 2 3 2 2 2 5 5 0 4 2 0 0 0
split_gain=2719.83 1047.23 790.662 384.069 263.421 173.768 218.218 169.993 174.938 201.888 162.497 160.559 123.542 119.275 121.057 97.5581 92.7871 83.885 69.4109 63.6949 62.0324 55.2565 53.949 48.7664 47.8964 44.6667 37.1844 34.8565 28.6904 90.2662
threshold=38.000000000000007 65.500000000000014 52.500000000000007 1.0000000180025095e-35 42.500000000000007 62.500000000000007 61.500000000000007 51.500000000000007 47.500000000000007 46.500000000000007 41.500000000000007 58.500000000000007 56.500000000000007 56.500000000000007 57.500000000000007 1.5000000000000002 62.500000000000007 24.150000000000002 1.5000000000000002 27.450000000000003 24.850000000000005 29.750000000000004 1.0000000180025095e-35 1.0000000180025095e-35 74.500000000000014 1.0000000180025095e-35 30.750000000000004 74.500000000000014 57.500000000000007 61.500000000000007
decision_type=2 2 2 2 2 2 2 2 2 2 2 2 2 2 2 2 2 2 2 2 2 2 2 2 2 2 2 2 2 2
left_child=-1 2 4 5 10 6 11 8 9 20 19 13 -5 21 -15 25 18 -10 -14 -2 -6 -4 -9 -11 -17 -3 -19 -27 -20 -30
right_child=1 15 3 12 7 -7 -8 22 17 23 -12 -13 16 14 -16 24 -18 26 28 -21 -22 -23 -24 -25 -26 27 -28 -29 29 -31
leaf_value=-0.076900881678457905 -0.020429979738437447 -0.021702039871934344 0.028352330462902739 0.037388878233697687 -0.004152838627601808 0.057682734519038818 -0.0018288798339823596 -0.0091148945973931854 0.0019524074388233171 -0.016377461728887811 -0.049338866486465835 0.049126051803807608 -0.038978263021340033 -0.00046546720783899027 0.035707838888660373 -0.024020348700659847 0.057821890920941525 0.02468473445622614 -0.023893508953318796 0.017888827924040059 0.025958457032626916 0.049135416116806767 -0.039901163038256013 -0.049601779123013959 -0.0007805471493482816 -0.053969702207550076 0.046606741529992182 -0.031422276079440571 0.043936377830398589 -0.019430435329480456
leaf_weight=1053.4412398189306 300.18372483551502 322.70724177360535 1045.4399722963572 139.06615170836449 275.96348403394222 569.82138642668724 526.68892557919025 536.77448786795139 321.19965803623199 391.54210112988949 421.68811728060246 1044.9878222644329 259.88169711828232 646.33644410967827 360.1768404841423 549.3071551322937 41.710576266050339 596.58161880075932 132.23693042993546 169.78713338077068 449.86515720188618 460.77886599302292 193.63515043258667 153.84091153740883 371.74807225167751 395.45944608747959 286.25257582962513 302.54071244597435 91.901373580098152 144.67265874147415
leaf_count=4415 1205 1296 4212 558 1104 2342 2107 2148 1285 1569 1721 4253 1051 2586 1460 2208 171 2397 530 681 1808 1876 780 622 1487 1619 1161 1221 371 580
internal_value=0 0.00703812 0.013837 0.0262884 -0.00276683 0.0318169 0.0282083 0.00391948 0.0101741 -0.00276231 -0.0268052 0.0326551 -0.005499 0.0258052 0.012479 -0.0264386 -0.0143955 0.0238323 -0.0191868 -0.00658648 0.01451 0.0347102 -0.0172765 -0.0257493 -0.0146405 -0.0370848 0.0317928 -0.0441968 -0.00524074 0.00518553
internal_weight=0 11502.8 9561.01 5463.7 4097.31 4654.23 4084.41 3205.66 2475.25 1271.21 891.659 3557.72 809.469 2512.73 1006.51 1941.76 670.403 1204.03 628.693 469.971 725.829 1506.22 730.41 545.383 921.055 1020.71 882.834 698 368.811 236.574
internal_count=50824 46409 38578 22097 16481 18836 16494 12874 9946 5103 3607 14387 3261 10134 4046 7831 2703 4843 2532 1886 2912 6088 2928 2191 3695 4136 3558 2840 1481 951
is_linear=0
shrinkage=0.05


Tree=6
num_leaves=31
num_cat=0
split_feature=0 0 0 5 0 0 0 0 0 0 0 0 0 0 0 3 0 2 3 2 2 2 5 5 0 0 2 2 4 5
split_gain=2497.93 948.449 717.414 348.498 238.795 160.701 198.444 153.669 158.296 182.565 148.562 147.443 111.797 108.541 109.915 89.1261 84.3491 77.0846 63.0539 57.9577 57.5173 51.632 49.0205 44.5503 43.3618 41.7586 28.6451 28.4196 26.5771 26.1405
threshold=38.000000000000007 65.500000000000014 52.500000000000007 1.0000000180025095e-35 42.500000000000007 62.500000000000007 61.500000000000007 51.500000000000007 47.500000000000007 46.500000000000007 41.500000000000007 58.500000000000007 56.500000000000007 56.500000000000007 57.500000000000007 1.5000000000000002 62.500000000000007 26.950000000000003 1.5000000000000002 28.850000000000005 27.250000000000004 27.550000000000004 1.0000000180025095e-35 1.0000000180025095e-35 74.500000000000014 74.500000000000014 23.050000000000004 30.750000000000004 1.0000000180025095e-35 1.0000000180025095e-35
decision_type=2 2 2 2 2 2 2 2 2 2 2 2 2 2 2 2 2 2 2 2 2 2 2 2 2 2 2 2 2 2
left_child=-1 2 4 5 10 6 11 8 9 20 19 13 -5 21 26 25 18 -10 -14 -2 -6 -4 -9 -11 -17 28 -15 -13 -3 -12
right_child=1 15 3 12 7 -7 -8 22 17 23 29 27 16 14 -16 24 -18 -19 -20 -21 -22 -23 -24 -25 -26 -27 -28 -29 -30 -31
leaf_value=-0.074403194581884602 -0.017153598407551499 -0.026868000864396432 0.024772803947890928 0.035595576928923907 0.0019097318758745112 0.055377444296161385 -0.0017374312392948628 -0.008660702867852775 0.010542372331439958 -0.015570399105191569 -0.037800099171483859 0.041662254035806631 -0.03719863579179896 -0.025731817522865137 0.034074484012759525 -0.022861988342193502 0.055484426261280986 0.035894938439127062 -0.004987857590298476 0.022083692893833717 0.0304801423140941 0.043429886447944772 -0.038046725198120773 -0.047393388092493313 -0.0007415251844810301 -0.024609160396696743 0.0039389568763874344 0.059821061690913141 -0.051740590783819908 -0.063784186872341761
leaf_weight=1034.8342425376177 339.14066803455353 147.93618120253086 829.95677711069584 138.77586403489113 423.24495144188404 564.0127372443676 526.69008933007717 536.68070608377457 625.57238481938839 391.25247171521187 266.52620196342468 732.47506609559059 258.7283965498209 95.437544703483582 358.60986584424973 548.30769824981689 41.304681941866875 575.78055137395859 368.07523073256016 130.26256759464741 301.75132809579372 670.3343023955822 192.93712216615677 152.98068624734879 371.74734103679657 475.86626060307026 550.900724619627 305.26729342341423 391.96091386675835 151.98802575469017
leaf_count=4415 1363 595 3347 558 1695 2342 2107 2148 2507 1569 1096 2995 1051 382 1460 2208 171 2336 1481 523 1217 2741 780 622 1487 1922 2204 1258 1619 625
internal_value=0 0.00670985 0.0131919 0.0250846 -0.00263508 0.0303653 0.0268988 0.00373022 0.0096844 -0.00262878 -0.0255766 0.0311558 -0.00524075 0.0245911 0.0118749 -0.025197 -0.013723 0.0226933 -0.0182836 -0.00626499 0.013801 0.0331088 -0.0164314 -0.0245157 -0.0139242 -0.0354076 -0.000442195 0.0470039 -0.0449253 -0.0472365
internal_weight=0 11464.5 9528.69 5440.57 4088.12 4633.68 4069.67 3200.2 2470.58 1269.23 887.917 3542.98 806.884 2505.24 1004.95 1935.82 668.108 1201.35 626.804 469.403 724.996 1500.29 729.618 544.233 920.055 1015.76 646.338 1037.74 539.897 418.514
internal_count=50824 46409 38578 22097 16481 18836 16494 12874 9946 5103 3607 14387 3261 10134 4046 7831 2703 4843 2532 1886 2912 6088 2928 2191 3695 4136 2586 4253 2214 1721
is_linear=0
shrinkage=0.05


Tree=7
num_leaves=31
num_cat=0
split_feature=0 0 0 5 0 0 0 0 0 0 0 0 0 0 0 3 0 2 3 2 2 2 5 5 0 4 2 0 2 0
split_gain=2298.81 859.25 651.261 316.595 216.553 148.96 180.631 138.934 143.241 165.136 136.038 135.715 101.176 98.8472 99.8455 81.5072 76.7028 72.1906 57.4059 53.9331 52.5763 48.3303 44.5889 40.776 39.2685 39.1988 32.5094 30.7975 26.549 25.936
threshold=38.000000000000007 65.500000000000014 52.500000000000007 1.0000000180025095e-35 42.500000000000007 62.500000000000007 61.500000000000007 51.500000000000007 47.500000000000007 46.500000000000007 41.500000000000007 58.500000000000007 56.500000000000007 56.500000000000007 57.500000000000007 1.5000000000000002 62.500000000000007 24.150000000000002 1.5000000000000002 25.950000000000003 24.850000000000005 30.050000000000004 1.0000000180025095e-35 1.0000000180025095e-35 74.500000000000014 1.0000000180025095e-35 30.750000000000004 78.500000000000014 30.750000000000004 57.500000000000007
decision_type=2 2 2 2 2 2 2 2 2 2 2 2 2 2 2 2 2 2 2 2 2 2 2 2 2 2 2 2 2 2
left_child=-1 2 4 5 10 6 11 8 9 20 19 13 -5 21 -15 25 18 -10 -14 -2 -6 -4 -9 -11 -17 -3 -19 -27 -13 -20
right_child=1 15 3 12 7 -7 -8 22 17 23 -12 28 16 14 -16 24 -18 26 29 -21 -22 -23 -24 -25 -26 27 -28 -29 -30 -31
leaf_value=-0.072139002357953716 -0.022083341037775261 -0.019407354848360588 0.025838485743481271 0.033907252897677369 -0.0040407058832304136 0.053224268966093849 -0.0016505596531080685 -0.0082293922930032608 0.0013278530835784935 -0.014804443499158652 -0.04526262001142662 0.039844586850925484 -0.035518293201871935 -0.00042021946409010055 0.03252867157669094 -0.021763483245216535 0.0533028553938108 0.022392005013533254 -0.022484059278896375 0.011875433722950055 0.023701140654938922 0.045646322335208565 -0.036299530265153007 -0.045324250405324965 -0.00070444639947356616 -0.046437329415937624 0.042979540276268782 -0.021564501588175342 0.057481504911245963 0.0051890723543843243
leaf_weight=1014.4640442728996 246.23510733246803 321.56405310332775 1059.6370866894722 138.41077184677124 275.96193301677704 557.65045794844627 526.69039665162563 536.5709942728281 321.16240975260735 390.92881961166859 415.02283564209938 727.71713811159134 257.45286093652248 646.23277786374092 356.91257658600807 547.21243143081665 40.85684734582901 594.34639763832092 132.03939527273178 222.63521412014961 448.1288718432188 434.11781622469425 192.13302457332611 151.99147173762321 371.74656550586224 525.79550240933895 283.08146201074123 163.04462988674641 301.89305573701859 236.00869758427143
leaf_count=4415 991 1296 4295 558 1104 2342 2107 2148 1285 1569 1721 2995 1051 2586 1460 2208 171 2397 530 895 1808 1793 780 622 1487 2179 1161 661 1258 951
internal_value=0 0.00639879 0.0125807 0.0239449 -0.00251026 0.0289954 0.025662 0.00355053 0.00921945 -0.00250219 -0.0244134 0.0297412 -0.0049921 0.0234425 0.0113028 -0.0240205 -0.013072 0.0216102 -0.0174075 -0.00595859 0.0131283 0.0315951 -0.0156305 -0.0233485 -0.0132445 -0.0338213 0.0290341 -0.0405501 0.0450159 -0.00473882
internal_weight=0 11423.2 9493.82 5415.62 4078.2 4610.85 4053.2 3194.31 2465.6 1267.01 883.893 3526.51 804.769 2496.9 1003.15 1929.36 666.358 1198.59 625.501 468.87 724.091 1493.75 728.704 542.92 918.959 1010.4 877.428 688.84 1029.61 368.048
internal_count=50824 46409 38578 22097 16481 18836 16494 12874 9946 5103 3607 14387 3261 10134 4046 7831 2703 4843 2532 1886 2912 6088 2928 2191 3695 4136 3558 2840 4253 1481
is_linear=0
shrinkage=0.05


Tree=8
num_leaves=31
num_cat=0
split_feature=0 0 0 5 0 0 0 0 0 0 0 0 0 0 0 5 0 2 3 2 2 2 0 5 5 2 3 2 2 5
split_gain=2119.41 778.68 591.47 287.708 196.446 138.363 164.517 125.642 129.684 149.406 125.158 124.697 91.6089 90.0962 90.7422 75.3953 69.8062 65.6054 52.2823 49.0244 48.9361 45.4761 43.7946 40.5932 37.3804 29.9447 29.4917 25.8724 24.9062 24.5459
threshold=38.000000000000007 65.500000000000014 52.500000000000007 1.0000000180025095e-35 42.500000000000007 62.500000000000007 61.500000000000007 51.500000000000007 47.500000000000007 46.500000000000007 58.500000000000007 41.500000000000007 56.500000000000007 56.500000000000007 57.500000000000007 1.0000000180025095e-35 62.500000000000007 24.150000000000002 1.5000000000000002 28.850000000000005 27.250000000000004 26.350000000000005 74.500000000000014 1.0000000180025095e-35 1.0000000180025095e-35 30.750000000000004 1.5000000000000002 23.050000000000004 30.750000000000004 1.0000000180025095e-35
decision_type=2 2 2 2 2 2 2 2 2 2 2 2 2 2 2 2 2 2 2 2 2 2 2 2 2 2 2 2 2 2
left_child=-1 2 4 5 11 6 10 8 9 20 13 19 -5 21 27 22 18 -10 -14 -2 -6 -4 -3 -9 -11 -19 -17 -15 -12 -13
right_child=1 15 3 12 7 -7 -8 23 17 24 28 29 16 14 -16 26 -18 25 -20 -21 -22 -23 -24 -25 -26 -27 -28 -29 -30 -31
leaf_value=-0.070074799357382242 -0.01569330385627898 -0.041845533602943082 0.020727605892099297 0.032314215481921031 0.0015347252850944292 0.051203966841629416 -0.0015680316173002013 -0.0078197612633794673 0.0012614847131545296 -0.014077193233946692 0.038125959673487329 -0.034199848538378895 -0.033928120354750207 -0.024445242485964806 0.031063002042130694 -0.022781346458240159 0.051257358638344297 0.021316811127396574 -0.0045046477366175895 0.020435843271885336 0.027933800125142568 0.038266915208649506 -0.020690329203166935 -0.034649366825243659 -0.04337851719764696 0.041129803444649705 -0.0048367040330463545 0.0037631894180907783 0.055300602547374095 -0.059617884111354262
leaf_weight=992.68235102295876 338.36606283485889 553.50858749449253 687.19103892147541 137.98336207866669 423.01985564827919 550.84447887539864 526.68994110822678 536.44812209904194 321.15698273479939 390.57758738100529 722.62560865283012 262.45628380775452 256.07875423133373 95.357449144124985 355.11177203059196 406.8185653090477 40.37523926794529 593.1393438577652 367.845189884305 129.95544894039631 300.0715294033289 799.59268847107887 438.40591628849506 191.24192583560944 150.89654222130775 281.07329896092415 523.73421227931976 550.87685939669609 298.20299115777016 148.84700067341328
leaf_count=4415 1363 2277 2785 558 1695 2342 2107 2148 1285 1569 2995 1096 1051 382 1460 1674 171 2397 1481 523 1217 3303 1772 780 622 1161 2108 2204 1258 625
internal_value=0 0.0061042 0.0120019 0.0228658 -0.00239194 0.0276978 0.0244893 0.00338045 0.00877947 -0.00238228 0.0284005 -0.0233102 -0.00475759 0.022352 0.0107584 -0.0229048 -0.0124579 0.0205873 -0.016581 -0.00566776 0.0124899 0.0301603 -0.0324954 -0.0148708 -0.0222428 0.027687 -0.0126817 -0.000399208 0.043143 -0.0433984
internal_weight=0 11378.5 9456.03 5388.78 4067.25 4586.49 4035.65 3187.63 2459.94 1264.57 3508.96 879.625 802.283 2488.13 1001.35 1922.47 664.299 1195.37 623.924 468.322 723.091 1486.78 991.915 727.69 541.474 874.213 930.553 646.234 1020.83 411.303
internal_count=50824 46409 38578 22097 16481 18836 16494 12874 9946 5103 14387 3607 3261 10134 4046 7831 2703 4843 2532 1886 2912 6088 4049 2928 2191 3558 3782 2586 4253 1721
is_linear=0
shrinkage=0.05


Tree=9
num_leaves=31
num_cat=0
split_feature=0 0 0 5 0 0 0 0 0 0 0 0 0 0 0 3 0 2 3 2 2 2 5 4 0 5 0 2 2 0
split_gain=1957.16 705.623 537.359 261.6 178.277 128.725 149.931 115.579 114.431 113.638 117.435 135.2 82.9639 82.1451 82.4921 71.4137 63.5592 60.1772 47.6603 45.6906 44.5975 43.1086 36.9818 36.2983 35.1023 34.3119 27.8531 23.8741 26.9083 23.4495
threshold=38.000000000000007 65.500000000000014 52.500000000000007 1.0000000180025095e-35 42.500000000000007 62.500000000000007 61.500000000000007 58.500000000000007 41.500000000000007 51.500000000000007 47.500000000000007 46.500000000000007 56.500000000000007 56.500000000000007 57.500000000000007 1.5000000000000002 62.500000000000007 26.950000000000003 1.5000000000000002 25.950000000000003 24.850000000000005 30.150000000000002 1.0000000180025095e-35 1.0000000180025095e-35 78.500000000000014 1.0000000180025095e-35 78.500000000000014 22.050000000000004 22.750000000000004 57.500000000000007
decision_type=2 2 2 2 2 2 2 2 2 2 2 2 2 2 2 2 2 2 2 2 2 2 2 2 2 2 2 2 2 2
left_child=-1 2 4 5 8 6 7 13 19 10 11 20 -5 21 -15 23 18 -12 -14 -2 -6 -4 -11 -3 -17 -13 -25 -8 -29 -20
right_child=1 15 3 12 9 -7 27 -9 -10 22 17 25 16 14 -16 24 -18 -19 29 -21 -22 -23 -24 26 -26 -27 -28 28 -30 -31
leaf_value=-0.068182924462648759 -0.020264446320938167 -0.017191620052531803 0.023487394252662431 0.030808135262405334 -0.0039154446254085415 0.049300399130786134 -0.032585856329909048 0.041372769078654538 -0.041639735635745967 -0.0074306677491991838 0.0089050566564460292 -0.013386453271171035 -0.032420272897874212 -0.00037941673185261165 0.029671061558298736 -0.016705299842675287 0.049331360737508587 0.03139986559554607 -0.021173275244976655 0.011029170891896665 0.021657189482054886 0.042514826853109748 -0.033087500419933795 -0.043277620909108812 0.0075770308326030865 -0.041542845979786108 -0.019530189327000791 0.089019663742387553 0.00051190253958842804 0.0051548790848535255
leaf_weight=969.79619830846786 245.42185631394386 320.11066761612892 1066.5503096133471 137.504609182477 275.95937114953995 543.69101524353027 55.248900085687637 1011.5328013449907 407.35169683396816 536.31459565460682 624.36206561326981 390.20441429316998 254.62678043544292 646.10078836977482 353.230931609869 729.44260112941265 39.867008298635483 567.57726396620274 131.80554687976837 222.29078413546085 446.08750024437904 412.92298087477684 190.28056854009628 517.54193778336048 186.98232847452164 149.71631002426147 162.1648982912302 8.7498258054256421 462.69011814892292 236.00737430155277
leaf_count=4415 991 1296 4354 558 1104 2342 221 4253 1721 2148 2507 1569 1051 2586 1460 2947 171 2336 530 895 1808 1734 780 2179 748 622 661 35 1851 951
internal_value=0 0.00582422 0.0114526 0.021842 -0.00227971 0.0264675 0.0233772 0.0271296 -0.0222654 0.00321904 0.00836186 -0.00226836 -0.00453392 0.0213173 0.0102424 -0.0218329 -0.0118715 0.0196166 -0.0157915 -0.00539146 0.0118836 0.028798 -0.0141497 -0.031074 -0.0117509 -0.021194 -0.0376119 -0.00148963 0.00215459 -0.0042798
internal_weight=0 11332.3 9416.1 5360.53 4055.57 4560.72 4017.03 3490.34 875.064 3180.5 2453.91 1261.97 799.811 2478.81 999.332 1916.24 662.307 1191.94 622.44 467.713 722.047 1479.47 726.595 999.818 916.425 539.921 679.707 526.689 471.44 367.813
internal_count=50824 46409 38578 22097 16481 18836 16494 14387 3607 12874 9946 5103 3261 10134 4046 7831 2703 4843 2532 1886 2912 6088 2928 4136 3695 2191 2840 2107 1886 1481
is_linear=0
shrinkage=0.05


Tree=10
num_leaves=31
num_cat=0
split_feature=0 0 0 5 0 0 0 0 0 0 0 0 0 0 0 5 0 2 3 2 2 2 0 5 5 0 2 2 4 2
split_gain=1809.95 639.683 488.352 237.884 161.809 119.932 136.67 106.796 105.063 102.786 106.325 122.362 75.1633 74.9514 75.0167 67.855 57.9083 56.6161 43.4493 41.6891 41.5404 40.315 38.9914 33.7109 31.5285 27.7581 26.3987 23.9226 23.9064 23.374
threshold=38.000000000000007 65.500000000000014 52.500000000000007 1.0000000180025095e-35 42.500000000000007 62.500000000000007 61.500000000000007 58.500000000000007 41.500000000000007 51.500000000000007 47.500000000000007 46.500000000000007 56.500000000000007 56.500000000000007 57.500000000000007 1.0000000180025095e-35 62.500000000000007 24.150000000000002 1.5000000000000002 27.250000000000004 27.450000000000003 27.550000000000004 74.500000000000014 1.0000000180025095e-35 1.0000000180025095e-35 69.500000000000014 30.750000000000004 30.750000000000004 1.0000000180025095e-35 23.050000000000004
decision_type=2 2 2 2 2 2 2 2 2 2 2 2 2 2 2 2 2 2 2 2 2 2 2 2 2 2 2 2 2 2
left_child=-1 2 4 5 8 6 7 13 20 10 11 19 -5 21 29 22 18 -12 -14 -6 -2 -4 -3 -11 -13 -17 -19 -9 -27 -15
right_child=1 15 3 12 9 -7 -8 27 -10 23 17 24 16 14 -16 25 -18 26 -20 -21 -22 -23 -24 -25 -26 28 -28 -29 -30 -31
leaf_value=-0.066440327624261331 -0.016355136910872852 -0.038872118174284556 0.020133349146010501 0.029381786432742991 0.0012102735129605375 0.04749999695043515 -0.0014152427026589915 0.034743640695148709 -0.039965648291105632 -0.007061054169307187 0.00075331381433759402 -0.012730188676236152 -0.030987977827407892 -0.023230506090138797 0.028347247978418779 -0.025261267767815367 0.04751091981763382 0.019352461050258004 -0.0040686366187668325 0.025624808232676041 0.014675958624583652 0.036794444077515268 -0.018830464201034368 -0.031606391933155585 -0.03980595216178593 0.0075767371034406632 0.038058352520783933 0.051761043380779803 -0.012438884928020123 0.0035941742265999522
leaf_weight=946.07328005135059 298.11750601232052 546.53191336989403 820.74189402163029 136.98418471217155 422.77367804944515 536.27403289079666 526.6525946110487 710.94897657632828 403.29848702251911 536.17257604002953 321.1060189306736 389.81424038112164 253.11509078741074 95.251385569572449 351.29059202969074 252.16904805600643 39.338395461440086 590.37235118448734 367.58467279374599 298.16375386714935 168.98089757561684 651.11849372088909 436.51745657622814 189.26363426446915 148.46864596009254 222.9885942786932 277.15570424497128 291.07169190049171 450.71683199703693 550.85068134963512
leaf_count=4415 1205 2277 3347 558 1695 2342 2107 2995 1721 2148 1285 1569 1051 382 1460 1039 171 2397 1481 1217 681 2741 1772 780 622 900 1161 1258 1843 2204
internal_value=0 0.00555822 0.0109302 0.0208689 -0.00217299 0.025297 0.0223188 0.0259196 -0.0212706 0.00306526 0.00796406 -0.00216029 -0.00432265 0.0203329 0.00975066 -0.0208241 -0.0113177 0.0186896 -0.0150461 0.0113076 -0.0051291 0.0275038 -0.0299727 -0.0134648 -0.0201982 -0.0111106 0.0253286 0.0396869 -0.00581395 -0.000360445
internal_weight=0 11283.8 9374.91 5331.22 4043.69 4534.2 3997.93 3471.27 870.397 3173.29 2447.85 1259.22 797.022 2469.25 997.393 1908.92 660.038 1188.63 620.7 720.937 467.098 1471.86 983.049 725.436 538.283 925.874 867.528 1002.02 673.705 646.102
internal_count=50824 46409 38578 22097 16481 18836 16494 14387 3607 12874 9946 5103 3261 10134 4046 7831 2703 4843 2532 2912 1886 6088 4049 2928 2191 3782 3558 4253 2743 2586
is_linear=0
shrinkage=0.05


Tree=11
num_leaves=31
num_cat=0
split_feature=0 0 0 5 0 0 0 0 0 0 0 0 0 0 0 3 0 2 3 2 2 2 4 0 5 5 2 0 2 5
split_gain=1675.98 579.856 443.918 216.427 146.908 111.837 124.656 98.8153 96.5027 92.9861 96.3091 110.757 68.4 68.2276 68.1022 65.396 52.775 51.5019 39.64 38.8872 38.6775 38.1325 32.5432 30.9387 30.7432 28.995 26.0533 25.164 24.3897 23.5679
threshold=38.000000000000007 65.500000000000014 52.500000000000007 1.0000000180025095e-35 42.500000000000007 62.500000000000007 61.500000000000007 58.500000000000007 41.500000000000007 51.500000000000007 47.500000000000007 46.500000000000007 56.500000000000007 57.500000000000007 56.500000000000007 1.5000000000000002 62.500000000000007 24.150000000000002 1.5000000000000002 24.750000000000004 33.650000000000013 30.150000000000002 1.0000000180025095e-35 69.500000000000014 1.0000000180025095e-35 1.0000000180025095e-35 22.950000000000003 78.500000000000014 30.750000000000004 1.0000000180025095e-35
decision_type=2 2 2 2 2 2 2 2 2 2 2 2 2 2 2 2 2 2 2 2 2 2 2 2 2 2 2 2 2 2
left_child=-1 2 4 5 8 6 7 12 19 10 11 20 21 -14 -5 22 18 -12 -16 -2 26 -4 -3 -17 -11 -13 -6 -24 -19 -10
right_child=1 15 3 14 9 -7 -8 -9 29 24 17 25 13 -15 16 23 -18 28 -20 -21 -22 -23 27 -25 -26 -27 -28 -29 -30 -31
leaf_value=-0.064827637408679792 -0.022297345500877114 -0.015613344647677047 0.021280755380111534 0.028028897167091102 -0.013571602418907895 0.045791255820598731 -0.0013444868672066056 0.038091951228863732 -0.02926211520954607 -0.0067099082558868921 0.00071565760550847785 -0.012106514793528131 -0.00034261018674801237 0.027086667828557804 -0.029625361099443394 -0.024444567448995889 0.045784233521689456 0.018429173188181339 -0.0038655855508938639 0.0070882703819505968 0.042816364972056736 0.039316383240063063 -0.040473829654039548 -0.0042591014371178761 -0.030199521147866833 -0.038158226966714996 0.0116495186612087 -0.017810506761925519 0.036467259078775786 -0.054575109445049744
leaf_weight=921.74642220139503 189.95230212807655 318.83375537395477 1058.7558279186487 136.430548787117 128.21949718892574 528.6666442155838 526.65049712359905 992.05028854310513 255.47645354270935 536.02397978305817 321.10158827900887 389.41140876710415 645.94520066678524 349.30859115719795 251.55948735773563 269.13893339037895 38.794844001531601 588.98799733817577 367.54922953248024 276.41415141522884 83.217685729265213 405.24550196528435 508.86246521770954 644.19555160403252 188.20397979021072 147.16919761896133 508.36710500717163 161.30868893861771 274.84531916677952 143.66460032761097
leaf_count=4415 770 1296 4354 558 513 2342 2107 4253 1096 2148 1285 1569 2586 1460 1051 1098 171 2397 1481 1116 341 1734 2179 2597 780 622 2058 661 1161 625
internal_value=0 0.00530521 0.010434 0.0199437 -0.00207155 0.0241852 0.0213138 0.0247713 -0.0203261 0.00291953 0.00758698 -0.00205746 0.0193978 0.00928436 -0.00412061 -0.0198542 -0.0107875 0.017813 -0.0143324 -0.00488057 0.0107601 0.0262731 -0.0287629 -0.0102073 -0.0128141 -0.0192518 0.00656955 -0.0350188 0.0241683 -0.0383731
internal_weight=0 11234.4 9332.01 5300.96 4031.06 4506.62 3977.96 3451.31 865.508 3165.55 2441.32 1256.38 2459.26 995.254 794.334 1902.34 657.904 1184.93 619.109 466.366 719.804 1464 989.005 913.334 724.228 536.581 636.587 670.171 863.833 399.141
internal_count=50824 46409 38578 22097 16481 18836 16494 14387 3607 12874 9946 5103 10134 4046 3261 7831 2703 4843 2532 1886 2912 6088 4136 3695 2928 2191 2571 2840 3558 1721
is_linear=0
shrinkage=0.05


Tree=12
num_leaves=31
num_cat=0
split_feature=0 0 0 5 0 0 0 0 0 0 0 0 0 0 0 5 0 2 2 2 3 2 0 5 5 4 2 5 2 2
split_gain=1553.72 525.805 403.565 196.914 133.387 104.391 113.703 91.4432 88.7388 84.1265 87.246 100.263 62.4504 62.0661 61.7146 61.0479 48.114 47.1365 36.2847 36.2757 36.1739 35.6764 34.8447 28.0464 26.6822 24.4763 23.8254 22.1304 21.5567 24.3228
threshold=38.000000000000007 65.500000000000014 52.500000000000007 1.0000000180025095e-35 42.500000000000007 62.500000000000007 61.500000000000007 58.500000000000007 41.500000000000007 51.500000000000007 47.500000000000007 46.500000000000007 56.500000000000007 57.500000000000007 56.500000000000007 1.0000000180025095e-35 62.500000000000007 26.950000000000003 28.850000000000005 26.350000000000005 1.5000000000000002 28.250000000000004 74.500000000000014 1.0000000180025095e-35 1.0000000180025095e-35 1.0000000180025095e-35 22.750000000000004 1.0000000180025095e-35 22.050000000000004 22.750000000000004
decision_type=2 2 2 2 2 2 2 2 2 2 2 2 2 2 2 2 2 2 2 2 2 2 2 2 2 2 2 2 2 2
left_child=-1 2 4 5 8 6 7 12 18 10 11 21 19 -14 -5 22 20 -12 -2 -4 -16 -6 -3 -11 -13 -17 -9 -10 -8 -30
right_child=1 15 3 14 9 -7 28 26 27 23 17 24 13 -15 16 25 -18 -19 -20 -21 -22 -23 -24 -25 -26 -27 -28 -29 29 -31
leaf_value=-0.063328445486800292 -0.013293840256908541 -0.036164648727526803 0.016660943362995988 0.02674396842613358 0.0021929883071751389 0.044164413057048442 -0.030833388517363999 0.014270990373491475 -0.028022586125129881 -0.0063762872012374698 0.0075240359000995453 -0.011513680500763774 -0.00032547926951107702 0.025884999389922073 -0.02832727518082051 0.0019661667395007433 0.044141294259155195 0.027530986323589891 0.0178670047897629 0.032480560460500192 -0.003672679502832666 0.025663340010290234 -0.017135401640406452 -0.028861203409009585 -0.036591463897431252 -0.015401103669337926 0.039285255568628524 -0.052713503295891855 0.084833530327131479 0.00062429535001394922
leaf_weight=897.01785899698734 336.49228249490261 538.9947619587183 679.29538783431053 135.85112470388412 472.27477999031544 520.93246921896935 55.222933545708656 106.80946759879589 253.48960757255554 535.87044900655746 622.95469503104687 388.99966008961201 645.94628167152405 347.30047777295113 249.973767593503 301.63263848423958 38.241088181734085 558.18943050503731 129.32638096809387 776.74394689500332 367.51280541718006 246.38147062063217 434.48690365254879 187.11281555891037 145.83160743117332 619.61167861521244 875.26002411544323 141.36024750769138 8.7369317561387998 462.68814843893051
leaf_count=4415 1363 2277 2785 558 1899 2342 221 453 1096 2148 2507 1569 2586 1460 1051 1221 171 2336 523 3303 1481 1013 1772 780 622 2561 3800 625 35 1851
internal_value=0 0.00506424 0.00996075 0.0190607 -0.0019751 0.0231237 0.0203544 0.0236745 -0.019424 0.00278094 0.00722832 -0.00195961 0.018506 0.00883932 -0.00392838 -0.0189406 -0.010283 0.016979 -0.00464258 0.0251001 -0.0136535 0.0102395 -0.0276715 -0.0121955 -0.0183516 -0.00971473 0.0365647 -0.0368622 -0.00127727 0.00218495
internal_weight=0 11183.5 9288.8 5270.51 4018.28 4478.94 3958 3431.36 860.669 3157.61 2434.63 1253.49 2449.29 993.247 791.579 1894.73 655.728 1181.14 465.819 1456.04 617.487 718.656 973.482 722.983 534.831 921.244 982.069 394.85 526.648 471.425
internal_count=50824 46409 38578 22097 16481 18836 16494 14387 3607 12874 9946 5103 10134 4046 3261 7831 2703 4843 1886 6088 2532 2912 4049 2928 2191 3782 4253 1721 2107 1886
is_linear=0
shrinkage=0.05


Tree=13
num_leaves=31
num_cat=0
split_feature=0 0 0 5 2 0 0 0 5 3 0 0 0 0 0 0 0 2 3 0 0 0 0 0 2 2 0 0 3 2
split_gain=1441.88 476.68 366.956 179.196 123.974 97.4876 103.721 84.6987 84.5168 60.0179 57.0258 56.4662 55.9331 50.0754 44.1872 139.172 61.0144 34.1494 31.665 35.7725 31.9145 29.8934 34.4623 39.8702 30.6344 29.8407 29.647 28.3468 27.8938 26.7516
threshold=38.000000000000007 65.500000000000014 52.500000000000007 1.0000000180025095e-35 23.050000000000004 62.500000000000007 61.500000000000007 58.500000000000007 1.0000000180025095e-35 1.5000000000000002 56.500000000000007 57.500000000000007 56.500000000000007 42.500000000000007 57.500000000000007 61.500000000000007 62.500000000000007 30.150000000000002 1.5000000000000002 42.500000000000007 41.500000000000007 51.500000000000007 47.500000000000007 46.500000000000007 23.950000000000003 24.050000000000004 74.500000000000014 78.500000000000014 1.5000000000000002 30.750000000000004
decision_type=2 2 2 2 2 2 2 2 2 2 2 2 2 2 2 2 2 2 2 2 2 2 2 2 2 2 2 2 2 2
left_child=-1 2 4 5 -2 6 7 10 13 26 17 -12 -5 -6 -14 -16 -17 -4 -10 20 -20 22 23 -15 -23 -26 -3 -11 -27 -24
right_child=1 9 3 12 8 -7 -8 -9 18 27 11 -13 14 21 15 16 -18 -19 19 -21 -22 24 29 -25 25 28 -28 -29 -30 -31
leaf_value=-0.061928741004529622 -0.020689607073131625 -0.034966781274152432 0.019258649071034709 0.025522164513689695 -0.0079819139513442536 0.042611121348697267 -0.0012135325741276881 0.035111131732334315 -0.032145647863582587 -0.013305376301832195 -0.00030920610873067141 0.024738429330191384 -0.026846068284844898 0.013645334954426384 0.049291837056532256 -0.025365163735809177 0.042573545709986636 0.03646580277752616 0.0046594777903065264 0.0014816830321541226 -0.05324901744975491 0.043678882928067056 0.013769816354220142 -0.0087223250555625905 -0.074169811019276916 0.0067299506768537191 -0.017535431152179232 0.0085379507602288789 -0.020962624057476075 0.03312325664173206
leaf_weight=872.0624566078186 719.01178775727749 511.89768895506859 1050.6109277158976 135.25239907205105 518.02887535095215 513.12657776474953 526.55369015038013 971.86677250266075 183.24261181056499 723.26494631171227 645.94729895889759 345.2796545624733 240.40046349167824 515.0557077229023 106.70953333377838 268.73558759689331 37.681234046816826 397.40911558270454 37.049753487110138 305.25738106667995 66.493615254759789 33.462810426950455 649.28014077246189 324.89988914132118 15.482792884111403 248.63842558860779 465.9655396938324 186.91062639653683 143.3645805567503 246.28574728965759
leaf_count=4415 2935 2214 4354 558 2159 2342 2107 4253 788 2947 2586 1460 991 2099 435 1106 171 1734 150 1264 299 134 2647 1312 62 997 1922 748 575 1060
internal_value=0 0.00483429 0.00950974 0.0182194 -0.00188324 0.0221121 0.0194408 0.0226291 0.00223112 -0.0180599 0.0176559 0.00841578 -0.00374536 0.00598958 -0.0098025 0.000115244 -0.0170105 0.0239812 -0.0148743 -0.00713255 -0.0325283 0.00931498 0.0122686 0.00499339 -0.00231027 -0.00608691 -0.0266605 -0.0088197 -0.00339787 0.0190921
internal_weight=0 11133.2 9245.13 5239.57 4005.55 4450.79 3937.67 3411.11 3286.54 1888.04 2439.25 991.227 788.779 2694.5 653.527 413.126 306.417 1448.02 592.043 408.801 103.543 2176.47 1735.52 839.956 440.949 407.486 977.863 910.176 392.003 895.566
internal_count=50824 46409 38578 22097 16481 18836 16494 14387 13546 7831 10134 4046 3261 11045 2703 1712 1277 6088 2501 1713 449 8886 7118 3411 1768 1634 4136 3695 1572 3707
is_linear=0
shrinkage=0.05


Tree=14
num_leaves=31
num_cat=0
split_feature=0 0 0 5 0 0 0 0 0 0 0 0 5 2 0 0 0 0 0 2 0 2 2 0 2 2 2 2 5 5
split_gain=1339.32 432.18 333.848 162.98 112.173 91.0837 94.6353 79.6777 78.4395 71.2906 73.8568 85.3151 55.2147 52.1521 50.7202 40.4572 40.0575 126.13 55.5402 39.9587 37.0185 33.1361 32.6234 30.5085 26.8776 35.3579 36.7993 42.2829 24.7487 24.4796
threshold=38.000000000000007 65.500000000000014 52.500000000000007 1.0000000180025095e-35 42.500000000000007 62.500000000000007 61.500000000000007 41.500000000000007 58.500000000000007 51.500000000000007 47.500000000000007 46.500000000000007 1.0000000180025095e-35 30.050000000000004 56.500000000000007 56.500000000000007 57.500000000000007 61.500000000000007 62.500000000000007 24.150000000000002 57.500000000000007 33.650000000000013 24.750000000000004 74.500000000000014 29.950000000000003 29.050000000000004 28.950000000000003 28.050000000000004 1.0000000180025095e-35 1.0000000180025095e-35
decision_type=2 2 2 2 2 2 2 2 2 2 2 2 2 2 2 2 2 2 2 2 2 2 2 2 2 2 2 2 2 2
left_child=-1 2 4 5 7 6 8 22 13 10 11 21 23 15 -5 -4 -16 -18 -19 -12 24 -6 -2 -3 25 26 27 -17 -11 -13
right_child=1 12 3 14 9 -7 -8 -9 -10 28 19 29 -14 -15 16 20 17 18 -20 -21 -22 -23 -24 -25 -26 -27 -28 -29 -30 -31
leaf_value=-0.060616484683570886 -0.019936316456118083 -0.033612938293405024 0.018255552988421863 0.024359202112183023 0.0056054076919411014 0.041124259274249703 -0.0011528628967094438 -0.034610698567861788 0.033716745424284232 -0.0057841659714546623 0.00064059564209839885 -0.010427198415920691 -0.0084436274205588729 0.028049010902901766 -0.025617067211565162 -0.0076833539741933037 0.047004401475530103 -0.024189824400979665 0.041073695948873744 0.021334783986461287 0.018134305786262444 0.039370491704691528 0.0070366966304103778 -0.015727297171947915 -0.064507883089420015 0.061172522510894847 -0.073503498309006474 0.064190304411028784 -0.026981160378824587 -0.034571208845423182
leaf_weight=847.03119993209839 188.74650624394417 531.10261182487011 1033.2210722565651 134.64002819359303 634.58994996547699 505.29653653502464 526.55062685906887 387.84891957044601 961.71859019994736 535.49083766341209 321.02961388230324 388.17237019538879 916.86952409148216 727.61993689835072 239.36398896574974 346.75181749463081 106.31711427867413 267.72931605577469 37.118829607963562 853.28117297589779 241.06941229104996 82.057497620582581 276.05960056185722 432.65407451987267 18.996596872806549 19.996417760848999 19.746462538838387 21.746104314923286 185.37236613035202 143.90467724204063
leaf_count=4415 770 2277 4295 558 2571 2342 2107 1721 4253 2148 1285 1569 3782 3107 991 1389 435 1106 171 3558 1021 341 1116 1772 76 80 79 87 780 622
internal_value=0 0.0046141 0.00907668 0.0174184 -0.00179343 0.0211453 0.0185683 -0.0178784 0.0216307 0.00256896 0.00667571 -0.00178961 -0.0172273 0.0168457 -0.00357429 0.0120549 -0.00935569 0.000111037 -0.0162432 0.0156775 0.00246843 0.00947157 -0.00391639 -0.0255836 -0.00637107 -0.0036658 -0.00700528 -0.00344189 -0.011235 -0.0169571
internal_weight=0 11085.1 9204.44 5207.88 3996.55 4422.71 3917.42 852.655 3390.87 3143.9 2423.04 1248.72 1880.63 2429.15 785.169 1701.53 650.529 411.165 304.848 1174.31 668.307 716.647 464.806 963.757 427.237 408.241 388.244 368.498 720.863 532.077
internal_count=50824 46409 38578 22097 16481 18836 16494 3607 14387 12874 9946 5103 7831 10134 3261 7027 2703 1712 1277 4843 2732 2912 1886 4049 1711 1635 1555 1476 2928 2191
is_linear=0
shrinkage=0.05


Tree=15
num_leaves=31
num_cat=0
split_feature=0 0 0 5 2 0 0 2 5 3 0 0 0 0 0 2 0 0 2 3 4 3 0 0 0 2 2 0 0 0
split_gain=1245.1 391.792 303.6 148.172 107.569 85.152 86.3095 73.0645 69.5423 54.8365 45.9997 40.0066 39.3462 36.5704 36.5554 34.4873 34.4253 35.5043 31.5148 29.694 29.1384 27.8098 31.8225 28.3091 25.6802 25.5022 28.1256 24.4391 24.3316 24.0622
threshold=38.000000000000007 65.500000000000014 52.500000000000007 1.0000000180025095e-35 23.050000000000004 62.500000000000007 61.500000000000007 29.050000000000004 1.0000000180025095e-35 1.5000000000000002 56.500000000000007 42.500000000000007 58.500000000000007 56.500000000000007 62.500000000000007 28.950000000000003 57.500000000000007 56.500000000000007 28.050000000000004 1.5000000000000002 1.0000000180025095e-35 1.5000000000000002 42.500000000000007 41.500000000000007 69.500000000000014 29.750000000000004 30.050000000000004 57.500000000000007 42.500000000000007 51.500000000000007
decision_type=2 2 2 2 2 2 2 2 2 2 2 2 2 2 2 2 2 2 2 2 2 2 2 2 2 2 2 2 2 2
left_child=-1 2 4 5 28 6 7 12 11 20 -5 -6 13 -4 19 18 17 -9 27 -12 -3 -10 23 -23 -11 -19 -27 -15 -2 -13
right_child=1 9 3 10 8 -7 -8 16 21 24 14 29 -14 15 -16 -17 -18 25 -20 -21 -22 22 -24 -25 -26 26 -28 -29 -30 -31
leaf_value=-0.059381274016709409 -0.034922349501575953 -0.012234419346379932 0.017097534612580675 0.023251286800463174 -0.0069796803970500311 0.03969770230857874 -0.0010952273883306624 0.031641295275143963 -0.029806284736777912 -0.020669473576550919 -0.025273296046569211 0.011182391948090202 0.026179435127323892 -0.0072994747754903154 0.039635469743759755 -0.058983015750290628 0.040747587037558541 0.070344701086442751 0.048884525084224369 -0.002792308595553592 -0.030746577915106404 0.0043993150880938673 0.001890825409389992 -0.050457243658436526 -0.0021799853305298203 -0.047679275082652808 0.010181651884769631 0.014491667376990362 -0.013837515917388979 -0.0019072475680386993
leaf_weight=822.05375835299492 184.23931421339512 315.46868553757668 952.15933167934418 134.01891461014748 515.25112722814083 497.48324659466743 526.54737216234207 480.56400395929813 180.36495923995972 265.54546216130257 245.77802066504955 1726.5634046196938 584.53998254239559 346.7383763641119 36.55692483484745 22.750697702169418 486.29187367856503 15.719586566090582 36.29915526509285 365.05202934145927 651.65015241503716 37.025032415986061 303.85986685752869 64.47042341530323 641.41141875088215 23.235029980540276 218.58574077486992 204.58257302641869 531.68934486806393 440.70703223347664
leaf_count=4415 787 1296 3963 558 2159 2342 2107 2125 788 1098 1051 7118 2574 1389 171 92 2195 63 150 1481 2840 150 1264 299 2597 93 875 868 2148 1768
internal_value=0 0.00440451 0.00866568 0.0166508 -0.00170992 0.0202174 0.0177312 0.0206715 0.00213531 -0.0164255 -0.00341167 0.0055434 0.0151131 0.0109731 -0.0089313 0.0014193 0.0304186 0.0236135 0.00375787 -0.0118379 -0.024708 -0.0134733 -0.00620584 -0.0304458 -0.00759347 0.00863369 0.00462216 0.000786719 -0.0192636 0.00852066
internal_weight=0 11035.1 9161.07 5176.9 3984.17 4395.5 3898.01 3371.47 3268.24 1874.08 781.406 2682.52 2147.07 1562.53 647.387 610.371 1224.4 738.104 587.62 610.83 967.119 585.72 405.355 101.495 906.957 257.54 241.821 551.321 715.929 2167.27
internal_count=50824 46409 38578 22097 16481 18836 16494 14387 13546 7831 3261 11045 9036 6462 2703 2499 5351 3156 2407 2532 4136 2501 1713 449 3695 1031 968 2257 2935 8886
is_linear=0
shrinkage=0.05


Tree=16
num_leaves=31
num_cat=0
split_feature=0 0 0 5 2 0 2 2 2 3 3 5 0 0 0 2 2 4 4 2 2 2 2 0 2 2 2 0 2 2
split_gain=1158.35 355.186 277.182 152.102 106.715 73.1976 56.5423 56.4571 63.8864 52.3569 50.208 37.329 32.3047 30.9287 37.542 30.2041 72.817 26.9028 25.4118 28.5384 38.882 33.6221 72.559 24.1398 23.5062 38.2907 22.7638 22.0736 22.0651 28.6521
threshold=38.000000000000007 65.500000000000014 47.500000000000007 1.0000000180025095e-35 23.050000000000004 62.500000000000007 23.050000000000004 30.050000000000004 29.950000000000003 1.5000000000000002 1.5000000000000002 1.0000000180025095e-35 62.500000000000007 61.500000000000007 57.500000000000007 29.050000000000004 28.950000000000003 1.0000000180025095e-35 1.0000000180025095e-35 28.050000000000004 27.950000000000003 27.050000000000004 26.950000000000003 78.500000000000014 22.950000000000003 22.050000000000004 25.050000000000004 78.500000000000014 30.850000000000005 31.050000000000004
decision_type=2 2 2 2 2 2 2 2 2 2 2 2 2 2 2 2 2 2 2 2 2 2 2 2 2 2 2 2 2 2
left_child=-1 2 6 4 12 7 -2 8 15 -5 17 -8 24 14 -9 16 18 -3 -6 20 21 22 -20 -12 25 -4 -11 -19 -15 -30
right_child=1 10 3 9 5 -7 11 13 -10 26 23 -13 -14 28 -16 -17 -18 27 19 -21 -22 -23 -24 -25 -26 -27 -28 -29 29 -31
leaf_value=-0.058214063622775161 -0.024507280054659224 -0.011646498130144241 -0.0078314546648183148 -0.019605801576618516 0.023846719371497835 0.038595353196391416 -4.0591081386453667e-07 0.021946856331872572 -0.034707808370362907 -0.0089540824169109939 -0.011384886458356357 -0.018701130333584504 0.036294640878792535 0.082902187092197877 0.039901643332902817 0.031311302452342225 -0.032733717950836107 -0.034743448539953002 0.011071169820062106 0.02960677898302291 -0.025089332407107579 0.027888231824271172 -0.036631443134787937 0.0087859741404772897 -0.026814455496677294 0.016365540950221521 0.010022124270097119 -0.013267442202385307 -0.069842716123583351 0.0060180967536369893
leaf_weight=797.24091991782188 404.58267399668694 314.84043617546558 479.39488093554974 367.17987395823002 541.02269686758518 432.42716759443283 1352.0341850370169 1042.5398712605238 68.31470263004303 237.82260109484196 718.94434078037739 332.47131344676018 57.294508665800095 8.2490475028753263 403.93993654847145 237.24394118785858 85.386364698410034 487.42020982503891 1495.7497649490833 201.48132476210594 76.556568592786789 261.37803271412849 84.203984841704369 186.88567323982716 88.905438974499702 248.1174401640892 471.09474274516106 158.57386915385723 13.748412504792212 131.48481777310371
leaf_count=4415 1688 1296 1968 1575 2253 2068 5570 4468 282 982 2947 1452 274 33 1854 1015 351 2179 6206 859 315 1107 342 748 362 1025 1948 661 55 526
internal_value=0 0.00420308 0.00826926 0.0130192 0.0161441 0.0189184 -0.00772268 0.017089 0.0131002 -0.00428118 -0.0156688 -0.00369137 2.00241e-06 0.0246964 0.0269609 0.014195 0.0127161 -0.0236308 0.0141748 0.0117058 0.00982529 0.0112769 0.00852885 -0.00722335 -0.00254494 0.00042091 0.00365612 -0.0294717 0.00335495 -0.00116322
internal_weight=0 10989.3 9122.62 7033.54 5957.44 5083.73 2089.09 4651.3 3051.34 1076.1 1866.66 1684.51 873.712 1599.96 1446.48 2983.02 2745.78 960.835 2660.39 2119.37 1917.89 1841.33 1579.95 905.83 816.418 727.512 708.917 645.994 153.482 145.233
internal_count=50824 46409 38578 29868 25363 21734 8710 19666 12730 4505 7831 7022 3629 6936 6322 12448 11433 4136 11082 8829 7970 7655 6548 3695 3355 2993 2930 2840 614 581
is_linear=0
shrinkage=0.05


Tree=17
num_leaves=31
num_cat=0
split_feature=0 0 0 5 2 0 0 0 0 0 0 5 0 0 0 0 2 2 0 2 2 2 2 2 2 2 2 2 2 2
split_gain=1078.33 321.912 257.797 123.22 88.2408 73.6287 73.9717 65.7999 57.5788 62.9748 52.5285 49.0215 46.6037 73.2245 44.5463 41.8401 41.1793 39.1295 34.0086 31.3766 28.4792 28.1377 27.1504 25.4042 40.7161 43.6973 24.9322 23.8618 39.2365 22.6301
threshold=38.000000000000007 65.500000000000014 52.500000000000007 1.0000000180025095e-35 23.050000000000004 62.500000000000007 61.500000000000007 58.500000000000007 42.500000000000007 41.500000000000007 51.500000000000007 1.0000000180025095e-35 47.500000000000007 46.500000000000007 56.500000000000007 57.500000000000007 25.050000000000004 23.950000000000003 56.500000000000007 24.050000000000004 26.350000000000005 26.950000000000003 30.750000000000004 24.950000000000003 25.050000000000004 25.950000000000003 26.050000000000004 21.050000000000004 22.950000000000003 26.750000000000004
decision_type=2 2 2 2 2 2 2 2 2 2 2 2 2 2 2 2 2 2 2 2 2 2 2 2 2 2 2 2 2 2
left_child=-1 2 4 5 27 6 7 14 9 -6 12 21 13 -10 20 -16 -5 -12 -18 -19 -4 -3 -14 -21 -25 -26 -27 -2 -29 -28
right_child=1 11 3 16 8 -7 -8 -9 10 -11 17 -13 22 -15 15 -17 18 19 -20 23 -22 -23 -24 24 25 26 29 28 -30 -31
leaf_value=-0.057106934908049127 -0.030405235500305113 -0.031660845799721171 0.012823002366731416 -0.01889987460862308 0.002604176399969346 0.037005184105824394 -0.0011389438414344481 0.030289264509908449 0.013270127649205432 -0.028422604012462622 0.042744519659338794 -0.0066567822831033827 0.011769347372131811 -0.013731286024971312 -0.00099881508392736106 0.020735733974770278 0.033277844690520218 -0.067793901325740813 -0.00065634663032333143 0.03463337295512646 0.027013240187299517 -0.014440454578956322 0.030520255206502169 -0.061116354267764045 0.048322275056736551 -0.058836112688184762 0.046111840371369492 -0.0041939681650100986 -0.041371335791178326 -0.01104528248929558
leaf_weight=772.68709130585194 241.30751240253448 466.2410352230072 669.66540110111237 268.00196953117847 363.07262445986271 482.04159760475159 526.3909295797348 934.08748409152031 579.43604423105717 297.59168423712254 35.867388725280762 909.80250963568687 715.42948566377163 443.0907628685236 644.95317229628563 337.19406965374947 89.593769237399101 23.406701669096947 419.72662556171417 31.878843158483505 749.10698220133781 482.91415263712406 264.39449295401573 38.058734446763992 32.790170073509216 26.182846009731293 18.124729007482529 383.7966116219759 87.070288240909576 388.85849587619305
leaf_count=4415 999 1990 2785 1127 1472 2342 2107 4253 2369 1348 144 3782 2939 1833 2586 1460 375 96 1759 128 3303 2059 1161 157 132 107 73 1569 367 1587
internal_value=0 0.00400849 0.00788514 0.0152991 -0.00167695 0.0185802 0.0162801 0.0190295 0.00180799 -0.0113716 0.00516015 -0.01495 0.00903663 0.00156963 0.0146488 0.00646316 -0.00303504 -0.00788168 0.00531296 -0.0111283 0.0203154 -0.0228994 0.0168291 -0.00865326 -0.0113911 -0.00732963 -0.0115424 -0.0176205 -0.0110686 -0.00849983
internal_weight=0 10950.1 9091.12 5120.76 3970.36 4343.44 3861.4 3335.01 3258.18 660.664 2597.52 1858.96 2002.35 1022.53 2400.92 982.147 777.322 595.168 509.32 559.301 1418.77 949.155 979.824 535.894 504.015 465.956 433.166 712.174 470.867 406.983
internal_count=50824 46409 38578 22097 16481 18836 16494 14387 13546 2820 10726 7831 8302 4202 10134 4046 3261 2424 2134 2280 6088 4049 4100 2184 2056 1899 1767 2935 1936 1660
is_linear=0
shrinkage=0.05


Tree=18
num_leaves=31
num_cat=0
split_feature=0 0 0 5 0 0 2 2 0 0 0 0 0 3 0 0 0 2 0 0 0 2 2 2 2 0 3 2 2 0
split_gain=1004.48 291.735 234.315 112.275 80.404 68.8049 69.3616 73.5653 65.972 55.981 53.4899 69.2217 48.3295 45.4522 44.5552 50.584 38.1225 38.0838 35.4762 113.164 46.3743 33.8 28.9289 28.7231 27.1998 26.1736 25.0968 24.8444 31.7012 22.5746
threshold=38.000000000000007 65.500000000000014 52.500000000000007 1.0000000180025095e-35 42.500000000000007 62.500000000000007 25.050000000000004 24.950000000000003 41.500000000000007 51.500000000000007 47.500000000000007 46.500000000000007 61.500000000000007 1.5000000000000002 57.500000000000007 56.500000000000007 56.500000000000007 22.050000000000004 57.500000000000007 61.500000000000007 62.500000000000007 30.750000000000004 33.650000000000013 28.850000000000005 25.750000000000004 74.500000000000014 1.5000000000000002 26.050000000000004 26.850000000000005 69.500000000000014
decision_type=2 2 2 2 2 2 2 2 2 2 2 2 2 2 2 2 2 2 2 2 2 2 2 2 2 2 2 2 2 2
left_child=-1 2 4 5 8 6 7 17 23 10 11 22 14 25 15 -8 -5 -4 -18 -20 -21 -12 -6 -2 -14 -3 -17 -26 -29 -15
right_child=1 13 3 16 9 -7 12 -9 -10 -11 21 -13 24 29 -16 26 18 -19 19 20 -22 -23 -24 -25 27 -27 -28 28 -30 -31
leaf_value=-0.05605295004095711 -0.010461588103116521 -0.029884927334607958 -0.005237299675842075 0.02149369553363099 0.0050871868123875848 0.035730781400443008 0.02418221497608998 -0.038385571391858171 -0.03091911727324001 -0.010164355717870954 0.008862909617691225 -0.015193689297303506 0.068762718746058132 -0.018544335146315316 0.032137783446968743 0.012745560814772751 -0.023311006912186374 0.014703190432294389 0.04552758674683894 -0.021845503324698406 0.038554305569336728 0.029270499701347676 0.036820321855007512 0.017306972126011143 -0.04651484663994835 -0.013275188212739267 -0.011972498694027533 0.06980414048015629 -8.5539994626213238e-06 -0.0011478297583248016
leaf_weight=748.47181096673012 333.770597204566 492.41094382107258 327.46494153141975 132.89517693221569 632.78616027534008 474.46819612383842 914.04372461140156 86.461970716714859 375.47208793461323 717.18014985322952 899.85192240774632 527.70878818631172 14.997558414936064 263.18392711877823 840.49820724129677 275.65693667531013 236.71993148326874 890.83904550969601 105.75386248528957 264.86428961157799 36.112306624650955 261.96214415132999 81.015143156051636 129.16198787093163 26.495867639780045 457.58686119318008 163.65756374597549 17.247326865792274 284.34096556901932 639.85827213525772
leaf_count=4415 1363 2214 1362 558 2571 2342 4018 354 1721 2928 3682 2191 60 1098 3867 1105 991 3759 435 1106 171 1161 341 523 106 1922 656 69 1138 2597
internal_value=0 0.00382531 0.00752569 0.0146187 -0.00159841 0.0177674 0.0155488 0.00618061 -0.0153454 0.00209506 0.00575342 -0.00146252 0.0203669 -0.0142497 0.023096 0.0174807 -0.00288642 0.00934343 -0.00792178 0.00103486 -0.0145985 0.0134643 0.00868884 -0.00271393 0.0029157 -0.0218845 0.00353736 -9.43314e-05 0.00398392 -0.00621789
internal_weight=0 10904.5 9051.43 5092.52 3958.91 4316.17 3841.7 1304.77 838.405 3120.5 2403.32 1241.51 2536.94 1853.04 2193.86 1353.36 776.346 1218.3 643.45 406.73 300.977 1161.81 713.801 462.933 343.082 949.998 439.315 328.084 301.588 903.042
internal_count=50824 46409 38578 22097 16481 18836 16494 5475 3607 12874 9946 5103 11019 7831 9646 5779 3261 5121 2703 1712 1277 4843 2912 1886 1373 4136 1761 1313 1207 3695
is_linear=0
shrinkage=0.05


Tree=19
num_leaves=31
num_cat=0
split_feature=0 0 0 5 2 0 2 2 5 0 5 0 0 2 2 0 0 0 2 2 3 0 0 2 2 2 2 3 3 2
split_gain=936.206 264.519 213.068 102.046 78.099 64.3 63.5205 66.2813 50.2634 44.3417 44.2334 41.4869 46.329 37.333 34.4979 28.3615 26.8069 26.359 24.6018 23.8311 22.876 25.3861 24.5352 22.4216 28.6755 21.5015 35.1006 21.4038 21.0726 21.0287
threshold=38.000000000000007 65.500000000000014 52.500000000000007 1.0000000180025095e-35 23.050000000000004 62.500000000000007 25.050000000000004 24.950000000000003 1.0000000180025095e-35 61.500000000000007 1.0000000180025095e-35 57.500000000000007 56.500000000000007 25.050000000000004 22.050000000000004 56.500000000000007 42.500000000000007 74.500000000000014 25.750000000000004 25.750000000000004 1.5000000000000002 42.500000000000007 41.500000000000007 26.050000000000004 26.850000000000005 21.050000000000004 22.950000000000003 1.5000000000000002 1.5000000000000002 30.050000000000004
decision_type=2 2 2 2 2 2 2 2 2 2 2 2 2 2 2 2 2 2 2 2 2 2 2 2 2 2 2 2 2 2
left_child=-1 2 4 5 25 6 7 14 16 11 17 12 -8 -5 -4 -15 -6 -3 -11 -14 -10 22 -22 -20 -25 -2 -27 -21 -26 -18
right_child=1 10 3 13 8 -7 9 -9 20 18 -12 -13 19 15 -16 -17 29 -19 23 27 21 -23 -24 24 28 26 -28 -29 -30 -31
leaf_value=-0.055045978992344993 -0.028737901603184918 -0.028824600559067992 -0.0049721243346984786 -0.01790931235318079 -0.0056337779570716714 0.034499610875064812 0.023143253387646681 -0.036344419013848182 -0.026644236506447812 0.065460797594850489 -0.0057086809662328358 0.030899422855471939 0.055034393941733019 0.030925442074418122 0.014009206205577485 -0.00023134454969491689 0.0036675431698323943 -0.01200615395270329 -0.044187595511480528 0.0095314445719775157 0.0050706151593274181 0.002165892049110405 -0.046509543403936628 0.066454240388634275 0.012126854928610719 -0.0038479083163385172 -0.03918177602465403 -0.013818978011332125 -0.015276029290121021 0.014208203702193875
leaf_weight=724.66178856790066 239.71739010512829 513.29771403968334 327.67745944857597 266.31390449404716 510.6729931384325 467.02255481481552 907.49396592378616 86.74419017136097 176.01431913673878 14.966997802257536 906.02878235280514 830.72679516673088 21.234097525477409 88.52161779999733 888.28732042014599 417.64598827064037 1449.2506032884121 426.57897010445595 26.496628239750862 260.55033865571022 36.969268083572388 302.01503331959248 61.25537271797657 17.211665332317352 158.42456592619419 383.07287567853928 86.080688506364822 157.4405562877655 125.9163756519556 702.54543490707874
leaf_count=4415 999 2277 1362 1127 2159 2342 4018 354 788 60 3782 3867 85 375 3759 1759 5910 1772 106 1045 150 1264 299 69 634 1569 367 631 504 2976
internal_value=0 0.00365153 0.00718414 0.0139736 -0.00152317 0.0169858 0.0148464 0.0058818 0.00176704 0.0194798 -0.0135919 0.022112 0.0166915 -0.00275547 0.00889413 0.00521754 0.00466487 -0.0211913 0.00277073 0.00336128 -0.0116219 -0.00501542 -0.0270961 -8.9452e-05 0.00378533 -0.0165556 -0.010331 0.000736268 -8.12586e-06 0.00710899
internal_weight=0 10856.2 9010.27 5062.68 3947.59 4290.19 3823.17 1302.71 3238.72 2520.46 1845.91 2177.45 1346.72 772.482 1215.96 506.168 2662.47 939.877 343.016 439.225 576.254 400.24 98.2246 328.049 301.553 708.871 469.154 417.991 284.341 2151.8
internal_count=50824 46409 38578 22097 16481 18836 16494 5475 13546 11019 7831 9646 5779 3261 5121 2134 11045 4049 1373 1761 2501 1713 449 1313 1207 2935 1936 1676 1138 8886
is_linear=0
shrinkage=0.05


Tree=20
num_leaves=31
num_cat=0
split_feature=0 0 0 5 2 0 2 2 5 3 2 2 0 4 2 0 2 0 0 0 0 2 2 2 2 2 3 0 0 0
split_gain=872.933 239.669 193.694 92.9417 70.6841 60.0586 58.2852 48.1481 45.5235 41.4657 36.2325 33.741 29.6577 28.3552 26.5527 25.8273 25.7995 25.6188 24.9483 24.2147 22.7781 22.7514 22.9029 21.1057 28.8175 28.0964 20.8862 23.252 22.813 20.6373
threshold=38.000000000000007 65.500000000000014 52.500000000000007 1.0000000180025095e-35 23.050000000000004 62.500000000000007 29.050000000000004 28.950000000000003 1.0000000180025095e-35 1.5000000000000002 22.050000000000004 25.050000000000004 61.500000000000007 1.0000000180025095e-35 29.950000000000003 56.500000000000007 30.950000000000003 57.500000000000007 56.500000000000007 42.500000000000007 78.500000000000014 29.750000000000004 30.050000000000004 28.050000000000004 27.950000000000003 27.350000000000005 1.5000000000000002 42.500000000000007 41.500000000000007 78.500000000000014
decision_type=2 2 2 2 2 2 2 2 2 2 2 2 2 2 2 2 2 2 2 2 2 2 2 2 2 2 2 2 2 2
left_child=-1 2 4 5 -2 6 7 10 19 16 -4 -5 17 -12 -14 -13 20 18 -8 -6 -3 -20 -23 24 25 -15 -10 28 -28 -11
right_child=1 9 3 11 8 -7 12 -9 26 29 13 15 14 23 -16 -17 -18 -19 21 -21 -22 22 -24 -25 -26 -27 27 -29 -30 -31
leaf_value=-0.054080578868533319 -0.015772057813319879 -0.031291076990093793 -0.0047205895696000866 -0.017036144332465399 -0.0053564377064804535 0.03330875770143648 0.026478687287189565 -0.033356683424222724 -0.025514016603439611 -0.009162323472697095 0.024821510589691776 0.029603760838661803 0.072569005776387724 0.0078322380307998731 -0.0015902715136428985 -0.00021978103416508282 -0.0062126095207833488 0.034661654223080228 0.065551998187889926 0.0067594087819359107 -0.011842201447491284 -0.044020264367818682 0.008267552977840948 0.029042935269266774 -0.026821780256740792 0.033724404522038696 0.0048165345378323697 0.002057282317600947 -0.045109371717544477 0.0095073721780958853
leaf_weight=701.31235234439373 706.97450624406338 478.72472943365574 327.87551721930504 265.97412422299385 510.26897157728672 459.72213926911354 460.27965876460075 63.622562780976295 174.65610858798027 713.17734560370445 416.81842118501663 87.86699041724205 12.99908000230789 1334.7430539876223 168.93258807063103 417.63613674044609 241.37966422736645 456.62434235215187 15.600600972771643 2150.0075417608023 219.60512392222881 23.165502399206161 218.24693292379379 136.49583581089973 55.582479789853096 113.69906809926033 36.973357334733009 302.06008583307266 60.030334144830704 186.78728160262108
leaf_count=4415 2935 2157 1362 1127 2159 2342 2125 264 788 2947 1783 375 52 5667 676 1759 1059 2195 63 8886 920 93 875 607 231 501 150 1264 299 748
internal_value=0 0.0034828 0.0068521 0.0133494 -0.00145027 0.0162385 0.0141759 0.00957105 0.00168057 -0.012958 0.0107161 -0.00262065 0.0224929 0.0131762 0.00370843 0.00496417 -0.0203042 0.025404 0.0195107 0.00443546 -0.025175 0.00703181 0.00325011 0.0102174 0.00850893 0.00986471 -0.0110936 -0.00478225 -0.0260799 -0.00528744
internal_weight=0 10816.5 8976.86 5035.89 3940.97 4264.41 3804.69 2448.84 3234 1839.67 2385.21 771.477 1355.85 2057.34 181.932 505.503 939.71 1173.92 717.293 2660.28 698.33 257.013 241.412 1640.52 1504.02 1448.44 573.72 399.064 97.0037 899.965
internal_count=50824 46409 38578 22097 16481 18836 16494 10415 13546 7831 10151 3261 6079 8789 728 2134 4136 5351 3156 11045 3077 1031 968 7006 6399 6168 2501 1713 449 3695
is_linear=0
shrinkage=0.05


Tree=21
num_leaves=31
num_cat=0
split_feature=0 0 0 0 2 2 0 0 2 0 2 0 0 5 2 5 2 2 2 2 2 2 2 2 2 2 2 2 2 2
split_gain=814.266 217.18 178.457 103.231 100.984 96.7584 64.1738 103.63 64.071 47.6279 42.4395 41.0524 67.2167 40.1431 39.254 31.7755 27.0139 26.0649 26.2317 39.3001 30.3258 29.744 31.0743 27.21 26.017 24.8218 24.4258 35.311 23.963 62.6949
threshold=38.000000000000007 65.500000000000014 47.500000000000007 62.500000000000007 25.050000000000004 24.950000000000003 61.500000000000007 57.500000000000007 21.050000000000004 56.500000000000007 22.050000000000004 52.500000000000007 51.500000000000007 1.0000000180025095e-35 25.950000000000003 1.0000000180025095e-35 25.750000000000004 25.950000000000003 27.050000000000004 27.850000000000005 28.050000000000004 28.950000000000003 29.050000000000004 29.750000000000004 26.950000000000003 30.050000000000004 26.950000000000003 26.050000000000004 24.150000000000002 23.950000000000003
decision_type=2 2 2 2 2 2 2 2 2 2 2 2 2 2 2 2 2 2 2 2 2 2 2 2 2 2 2 2 2 2
left_child=-1 2 10 4 5 8 7 9 -4 11 -2 12 -6 24 -14 -12 -8 -11 26 -20 -21 -22 -23 -24 -3 -25 27 -19 29 -10
right_child=1 13 3 -5 6 -7 16 -9 28 17 15 -13 14 -15 -16 -17 -18 18 19 20 21 22 23 25 -26 -27 -28 -29 -30 -31
leaf_value=-0.053151925970508121 -0.026001331683629003 -0.028178799218228447 -0.016678886592146256 0.032560697606772902 0.017629912905346195 -0.034824855046998934 0.061429815852484609 0.030557920095716617 0.0078825415440135823 0.042072804490109875 -0.00051605640533240195 0.021886903675915489 0.045926159977297473 -0.0048445912043763679 -0.010780422262560919 -0.017257029177770753 -0.0053674504736869605 -0.041239651328026733 0.060245821668659529 -0.044348010214252019 0.056229977145802683 -0.049705656906281225 0.063109967111439833 -0.040649652278895554 -0.011453497867286423 0.0037264371422186023 -0.059597593213105898 0.038690860495269791 0.017562054855205841 -0.025741224293821332
leaf_weight=678.46876487135887 242.65804834663868 455.74638585746288 337.51787111163139 488.3295600861311 719.58424067497253 181.73629142343998 15.615366905927656 882.5914721339941 1142.0339059382677 32.304865911602974 1470.845790758729 981.92229023575783 32.840393081307411 902.36094990372658 431.55923397839069 351.10812681913376 493.0155428647995 32.75506192445755 26.174182966351509 39.970627352595329 23.232218474149704 31.384153708815575 17.43793548643589 35.231957152485847 474.69460701942444 298.45042498409748 37.370401427149773 23.898812666535378 418.10357585549355 157.79222916066647
leaf_count=4415 1033 1990 1399 2513 3087 750 63 4157 4758 130 6100 4393 132 3782 1767 1577 2003 134 105 163 94 128 71 144 2059 1213 152 96 1758 658
internal_value=0 0.00332151 0.00653415 0.0104026 0.00870989 0.000145165 0.013321 0.0156416 0.00323711 0.0108788 -0.00635836 0.0143281 0.00805927 -0.0123586 -0.00677037 -0.0037422 -0.00331672 -0.00160985 -0.00410348 0.000701748 -0.00279498 0.00129856 -0.00203781 0.00222288 -0.0196458 -0.000959026 -0.0282196 -0.00752185 0.00714996 0.00380079
internal_weight=0 10778.3 8945.46 6880.85 6392.52 2237.18 4155.34 3646.71 2055.45 2764.12 2064.61 2165.91 1183.98 1832.8 464.4 1821.95 508.631 598.211 565.906 471.882 445.707 405.737 382.504 351.12 930.441 333.682 94.0243 56.6539 1717.93 1299.83
internal_count=50824 46409 38578 29868 27355 9323 18032 15966 8573 11809 8710 9379 4986 7831 1899 7677 2066 2430 2300 1918 1813 1650 1556 1428 4049 1357 382 230 7174 5416
is_linear=0
shrinkage=0.05


Tree=22
num_leaves=31
num_cat=0
split_feature=0 0 0 0 2 0 0 0 0 0 2 3 2 2 2 5 2 2 0 4 2 2 2 2 2 2 2 2 2 2
split_gain=759.832 196.77 161.896 95.5944 92.5962 64.6348 108.406 51.7208 42.8081 65.3148 38.6036 37.4195 34.0124 29.6387 42.2802 28.8343 28.5032 27.7581 25.3704 24.2712 23.6709 40.1409 26.9086 35.2483 23.5663 23.7722 35.5437 27.491 26.9963 28.2381
threshold=38.000000000000007 65.500000000000014 47.500000000000007 62.500000000000007 23.050000000000004 61.500000000000007 57.500000000000007 56.500000000000007 52.500000000000007 51.500000000000007 22.050000000000004 1.5000000000000002 23.950000000000003 22.950000000000003 22.050000000000004 1.0000000180025095e-35 23.950000000000003 24.050000000000004 60.500000000000007 1.0000000180025095e-35 23.950000000000003 24.050000000000004 24.950000000000003 25.050000000000004 25.950000000000003 27.050000000000004 27.850000000000005 28.050000000000004 28.950000000000003 29.050000000000004
decision_type=2 2 2 2 2 2 2 2 2 2 2 2 2 2 2 2 2 2 2 2 2 2 2 2 2 2 2 2 2 2
left_child=-1 2 10 4 13 6 7 8 9 -6 -2 19 -11 14 -4 -12 -7 -14 -8 -3 -9 -22 -23 -24 -25 -26 -27 -28 -29 -30
right_child=1 11 3 -5 5 16 18 20 -10 12 15 -13 17 -15 -16 -17 -18 -19 -20 -21 21 22 23 24 25 26 27 28 29 -31
leaf_value=-0.052255714644746779 -0.024839909173474034 -0.0073673638463271074 -0.0097548331852026059 0.03143001318845047 0.014151333579658693 0.047461109746646787 0.022475990359787736 0.037552091365084972 0.018431266910993602 0.040247690758330602 -0.00049026327144879888 -0.0044940788711161387 -0.063760481780393341 -0.028070221423913522 0.014306716988189758 -0.016464574274513834 -0.0060336102942418436 -0.0076624533423181778 0.040630677892808637 -0.024510828644803393 -0.060279340730055156 0.042171150482802983 -0.047621007840450112 0.040036457388828779 -0.026910576475309061 0.057352228106857556 -0.042310827108828802 0.053716397232127268 -0.047539842710557334 0.0021134683939535493
leaf_weight=656.16747304797173 241.3378918170929 309.40987539291382 596.84679996967316 480.79695469141006 966.43627171218395 25.936622083187103 886.84626103937626 34.137664958834648 1298.8019495010376 35.874835506081581 1470.8184588700533 897.36259417235851 23.002868309617043 129.29889944195747 263.0285442173481 349.64510396122932 623.44759111106396 533.08945938944817 245.76628229022026 620.49414625763893 31.464396566152573 32.10366989672184 44.585204184055328 32.251839339733124 93.682729631662369 26.121197730302811 39.804566696286201 23.106505781412125 31.178470641374588 350.83800521492958
leaf_count=4415 1033 1296 2470 2513 4100 104 4144 137 5757 144 6100 3695 96 536 1098 1577 2537 2184 1176 2840 130 129 183 130 382 105 163 94 128 1428
internal_value=0 0.00316877 0.00623394 0.00993197 0.00830874 0.0108945 0.0129256 0.00867735 0.0117273 0.00614013 -0.0060494 -0.0117778 -0.00693884 -0.00575077 -0.00239461 -0.00355835 -0.00389701 -0.00998296 0.0264154 -0.0188066 -0.00311042 -0.00507901 -0.00250083 -0.00473619 -0.00153337 -0.00390743 0.000667465 -0.00266043 0.00123534 -0.00193901
internal_weight=0 10737.5 8910.25 6848.45 6367.65 5378.48 4729.09 3596.48 2857.21 1558.4 2061.8 1827.27 591.967 989.174 859.875 1820.46 649.384 556.092 1132.61 929.904 739.274 705.137 673.672 641.569 596.983 564.731 471.049 444.928 405.123 382.016
internal_count=50824 46409 38578 29868 27355 23251 20610 15290 12281 6524 8710 7831 2424 4104 3568 7677 2641 2280 5320 4136 3009 2872 2742 2613 2430 2300 1918 1813 1650 1556
is_linear=0
shrinkage=0.05


Tree=23
num_leaves=31
num_cat=0
split_feature=0 0 0 0 0 0 0 0 0 0 2 0 2 0 2 2 2 5 2 2 2 2 2 2 2 2 2 2 2 2
split_gain=709.251 178.319 147.121 72.9052 109.661 87.6246 111.589 57.2617 56.5331 42.9318 40.4541 36.3034 37.3558 28.9505 25.5114 24.6955 24.6123 23.609 21.4074 36.4786 24.3368 32.0147 21.3195 21.5003 32.1974 24.9402 24.5327 25.683 24.7535 22.5065
threshold=38.000000000000007 65.500000000000014 52.500000000000007 62.500000000000007 61.500000000000007 57.500000000000007 56.500000000000007 42.500000000000007 41.500000000000007 51.500000000000007 27.050000000000004 69.500000000000014 30.950000000000003 60.500000000000007 29.750000000000004 28.850000000000005 23.050000000000004 1.0000000180025095e-35 23.950000000000003 24.050000000000004 24.950000000000003 25.050000000000004 25.950000000000003 27.050000000000004 27.850000000000005 28.050000000000004 28.950000000000003 29.050000000000004 29.750000000000004 30.050000000000004
decision_type=2 2 2 2 2 2 2 2 2 2 2 2 2 2 2 2 2 2 2 2 2 2 2 2 2 2 2 2 2 2
left_child=-1 2 7 4 5 6 14 8 15 10 -9 -3 -13 -7 -4 -2 -8 -6 -18 -20 -21 -22 -23 -24 -25 -26 -27 -28 -29 -30
right_child=1 11 3 -5 17 13 16 9 -10 -11 -12 12 -14 -15 -16 -17 18 -19 19 20 21 22 23 24 25 26 27 28 29 -31
leaf_value=-0.051388071249401195 -0.0085933094405610585 -0.022763758554473681 0.011749593496791784 0.030333764733176605 -0.0011202026019638094 0.019828182492599388 -0.025953352104743168 -0.00092916662178616188 -0.02774609644512574 -0.008934198981077824 0.012146028819683657 -0.011398102412635603 0.0087944441015252554 0.037970052963495649 0.026172963007847435 0.017180537114570512 0.035745108058557427 -0.019489569801245717 -0.057622534412785475 0.040146525004449936 -0.045497841466928139 0.038127150262875373 -0.025617274033205784 0.054685810200778444 -0.040395632103615256 0.05137822157454669 -0.045507216820113133 0.060308482324307702 -0.038911018599428498 0.0034340999530920119
leaf_weight=634.43729229271412 331.71652247011662 496.28043074905872 1076.8961383849382 473.45402282476425 525.59632393717766 1032.1122152507305 138.20383034646511 1293.9552324861288 363.41908724606037 713.1912484318018 1089.8073955774307 1030.1279584765434 294.52927249670029 279.44208811223507 428.59159497916698 129.11401928961277 34.071841329336166 262.16217754781246 31.274122297763824 32.038149505853653 44.33873887360096 32.17547444999218 93.496488675475121 26.027372255921364 39.612048283219337 22.954008042812347 30.948402985930443 17.308366313576698 35.065591067075729 298.47886563837528
leaf_count=4415 1363 2202 4620 2513 2107 4807 568 5279 1721 2928 4667 4381 1248 1341 2026 523 137 1106 130 129 183 130 382 105 163 94 128 71 144 1213
internal_value=0 0.00302307 0.00594724 0.0116743 0.0097027 0.0133153 0.00759974 -0.00128864 -0.0130006 0.00182849 0.00504854 -0.0112296 -0.00690842 0.0236935 0.0158557 -0.00137208 -0.00658905 -0.00723344 -0.0029617 -0.00483576 -0.00238075 -0.0045083 -0.00145927 -0.00371806 0.000634668 -0.0025312 0.00117446 -0.0018438 0.00200771 -0.00101765
internal_weight=0 10696.4 8875.45 4954.25 4480.79 3693.04 2381.48 3921.2 824.25 3096.95 2383.76 1820.94 1324.66 1311.55 1505.49 460.831 875.993 787.759 737.789 703.718 672.444 640.405 596.067 563.891 470.395 444.367 404.755 381.801 350.853 333.544
internal_count=50824 46409 38578 22097 19584 16371 10223 16481 3607 12874 9946 7831 5629 6148 6646 1886 3577 3213 3009 2872 2742 2613 2430 2300 1918 1813 1650 1556 1428 1357
is_linear=0
shrinkage=0.05


Tree=24
num_leaves=31
num_cat=0
split_feature=0 2 2 2 0 0 0 0 2 2 5 0 5 2 2 2 0 2 2 0 0 2 2 3 0 0 0 4 0 0
split_gain=662.208 167.872 94.2659 100.154 85.8658 79.5238 34.7218 34.7951 30.4415 72.1527 29.7007 28.0537 26.9191 22.3555 19.3027 34.472 18.87 18.4465 61.0744 18.3346 23.9545 17.6817 86.1121 17.6172 16.6921 16.5561 16.5304 16.0931 15.2017 70.9313
threshold=38.000000000000007 25.050000000000004 24.950000000000003 23.050000000000004 65.500000000000014 52.500000000000007 65.500000000000014 58.500000000000007 22.950000000000003 22.050000000000004 1.0000000180025095e-35 74.500000000000014 1.0000000180025095e-35 24.850000000000005 30.050000000000004 29.950000000000003 56.500000000000007 21.950000000000003 21.050000000000004 41.500000000000007 42.500000000000007 23.950000000000003 24.050000000000004 1.5000000000000002 62.500000000000007 42.500000000000007 62.500000000000007 1.0000000180025095e-35 61.500000000000007 57.500000000000007
decision_type=2 2 2 2 2 2 2 2 2 2 2 2 2 2 2 2 2 2 2 2 2 2 2 2 2 2 2 2 2 2
left_child=-1 2 3 8 5 10 7 13 9 17 25 27 14 21 15 -7 -14 18 -2 -12 -21 -5 -23 -22 -4 -3 28 -6 29 -18
right_child=1 4 24 6 11 12 -8 -9 -10 -11 19 -13 16 -15 -16 -17 26 -19 -20 20 23 22 -24 -25 -26 -27 -28 -29 -30 -31
leaf_value=-0.050545549358017965 -0.018364052076849192 -0.0036635587459519156 -0.036152100559991733 0.0097694971025789386 0.0001203565009912368 0.014773993517037495 -0.017146988787776426 0.022842005233025434 -0.025258956537657407 0.010763206508889249 0.027970962965972197 0.0045413431689531039 0.025878772785173566 0.037497932772744984 0.021734646806117114 -0.026443076884368408 -0.012295514301647711 -0.026647944455681406 0.010929158913541598 -0.036031299860025852 -0.02240622781556513 -0.038111720810169038 0.0076585644453157926 0.002189010067021639 -0.016040332426723796 0.008097982480526171 0.043043663030701451 -0.017128880021535519 -0.013764435789171204 0.04839300582232698
leaf_weight=613.30013021826744 698.01016575098038 367.6194248944521 244.39952462911606 516.34499543905258 193.52300499379635 1442.903413400054 142.51556915044785 335.87140081822872 296.99375179409981 392.17163193225861 32.366513758897781 432.41271707415581 85.836545899510384 49.218073204159737 1254.8783905059099 52.57699716091156 158.2177899479866 231.88267455995083 238.81527660787106 78.292947724461555 105.1217305958271 133.84520219266415 442.51526680588722 236.85003472864628 178.53529579937458 1607.7609359920025 21.274228483438492 448.82848855853081 164.97184777259827 69.206401705741882
leaf_count=4415 2995 1562 1031 2139 816 6536 619 1561 1277 1665 131 1789 375 205 5930 226 669 993 1004 403 472 569 1836 999 770 6737 107 2010 693 290
internal_value=0 0.00288439 -0.00537314 -0.00266287 0.00765491 0.010108 0.00642237 0.00869535 -0.0105864 -0.00779459 0.00326203 -0.00530433 0.0152226 0.00453443 0.0171619 0.0133249 0.0045446 -0.0140218 -0.0108966 -0.00829061 -0.0110833 0.00304967 -0.00297043 -0.00537154 -0.0276622 0.00590915 0.000117758 -0.0119322 -0.00220952 0.00617233
internal_weight=0 10653.8 3901.12 3478.18 6752.64 5677.88 1620.31 1477.79 1857.87 1560.88 2428.01 1074.76 3249.87 1141.92 2750.36 1495.48 499.507 1168.71 936.825 452.631 420.265 1092.71 576.36 341.972 422.935 1975.38 413.67 642.351 392.396 227.424
internal_count=50824 46409 16664 14863 29745 25130 6929 6310 7934 6657 10304 4615 14826 4749 12692 6762 2134 4992 3999 2005 1874 4544 2405 1471 1801 8299 1759 2826 1652 959
is_linear=0
shrinkage=0.05


Tree=25
num_leaves=31
num_cat=0
split_feature=0 2 2 2 0 0 0 0 2 2 5 0 0 0 0 0 2 2 2 0 1 0 0 3 2 2 2 2 2 2
split_gain=618.375 152.043 85.4682 90.6306 77.8276 72.4984 31.4466 31.7507 27.665 65.2683 26.8771 26.3931 61.7112 55.2199 61.1081 25.4209 24.0534 20.2977 19.6499 17.7268 17.2032 16.5925 22.1972 16.0214 15.9755 78.0857 15.3458 39.7982 15.6646 49.829
threshold=38.000000000000007 25.050000000000004 24.950000000000003 23.050000000000004 65.500000000000014 52.500000000000007 65.500000000000014 58.500000000000007 22.950000000000003 22.050000000000004 1.0000000180025095e-35 62.500000000000007 61.500000000000007 57.500000000000007 56.500000000000007 74.500000000000014 25.750000000000004 24.850000000000005 25.650000000000002 42.500000000000007 1.0000000180025095e-35 41.500000000000007 42.500000000000007 1.5000000000000002 23.950000000000003 24.050000000000004 26.050000000000004 26.950000000000003 27.050000000000004 27.950000000000003
decision_type=2 2 2 2 2 2 2 2 2 2 2 2 2 2 2 2 2 2 2 2 2 2 2 2 2 2 2 2 2 2
left_child=-1 2 3 8 5 10 7 17 9 19 -3 12 13 14 -7 -6 -14 24 -16 -2 -21 -12 -23 -24 -5 -26 -18 -28 -29 -30
right_child=1 4 -4 6 15 11 -8 -9 -10 -11 21 -13 16 -15 18 -17 26 -19 -20 20 -22 22 23 -25 25 -27 27 28 29 -31
leaf_value=-0.049725026029830949 -0.032826924852605931 0.0056189468974871953 -0.026386273816154521 0.0092897768458230535 -0.011378556188908335 0.018585820349420759 -0.016359124772910946 0.021851276965902704 -0.024102177071834319 0.010234967524035462 0.026582316824929605 0.028018759354195663 0.058480220619013937 0.026632523117065106 0.046060420681714731 0.0043113388023479854 -0.033775444480096964 0.035803794259730987 -0.0035610972362317313 -0.0098520836812317596 -0.037593957822808839 -0.034840669565405477 -0.021427714973660434 0.0020792515397629516 -0.036390406493404741 0.0072815886106632303 0.063827420981368815 -0.034892023456585146 0.074224214009032244 -0.006519524884581668
leaf_weight=592.77217082679272 106.21733222901821 1973.5900537222624 421.26239992678165 515.87077206373215 640.01146504282951 956.69851300120354 141.92562201619148 333.60372254252434 295.71859005093575 391.80112907290459 32.354716166853905 326.56791144609451 15.513044029474257 848.37478312849998 20.670304417610168 432.69975857436657 41.689008265733719 48.975803360342979 573.13185122609138 1000.5495232492685 59.188659653067589 76.954607471823692 104.4437368363142 236.88427099585533 133.18439681828022 442.16275745630264 21.804766774177551 40.793759718537331 20.156476423144341 367.17046082019806
leaf_count=4415 484 8299 1801 2139 2826 4393 619 1561 1277 1665 131 1780 63 4157 84 1789 170 205 2346 4255 253 403 472 999 569 1836 88 167 81 1497
internal_value=0 0.00274924 -0.00511909 -0.00253663 0.00729807 0.00963961 0.00611908 0.00828372 -0.010082 -0.00742051 0.00310324 0.0145415 0.0130269 0.016377 0.0107656 -0.00504972 -0.00282014 0.00431405 -0.00183377 -0.0133534 -0.0114015 -0.00791443 -0.0105828 -0.0051137 0.00290074 -0.00282784 -0.00475449 -0.00206548 -0.0054215 -0.00231762
internal_weight=0 10620 3890.46 3469.2 6729.51 5656.8 1615.72 1473.8 1853.48 1557.76 2424.23 3232.57 2906 2398.88 1550.5 1072.71 507.128 1140.19 593.802 1165.96 1059.74 450.637 418.283 341.328 1091.22 575.347 491.614 449.925 428.121 387.327
internal_count=50824 46409 16664 14863 29745 25130 6929 6310 7934 6657 10304 14826 13046 10980 6823 4615 2066 4749 2430 4992 4508 2005 1874 1471 4544 2405 2003 1833 1745 1578
is_linear=0
shrinkage=0.05


Tree=26
num_leaves=31
num_cat=0
split_feature=0 2 2 2 0 0 0 0 2 2 2 2 2 2 0 0 0 0 5 4 2 2 2 2 3 0 0 0 0 0
split_gain=577.558 137.773 77.5511 81.9979 70.5962 66.3198 28.4795 28.9657 26.0739 40.4927 33.905 35.8183 26.2309 44.78 24.5866 56.2403 51.0394 55.6838 24.3143 23.5844 21.8547 19.5373 18.4379 17.8153 16.2609 15.2031 15.1549 15.0181 20.5632 14.9736
threshold=38.000000000000007 25.050000000000004 24.950000000000003 23.050000000000004 65.500000000000014 52.500000000000007 65.500000000000014 58.500000000000007 20.050000000000004 22.950000000000003 22.050000000000004 21.950000000000003 21.050000000000004 20.850000000000005 62.500000000000007 61.500000000000007 57.500000000000007 56.500000000000007 1.0000000180025095e-35 1.0000000180025095e-35 25.750000000000004 19.850000000000005 24.850000000000005 25.650000000000002 1.5000000000000002 60.500000000000007 62.500000000000007 41.500000000000007 42.500000000000007 42.500000000000007
decision_type=2 2 2 2 2 2 2 2 2 2 2 2 2 2 2 2 2 2 2 2 2 2 2 2 2 2 2 2 2 2
left_child=-1 2 3 8 5 18 7 22 21 10 11 12 13 -10 15 16 17 -7 29 -6 -17 -2 -5 -19 -21 -18 -4 -20 -29 -3
right_child=1 4 26 6 19 14 -8 -9 9 -11 -12 -13 -14 -15 -16 20 25 23 27 24 -22 -23 -24 -25 -26 -27 -28 28 -30 -31
leaf_value=-0.048923701021259092 -0.013324225477542157 -0.0037604730022275604 -0.033302216509309722 0.0027591298198744755 0.0053617370236858069 0.017776130973388253 -0.015606358267861118 0.02090127949397029 0.01159684553554987 -0.022999737662743453 0.0097326491402800822 -0.024841745391014303 0.011061416528310612 -0.028194466016430955 0.027019235954929791 0.055961182048124253 0.02197981202950294 0.043975981119226897 0.025271213460074701 -0.018925504817803557 -0.0045228280033133431 -0.036914807869135806 0.034199340087388057 -0.0033834124228444579 -0.0035373942555109242 0.038131797585569852 -0.014055932012561632 -0.033685992427609085 -0.0048680798685944862 0.0074255997042796109
leaf_weight=572.86426924169064 276.68192572891712 367.7042969763279 242.45457002520561 1089.6952286362648 372.13978366553783 950.42516134679317 141.34785696864128 331.38599087297916 122.72415147721767 294.43193882703781 391.43112336099148 230.28965391218662 238.64658461511135 166.80570118129253 321.83871537446976 15.403534218668936 651.27216432988644 20.570097059011459 32.332198053598404 303.49198088049889 490.95649822056293 128.54021088778973 48.716485917568207 573.07075029611588 395.27440501749516 187.66673901677132 176.91660368442535 75.64657823741436 340.69541504979134 1604.9736021310091
leaf_count=4415 1191 1562 1031 4544 1548 4393 619 1561 516 1277 1665 993 1004 727 1780 63 3197 84 131 1422 2003 561 205 2346 1645 960 770 403 1471 6737
internal_value=0 0.00262154 -0.00487684 -0.00241612 0.00696171 0.00919906 0.00583011 0.00789161 -0.00959942 -0.00645491 -0.00221859 -0.00838642 -0.00121175 -0.011328 0.0139103 0.0124501 0.0156657 0.0102719 0.00295102 -0.0048059 -0.0026829 -0.0208074 0.00410456 -0.00174237 -0.0102208 0.0255929 -0.0251829 -0.0075549 -0.0101041 0.00534053
internal_weight=0 10583.5 3880.07 3460.7 6703.46 5632.56 1611.15 1469.8 1849.55 1444.33 1149.9 758.466 528.176 289.53 3211.2 2889.36 2383 1544.07 2421.35 1070.91 506.36 405.222 1138.41 593.641 698.766 838.939 419.371 448.674 416.342 1972.68
internal_count=50824 46409 16664 14863 29745 25130 6929 6310 7934 6182 4905 3240 2247 1243 14826 13046 10980 6823 10304 4615 2066 1752 4749 2430 3067 4157 1801 2005 1874 8299
is_linear=0
shrinkage=0.05


Tree=27
num_leaves=31
num_cat=0
split_feature=0 2 0 2 0 0 2 2 0 2 2 2 2 0 4 2 2 2 2 2 2 2 2 2 2 5 0 2 2 2
split_gain=539.501 129.007 86.2834 82.4381 75.0302 55.6054 43.3795 41.5782 32.2618 32.0046 73.1289 44.3303 101.562 45.0211 30.327 32.4534 44.759 34.1974 54.2435 27.0348 25.873 23.9604 34.3627 35.4749 89.3816 29.5569 23.2117 22.9844 39.9303 34.3787
threshold=38.000000000000007 29.050000000000004 65.500000000000014 28.950000000000003 47.500000000000007 62.500000000000007 21.050000000000004 28.250000000000004 74.500000000000014 29.750000000000004 30.050000000000004 30.950000000000003 31.050000000000004 62.500000000000007 1.0000000180025095e-35 28.050000000000004 27.950000000000003 27.050000000000004 26.950000000000003 26.350000000000005 29.950000000000003 31.950000000000003 32.050000000000004 32.95000000000001 33.050000000000004 1.0000000180025095e-35 47.500000000000007 33.95000000000001 34.050000000000004 34.95000000000001
decision_type=2 2 2 2 2 2 2 2 2 2 2 2 2 2 2 2 2 2 2 2 2 2 2 2 2 2 2 2 2 2
left_child=-1 2 3 4 7 6 -6 -2 -4 -3 20 -12 13 -13 -8 16 17 18 19 -16 -11 -14 26 -24 25 -25 -23 -26 -29 -30
right_child=1 9 8 -5 5 -7 14 -9 -10 10 11 12 21 -15 15 -17 -18 -19 -20 -21 -22 22 23 24 27 -27 -28 28 29 -31
leaf_value=-0.048139044815475519 -0.0098787258520280034 0.026553382720519804 -0.021037911387980786 -0.032292477506066584 -0.013179949410152551 0.027376320560267467 0.014660826422931955 0.033451984925592766 -0.0050769134102185039 0.016296546492770524 0.028865001640469352 -0.048649154102583775 0.025951495321502843 0.0015879538140806981 0.0012804864942600311 0.022113913050359202 -0.029494058262967117 0.019823866577771503 -0.032615578517047737 0.021853908038996842 -0.0230157361462573 -0.047671174890172509 0.032020498140672815 -0.049732350562757488 0.029308539429662678 -0.0030360647015916058 -0.0019482136569100241 -0.015513908022795295 0.036732448884651797 0.010734010431982513
leaf_weight=553.58300432562828 1290.5635583400726 280.14555197954178 646.03168618679047 178.14763903617859 335.64833371341228 272.27194862067699 737.39182049036026 57.843614175915718 620.86207495629787 51.449501976370811 318.20078136026859 103.2697532325983 265.99960058927536 78.495461404323578 2023.8698325306177 212.61948139965534 109.45468798279762 274.80554193258286 113.016526222229 173.35776516795158 224.39739653468132 32.709128797054291 201.34742783010006 75.948260545730591 193.56628262996674 61.188773259520531 183.35314305126667 129.62146598100662 142.82303932309151 1159.116989120841
leaf_count=4415 5479 1270 2925 766 1399 1507 3177 241 2608 235 1472 443 1246 338 8598 958 462 1226 471 753 969 145 941 322 910 268 808 561 671 5240
internal_value=0 0.00249967 -0.00139857 0.00119209 0.00225714 0.0055159 0.00402049 -0.00801994 -0.013216 0.0103436 0.00893398 0.0112393 0.00910471 -0.0269542 0.0056046 0.00330749 0.0018235 0.00314953 0.0011661 0.0029037 -0.0156834 0.0117846 0.0100558 0.0121382 0.0098666 -0.0288971 -0.0088701 0.0131377 0.0109512 0.013586
internal_weight=0 10547.5 7045.88 5778.99 5600.84 4252.44 3980.16 1348.41 1266.89 3501.63 3221.49 2945.64 2627.44 181.765 3644.52 2907.12 2694.5 2585.05 2310.24 2197.23 275.847 2445.67 2179.67 1963.61 1762.26 137.137 216.062 1625.13 1431.56 1301.94
internal_count=50824 46409 30570 25037 24271 18551 17044 5720 5533 15839 14569 13365 11893 781 15645 12468 11510 11048 9822 9351 1204 11112 9866 8913 7972 590 953 7382 6472 5911
is_linear=0
shrinkage=0.05


Tree=28
num_leaves=31
num_cat=0
split_feature=0 2 0 2 0 0 2 2 5 2 2 2 2 0 2 2 2 2 2 0 4 2 0 2 2 2 2 2 2 2
split_gain=503.993 117.015 78.2054 74.5758 67.8623 51.2284 39.1969 37.5927 31.7303 29.1882 66.2898 40.5435 92.0382 41.0574 27.7068 45.8149 36.5323 59.1279 27.1072 25.7425 23.5788 23.4313 22.4931 22.2078 28.6031 28.7353 38.5277 21.9393 31.1415 32.5708
threshold=38.000000000000007 29.050000000000004 65.500000000000014 28.950000000000003 47.500000000000007 62.500000000000007 21.050000000000004 28.250000000000004 1.0000000180025095e-35 29.750000000000004 30.050000000000004 30.950000000000003 31.050000000000004 62.500000000000007 28.050000000000004 27.950000000000003 27.050000000000004 26.950000000000003 26.350000000000005 51.500000000000007 1.0000000180025095e-35 29.950000000000003 60.500000000000007 27.950000000000003 27.150000000000002 26.950000000000003 26.050000000000004 31.950000000000003 32.050000000000004 32.95000000000001
decision_type=2 2 2 2 2 2 2 2 2 2 2 2 2 2 2 2 2 2 2 2 2 2 2 2 2 2 2 2 2 2
left_child=-1 2 3 4 7 6 -6 23 -4 -3 21 -12 13 -13 15 16 17 18 20 -17 -8 -11 -18 24 25 26 -2 -14 -29 -30
right_child=1 9 8 -5 5 -7 14 -9 -10 10 11 12 27 -15 -16 19 22 -19 -20 -21 -22 -23 -24 -25 -26 -27 -28 28 29 -31
leaf_value=-0.047368774857218299 -0.011198825947160677 0.025409759742139756 -0.020482674481645952 -0.030747281201069038 -0.012527617809057555 0.026397839329892543 0.013214039777310914 0.031844653528076389 -0.0046257395211009231 0.015552128352073747 0.027656469010988623 -0.046530477290894295 0.024854609692708515 0.0015080175350495485 0.021004097721555041 0.052150402197751071 0.016229122830638525 -0.028125207572386093 0.022087278667841995 -0.03045539314596481 0.0012166720379870139 -0.021937832793936633 0.057303941755364345 -0.038812443306728894 0.02051770508780798 -0.042055166163499053 0.020087191363484979 -0.0084397900047056464 0.030727106938912327 0.0094024931451493297
leaf_weight=534.93094183504581 969.97199934720993 278.1678107380867 635.10325065255165 177.75535750389099 335.47419999539852 268.34764666855335 513.44810046255589 57.727968648076057 626.88115763664246 51.222505986690521 315.56858262419701 102.59066979587078 263.90620438754559 78.522794380784035 261.78704619407654 10.193581253290175 308.99437908828259 140.81150998175144 216.22496554255486 126.11233484745026 2023.5301961451769 223.67074809968472 37.36006073653698 61.124320596456528 82.410810440778732 65.815229713916779 109.51405799388885 215.76475930213928 199.38251383602619 1757.0549189150333
leaf_count=4415 4132 1270 2853 766 1399 1507 2199 241 2680 235 1472 443 1246 338 1185 43 1382 588 946 534 8598 969 170 268 341 288 450 953 941 7972
internal_value=0 0.00238304 -0.00133162 0.00113568 0.00214973 0.00525383 0.00382604 -0.00762961 -0.0126059 0.00987297 0.00852563 0.0107262 0.00868487 -0.0257031 0.00533389 0.00411901 0.00531352 0.00347689 0.00509316 -0.0242778 0.00364477 -0.0149521 0.0206597 -0.0093977 -0.00793322 -0.00998042 -0.00802485 0.0112415 0.00958757 0.0115757
internal_weight=0 10514.4 7028.59 5766.6 5588.85 4242.28 3973.94 1346.56 1261.98 3485.85 3207.68 2932.79 2617.22 181.113 3638.46 3376.68 3240.37 2894.01 2753.2 136.306 2536.98 274.893 346.354 1288.84 1227.71 1145.3 1079.49 2436.11 2172.2 1956.44
internal_count=50824 46409 30570 25037 24271 18551 17044 5720 5533 15839 14569 13365 11893 781 15645 14460 13883 12331 11743 577 10797 1204 1552 5479 5211 4870 4582 11112 9866 8913
is_linear=0
shrinkage=0.05


Tree=29
num_leaves=31
num_cat=0
split_feature=0 2 2 2 0 0 2 2 0 2 2 0 0 0 0 0 0 0 2 5 0 2 2 2 2 2 2 2 2 2
split_gain=470.834 107.718 68.9606 68.8483 50.5208 56.6808 25.4414 110.51 23.6917 23.1737 49.4386 22.3779 20.0278 19.9288 19.9077 44.2002 44.5235 44.5441 19.4156 19.0357 16.4133 16.0957 18.3685 27.3963 19.7089 30.8025 19.6968 20.7568 19.8439 21.0394
threshold=38.000000000000007 25.050000000000004 24.950000000000003 23.050000000000004 65.500000000000014 52.500000000000007 23.950000000000003 24.050000000000004 61.500000000000007 22.950000000000003 22.050000000000004 74.500000000000014 54.500000000000007 78.500000000000014 62.500000000000007 61.500000000000007 57.500000000000007 56.500000000000007 25.750000000000004 1.0000000180025095e-35 42.500000000000007 25.950000000000003 27.050000000000004 27.850000000000005 26.950000000000003 26.050000000000004 28.050000000000004 28.950000000000003 29.050000000000004 29.750000000000004
decision_type=2 2 2 2 2 2 2 2 2 2 2 2 2 2 2 2 2 2 2 2 2 2 2 2 2 2 2 2 2 2
left_child=-1 2 3 9 5 19 12 13 -9 10 20 -6 -5 -8 15 16 17 -7 -17 -3 -2 -19 24 -24 25 -23 -25 -28 -29 -30
right_child=1 4 -4 6 11 14 7 8 -10 -11 -12 -13 -14 -15 -16 18 -18 21 -20 -21 -22 22 23 26 -26 -27 27 28 29 -31
leaf_value=-0.04661082281490659 -0.030375583437822335 0.00438053324646984 -0.023601782343097323 0.0053590491090945991 -0.009828171844635105 0.015783245337230852 -0.028478951998659009 0.0091374530784284098 0.041106030790613458 -0.021576156181861414 0.0091823094665134056 0.0049372826797849795 0.02300413404524421 0.0092809123631600286 0.024485541512827357 0.053264506970124373 0.023438935708519563 0.032859889762532853 -0.0040149406136246136 -0.0070809617456719324 -0.009537727159895185 -0.037181795089179813 0.050432109694770667 -0.036515659573853512 -0.05258351458719468 0.037641195589861974 0.047255333415340189 -0.040916758897374096 0.055571271672356995 -0.0014930047675337189
leaf_weight=516.90742388367653 103.83315254747868 1961.6481658816338 416.01900045573711 365.3441324532032 633.05073525011539 933.75863766670227 278.08326594531536 567.24937765300274 64.549716636538506 291.9123318195343 389.79736693203449 431.52130119502544 287.25828044116497 39.96489480137825 309.88930784165859 15.255536615848539 818.43440958857536 31.78118984401226 489.30737796425819 444.32034227252007 1051.306256338954 32.440331757068634 25.770538672804832 39.033420741558075 36.603604093194008 23.880150839686394 22.584275230765343 30.274641543626785 16.978510394692421 332.09960098564625
leaf_count=4415 484 8299 1801 1503 2826 4393 1220 2411 322 1277 1665 1789 1306 167 1780 63 4157 130 2003 2005 4508 134 105 163 152 96 94 128 71 1357
internal_value=0 0.00227112 -0.00437446 -0.00204872 0.0061363 0.00804564 0.0055253 0.000303194 0.0124036 -0.00865622 -0.00621503 -0.00384304 0.0131259 -0.0237342 0.0124504 0.011141 0.0140311 0.00898274 -0.00228309 0.00226389 -0.0114108 -0.0017537 -0.00371928 0.00032247 -0.0240202 -0.00545649 -0.00260596 0.000687119 -0.00208526 0.0012825
internal_weight=0 10483.9 3855.32 3439.3 6628.63 5564.06 1602.45 949.847 631.799 1836.85 1544.94 1064.57 652.602 318.048 3158.09 2848.2 2343.64 1525.2 504.563 2405.97 1155.14 591.446 559.665 466.741 92.9241 56.3205 440.97 401.937 379.353 349.078
internal_count=50824 46409 16664 14863 29745 25130 6929 4120 2733 7934 6657 4615 2809 1387 14826 13046 10980 6823 2066 10304 4992 2430 2300 1918 382 230 1813 1650 1556 1428
is_linear=0
shrinkage=0.05


Tree=30
num_leaves=31
num_cat=0
split_feature=0 2 0 2 0 0 2 2 2 2 2 2 2 2 2 5 2 2 2 2 0 2 2 2 2 2 0 2 0 2
split_gain=439.872 100.601 63.9639 66.1349 59.8969 49.2292 43.8445 48.488 51.4752 71.335 39.4826 31.5695 31.1732 42.0475 85.2174 29.1827 25.4713 59.2696 36.2492 81.7559 37.7412 24.3784 22.9937 50.5231 33.4981 31.7124 20.7561 20.622 21.9783 19.4978
threshold=38.000000000000007 29.050000000000004 65.500000000000014 28.950000000000003 42.500000000000007 62.500000000000007 28.050000000000004 27.950000000000003 27.050000000000004 26.950000000000003 26.150000000000002 20.050000000000004 25.950000000000003 25.050000000000004 24.950000000000003 1.0000000180025095e-35 29.750000000000004 30.050000000000004 30.950000000000003 31.050000000000004 62.500000000000007 19.850000000000005 24.150000000000002 23.950000000000003 23.050000000000004 22.950000000000003 60.500000000000007 29.950000000000003 57.500000000000007 31.950000000000003
decision_type=2 2 2 2 2 2 2 2 2 2 2 2 2 2 2 2 2 2 2 2 2 2 2 2 2 2 2 2 2 2
left_child=-1 2 3 4 -2 6 7 8 9 10 11 21 13 14 22 -4 -3 27 -19 20 -20 -6 23 24 25 -13 -10 -18 -29 -21
right_child=1 16 15 -5 5 -7 -8 -9 26 -11 -12 12 -14 -15 -16 -17 17 18 19 29 -22 -23 -24 -25 -26 -27 -28 28 -30 -31
leaf_value=-0.04586334366198537 -0.013763216481849661 0.023742142685926216 -0.019123552673502547 -0.029159842016285787 -0.0080204383296273302 0.024739354074767454 0.020840495352126648 -0.025677121751441864 0.015667399055840345 -0.030927505433748337 0.017785568399675308 0.0017846588196087758 -0.016705378407331203 0.016511791578280959 -0.029838042609558347 -0.0038641207056374499 0.014374495143151783 0.026086682491216165 -0.044546307970975509 0.023376057111558931 0.0016068035003661372 -0.045389534862983853 0.012677322378424838 -0.023420732373242704 0.013284057320166871 -0.023123036656182174 0.055165795838703117 -0.039080696630666469 -0.0073338314385760607 0.0088958843826004007
leaf_weight=499.50886499136686 549.56025712192059 274.79035530984402 628.80335523188114 176.762680798769 166.39115111529827 261.65709868073463 303.74651066958904 161.63609769940376 364.58022913336754 172.97825792431831 354.70260958373547 820.74869956076145 217.65580360591412 475.47217781841755 214.51453918218613 624.49388837814331 50.759555518627167 311.41482916474342 101.75686833262444 260.49740742146969 78.439957112073898 59.161326631903648 493.83245715498924 196.55795650184155 557.10999047756195 151.35798163712025 36.599205821752548 95.418552279472351 127.18230088055134 2161.163840264082
leaf_count=4415 2451 1270 2853 766 694 1507 1373 687 1624 727 1544 3420 924 2060 905 2680 235 1472 443 1246 338 253 2101 830 2363 638 170 414 555 9866
internal_value=0 0.00216536 -0.00128734 0.00094886 0.00190637 0.00362565 0.00246187 0.00120549 0.00222033 0.00045759 0.0019219 0.000243638 0.00154663 0.002912 0.000255464 -0.0115201 0.00913606 0.00787655 0.00996535 0.0080358 -0.0244558 -0.0178222 0.00316386 0.00044157 0.00350871 -0.00209349 0.0192708 -0.0143844 -0.0209422 0.0104535
internal_weight=0 10449.7 6988.32 5735.03 5558.26 5008.7 4747.04 4443.3 4281.66 3880.48 3707.5 3352.8 3127.25 2909.59 2434.12 1253.3 3461.42 3186.63 2913.27 2601.86 180.197 225.552 2219.61 1725.77 1529.22 972.107 401.179 273.36 222.601 2421.66
internal_count=50824 46409 30570 25037 24271 21820 20313 18940 18253 16459 15732 14188 13241 12317 10257 5533 15839 14569 13365 11893 781 947 9352 7251 6421 4058 1794 1204 969 11112
is_linear=0
shrinkage=0.05


Tree=31
num_leaves=31
num_cat=0
split_feature=0 2 0 2 0 0 2 2 2 2 2 0 2 2 2 2 2 2 2 2 0 2 2 0 3 0 2 0 4 2
split_gain=410.929 91.0696 57.9472 59.8669 54.2602 45.2137 39.8429 43.8374 46.7446 64.5783 35.7937 28.7777 28.5747 28.1353 38.1137 77.2342 23.2659 53.6503 33.2082 74.0232 34.4801 22.329 21.0216 19.2642 19.0118 18.9462 18.6745 20.0355 17.9005 17.9001
threshold=38.000000000000007 29.050000000000004 65.500000000000014 28.950000000000003 42.500000000000007 62.500000000000007 28.050000000000004 27.950000000000003 27.050000000000004 26.950000000000003 26.150000000000002 74.500000000000014 20.050000000000004 25.950000000000003 25.050000000000004 24.950000000000003 29.750000000000004 30.050000000000004 30.950000000000003 31.050000000000004 62.500000000000007 19.850000000000005 24.650000000000002 60.500000000000007 1.5000000000000002 61.500000000000007 29.950000000000003 57.500000000000007 1.0000000180025095e-35 31.950000000000003
decision_type=2 2 2 2 2 2 2 2 2 2 2 2 2 2 2 2 2 2 2 2 2 2 2 2 2 2 2 2 2 2
left_child=-1 2 3 4 -2 6 7 8 9 10 12 24 21 14 15 22 -3 26 -19 20 -20 -6 28 -10 -4 -8 -18 -28 -14 -21
right_child=1 16 11 -5 5 -7 25 -9 23 -11 -12 -13 13 -15 -16 -17 17 18 19 29 -22 -23 -24 -25 -26 -27 27 -29 -30 -31
leaf_value=-0.045124661604132171 -0.013123551164598663 0.022716126828312214 -0.027951269027039941 -0.027781109859302412 -0.0076238863170919021 0.023836132208526806 0.016866104420874408 -0.024431824110874703 0.014949116272502748 -0.029471215828053267 0.016966258104326611 -0.0032890237225165855 0.01082371511713698 -0.015861345028054644 0.015746819968807491 -0.028471420264679914 0.013713699855676968 0.024990501033751084 -0.04265894231689888 0.02238198605304105 0.00152591099420137 -0.04350499867259372 0.018931931397959428 0.053292412851034802 -0.010551125412700325 0.07129490627125061 -0.037344842740616856 -0.0069760172453260903 -0.00085254685057380402 0.0084596242290942269
leaf_weight=482.72927839308977 547.5812099725008 272.89109966158867 288.08893297612667 176.27101278305054 166.29607410728931 258.08610020577908 285.01040391623974 161.38734319806099 363.03331404924393 172.4627238214016 353.27700708806515 615.94384969770908 411.99557301402092 217.77288018167019 473.68834805488586 213.59438583254814 50.550600364804268 308.88668590784073 100.96626721322536 258.51533843576908 78.467590615153313 58.650957554578781 189.58262957632542 36.006671845912933 344.95971067249775 16.938568934798241 94.875058695673943 127.02458374202251 1614.7152278423309 2159.0392004400492
leaf_count=4415 2451 1270 1434 766 694 1507 1305 687 1624 727 1544 2608 1750 924 2060 905 235 1472 443 1246 338 253 812 170 1491 68 414 555 6790 9866
internal_value=0 0.00206411 -0.00122676 0.000904991 0.00181771 0.00345648 0.00234553 0.00114835 0.00211493 0.000435718 0.00182989 -0.0109833 0.000231902 0.00147226 0.00277231 0.000243029 0.00870581 0.00750289 0.00949201 0.00764862 -0.0233366 -0.0169793 0.00301037 0.018409 -0.0184696 0.0199194 -0.0137125 -0.0199605 0.00152104 0.00994838
internal_weight=0 10416.6 6965.34 5716.35 5540.08 4992.5 4734.41 4432.46 4271.08 3872.04 3699.57 1248.99 3346.3 3121.35 2903.58 2429.89 3451.22 3178.33 2905.88 2596.99 179.434 224.947 2216.29 399.04 633.049 301.949 272.45 221.9 2026.71 2417.55
internal_count=50824 46409 30570 25037 24271 21820 20313 18940 18253 16459 15732 5533 14188 13241 12317 10257 15839 14569 13365 11893 781 947 9352 1794 2925 1373 1204 969 8540 11112
is_linear=0
shrinkage=0.05


Tree=32
num_leaves=31
num_cat=0
split_feature=0 2 0 0 0 0 0 0 0 1 2 0 3 2 0 0 0 2 2 2 0 2 2 2 2 2 2 0 0 2
split_gain=383.863 83.3824 55.4056 63.3121 28.8379 41.532 47.3387 27.2973 23.5204 21.992 19.692 18.9635 18.8929 18.8313 18.5566 32.6458 22.9652 27.4296 20.9958 20.2657 19.3964 18.1756 25.2563 32.12 21.476 18.1444 15.9715 16.0363 27.124 35.7524
threshold=38.000000000000007 23.050000000000004 65.500000000000014 52.500000000000007 62.500000000000007 61.500000000000007 58.500000000000007 56.500000000000007 74.500000000000014 1.0000000180025095e-35 23.950000000000003 42.500000000000007 1.5000000000000002 33.750000000000007 42.500000000000007 41.500000000000007 51.500000000000007 23.950000000000003 24.050000000000004 23.950000000000003 50.500000000000007 24.950000000000003 25.050000000000004 25.950000000000003 26.050000000000004 26.750000000000004 30.050000000000004 47.500000000000007 46.500000000000007 30.950000000000003
decision_type=2 2 2 2 2 2 2 2 2 2 2 2 2 2 2 2 2 2 2 2 2 2 2 2 2 2 2 2 2 2
left_child=-1 9 3 14 5 6 7 13 12 11 -7 -2 -4 -5 15 -3 20 -18 -19 -17 26 -20 -23 -24 -25 -26 -16 28 -28 -30
right_child=1 2 8 4 -6 10 -8 -9 -10 -11 -12 -13 -14 -15 16 19 17 18 21 -21 -22 22 23 24 25 -27 27 -29 29 -31
leaf_value=-0.044393265585232933 -0.022954657502371269 0.0027406518319489509 -0.019598906375522689 0.009903361431098219 0.023193752284745642 0.039964969091128746 0.021780975409237083 0.0012786592164259326 0.0024009192997530393 -0.030724334181376635 -0.0047440296333514827 -0.0047642529154559091 -0.0039574278739054041 0.02780924985307115 -0.00032893467270907466 0.03488803566173717 0.036142729538768972 -0.056811911017905614 0.029570570487960569 -0.023549788242225745 0.017395826146570287 -0.049950779853126875 0.041414055899188701 -0.05425238336121866 0.041765286448627544 -0.0093828741270303405 0.017463776817166685 0.021903433926975312 0.073121329355419692 -0.016761881940060883
leaf_weight=466.56063787639141 157.67416167259216 359.77900862693787 345.29365873336792 1066.3817431032658 373.0455919355154 25.655194893479347 767.23467355966568 1006.3888857215643 584.48830910027027 98.424746602773666 615.52792066335678 1568.9960130751133 437.87513230741024 170.28110125660896 1141.5002684444189 15.742812171578406 35.797524854540825 22.065150946378708 31.872482895851135 257.52687768638134 272.49934384226799 35.608931019902229 32.833498373627663 25.659449338912964 18.15934456884861 383.77373322844505 177.24996656179428 187.9493505358696 11.894521430134771 158.32944193482399
leaf_count=4415 735 1472 1670 4899 2217 104 3981 4348 2438 434 2537 6765 1877 858 4759 73 144 96 128 1275 1191 157 132 107 73 1587 764 877 48 663
internal_value=0 0.00196707 0.00403572 0.00578977 0.00995192 0.00859909 0.0110601 0.00739304 -0.00518911 -0.00773575 -0.00295512 -0.00642534 -0.0108536 0.0123689 0.000502717 -0.00715496 0.00241487 -0.00626652 -0.00902692 -0.0201832 0.00502349 -0.00702963 -0.00938136 -0.00624376 -0.00990325 -0.007072 0.00301299 0.0101378 0.0037738 -0.0104812
internal_weight=0 10385.5 8560.41 7192.76 4024.52 3651.47 3010.29 2243.05 1367.66 1825.09 641.183 1726.67 783.169 1236.66 3168.24 633.049 2535.19 585.77 549.973 273.27 1949.42 527.907 496.035 460.426 427.593 401.933 1676.92 535.423 347.474 170.224
internal_count=50824 46409 38475 32490 18944 16727 14086 10105 5985 7934 2641 7500 3547 5757 13546 2820 10726 2424 2280 1348 8302 2184 2056 1899 1767 1660 7111 2352 1475 711
is_linear=0
shrinkage=0.05


Tree=33
num_leaves=31
num_cat=0
split_feature=0 2 0 2 0 0 2 4 5 2 2 2 2 2 0 2 2 2 2 0 2 2 2 2 0 2 2 2 0 0
split_gain=358.552 79.0679 49.6332 53.6707 45.9079 35.1538 31.4385 30.0592 26.7767 24.7556 21.0515 47.4276 28.8643 64.9645 31.5416 20.5628 28.9275 20.5924 34.1421 19.7452 19.5187 23.3956 24.8527 31.4437 18.6677 17.8051 17.0749 16.4149 18.285 16.1043
threshold=38.000000000000007 29.050000000000004 65.500000000000014 28.950000000000003 47.500000000000007 62.500000000000007 28.250000000000004 1.0000000180025095e-35 1.0000000180025095e-35 21.050000000000004 29.750000000000004 30.050000000000004 30.950000000000003 31.050000000000004 62.500000000000007 28.050000000000004 27.950000000000003 27.050000000000004 26.950000000000003 51.500000000000007 27.950000000000003 27.150000000000002 26.950000000000003 26.050000000000004 61.500000000000007 20.950000000000003 26.350000000000005 29.950000000000003 57.500000000000007 78.500000000000014
decision_type=2 2 2 2 2 2 2 2 2 2 2 2 2 2 2 2 2 2 2 2 2 2 2 2 2 2 2 2 2 2
left_child=-1 2 3 4 6 7 20 -6 29 25 -3 27 -13 14 -14 16 17 18 26 -18 21 22 23 -2 -19 -9 -11 -12 -29 -4
right_child=1 10 8 -5 5 -7 -8 9 -10 15 11 12 13 -15 -16 -17 19 24 -20 -21 -22 -23 -24 -25 -26 -27 -28 28 -30 -31
leaf_value=-0.043667812095819519 -0.0096267414212461884 0.021488424444251128 -0.023077088733235163 -0.026451049997944731 0.011783346933817289 0.022323209573366209 0.029799852926779537 -0.0080426940635530391 -0.0029118215930368533 0.00069254317965432148 0.012759323405167534 0.023370861077277736 -0.040664188821512709 0.0092622977280273164 0.0017213734368769732 0.017464695035092317 0.047595881537210533 0.011937394286425236 -0.026390813001093628 -0.030606918460292953 -0.035848054314337623 0.019099189483517156 -0.038696877674165332 0.018687923581706456 0.067613010118138042 -0.043232277930451042 0.017251909741053294 -0.035620054817504368 -0.0065203154940027255 -0.0057639167343366444
leaf_weight=450.99310804158449 959.30447287857533 270.00940684974194 424.30900587141514 175.36320129036903 789.32310719788074 252.09624886512756 57.29051361978054 226.98074874281883 620.8851020783186 2006.6891517341137 50.152254432439804 304.82683329284191 99.836794555187225 2401.7950092852116 78.328633606433868 205.59403349459171 8.784304663538931 250.16097700595856 111.50186364352703 99.479472994804382 60.218303427100182 82.037129625678062 64.481342002749443 109.21343520283699 16.019796282052994 42.71051099896431 168.76384782791138 94.119219645857811 126.58959469199181 196.52706734836102
leaf_count=4415 4132 1270 2011 766 3448 1507 241 948 2680 8598 235 1472 443 11112 338 958 37 1160 471 425 268 341 288 450 66 180 753 414 555 842
internal_value=0 0.00187503 -0.00119757 0.000780169 0.00164674 0.00422403 -0.00643419 0.00306185 -0.0102539 0.000867149 0.00808876 0.00694223 0.0088205 0.00710135 -0.0220298 0.00222951 0.00105258 0.00212602 0.000594062 -0.0242617 -0.00806199 -0.00668489 -0.00855184 -0.00673269 0.0152882 -0.0136156 0.00197716 -0.0130621 -0.0189296 -0.0175966
internal_weight=0 10353.4 6927.73 5686.01 5510.65 4178.1 1332.55 3926.01 1241.72 3136.68 3425.66 3155.65 2884.79 2579.96 178.165 2866.99 2661.4 2553.14 2286.95 108.264 1275.25 1215.04 1133 1068.52 266.181 269.691 2175.45 270.861 220.709 620.836
internal_count=50824 46409 30570 25037 24271 18551 5720 17044 5533 13596 15839 14569 13365 11893 781 12468 11510 11048 9822 462 5479 5211 4870 4582 1226 1128 9351 1204 969 2853
is_linear=0
shrinkage=0.05


Tree=34
num_leaves=31
num_cat=0
split_feature=0 2 2 2 0 0 1 2 2 0 4 2 2 0 0 2 2 3 2 2 4 0 5 0 2 2 2 0 0 3
split_gain=334.856 71.892 50.4205 47.1659 31.8146 43.3347 20.033 19.457 85.2954 20.1644 18.3572 17.6771 35.4991 17.5079 16.263 15.7086 48.2023 14.586 14.5535 32.321 14.535 13.3442 12.9248 12.7133 12.6868 27.3449 13.1443 11.9861 15.6239 12.4101
threshold=38.000000000000007 25.050000000000004 24.950000000000003 23.050000000000004 65.500000000000014 52.500000000000007 1.0000000180025095e-35 23.950000000000003 24.050000000000004 61.500000000000007 1.0000000180025095e-35 22.950000000000003 22.050000000000004 78.500000000000014 54.500000000000007 33.050000000000004 32.95000000000001 1.5000000000000002 21.950000000000003 21.050000000000004 1.0000000180025095e-35 62.500000000000007 1.0000000180025095e-35 69.500000000000014 20.950000000000003 20.050000000000004 19.850000000000005 41.500000000000007 42.500000000000007 1.5000000000000002
decision_type=2 2 2 2 2 2 2 2 2 2 2 2 2 2 2 2 2 2 2 2 2 2 2 2 2 2 2 2 2 2
left_child=-1 2 3 6 5 22 11 14 13 -10 -6 12 18 -9 -5 16 20 -12 19 24 -7 -4 -3 -13 25 26 -2 -24 -29 -30
right_child=1 4 21 7 10 15 -8 8 9 -11 17 23 -14 -15 -16 -17 -18 -19 -20 -21 -22 -23 27 -25 -26 -27 -28 28 29 -31
leaf_value=-0.042947097705298455 -0.0081496071773293436 0.0031965810469883693 -0.027952135800214335 0.0043414120703592343 0.0060041383992803597 0.017278652540451366 -0.02919353095676995 -0.025759568922308969 0.0077461938579621477 0.037858229775940562 -0.01619353627236176 -0.024934318423449675 0.0096001838902514246 0.0096978860536336402 0.020350238696600378 0.016555726704963813 -0.046449075913864511 -0.0014734283073948463 -0.020029846972830369 0.010717797839699471 0.0072871553306658489 -0.0096473894644603445 0.02312300278563318 -0.0015401527509295006 -0.024616457419765592 0.012131376716713438 -0.028556740320356457 -0.029906017000829489 -0.018731376780620906 0.0022282877239570226
leaf_weight=436.01550482213497 254.89455187320709 1942.5087720155716 237.01632834970951 364.00995540618896 370.66837193071842 456.11172860860825 97.686637863516808 273.51191782951355 562.59552980959415 61.692576348781586 295.26064850389957 186.39947248995304 371.59327113628387 39.892190337181091 281.19321772456169 781.13231819868088 39.443266436457634 391.33965015411377 212.9193798750639 228.04664580523968 1802.2461631000042 171.68473805487156 32.053997337818146 84.35570453107357 138.27756126224995 130.88758289813995 114.28568169474602 71.195601388812065 101.2529296875 233.45825003087521
leaf_count=4415 1114 8299 1031 1503 1548 2194 434 1220 2411 322 1422 826 1595 167 1306 3809 164 1645 933 967 8659 770 131 375 620 554 516 403 472 999
internal_value=0 0.00178583 -0.00366932 -0.001676 0.004976 0.00651341 -0.00716723 0.00463551 3.71834e-05 0.0107219 -0.00296271 -0.00591746 -0.00372884 -0.0212463 0.0113184 0.0104303 0.00834804 -0.00780356 -0.00831786 -0.00543959 0.0093051 -0.0202628 0.00144719 -0.0176457 -0.0112118 -0.00750512 -0.014467 -0.00631195 -0.0086364 -0.00411219
internal_weight=0 10327.6 3810.94 3402.24 6516.67 5459.4 1819.35 1582.9 937.692 624.288 1057.27 1721.66 1450.9 313.404 645.203 3078.93 2297.8 686.6 1079.31 866.392 2258.36 408.701 2380.47 270.755 638.345 500.068 369.18 437.961 405.907 334.711
internal_count=50824 46409 16664 14863 29745 25130 7934 6929 4120 2733 4615 7500 6299 1387 2809 14826 11017 3067 4704 3771 10853 1801 10304 1201 2804 2184 1630 2005 1874 1471
is_linear=0
shrinkage=0.05


Tree=35
num_leaves=31
num_cat=0
split_feature=0 2 0 2 0 0 2 2 2 2 2 5 4 0 0 2 2 2 2 0 0 0 0 0 2 2 2 2 2 5
split_gain=312.674 67.2738 40.098 49.1342 41.4211 34.1739 31.7362 36.7802 37.1498 54.5746 28.0095 24.4414 23.3068 19.5372 22.9171 19.0957 42.34 26.3389 57.9073 29.362 17.3138 16.914 16.6614 23.4766 16.4519 15.8556 26.2718 29.08 72.9638 27.3272
threshold=38.000000000000007 29.050000000000004 65.500000000000014 28.950000000000003 42.500000000000007 62.500000000000007 28.050000000000004 27.950000000000003 27.050000000000004 26.950000000000003 26.350000000000005 1.0000000180025095e-35 1.0000000180025095e-35 61.500000000000007 57.500000000000007 29.750000000000004 30.050000000000004 30.950000000000003 31.050000000000004 62.500000000000007 61.500000000000007 60.500000000000007 56.500000000000007 54.500000000000007 26.050000000000004 31.950000000000003 32.050000000000004 32.95000000000001 33.050000000000004 1.0000000180025095e-35
decision_type=2 2 2 2 2 2 2 2 2 2 2 2 2 2 2 2 2 2 2 2 2 2 2 2 2 2 2 2 2 2
left_child=-1 2 3 4 -2 6 7 8 9 10 12 -4 -6 14 22 -3 -17 -18 19 -19 -8 -10 23 -14 -15 -20 -27 -28 29 -29
right_child=1 15 11 -5 5 -7 20 -9 21 -11 -12 -13 13 24 -16 16 17 18 25 -21 -22 -23 -24 -25 -26 26 27 28 -30 -31
leaf_value=-0.042230053921822906 -0.011672121514684611 0.020270524263297549 -0.016373963939981816 -0.025459969520267675 0.0087096121405733831 0.02103274011834512 0.014805705856404471 -0.022613075601493782 0.013179421485221658 -0.02731037538217292 0.017533269966657855 -0.0022952494183376779 -0.003419245689763744 -0.016545823887236147 0.0097468499585755073 -0.012590129770823258 0.022111428856988639 -0.03918608352174064 0.020354720417237029 0.0018029621042361965 0.066970426021632001 0.049678242437797018 -0.014053505258873056 0.01200543438868092 0.060280787441315445 -0.0094666178468816413 0.027385732605611703 -0.048214570767775661 0.0099374885309920242 -0.0032561543573654548
leaf_weight=421.61539416760206 540.42449767887592 267.53479792177677 614.44279499351978 174.75988924503326 673.13987274467945 247.05218942463398 280.45752258598804 160.4447713047266 358.54430039227009 171.26940333843231 255.5013100206852 618.67746369540691 1445.4286818057299 260.92106898128986 462.98931355774403 269.5979418605566 301.63237673044205 98.950242325663567 253.68767054378986 78.234747275710106 16.863039329648018 34.824626281857491 273.84382426738739 297.44898720085621 7.1596160084009162 214.43266245722771 193.14341658353806 75.624604865908623 1594.0120871961117 61.114069178700447
leaf_count=4415 2451 1270 2853 766 2901 1507 1305 687 1624 727 1132 2680 6011 1088 2149 1204 1472 443 1246 338 68 170 1145 1277 29 953 941 322 7382 268
internal_value=0 0.0017006 -0.00114016 0.000639524 0.00147089 0.002907 0.00195399 0.000886012 0.00177501 0.000278741 0.001564 -0.00931043 0.000371294 -0.00167138 -0.000285134 0.00744736 0.00635495 0.00813407 0.00649308 -0.0210877 0.0177643 0.0164106 -0.00258823 -0.000786786 -0.014494 0.00853608 0.00713394 0.0089842 0.00693068 -0.0281208
internal_weight=0 10302.2 6894.19 5661.07 5486.31 4945.89 4698.84 4401.52 4241.07 3847.7 3676.43 1233.12 3420.93 2747.79 2479.71 3407.96 3140.43 2870.83 2569.2 177.185 297.321 393.369 2016.72 1742.88 268.081 2392.01 2138.33 1923.89 1730.75 136.739
internal_count=50824 46409 30570 25037 24271 21820 20313 18940 18253 16459 15732 5533 14600 11699 10582 15839 14569 13365 11893 781 1373 1794 8433 7288 1117 11112 9866 8913 7972 590
is_linear=0
shrinkage=0.05


Tree=36
num_leaves=31
num_cat=0
split_feature=0 2 2 0 2 2 2 2 2 2 2 2 2 3 0 2 2 2 2 2 0 0 0 0 0 2 0 0 0 0
split_gain=291.923 60.9378 36.5905 32.3112 48.7273 32.0127 53.9 33.4471 67.8579 28.6747 42.8512 30.1966 69.998 22.4878 20.9406 18.1229 17.4221 52.1332 24.074 52.4779 26.8641 17.1758 17.0187 14.8156 16.8225 33.2225 14.5367 29.074 14.428 17.7554
threshold=38.000000000000007 29.050000000000004 21.050000000000004 65.500000000000014 28.950000000000003 28.050000000000004 27.950000000000003 27.050000000000004 26.950000000000003 26.050000000000004 25.950000000000003 25.050000000000004 24.950000000000003 1.5000000000000002 58.500000000000007 24.850000000000005 29.950000000000003 30.050000000000004 30.950000000000003 31.050000000000004 62.500000000000007 60.500000000000007 62.500000000000007 47.500000000000007 46.500000000000007 31.650000000000002 42.500000000000007 41.500000000000007 65.500000000000014 69.500000000000014
decision_type=2 2 2 2 2 2 2 2 2 2 2 2 2 2 2 2 2 2 2 2 2 2 2 2 2 2 2 2 2 2
left_child=-1 2 -2 4 5 6 7 8 9 10 11 12 14 -5 15 -4 -3 22 -19 20 -20 -11 -18 24 26 -26 27 -21 -25 -30
right_child=1 16 3 13 -6 -7 -8 -9 -10 21 -12 -13 -14 -15 -16 -17 17 18 19 23 -22 -23 -24 28 25 -27 -28 -29 29 -31
leaf_value=-0.041515737012045209 -0.01212450364424824 0.018284507400795316 -0.00050620355590729632 -0.01609926552458622 -0.02426694728818167 0.017278507450538282 -0.025118135306152985 0.015428310430023516 -0.027797905411890519 0.010423020988348417 -0.021660688736577092 0.013110763201507909 -0.025623981982979917 -0.0012396841306598731 0.011663606880361221 0.030698479633546407 -0.029012898477739069 0.02117196565813937 -0.03756748017086313 0.017457090861924564 0.0017121167707803326 0.038293226014069842 -0.00062432842642680885 0.012112710851037968 0.081956201686568031 -0.020267127496475537 0.018131090908117518 -0.02487059853458513 -0.013942646151982756 0.0091583123304353389
leaf_weight=407.77942098677158 676.81613036990166 315.823541238904 1805.6834633797407 465.98068231344223 174.1984731554985 347.26350831985474 182.17408810555935 458.00830884277821 192.5157848149538 399.85582166910172 196.16622686386108 546.5163705945015 238.67709717154503 561.2988049685955 518.670560374856 47.760082021355629 130.67410470545292 299.32592241466045 98.075438439846039 81.167260497808456 78.26578526198864 64.150052115321159 88.580346986651421 1570.6142528504133 8.4479453116655332 134.38180981576443 143.86369059979916 81.10919089615345 127.83406154811382 238.1106870174408
leaf_count=4415 2995 1505 7622 2229 766 1639 803 2137 842 1753 858 2449 1050 2374 2506 205 575 1472 443 334 338 342 394 7578 34 561 628 398 569 1010
internal_value=0 0.0016208 -0.00108582 0.000119414 0.00172827 0.0026344 0.00154082 0.00262779 0.00116575 0.00262639 0.00101446 0.00242329 0.000186086 -0.00798009 0.00278304 0.000297888 0.00710034 0.00595368 0.0077543 0.00618659 -0.020134 0.0142762 -0.0175437 0.00813224 -5.13531e-05 -0.0142209 0.00655947 -0.00369918 0.0100295 0.00108854
internal_weight=0 10272 6875.74 6198.92 5171.64 4997.44 4650.18 4468 4010 3817.48 3353.47 3157.31 2610.79 1027.28 2372.11 1853.44 3396.27 3080.45 2861.2 2561.87 176.341 464.006 219.254 2385.53 448.97 142.83 306.14 162.276 1936.56 365.945
internal_count=50824 46409 30570 27575 22972 22206 20567 19764 17627 16785 14690 13832 11383 4603 10333 7827 15839 14334 13365 11893 781 2095 969 11112 1955 595 1360 732 9157 1579
is_linear=0
shrinkage=0.05


Tree=37
num_leaves=31
num_cat=0
split_feature=0 2 0 0 0 0 0 0 1 5 2 0 2 2 2 2 2 2 0 0 2 0 2 2 0 2 2 2 2 2
split_gain=272.489 56.6468 34.0028 46.0668 21.555 30.8937 41.1147 21.1022 18.1254 18.0071 16.8422 16.3017 14.3358 34.7506 22.6318 16.4375 13.9293 15.811 13.5131 23.6615 17.9195 17.7804 24.2859 18.5662 16.0053 15.7409 20.8514 28.0465 18.7725 15.3706
threshold=38.000000000000007 23.050000000000004 65.500000000000014 52.500000000000007 62.500000000000007 61.500000000000007 60.500000000000007 78.500000000000014 1.0000000180025095e-35 1.0000000180025095e-35 23.950000000000003 42.500000000000007 24.050000000000004 24.950000000000003 25.050000000000004 25.750000000000004 34.050000000000004 33.95000000000001 42.500000000000007 41.500000000000007 23.950000000000003 51.500000000000007 23.950000000000003 24.050000000000004 50.500000000000007 24.950000000000003 25.050000000000004 25.950000000000003 26.050000000000004 26.750000000000004
decision_type=2 2 2 2 2 2 2 2 2 2 2 2 2 2 2 2 2 2 2 2 2 2 2 2 2 2 2 2 2 2
left_child=-1 8 3 18 5 6 16 9 11 -4 -7 -2 -12 -14 -15 -16 17 -5 19 -3 -21 24 -23 -24 -20 -25 -27 -28 -29 -30
right_child=1 2 7 4 -6 10 -8 -9 -10 -11 12 -13 13 14 15 -17 -18 -19 21 20 -22 22 23 25 -26 26 27 28 29 -31
leaf_value=-0.040803328074570273 -0.020787084783411489 0.0019278988523154903 -0.013911654888080445 0.0065396416971078564 0.020008727123658476 0.036961159102477679 0.030352652969165773 0.007848340421313299 -0.027545290353152081 -0.00087703814828464966 -0.035618403433976847 -0.0037593391928517268 0.052339408678265545 -0.037484283515976075 0.049385319544948472 -0.0037948791547176841 0.016088054831434596 -0.032255376857624633 0.0022447372288026905 0.033798509793983349 -0.021037872963940857 0.034049125118156519 -0.053990137469079484 0.027437909751963259 0.015399638134776003 -0.046335680072237713 0.038547581882005633 -0.05122410804556457 0.038142373793118557 -0.0089549146562169051
leaf_weight=394.49340783059597 154.51202474534512 358.28231549263 520.82137274742126 2301.9684155583382 354.73121103644371 25.440582036972046 213.94593873620033 294.53044745326042 96.720445811748505 539.35807909071445 35.02315129339695 1556.4656156599522 27.345849812030792 49.994778737425804 14.980093434453009 483.95254573225975 410.33263050019741 26.566365167498589 1661.1370238512754 15.843198195099829 249.70999872684479 35.704802885651588 21.558456495404243 31.819599866867065 268.61075596511364 34.49402990937233 32.768715724349022 25.304487496614456 18.148205578327179 381.30483677983284
leaf_count=4415 735 1472 2427 10783 2217 104 1176 1226 434 2332 145 6765 111 215 63 2003 2010 117 7111 73 1275 144 96 128 1191 157 132 107 73 1587
internal_value=0 0.00154457 0.00326617 0.00465503 0.0082508 0.00708885 0.00924285 -0.00399122 -0.00648744 -0.00728039 -0.00290018 -0.00529705 -0.00455911 -0.00267147 -0.00541194 -0.00219818 0.00759387 0.00609703 0.000130577 -0.00645548 -0.0177663 0.00176692 -0.00590059 -0.00851592 0.00407583 -0.00664444 -0.00884859 -0.00602235 -0.00946078 -0.00681516
internal_weight=0 10241.4 8433.68 7078.97 3944.28 3589.55 2952.81 1354.71 1807.7 1060.18 636.737 1710.98 611.296 576.273 548.927 498.933 2738.87 2328.53 3134.69 623.836 265.553 2510.85 581.103 545.398 1929.75 523.84 492.02 457.526 424.758 399.453
internal_count=50824 46409 38475 32490 18944 16727 14086 5985 7934 4759 2641 7500 2537 2392 2281 2066 12910 10900 13546 2820 1348 10726 2424 2280 8302 2184 2056 1899 1767 1660
is_linear=0
shrinkage=0.05


Tree=38
num_leaves=31
num_cat=0
split_feature=0 2 4 0 2 2 2 2 2 0 2 5 3 3 0 2 2 2 2 0 2 2 2 2 0 2 2 2 2 5
split_gain=254.283 53.5248 34.093 26.5479 32.4078 30.5549 40.1044 29.0588 48.4476 27.063 25.4541 25.3364 31.398 21.5046 20.6887 17.9382 18.4094 40.3582 20.4484 16.2737 15.7746 34.3173 21.6394 46.4427 24.7987 13.4839 22.929 25.9743 64.1343 24.9644
threshold=38.000000000000007 29.050000000000004 1.0000000180025095e-35 65.500000000000014 28.950000000000003 28.050000000000004 27.950000000000003 27.050000000000004 26.950000000000003 62.500000000000007 26.050000000000004 1.0000000180025095e-35 1.5000000000000002 1.5000000000000002 78.500000000000014 25.950000000000003 25.050000000000004 24.950000000000003 24.850000000000005 61.500000000000007 29.750000000000004 30.050000000000004 30.950000000000003 31.050000000000004 62.500000000000007 31.950000000000003 32.050000000000004 32.95000000000001 33.050000000000004 1.0000000180025095e-35
decision_type=2 2 2 2 2 2 2 2 2 2 2 2 2 2 2 2 2 2 2 2 2 2 2 2 2 2 2 2 2 2
left_child=-1 2 -2 4 5 6 7 8 9 10 11 15 -13 14 -5 16 17 18 -4 -12 -3 -22 -23 24 -24 -25 -27 -28 29 -29
right_child=1 20 3 13 -6 -7 -8 -9 -10 -11 19 12 -14 -15 -16 -17 -18 -19 -20 -21 21 22 23 25 -26 26 27 28 -30 -31
leaf_value=-0.040092113825229592 0.0058234167564563642 0.018375669424948768 -0.0011248808494008881 -0.025983326984727287 -0.025103680140160713 0.015462381401720283 -0.027182397134399253 0.01279965226460145 -0.029618351365179152 0.020527706917938933 0.0084896126858024744 -0.033833373309845836 -0.0053716095670463928 -0.0033883184488386815 -0.0019872870650282518 -0.021149207108312626 0.0098846483621457953 -0.028341525521313211 0.034217006210717923 0.057598140028576383 -0.011475323428113049 0.020038515980770256 -0.035972024098394666 0.018579408802131585 0.0018724918352332294 -0.0092398352185211596 0.025590829639922198 -0.04618477953888727 0.0089305041882831865 -0.0030946672355366208
leaf_weight=381.74265094101429 1421.3065442591906 263.36934351921082 1827.8561135083437 300.6629805713892 138.70206080377102 278.77592368423939 148.17404633760452 362.74359466135502 152.58908925950527 142.2384599596262 333.46102903783321 139.81655795872211 315.6758456081152 477.56299616396427 128.09285596013069 108.63945473730564 369.44013257324696 138.12112699449062 41.865371391177177 17.768872648477554 267.91577053070068 296.04887497425079 97.019647762179375 249.80913950502872 78.160538583993912 213.53120627999306 189.77693563699722 74.963207080960274 1581.2223576456308 60.936333850026131
leaf_count=4415 6311 1270 7760 1570 611 1329 656 1704 671 887 1474 684 1379 2034 572 459 1627 586 183 73 1204 1472 443 1246 338 953 941 322 7382 268
internal_value=0 0.00147115 -0.00106957 -0.00287641 -0.00130905 -0.000555057 -0.00164458 -0.000686643 -0.0020503 -0.00082563 -0.00174807 -0.0032672 -0.0141081 -0.010686 -0.0188144 -0.00128082 -0.000372859 -0.00226023 -0.000333532 0.010974 0.00662638 0.0056312 0.00724414 0.00575607 -0.0190869 0.00759216 0.00629775 0.00803762 0.00609763 -0.0268635
internal_weight=0 10216.2 6843.49 5422.19 4515.87 4377.17 4098.39 3950.22 3587.47 3434.88 3292.64 2941.41 455.492 906.319 428.756 2485.92 2377.28 2007.84 1869.72 351.23 3372.75 3109.38 2841.47 2545.42 175.18 2370.24 2120.43 1906.9 1717.12 135.9
internal_count=50824 46409 30570 24259 20083 19472 18143 17487 15783 15112 14225 12678 2063 4176 2142 10615 10156 8529 7943 1547 15839 14569 13365 11893 781 11112 9866 8913 7972 590
is_linear=0
shrinkage=0.05


Tree=39
num_leaves=31
num_cat=0
split_feature=0 2 4 0 0 2 2 2 2 2 2 3 2 0 0 0 0 2 2 2 2 2 2 2 2 2 2 2 2 0
split_gain=237.23 48.607 29.9181 32.0451 30.3281 27.6894 48.8151 17.6839 33.6354 15.9959 34.358 15.457 15.1894 14.5909 13.7027 14.5309 17.1454 13.5384 35.8335 12.5735 12.3829 12.1874 11.7937 12.1749 17.7964 18.7775 13.5115 13.169 23.9572 11.3305
threshold=38.000000000000007 23.050000000000004 1.0000000180025095e-35 65.500000000000014 47.500000000000007 33.050000000000004 32.95000000000001 22.950000000000003 22.050000000000004 21.950000000000003 21.050000000000004 1.5000000000000002 32.050000000000004 62.500000000000007 46.500000000000007 42.500000000000007 41.500000000000007 33.95000000000001 34.050000000000004 33.650000000000013 23.450000000000003 23.950000000000003 23.950000000000003 24.050000000000004 24.950000000000003 25.050000000000004 25.950000000000003 26.050000000000004 26.550000000000004 74.500000000000014
decision_type=2 2 2 2 2 2 2 2 2 2 2 2 2 2 2 2 2 2 2 2 2 2 2 2 2 2 2 2 2 2
left_child=-1 7 -3 4 14 6 12 8 9 10 -2 29 13 20 15 16 -4 -7 -19 -17 -6 -18 -16 -24 -25 -26 -27 -28 -29 -5
right_child=1 2 3 11 5 17 -8 -9 -10 -11 -12 -13 -14 -15 22 19 21 18 -20 -21 -22 -23 23 24 25 26 27 28 -30 -31
leaf_value=-0.039381500971995498 -0.011063398517038718 0.008453482575643604 0.0011328741958014732 -0.022252941986451846 0.016450629522615109 0.029375116886904584 -0.050244107773915705 -0.017489370436708285 0.0088357506013154574 -0.020245703789895184 0.011114733041618523 -0.0017307700657286694 0.021095086617722542 0.015871289799068124 0.035477338034612754 0.0024015998420424674 0.031537709853103627 -0.032128186842107886 0.013919454649616081 0.027268485848718355 0.0014358392240853427 -0.020733492092977514 -0.053032821107989105 0.041065781925469329 -0.059385481420230847 0.036307537983566153 -0.055833480771978389 0.064485692371654857 -0.014037628339276367 -0.0049528137210904585
leaf_weight=369.51195314526558 672.71739214658737 1935.9053567796946 286.02975833415985 222.4911728054285 143.95381636917591 113.91693785786629 42.601374447345734 284.43667800724506 386.24999599158764 223.18891705572605 235.85496470332146 525.99673168361187 119.86056150496006 205.86066143214703 12.3000311255455 398.68945486843586 11.82597705721855 45.445777967572212 600.58191055059433 58.262407526373863 2978.4468230307102 195.4782682955265 19.189929738640785 15.036068826913832 21.768345877528191 14.231514900922773 17.32808193564415 10.147037863731383 227.37490949034691 164.70574921369553
leaf_count=4415 2995 8768 1176 1182 623 582 178 1277 1665 993 1004 2229 622 1324 50 1661 54 196 2937 259 13506 1010 85 61 99 58 75 41 959 740
internal_value=0 0.00140118 0.00300204 0.00136622 0.00279713 0.00483359 0.00295067 -0.00604816 -0.00390437 -0.00825235 -0.00530621 -0.00731194 0.00360789 0.00297812 -0.00392537 -0.000852088 -0.00680259 0.0134826 0.0106802 0.00557218 0.00212807 -0.0177516 -0.0125819 -0.0144003 -0.0119767 -0.0147188 -0.0111053 -0.013753 -0.0106831 -0.0148938
internal_weight=0 10189.9 8387.43 6451.52 5538.33 4250.67 3490.72 1802.45 1518.01 1131.76 908.572 913.194 3448.12 3328.26 1287.66 950.286 493.334 759.945 646.028 456.952 3122.4 207.304 337.376 325.076 305.886 290.85 269.082 254.85 237.522 387.197
internal_count=50824 46409 38475 29707 25556 19968 16253 7934 6657 4992 3999 4151 16075 15453 5588 4160 2240 3715 3133 1920 14129 1064 1428 1378 1293 1232 1133 1075 1000 1922
is_linear=0
shrinkage=0.05


Tree=40
num_leaves=31
num_cat=0
split_feature=0 2 4 2 2 2 2 2 2 2 2 2 2 0 2 2 2 2 2 2 2 2 0 0 0 0 0 0 2 2
split_gain=221.252 45.5092 28.7238 23.213 20.9796 28.6842 30.5095 26.8483 33.8281 23.2547 21.7193 26.1817 39.1186 18.2775 17.8956 41.1395 24.3499 22.6565 14.9485 41.8918 20.1475 40.9947 22.8222 15.999 13.9297 13.8728 13.6445 13.207 12.6631 19.931
threshold=38.000000000000007 29.050000000000004 1.0000000180025095e-35 21.050000000000004 28.950000000000003 28.050000000000004 27.950000000000003 27.050000000000004 26.950000000000003 26.050000000000004 25.950000000000003 25.050000000000004 24.950000000000003 74.500000000000014 24.050000000000004 23.950000000000003 23.050000000000004 22.950000000000003 29.950000000000003 30.050000000000004 30.950000000000003 31.050000000000004 62.500000000000007 57.500000000000007 69.500000000000014 61.500000000000007 69.500000000000014 60.500000000000007 31.950000000000003 32.050000000000004
decision_type=2 2 2 2 2 2 2 2 2 2 2 2 2 2 2 2 2 2 2 2 2 2 2 2 2 2 2 2 2 2
left_child=-1 2 -2 -4 5 6 7 8 9 10 11 12 14 -10 15 16 17 -5 -3 23 -21 22 -22 -20 -17 -16 -19 -11 -23 -30
right_child=1 18 3 4 -6 -7 -8 -9 13 27 -12 -13 -14 -15 25 24 -18 26 19 20 21 28 -24 -25 -26 -27 -28 -29 29 -31
leaf_value=-0.038670976981662039 0.0053168554227799956 0.016543952573333583 -0.012625968490666654 -0.00010686484259220231 -0.016976309960696746 0.01470751450799942 -0.019321978683106287 0.012146038126105877 -0.02548394564839513 0.0072799338916496609 -0.016188136586597842 0.01031045451460906 -0.019428556901265423 0.010677327187548279 0.0049393774593641483 -0.030129125280169422 0.0092311245083374315 -0.0267830007986741 -0.031899906928125651 0.019067264711940392 -0.034502920434266192 0.017650726540737627 0.0018951099425444232 -0.004466720430085243 -0.0053205492994735752 0.033050933547993343 0.00026093191162134677 0.034994583570503189 -0.0087957785290213759 0.0073303775415534782
leaf_weight=357.78588701039553 1419.5249289423227 311.02941143512726 528.78491906821728 678.44455188512802 212.05635720491409 277.03717619180679 237.20081646740437 360.90884110331535 215.69768033921719 322.1867873519659 256.53248369693756 434.25531071424484 316.04232783615589 41.699261829257011 456.79889571666718 166.49220708012581 489.18346256017685 153.3738926500082 92.301732629537582 293.41563178598881 96.060187682509422 247.70880803465843 78.066118150949478 125.2882731705904 85.710852757096291 48.551320597529411 67.020446792244911 49.604153200984001 213.15404288470745 1895.339108645916
leaf_count=4415 6311 1505 2374 2941 949 1329 1063 1704 974 1417 1153 1958 1429 178 1965 750 2141 696 414 1472 443 1246 338 555 392 266 307 273 953 8913
internal_value=0 0.00133364 -0.00101191 -0.00267633 -0.00159573 -0.000895339 -0.00188229 -0.000883693 -0.00212723 -0.000849193 -0.00224403 -0.00100879 -0.00300562 -0.0196257 -0.000586527 -0.00312116 0.000254237 -0.00463134 0.00610339 0.00503566 0.00666461 0.00522641 -0.0181846 -0.0161039 -0.021698 0.00764018 -0.0185591 0.0109776 0.00695651 0.00570013
internal_weight=0 10169.5 6817.11 5397.58 4868.8 4656.74 4379.7 4142.5 3781.59 3524.2 3152.41 2895.87 2461.62 257.397 2145.58 1640.23 1388.02 898.839 3352.36 3041.33 2823.74 2530.33 174.126 217.59 252.203 505.35 220.394 371.791 2356.2 2108.49
internal_count=50824 46409 30570 24259 21885 20936 19607 18544 16840 15688 13998 12845 10887 1152 9458 7227 6085 3944 15839 14334 13365 11893 781 969 1142 2231 1003 1690 11112 9866
is_linear=0
shrinkage=0.05


Tree=41
num_leaves=31
num_cat=0
split_feature=0 2 4 2 2 2 2 2 2 2 2 2 2 0 2 2 2 2 2 2 2 2 0 0 0 0 0 0 2 0
split_gain=206.29 41.1948 25.9625 21.0009 19.0034 26.0103 27.6493 24.3206 30.6983 21.0623 19.6593 23.6897 35.5178 16.6342 16.188 37.3139 22.0117 20.5654 13.6136 37.9249 18.4042 37.1367 20.8909 14.8399 12.8259 12.7059 12.4485 12.2304 12.176 11.8923
threshold=38.000000000000007 29.050000000000004 1.0000000180025095e-35 21.050000000000004 28.950000000000003 28.050000000000004 27.950000000000003 27.050000000000004 26.950000000000003 26.050000000000004 25.950000000000003 25.050000000000004 24.950000000000003 74.500000000000014 24.050000000000004 23.950000000000003 23.050000000000004 22.950000000000003 29.950000000000003 30.050000000000004 30.950000000000003 31.050000000000004 62.500000000000007 62.500000000000007 60.500000000000007 69.500000000000014 69.500000000000014 60.500000000000007 24.850000000000005 47.500000000000007
decision_type=2 2 2 2 2 2 2 2 2 2 2 2 2 2 2 2 2 2 2 2 2 2 2 2 2 2 2 2 2 2
left_child=-1 2 -2 -4 5 6 7 8 9 10 11 12 14 -10 15 16 17 -5 -3 23 -21 22 -22 -20 28 -17 -19 -11 -16 -23
right_child=1 18 3 4 -6 -7 -8 -9 13 27 -12 -13 -14 -15 24 25 -18 26 19 20 21 29 -24 -25 -26 -27 -28 -29 -30 -31
leaf_value=-0.037960146797340263 0.0050520245189279714 0.015807648177550482 -0.012025409814454406 -0.00010152154811565954 -0.016184046803327003 0.014041287376455361 -0.018427651729054844 0.011582932337425411 -0.02436233725400385 0.0069270559909723507 -0.015421931998614649 0.0098194426270158085 -0.018554761515517593 0.01012103717277441 0.0014470676877632095 -0.028792091123903959 0.0087844939838869381 -0.025607442161034943 -0.026147928486188961 0.018246340584505756 -0.033093574121189712 -0.00075124459093360509 0.0017995845759552565 0.00049406881873369603 0.027982691701569834 -0.0050627602007530734 0.00024786474611891766 0.033780982506606966 0.029344141868125492 0.0083344731495357833
leaf_weight=346.5487290546298 1419.2479107826948 309.28651709854603 527.4676621556282 678.4442643225193 211.33420021831989 275.70761656761169 236.30043724179268 359.56686183810234 214.38092568516731 321.68285411596298 255.83211451768875 433.19898065924644 314.42160274088383 41.789259985089302 395.8007447719574 165.53726771473885 488.3734879642725 152.41888484358788 128.98763257265091 291.34002646803856 95.166655957698822 443.93009522557259 78.098656684160233 87.87823012471199 65.116338670253754 85.57493557035923 67.026016533374786 48.836740016937256 43.402747377753258 1908.4554109573364
leaf_count=4415 6311 1505 2374 2941 949 1329 1063 1704 974 1417 1153 1958 1429 178 1688 750 2141 696 575 1472 443 1955 338 394 352 392 307 273 191 9157
internal_value=0 0.00127005 -0.000963779 -0.0025501 -0.00152061 -0.000853236 -0.00179344 -0.000842027 -0.00202649 -0.000808871 -0.00213719 -0.000960907 -0.0028623 -0.018737 -0.000558492 -0.00297099 0.000241508 -0.00440513 0.00581466 0.00479593 0.00634702 0.00497441 -0.0173656 -0.0153521 0.00727415 -0.0207055 -0.0177103 0.0104666 0.0042039 0.00661986
internal_weight=0 10144.6 6801.46 5382.21 4854.75 4643.41 4367.7 4131.4 3771.84 3515.67 3145.15 2889.32 2456.12 256.17 2141.69 1637.37 1386.26 897.889 3343.14 3033.86 2816.99 2525.65 173.265 216.866 504.32 251.112 219.445 370.52 439.203 2352.39
internal_count=50824 46409 30570 24259 21885 20936 19607 18544 16840 15688 13998 12845 10887 1152 9458 7227 6085 3944 15839 14334 13365 11893 781 969 2231 1142 1003 1690 1879 11112
is_linear=0
shrinkage=0.05


Tree=42
num_leaves=31
num_cat=0
split_feature=0 2 4 2 2 2 2 2 2 2 2 2 0 2 2 2 0 0 0 3 0 2 2 2 2 2 2 2 2 5
split_gain=192.274 37.6136 26.6528 24.4544 41.3151 23.9449 18.368 33.5978 17.3201 32.9407 32.6725 31.0703 27.1681 16.6337 15.9983 28.4156 14.9369 12.9782 22.2909 17.2565 14.8248 13.8866 12.4274 19.3586 29.2926 17.261 13.9676 16.1647 13.8775 11.7991
threshold=38.000000000000007 22.050000000000004 1.0000000180025095e-35 33.050000000000004 32.95000000000001 32.050000000000004 33.95000000000001 34.050000000000004 34.95000000000001 35.050000000000004 35.95000000000001 36.050000000000004 63.500000000000007 36.95000000000001 21.950000000000003 21.050000000000004 69.500000000000014 65.500000000000014 54.500000000000007 1.5000000000000002 74.500000000000014 31.950000000000003 37.050000000000004 37.850000000000001 38.050000000000004 38.95000000000001 39.050000000000004 39.95000000000001 40.050000000000004 1.0000000180025095e-35
decision_type=2 2 2 2 2 2 2 2 2 2 2 2 2 2 2 2 2 2 2 2 2 2 2 2 2 2 2 2 2 2
left_child=-1 14 -3 4 5 17 -5 -8 -9 12 -11 16 -10 -13 15 -2 -12 18 21 20 -19 -4 -15 -24 -25 -26 -27 -28 -29 -6
right_child=1 2 3 6 29 -7 7 8 9 10 11 13 -14 22 -16 -17 -18 19 -20 -21 -22 -23 23 24 25 26 27 28 -30 -31
leaf_value=-0.03724869570094707 -0.0097083277875764599 0.0072722518554214259 -0.0020783511510804732 0.024568095940263421 -0.049088195104352063 0.020002526013525871 -0.025141252323530591 0.027078242987218976 -0.054976103672019473 0.034917615182036225 -0.046139207443704137 0.030343029904062013 0.0145240694135231 -0.020598821308825756 -0.019419495608455521 0.010481049703867644 0.01358686493614281 -0.024527086046359507 0.0042538403306849465 -0.00013922007706294558 -0.0038979165558630218 -0.027711068131984252 0.035499950015693137 -0.036566817273498829 0.03619767909330051 -0.028957533596606268 0.03794540009895217 -0.034819663929186936 0.0062701142057854835 -0.012971629160731258
leaf_weight=335.78478869050741 668.97071342170238 2066.2217956781387 2520.6800976246595 139.99946996569633 52.914697781205177 146.49810001254082 83.408977508544922 105.41206426918507 38.853196918964386 100.43789914250374 42.181119590997696 70.920722752809525 22.03659325838089 45.047064647078514 222.30066135525703 235.68134137988091 13.923667177557943 182.8725488781929 2181.5047814100981 487.265410810709 166.27427387237549 53.969333216547966 52.366599380970001 41.518774002790451 46.577229380607605 29.892334923148155 36.594492450356483 22.846698418259621 204.29567556083202 39.490828275680542
leaf_count=4415 2995 9364 11021 703 230 745 366 530 165 500 186 355 98 199 993 1004 60 1022 10538 2086 761 242 268 184 230 133 183 100 971 177
internal_value=0 0.00120933 0.0022883 0.000801828 -0.000486214 4.7814e-05 0.00765314 0.00517687 0.00807387 0.00546369 0.00850447 0.00412797 -0.0298233 0.00774325 -0.0074017 -0.00444856 -0.0313168 -0.000474903 0.000535173 -0.00621857 -0.0147029 -0.00261566 0.0043981 0.00699211 0.00308129 0.00791994 0.00343436 0.0071057 0.00213717 -0.0336533
internal_weight=0 10121 8994 6927.78 5831.47 5739.06 1096.31 956.313 872.904 767.492 706.602 606.164 60.8898 550.06 1126.95 904.652 56.1048 5592.57 4756.15 836.412 349.147 2574.65 479.139 434.092 381.725 340.206 293.629 263.737 227.142 92.4055
internal_count=50824 46409 41417 32053 26822 26415 5231 4528 4162 3632 3369 2869 263 2623 4992 3999 246 25670 21801 3869 1783 11263 2268 2069 1801 1617 1387 1254 1071 407
is_linear=0
shrinkage=0.05


Tree=43
num_leaves=31
num_cat=0
split_feature=0 2 0 0 2 4 5 2 2 0 2 2 0 2 0 0 2 2 2 2 0 0 0 3 0 2 2 2 2 5
split_gain=179.146 35.0874 24.4097 26.7047 30.7192 22.8182 20.5129 17.2954 23.7914 16.2329 18.0827 28.5917 16.0666 14.123 14.6218 16.8847 12.6157 33.8028 17.1192 33.0432 19.3734 13.7979 12.0077 15.2037 11.9589 11.929 16.7464 21.7739 49.7555 21.1785
threshold=38.000000000000007 29.050000000000004 42.500000000000007 65.500000000000014 28.950000000000003 1.0000000180025095e-35 1.0000000180025095e-35 28.050000000000004 27.950000000000003 62.500000000000007 27.050000000000004 26.950000000000003 61.500000000000007 26.350000000000005 61.500000000000007 58.500000000000007 29.950000000000003 30.050000000000004 30.950000000000003 31.050000000000004 62.500000000000007 57.500000000000007 78.500000000000014 1.5000000000000002 57.500000000000007 31.950000000000003 32.050000000000004 32.95000000000001 33.050000000000004 1.0000000180025095e-35
decision_type=2 2 2 2 2 2 2 2 2 2 2 2 2 2 2 2 2 2 2 2 2 2 2 2 2 2 2 2 2 2
left_child=-1 2 -2 4 5 24 22 8 9 10 11 13 -12 14 15 -7 -3 21 -19 20 -20 -18 23 -5 -4 -21 -27 -28 29 -29
right_child=1 16 3 6 -6 7 -8 -9 -10 -11 12 -13 -14 -15 -16 -17 17 18 19 25 -22 -23 -24 -25 -26 26 27 28 -30 -31
leaf_value=-0.036536406097541642 -0.011017973437082112 0.015009942735213467 0.0054570206440753069 -0.0277935302791977 -0.0203643919660281 -0.0017470275118209437 -0.00025232871840571514 0.01324662894003936 -0.021244785511728898 0.015952486832678386 0.0086876565964684044 -0.024006514512556559 0.061019063093331188 0.012359310762174698 -0.012532164393414993 0.010530465773311189 -0.029462605895511269 0.017369436805352429 -0.031852455177341026 0.016512328764011132 0.0018280471975972744 -0.0038849894399444586 -0.0030496835125960599 -0.0083752006119865077 0.017523230952841178 -0.008438009800839778 0.022669109936618744 -0.042497119984511944 0.0071000489030974964 -0.0026715346939688977
leaf_weight=325.47824375331402 549.14683942496777 307.29121324419975 668.10021266341209 204.13200017809868 154.53709495067596 2132.6522816717625 609.75977346301079 252.01579217612743 130.68559941649437 161.75570222735405 290.12773258984089 134.01157875359058 15.447887748479841 202.2530941516161 263.35628874599934 322.36451038718224 91.191813200712204 289.03475454449654 94.341383680701256 245.13491363823414 77.993926629424095 125.00323647260666 193.37930691242218 199.13404217362404 296.47111682593822 212.85334159433842 184.54818351566792 74.097138956189156 1562.4026653170586 60.751466944813728
leaf_count=4415 2543 1505 2871 1114 674 9033 2680 1236 570 1049 1363 581 66 910 1117 1549 414 1472 443 1246 338 555 842 897 1475 953 941 322 7382 268
internal_value=0 0.00115104 -0.000912333 -2.15923e-05 0.00158256 0.0022791 -0.00670168 0.000577899 -0.000296184 0.000481132 -0.000263636 -0.00142374 0.0113332 -0.000387543 -0.00133594 -0.000134889 0.00535851 0.00437559 0.00584583 0.00451997 -0.0166096 -0.0146737 -0.0132928 -0.0182047 0.0091657 0.00607626 0.00485494 0.00635852 0.00458501 -0.0245551
internal_weight=0 10104 6779.33 6230.18 5023.78 4869.24 1206.41 3904.67 3652.65 3521.97 3360.21 3054.64 305.576 2920.63 2718.37 2455.02 3324.64 3017.35 2801.16 2512.12 172.335 216.195 596.645 403.266 964.571 2339.79 2094.65 1881.8 1697.25 134.849
internal_count=50824 46409 30570 28027 22494 21820 5533 17474 16238 15668 14619 13190 1429 12609 11699 10582 15839 14334 13365 11893 781 969 2853 2011 4346 11112 9866 8913 7972 590
is_linear=0
shrinkage=0.05


Tree=44
num_leaves=31
num_cat=0
split_feature=0 2 2 2 2 2 0 0 0 0 0 1 3 0 0 2 0 0 0 0 2 2 2 2 2 0 0 2 2 2
split_gain=166.853 32.9263 30.56 26.8938 28.1184 35.665 16.2207 18.1881 16.969 22.56 21.975 15.8463 14.5136 14.413 14.3138 14.2206 13.8471 12.7462 12.4516 12.3234 12.8519 11.2208 23.6996 11.1953 10.5699 10.04 9.90951 9.8337 17.9788 11.6427
threshold=38.000000000000007 25.050000000000004 24.950000000000003 24.050000000000004 23.950000000000003 23.050000000000004 47.500000000000007 65.500000000000014 57.500000000000007 61.500000000000007 62.500000000000007 1.0000000180025095e-35 1.5000000000000002 42.500000000000007 69.500000000000014 25.750000000000004 61.500000000000007 60.500000000000007 54.500000000000007 56.500000000000007 25.650000000000002 26.050000000000004 26.950000000000003 33.550000000000004 34.150000000000013 62.500000000000007 78.500000000000014 22.950000000000003 22.050000000000004 21.950000000000003
decision_type=2 2 2 2 2 2 2 2 2 2 2 2 2 2 2 2 2 2 2 2 2 2 2 2 2 2 2 2 2 2
left_child=-1 2 3 4 5 11 -3 8 19 17 15 13 -9 -2 -6 -11 -5 23 -7 24 -21 -17 -23 -10 -8 -4 -14 28 29 -15
right_child=1 6 25 16 14 18 7 12 9 10 -12 -13 26 27 -16 21 -18 -19 -20 20 -22 22 -24 -25 -26 -27 -28 -29 -30 -31
leaf_value=-0.035823131999575882 -0.018635663115752717 -0.0019268604545094725 -0.022529090938848365 0.0059794026755536642 -0.025304757956504376 0.0027153958581855116 0.0037261990016685068 -0.0077053346243131709 0.0093826784432317414 0.046332778391064589 0.015647287596999234 -0.024903950534156533 0.0010542643991710973 -0.001382441588182032 -0.0024935363638046576 -0.028563407639997436 0.031801225476975663 0.028802581268092799 0.016855926078398573 0.036504083504702252 -0.0042980051661625322 0.050634514822436541 -0.0038413946287772006 0.026281610548681875 0.013257608488638734 -0.0064208379577531324 0.018610660219140401 -0.011606463216820694 0.0094522816405686379 -0.015069583967927645
leaf_weight=315.61343654990196 151.04114587605 1205.8354553431273 229.64209040999413 556.77342222630978 200.79426610469818 362.93854822218418 1647.7540647834539 484.90303954482079 462.7650975883007 14.709871187806128 270.01347137987614 94.780235528945923 459.1173170953989 775.86366079747677 104.59057043492794 41.081929296255112 57.258318901062012 162.03245332837105 272.61782892048359 19.991930961608887 557.13316760957241 20.968326732516289 417.31144498288631 124.34034736454487 353.22112771868706 167.13845667243004 97.431960880756378 246.45894105732441 325.78077045083046 194.27441760897636
leaf_count=4415 735 5318 1031 2411 912 1503 7649 2274 2487 63 1780 434 1950 3397 475 170 322 960 1306 84 2346 88 1745 710 1730 770 391 1102 1408 858
internal_value=0 0.00109635 -0.00262419 -0.00106712 -0.00319427 -0.00139279 0.00329157 0.00451753 0.0060192 0.0102223 0.00417722 -0.00500868 -0.00138176 -0.00389515 -0.0174922 -0.00209125 0.00838728 0.0163879 0.00878089 0.00355221 -0.0028846 -0.00357721 -0.00123514 0.0129616 0.00540873 -0.0157437 0.00412776 -0.00245165 -0.000710576 -0.00412335
internal_weight=0 10078.6 3739.95 3343.17 2729.14 2423.76 6338.61 5132.78 4091.32 1513.22 764.085 1788.2 1041.45 1693.42 305.385 494.072 614.032 749.138 635.556 2578.1 577.125 479.362 438.28 587.105 2000.98 396.781 556.549 1542.38 1295.92 970.138
internal_count=50824 46409 16664 14863 12130 10743 29745 24427 19812 8003 3846 7934 4615 7500 1387 2066 2733 4157 2809 11809 2430 2003 1833 3197 9379 1801 2341 6765 5663 4255
is_linear=0
shrinkage=0.05


Tree=45
num_leaves=31
num_cat=0
split_feature=0 0 0 0 0 0 0 0 0 3 0 0 2 4 2 2 2 2 3 5 0 0 0 5 2 5 5 5 0 2
split_gain=155.345 30.3921 29.2766 30.2074 28.8995 45.5918 25.1402 22.2614 22.0849 17.6266 17.1594 32.2832 13.3024 10.4211 10.7925 16.5237 14.8354 12.9964 10.9096 16.5286 11.9981 13.6443 12.1117 10.059 9.77892 9.19506 9.16581 8.94487 8.7296 8.3967
threshold=38.000000000000007 42.500000000000007 65.500000000000014 57.500000000000007 61.500000000000007 62.500000000000007 69.500000000000014 41.500000000000007 60.500000000000007 1.5000000000000002 56.500000000000007 54.500000000000007 33.550000000000004 1.0000000180025095e-35 35.150000000000013 34.95000000000001 35.95000000000001 36.050000000000004 1.5000000000000002 1.0000000180025095e-35 51.500000000000007 47.500000000000007 52.500000000000007 1.0000000180025095e-35 31.050000000000004 1.0000000180025095e-35 1.0000000180025095e-35 1.0000000180025095e-35 46.500000000000007 24.050000000000004
decision_type=2 2 2 2 2 2 2 2 2 2 2 2 2 2 2 2 2 2 2 2 2 2 2 2 2 2 2 2 2 2
left_child=27 7 3 10 8 -6 -4 24 12 -8 11 13 -5 -3 15 18 -16 -18 19 -15 21 28 -22 -12 -2 -9 -19 -1 -20 -25
right_child=1 2 6 4 5 -7 9 25 -10 -11 23 -13 -14 14 16 -17 17 26 20 -21 22 -23 -24 29 -26 -27 -28 -29 -30 -31
leaf_value=-0.041017885020022453 -0.0047070696113488087 0.0056670405204357864 -0.014063863203122995 0.0076566178236381569 -0.004782015230768287 0.016386938404336381 -0.0062043319828533755 -0.012721330655774007 0.027021853616259618 0.0055818180052787641 -0.0021866252678912289 0.012037515774138412 0.025331209033989478 -0.0028861899625550642 0.036608795036499664 -0.049881640221506242 -0.042741353297600593 0.011290489332943712 0.0063803664181367936 -0.024957136079519437 -0.013080786855399021 0.014391705635524617 0.0050042116274660233 -0.03208850779486274 0.014551090505504098 -0.030812641163084461 -0.017856924319169791 -0.022748614352216444 -0.0095598025906798237 -0.0091809018528715772
leaf_weight=207.14476822316647 369.86303916573524 757.6671758890152 458.76876010000706 808.4490397721529 761.62925972044468 381.87645827233791 644.89448456466198 221.53547531366348 239.02774880826473 624.32935816049576 623.79257641732693 717.47549992799759 122.60031253099442 1518.4291288256645 40.438711181282997 17.801274463534355 14.116999760270117 176.36254423856735 212.0578952729702 89.84637463092804 199.70475749671459 300.24128460884094 172.5826862603426 52.327546566724777 80.213387578725815 102.83904159069061 31.841496869921684 99.030039846897125 144.36372578144073 169.8393407613039
leaf_count=2987 1552 3329 2202 4097 3213 2513 3032 1096 1341 2597 2586 3414 710 6578 195 77 61 828 880 447 852 1291 800 244 334 625 140 1428 628 747
internal_value=0 0.0010444 0.00183849 0.00318179 0.00794017 0.00228741 -0.0040326 -0.00847148 0.0134646 -0.000406742 0.00108041 0.00233615 0.009984 0.000442367 -0.000914334 -0.00187098 0.00875195 0.00368498 -0.0015469 -0.00411918 0.00247363 0.00653898 -0.00469706 -0.00544044 -0.00127485 -0.018457 0.00683286 -0.0351088 -7.59821e-05 -0.0145764
internal_weight=0 10054.9 9280.46 7552.47 2313.58 1143.51 1727.99 774.451 1170.08 1269.22 5238.89 4392.93 931.049 3675.45 2917.79 2655.03 262.76 222.321 2637.23 1608.28 1028.95 656.663 372.287 845.959 450.076 324.375 208.204 306.175 356.422 222.167
internal_count=50824 46409 42802 34971 11874 5726 7831 3607 6148 5629 23097 19520 4807 16106 12777 11553 1224 1029 11476 7025 4451 2799 1652 3577 1886 1721 968 4415 1508 991
is_linear=0
shrinkage=0.05


Tree=46
num_leaves=31
num_cat=0
split_feature=0 2 2 2 2 2 4 1 0 2 2 2 2 2 2 2 2 2 2 2 0 2 2 2 2 2 2 2 2 2
split_gain=144.579 29.1292 26.9634 23.5202 24.8078 31.2263 14.8516 14.1974 13.0809 12.8725 36.1007 16.8401 29.0336 16.78 16.1815 17.7548 15.5728 27.7007 28.3634 26.2273 24.1253 15.4594 26.774 15.9215 22.9165 16.2155 18.6541 18.1719 14.8334 16.6311
threshold=38.000000000000007 25.050000000000004 24.950000000000003 24.050000000000004 23.950000000000003 23.050000000000004 1.0000000180025095e-35 1.0000000180025095e-35 78.500000000000014 33.050000000000004 32.95000000000001 33.95000000000001 34.050000000000004 32.050000000000004 25.850000000000005 26.050000000000004 34.95000000000001 35.050000000000004 35.95000000000001 36.050000000000004 63.500000000000007 26.850000000000005 27.050000000000004 27.850000000000005 28.050000000000004 28.950000000000003 29.050000000000004 29.950000000000003 30.050000000000004 30.950000000000003
decision_type=2 2 2 2 2 2 2 2 2 2 2 2 2 2 2 2 2 2 2 2 2 2 2 2 2 2 2 2 2 2
left_child=-1 2 3 4 5 7 -3 -2 -6 10 13 -11 -13 14 -8 -16 -14 20 -19 -20 -18 -17 -23 -24 -25 -26 -27 -28 -29 -30
right_child=1 6 -4 -5 8 -7 9 -9 -10 11 -12 12 16 -15 15 21 17 18 19 -21 -22 22 23 24 25 26 27 28 29 -31
leaf_value=-0.034394300444578474 -0.0036837509915799566 0.0073789800800336206 -0.014875627042458242 0.0078131434132520435 -0.020544204660020063 0.0081956277334308235 0.0099948827265909593 -0.023660479985270863 0.010231046127999941 0.022860394366740699 -0.030791131232941849 -0.024120830935721056 0.025085487802307724 0.017856232246296934 -0.012532095944590885 0.010539283320566223 -0.051794934401988305 0.032210418691250138 -0.029521421370197712 0.0064788512706941762 0.01372243788290272 -0.015303595744637456 0.011249435321332411 -0.014321874876489005 0.012572619950562311 -0.014542862288833941 0.013767243182397589 -0.015389568864849835 0.012429335517421494 -0.0039463895700556292
leaf_weight=297.15344942361116 1686.7910869270563 1515.8582689464092 394.29130917787552 611.36065468192101 263.74017436802387 632.54969833791256 389.68749694526196 93.890947818756104 39.729686453938484 137.38792748749256 91.056723192334175 82.979991793632507 103.03843082487583 143.2418482452631 292.78622953593731 331.9117718487978 38.703035667538643 97.42822590470314 55.805641755461693 541.53627391159534 22.059136688709259 287.22363911569118 319.42945422232151 269.30131588876247 271.7184476852417 209.02681352198124 244.73460805416107 160.38072334229946 231.6147550791502 468.99963270127773
leaf_count=4415 7500 6981 1801 2733 1220 2809 1777 434 167 703 407 366 530 745 1334 1533 165 500 246 2623 98 1309 1531 1236 1329 949 1207 732 1189 2255
internal_value=0 0.000995126 -0.00251229 -0.00104754 -0.00304153 -0.00134719 0.00306554 -0.00473707 -0.0165152 0.00170051 0.000302926 0.00650762 0.00412148 0.00108505 0.000394088 -0.000817818 0.00685107 0.00436429 0.00719558 0.00311559 -0.0280095 0.000409584 -0.000955802 0.000938743 -0.000836007 0.0014532 -0.000844837 0.00174463 -0.00167275 0.00146723
internal_weight=0 10028.3 3722.35 3328.06 2716.7 2413.23 6305.91 1780.68 303.47 4790.05 3711.11 1078.94 941.551 3620.06 3476.81 3087.13 858.571 755.532 694.77 597.342 60.7622 2794.34 2462.43 2175.21 1855.78 1586.47 1314.76 1105.73 860.995 700.614
internal_count=50824 46409 16664 14863 12130 10743 29745 7934 1387 22764 17533 5231 4528 17126 16381 14604 4162 3632 3369 2869 263 13270 11737 10428 8897 7661 6332 5383 4176 3444
is_linear=0
shrinkage=0.05


Tree=47
num_leaves=31
num_cat=0
split_feature=0 0 4 0 2 2 0 0 3 2 0 2 2 0 0 2 2 2 2 2 2 2 2 0 5 0 0 0 3 2
split_gain=134.49 27.6957 26.7243 22.7216 21.3503 39.1053 19.4466 18.5961 18.6163 14.2756 14.0444 12.1672 34.9763 10.6347 25.1532 9.67731 49.7403 17.4099 34.5788 9.39404 17.2486 12.4536 19.2715 9.37877 9.06805 8.88158 16.2701 18.0259 10.237 19.5932
threshold=38.000000000000007 42.500000000000007 1.0000000180025095e-35 65.500000000000014 33.050000000000004 32.95000000000001 41.500000000000007 78.500000000000014 1.5000000000000002 32.150000000000013 62.500000000000007 33.95000000000001 34.050000000000004 61.500000000000007 60.500000000000007 34.95000000000001 35.050000000000004 35.95000000000001 36.050000000000004 36.95000000000001 37.050000000000004 37.850000000000001 38.050000000000004 69.500000000000014 1.0000000180025095e-35 54.500000000000007 56.500000000000007 57.500000000000007 1.5000000000000002 31.950000000000003
decision_type=2 2 2 2 2 2 2 2 2 2 2 2 2 2 2 2 2 2 2 2 2 2 2 2 2 2 2 2 2 2
left_child=24 6 -3 4 5 9 -2 8 23 10 13 -6 -13 14 25 -14 -17 -18 -19 -20 -21 -22 -23 -5 -1 28 -27 -28 -4 -30
right_child=1 2 3 7 11 -7 -8 -9 -10 -11 -12 12 15 -15 -16 16 17 18 19 20 21 22 -24 -25 -26 26 27 -29 29 -31
leaf_value=-0.039855239737719095 -0.0014511653638763378 0.0066235213166454714 -0.0048262223026700772 -0.027920900127196058 0.022911893314847945 -0.044188323235018451 -0.017571094738155275 0.005546167681044975 -0.0031472070734160102 0.017407132408636308 0.012243975964197283 -0.032766177936634472 0.024092816786872667 -0.0074494411650805285 0.020761815485220436 -0.050499930176106961 0.030801868300863067 -0.043715477583203058 0.028130767907573673 -0.029783745561793862 0.034218113852806771 -0.033926916627241753 0.010615552858690154 -0.011927427609327131 -0.020958116019787143 0.010191354314324927 -0.0077524409589030648 0.0050190453689078918 0.0028781526961370314 -0.046557016217401333
leaf_weight=194.20742538571358 449.31753917038441 2127.4602291733027 1461.3915843367577 140.83146825432777 128.67848826944828 49.026584729552269 320.58176909387112 265.73791095614433 511.73890720307827 124.45661982893944 232.76144069433212 53.298924222588539 94.982202902436256 472.73515731096268 147.23308609426022 35.485706597566605 89.16919969022274 31.711172387003899 63.521593123674393 28.882643908262253 47.497946351766586 26.645294651389122 273.93573869764805 262.55811576545238 94.313602209091187 490.65970346331596 502.68373285233974 613.43675082921982 938.39924673736095 20.480982542037964
leaf_count=2987 1886 9668 6340 802 671 208 1721 1144 2227 658 1560 230 500 2021 810 151 470 136 332 126 254 118 1337 1377 1428 2275 2158 3083 4058 88
internal_value=0 0.000947705 0.00170724 0.000235765 0.00149759 0.000249704 -0.00816341 -0.00609765 -0.00947881 0.000685064 0.000258575 0.00871414 0.00626229 -0.000341754 0.000463187 0.00926906 0.00691002 0.0105391 0.00671267 0.0103431 0.00734569 0.0104266 0.00666704 -0.0175111 -0.033678 -0.000278951 0.00260292 -0.000733038 -0.00219218 0.00182225
internal_weight=0 10005.3 9235.4 7107.94 5927.07 5053.26 769.899 1180.87 915.128 5004.24 4879.78 873.809 745.13 4647.02 4174.29 691.831 596.849 561.364 472.194 440.483 376.962 348.079 300.581 403.39 288.521 4027.05 1606.78 1116.12 2420.27 958.88
internal_count=50824 46409 42802 33134 27584 23259 3607 5550 4406 23051 22393 4325 3654 20833 18812 3424 2924 2773 2303 2167 1835 1709 1455 2179 4415 18002 7516 5241 10486 4146
is_linear=0
shrinkage=0.05


Tree=48
num_leaves=31
num_cat=0
split_feature=0 2 4 2 2 2 2 2 2 2 2 2 2 2 0 5 0 0 0 0 5 0 3 0 1 0 2 3 2 2
split_gain=125.058 26.2785 18.8952 14.9606 28.1891 15.7623 14.0132 23.7513 13.7906 12.8918 24.2981 10.4924 24.8884 14.3458 10.3587 9.85429 9.51284 9.37071 9.28536 8.95884 8.89916 8.88711 12.8092 12.3892 9.32241 9.06649 8.955 16.0345 13.8481 30.3083
threshold=38.000000000000007 22.050000000000004 1.0000000180025095e-35 33.050000000000004 32.95000000000001 32.050000000000004 33.95000000000001 34.050000000000004 34.550000000000004 21.950000000000003 21.050000000000004 20.950000000000003 20.050000000000004 19.850000000000005 55.500000000000007 1.0000000180025095e-35 62.500000000000007 62.500000000000007 62.500000000000007 44.500000000000007 1.0000000180025095e-35 65.500000000000014 1.5000000000000002 74.500000000000014 1.0000000180025095e-35 62.500000000000007 31.950000000000003 1.5000000000000002 31.050000000000004 30.950000000000003
decision_type=2 2 2 2 2 2 2 2 2 2 2 2 2 2 2 2 2 2 2 2 2 2 2 2 2 2 2 2 2 2
left_child=20 9 -3 4 5 19 -5 16 -9 10 11 12 13 -2 -14 -6 -8 -11 -13 -4 -1 25 23 -23 -24 26 28 -28 29 -21
right_child=1 2 3 6 15 -7 7 8 -10 17 -12 18 14 -15 -16 -17 -18 -19 -20 21 -22 22 24 -25 -26 -27 27 -29 -30 -31
leaf_value=-0.039222054071174225 -0.0053475395750811313 0.0060255868145658153 -0.0060578776568509405 0.02104272026738431 -0.04258294696956183 0.016470062366943972 -0.033237598625449997 0.030444296679828783 0.0046132825452337572 -0.025633655673559404 0.010157619793743083 -0.033175397223499124 0.0026985589710984211 -0.026250783844357181 0.031389004645928163 -0.0091277377219625474 0.0033301601444078242 -0.0045028805579932652 -0.0075270075435355912 0.001043472618293334 -0.020281520988929169 -0.021216349293577325 0.0023038630542608299 -0.0020638720574616552 -0.030248972371110919 0.011410998331689492 0.0027529256859704487 -0.038892470300070127 0.015501046439974742 -0.034174538208008372
leaf_weight=187.64305796474218 265.67270070314407 2046.7595876455307 629.21533368527889 134.94706706702709 51.35277396440506 141.30147328972816 56.768772214651108 55.261071756482124 795.20054519176483 131.61721150577068 234.45248645544052 72.320981353521347 87.156999930739403 118.77606998383999 49.232273459434509 38.522480189800262 25.898754969239235 87.244764730334282 68.910595074295998 3546.4175432920456 92.63051900267601 174.13990093767643 461.36735467612743 163.91685581207275 23.094200223684311 207.83845791220665 55.978798881173134 39.368130475282669 159.29215535521507 62.160989552736282
leaf_count=2987 1191 9364 2837 703 230 745 248 287 3875 579 1004 332 367 561 215 177 118 414 329 16023 1428 1022 1986 761 100 1425 255 164 815 282
internal_value=0 0.000902451 0.00181214 0.000548017 -0.000460781 -1.99402e-05 0.00598264 0.00380468 0.00629172 -0.00633081 -0.00367487 -0.00857323 -0.00529552 -0.0118056 0.0130549 -0.0282433 -0.0217814 -0.0172103 -0.0206609 -0.00044184 -0.0329622 0.00028027 -0.00446016 -0.0119297 0.000752075 0.00123803 0.000690731 -0.0144422 0.00107367 0.000436811
internal_weight=0 9984.19 8868.8 6822.04 5753.97 5664.09 1068.08 933.129 850.462 1115.38 896.522 662.07 520.838 384.449 136.389 89.8753 82.6675 218.862 141.232 5522.79 280.274 4893.57 822.518 338.057 484.462 4071.06 3863.22 95.3469 3767.87 3608.58
internal_count=50824 46409 41417 32053 26822 26415 5231 4528 4162 4992 3999 2995 2334 1752 582 407 366 993 661 25670 4415 22833 3869 1783 2086 18964 17539 419 17120 16305
is_linear=0
shrinkage=0.05


Tree=49
num_leaves=31
num_cat=0
split_feature=0 2 2 2 2 2 0 0 0 0 1 0 0 0 0 2 0 0 5 2 2 0 0 0 5 2 5 0 0 0
split_gain=116.23 24.1214 24.4025 20.1765 22.4395 26.6944 14.5958 12.5466 12.3452 12.1592 10.9649 10.886 13.2979 16.4685 14.2735 12.605 11.9071 10.8803 10.7596 10.0924 21.1046 9.22994 9.10404 8.76997 8.72301 8.52157 8.39981 8.33974 8.50506 16.4973
threshold=38.000000000000007 25.050000000000004 24.950000000000003 24.050000000000004 23.950000000000003 23.150000000000002 58.500000000000007 61.500000000000007 47.500000000000007 69.500000000000014 1.0000000180025095e-35 65.500000000000014 57.500000000000007 61.500000000000007 62.500000000000007 25.750000000000004 74.500000000000014 42.500000000000007 1.0000000180025095e-35 26.050000000000004 26.950000000000003 62.500000000000007 60.500000000000007 40.500000000000007 1.0000000180025095e-35 34.850000000000001 1.0000000180025095e-35 41.500000000000007 47.500000000000007 51.500000000000007
decision_type=2 2 2 2 2 2 2 2 2 2 2 2 2 2 2 2 2 2 2 2 2 2 2 2 2 2 2 2 2 2
left_child=24 2 3 4 5 10 23 -5 -3 -6 17 12 -10 18 15 -15 26 -2 22 -17 -21 27 -14 -7 -1 -20 -13 -4 -29 -30
right_child=1 8 21 7 9 6 -8 -9 11 -11 -12 16 13 14 -16 19 -18 -19 25 20 -22 -23 -24 -25 -26 -27 -28 28 29 -31
leaf_value=-0.038585017590204267 -0.015906751852670188 -0.001815509875156968 0.043178607418651344 0.0050036065934344863 -0.022934629448062922 -0.022721212433708757 0.024514343962459047 0.029921492206507153 0.0028180654728095231 -0.0017971223663602685 -0.020623339464627528 -0.011151165804728542 0.0092390383663414188 0.0444649766976975 0.01307271244153997 -0.026602465037673891 0.0056404187973050366 -0.0019719257427142519 0.026901002070488463 0.048622655214892153 -0.0030535752249580164 -0.0051524754791597129 0.02359369287093141 0.0061249251585539372 -0.019616152444205746 0.082345761500029868 0.00062155579923498254 -0.040002724926796192 0.031722565169591467 -0.021753431794093569
leaf_weight=181.36428747326136 153.61453077197075 1197.5481073856354 4.9983812272548667 553.43600527942181 197.59352269768715 28.092368796467781 111.72368693351746 55.59208944439888 2554.0604965537786 103.76388151943684 95.227485448122025 302.58652466535568 524.43539334833622 14.522800222039221 259.38308331370354 40.796256795525551 427.57788902521133 1589.8831551373005 55.265256702899933 20.743813723325729 415.61319141089916 165.28648722171783 139.92705889046192 424.56117568910122 91.025444090366364 7.9236948937177649 303.4747735708952 51.192304894328117 15.906818911433218 154.53634621202946
leaf_count=2987 759 5318 22 2411 912 116 596 322 11809 475 444 1480 2975 63 1780 170 1789 7028 255 88 1745 770 892 1800 1428 35 1346 259 64 686
internal_value=0 0.000858459 -0.00233928 -0.000943791 -0.00279531 -0.00118247 0.00832944 0.00727811 0.00275009 -0.0156565 -0.00410205 0.00382928 0.00500269 0.00877626 0.00358271 -0.00142373 -0.000748663 -0.00319968 0.0141376 -0.00282041 -0.000596958 -0.0141374 0.0122624 0.00433469 -0.0322461 0.0338536 -0.00525618 -0.0206902 -0.0221306 -0.0167627
internal_weight=0 9969.27 3705.41 3313.49 2704.46 2403.1 564.377 609.028 6263.86 301.357 1838.73 5066.31 4032.67 1478.61 751.059 491.676 1033.64 1743.5 727.551 477.153 436.357 391.92 664.362 452.654 272.39 63.189 606.061 226.634 221.635 170.443
internal_count=50824 46409 16664 14863 12130 10743 2512 2733 29745 1387 8231 24427 19812 8003 3846 2066 4615 7787 4157 2003 1833 1801 3867 1916 4415 290 2826 1031 1009 750
is_linear=0
shrinkage=0.05


Tree=50
num_leaves=31
num_cat=0
split_feature=0 2 2 2 2 2 2 2 2 2 2 2 0 0 2 2 2 2 2 2 2 0 0 0 0 2 2 2 2 0
split_gain=107.978 22.9205 16.9007 16.3236 21.604 24.8616 22.9681 24.594 18.9599 17.9315 20.2181 22.5223 17.3236 13.5563 13.1818 12.9579 25.7338 16.0855 15.5162 15.377 17.4075 13.4111 11.5497 11.351 11.0766 10.5927 19.064 14.7538 24.44 16.7269
threshold=38.000000000000007 29.050000000000004 20.050000000000004 28.950000000000003 28.050000000000004 27.950000000000003 27.050000000000004 26.950000000000003 26.050000000000004 25.950000000000003 25.150000000000002 24.950000000000003 57.500000000000007 62.500000000000007 19.850000000000005 24.050000000000004 23.950000000000003 23.150000000000002 20.850000000000005 21.050000000000004 22.950000000000003 58.500000000000007 61.500000000000007 56.500000000000007 69.500000000000014 29.750000000000004 30.050000000000004 30.950000000000003 31.050000000000004 62.500000000000007
decision_type=2 2 2 2 2 2 2 2 2 2 2 2 2 2 2 2 2 2 2 2 2 2 2 2 2 2 2 2 2 2
left_child=-1 2 14 4 5 6 7 8 9 10 11 15 -9 -5 -2 16 17 18 23 -20 -21 -19 -17 -4 -18 -3 -27 -28 29 -29
right_child=1 25 3 13 -6 -7 -8 12 -10 -11 -12 -13 -14 -15 -16 22 24 21 19 20 -22 -23 -24 -25 -26 26 27 28 -30 -31
leaf_value=-0.031530045038174352 -0.0048814192305724141 0.014080145777746609 0.004973842435731529 -0.021178642519977395 0.012685916575754592 -0.014468905804765212 0.011284009710949248 -0.027378753823762383 0.010084987955954238 -0.011925278611732811 0.0097489973146745023 -0.011773739672930777 -0.004112532585449029 0.0012020666896958784 -0.024998005645316179 0.0047580722619254417 -0.021904220548620016 0.0041228189489148949 -0.018347282262075184 0.0022772313574209065 -0.011097514339625816 0.023554501066478363 0.028808919972382607 0.038254682711275106 -0.0017081757199747354 -0.0094614479054402987 0.015476060841316044 -0.029261550873610338 0.0047708054917009086 0.0022469305922608413
leaf_weight=264.85559114813805 265.06577390432358 253.01266692578793 83.783587455749512 165.69303607940674 333.09751689434052 298.19796484708786 441.91258834302425 137.29270714521408 449.44554740190506 329.07946966588497 487.64800831675529 434.07736706733704 191.74546907842159 114.3572681248188 117.54749684035778 552.9093827009201 196.57081690430641 452.1193191409111 155.52867245674133 834.89437870681286 343.31849983334541 110.49453364312649 54.870757848024368 36.905757591128349 103.71002395451069 261.8954706788063 282.68436086177826 92.339049220085144 2293.4160206466913 77.450933650135994
leaf_count=4415 1191 1270 352 741 1639 1348 2137 621 2095 1488 2246 2004 866 522 561 2411 912 1916 727 3662 1574 596 322 164 475 1204 1472 443 11112 338
internal_value=0 0.00081722 -0.000858061 -0.000239123 0.000309141 -0.000414832 0.000361791 -0.000612429 0.000327164 -0.000723053 0.000235248 -0.00114585 -0.0138205 -0.0120396 -0.0110617 0.000431299 -0.001273 0.000759989 -0.00201709 -0.0035706 -0.00162002 0.0079391 0.0069294 0.0151508 -0.014929 0.00425444 0.00342791 0.00465726 0.00341566 -0.0148887
internal_weight=0 9951.06 6690.27 6307.65 6027.6 5694.5 5396.31 4954.39 4625.36 4175.91 3846.83 3359.18 329.038 280.05 382.613 2925.11 2317.33 2017.04 1454.43 1333.74 1178.21 562.614 607.78 120.689 300.281 3260.8 3007.79 2745.89 2463.21 169.79
internal_count=50824 46409 30570 28818 27555 25916 24568 22431 20944 18849 17361 15115 1487 1263 1752 13111 10378 8991 6479 5963 5236 2512 2733 516 1387 15839 14569 13365 11893 781
is_linear=0
shrinkage=0.05


Tree=51
num_leaves=31
num_cat=0
split_feature=0 0 4 2 2 0 2 2 2 2 2 2 2 0 2 2 0 2 5 0 2 2 2 2 2 2 2 5 2 0
split_gain=100.251 22.2247 22.3907 17.072 24.6504 16.4878 12.8872 12.1562 20.2385 10.9074 15.0862 10.0899 22.4894 21.5731 19.5201 19.6162 11.9656 11.1415 8.78541 8.62559 8.58708 14.6057 23.1748 10.7309 13.2489 10.4057 11.9016 8.44286 8.3398 8.31934
threshold=38.000000000000007 42.500000000000007 1.0000000180025095e-35 33.050000000000004 32.95000000000001 41.500000000000007 32.150000000000013 33.95000000000001 34.050000000000004 20.050000000000004 19.850000000000005 34.95000000000001 35.050000000000004 63.500000000000007 35.95000000000001 36.050000000000004 69.500000000000014 36.95000000000001 1.0000000180025095e-35 69.500000000000014 37.050000000000004 37.850000000000001 38.050000000000004 38.95000000000001 39.050000000000004 39.95000000000001 40.050000000000004 1.0000000180025095e-35 19.050000000000004 62.500000000000007
decision_type=2 2 2 2 2 2 2 2 2 2 2 2 2 2 2 2 2 2 2 2 2 2 2 2 2 2 2 2 2 2
left_child=18 5 -3 4 6 -2 9 -5 29 10 28 -10 13 -13 -14 16 -16 -17 -1 -6 -19 -22 -23 -24 -25 -26 -27 -7 -4 -9
right_child=1 2 3 7 19 27 -8 8 11 -11 -12 12 14 -15 15 17 -18 20 -20 -21 21 22 23 24 25 26 -28 -29 -30 -31
leaf_value=-0.037408740895956812 -0.0012611632234996607 0.0059703621709933938 -0.0088631176650333533 0.020744403191663353 -0.037976797405898675 -0.010677264379391318 0.015567265762329436 -0.031652089412281793 0.022000745786845324 -0.00036511911676247535 -0.028307115799626165 -0.050062705882511521 0.029093218942274485 0.013064650404528184 -0.040279970585199394 0.026459877226170572 0.014034225881380022 -0.017766275878792995 -0.017890029196574855 -0.0011234442686040699 0.03245148242385329 -0.03444031870374669 0.03080879943540453 -0.030196511933790707 0.033391800002529469 -0.032989186383624726 0.0070898770315091777 -0.028351343914339085 0.015081140015475558 0.0030020810351428888
leaf_weight=170.58024934306741 448.31593227386475 2116.8055209070444 145.46172507107258 125.73641949892044 59.85638689994812 216.63964556157589 122.09043698012829 52.231231212615967 92.840906783938408 5587.3255182504654 83.398424342274666 34.957708209753036 87.375862672924995 22.083056107163429 37.756226986646652 62.344542920589447 13.86362239718437 41.545568943023682 87.080067157745361 21.609189406037331 46.444700479507446 37.630152434110641 41.43740513920784 26.351988896727562 32.62688535451889 20.668920770287514 178.4048181027174 98.198668405413628 48.487891793251038 25.910032346844673
leaf_count=2987 1886 9668 661 671 263 1096 658 224 500 25991 403 148 470 98 166 332 60 183 1428 100 254 167 216 117 172 90 868 625 204 118
internal_value=0 0.00077814 0.00146076 0.00010643 -0.000882567 -0.00741997 -0.000510824 0.00622906 0.00409311 -0.000845537 -0.0105238 0.00653444 0.0044336 -0.0256233 0.0071704 0.00361704 -0.0256927 0.00672085 -0.0308121 -0.0282012 0.00382602 0.00616478 0.00254328 0.00719018 0.00339756 0.00721831 0.00292865 -0.0161898 -0.00287699 -0.0201615
internal_weight=0 9928.4 9165.25 7048.44 6068.23 763.154 5986.76 980.21 854.474 5864.67 277.348 776.332 683.491 57.0408 626.451 539.075 51.6198 487.455 257.66 81.4656 425.11 383.565 337.12 299.49 258.053 231.701 199.074 314.838 193.95 78.1413
internal_count=50824 46409 42802 33134 28280 3607 27917 4854 4183 27259 1268 3841 3341 246 3095 2625 226 2399 4415 363 2067 1884 1630 1463 1247 1130 958 1721 865 342
is_linear=0
shrinkage=0.05


Tree=52
num_leaves=31
num_cat=0
split_feature=0 0 0 5 0 0 0 0 0 0 0 0 3 2 3 0 2 0 2 0 0 0 2 0 5 2 5 5 5 2
split_gain=93.039 20.6312 20.3873 20.603 16.7056 14.1004 40.5821 13.3092 15.7234 19.3911 13.0531 11.1705 20.1195 15.7643 11.0106 10.603 10.321 10.1953 9.78291 9.63069 17.8331 15.0927 13.1489 9.4142 8.5739 7.96344 7.90943 7.6531 7.57798 8.61242
threshold=38.000000000000007 47.500000000000007 65.500000000000014 1.0000000180025095e-35 62.500000000000007 61.500000000000007 60.500000000000007 57.500000000000007 56.500000000000007 54.500000000000007 74.500000000000014 51.500000000000007 1.5000000000000002 34.250000000000007 1.5000000000000002 69.500000000000014 33.550000000000004 52.500000000000007 36.150000000000013 46.500000000000007 42.500000000000007 41.500000000000007 33.650000000000013 50.500000000000007 1.0000000180025095e-35 31.050000000000004 1.0000000180025095e-35 1.0000000180025095e-35 1.0000000180025095e-35 33.850000000000001
decision_type=2 2 2 2 2 2 2 2 2 2 2 2 2 2 2 2 2 2 2 2 2 2 2 2 2 2 2 2 2 2
left_child=24 19 4 10 5 6 7 8 9 11 14 12 13 23 -4 -5 -9 -13 -19 20 21 25 -22 -3 -1 -2 -23 -10 29 -21
right_child=1 2 3 15 -6 -7 -8 16 27 -11 -12 17 -14 -15 -16 -17 -18 18 -20 28 22 26 -24 -25 -26 -27 -28 -29 -30 -31
leaf_value=-0.03675984038283308 -0.0042970949323490309 -0.0072280000862706478 -0.02211240385548827 -0.0068639033650061288 0.013570467277930468 -0.0038321836825917256 0.024077195315058746 0.0059439020550888979 -0.0019625271360031614 0.010209927345470217 -0.001992546956498279 -0.006505608992445175 0.01363550084050507 0.019362961314101677 -0.0063632959696654475 0.0057661937519801624 0.0218840459995093 0.00056644024815848593 0.025080648971869852 -0.002763787606646413 0.0016385974005609311 -0.010192569740949986 0.023984164824286988 0.0065725981215050567 -0.017269345954774848 0.01313320712018054 -0.027413579847182734 -0.012836566239768855 -0.020474601835037284 -0.022472664245317252
leaf_weight=165.05311531201005 368.57899853587151 439.93798205256462 227.20072546601295 224.79745756089687 365.08127284049988 754.89907260239124 228.63677160441875 793.95232345163822 620.10531780123711 704.82764020562172 403.07386969029903 687.3919473439455 392.04178005456924 87.28263632953167 216.94917343556881 637.16332094371319 116.44238962233067 630.23501481115818 43.507460191845894 309.83983227610588 614.88774354755878 215.6212455034256 73.727119952440262 171.84313154220581 85.734275132417679 79.69783179461956 96.523292422294617 218.93331672251225 125.45760296285152 67.506304308772087
leaf_count=2987 1552 1919 1278 1039 2513 3213 1341 4097 2586 3414 1772 2928 1718 446 999 2743 710 2988 244 1297 2571 1096 341 760 1428 334 625 991 622 272
internal_value=0 0.00074026 0.0018693 -0.00297018 0.00319167 0.00254836 0.00348634 0.00252684 0.00128388 0.00290074 -0.00850733 0.000799923 0.00456905 -0.000515498 -0.0144196 0.00247229 0.0079827 -0.00222147 0.00214946 -0.00386668 -0.0017978 -0.00707623 0.00403104 -0.00335155 -0.0300968 -0.00119821 -0.0155178 -0.00479993 -0.00982903 -0.00628966
internal_weight=0 9916.14 7964.3 1709.18 6255.12 5890.04 5135.14 4906.5 3996.11 3157.07 847.224 2452.24 1091.11 699.064 444.15 861.961 910.395 1361.13 673.742 1951.84 1449.04 760.421 688.615 611.781 250.787 448.277 312.145 839.039 502.804 377.346
internal_count=50824 46409 37699 7831 29868 27355 24142 22801 17994 14417 4049 11003 4843 3125 2277 3782 4807 6160 3232 8710 6519 3607 2912 2679 4415 1886 1721 3577 2191 1569
is_linear=0
shrinkage=0.05


Tree=53
num_leaves=31
num_cat=0
split_feature=0 4 2 2 2 2 2 2 2 2 2 5 0 5 0 2 2 2 0 2 2 2 2 2 0 2 0 2 2 2
split_gain=86.3053 19.7523 16.6072 13.0971 17.8904 10.5151 23.0299 12.3803 11.5372 18.676 11.8526 9.04553 8.90079 8.35602 7.8899 7.83705 13.3872 11.9922 9.89416 7.31115 7.16992 21.9014 18.7439 13.6931 18.8079 12.2344 11.4119 8.29557 14.4303 21.3317
threshold=38.000000000000007 1.0000000180025095e-35 22.050000000000004 21.950000000000003 21.050000000000004 33.050000000000004 32.95000000000001 32.050000000000004 33.95000000000001 34.050000000000004 34.550000000000004 1.0000000180025095e-35 42.500000000000007 1.0000000180025095e-35 62.500000000000007 20.950000000000003 20.050000000000004 19.850000000000005 78.500000000000014 19.050000000000004 35.050000000000004 35.95000000000001 36.050000000000004 34.95000000000001 63.500000000000007 36.95000000000001 69.500000000000014 37.050000000000004 37.850000000000001 38.050000000000004
decision_type=2 2 2 2 2 2 2 2 2 2 2 2 2 2 2 2 2 2 2 2 2 2 2 2 2 2 2 2 2 2
left_child=13 12 3 4 15 6 7 -4 -7 14 -11 -8 -2 -1 -10 16 17 19 -17 -3 23 -22 26 -12 -25 -24 -23 -27 -29 -30
right_child=1 2 5 -5 -6 8 11 -9 9 10 20 -13 -14 -15 -16 18 -18 -19 -20 -21 21 22 25 24 -26 27 -28 28 29 -31
leaf_value=-0.036106612821623439 -0.0068608378183919079 -0.010020455092353955 -0.00049429757190283519 -0.019515179809646403 0.0090443538087420974 0.018770111177212057 -0.039717034587710927 0.0146428357955233 -0.030280240839007738 0.027925084061642513 0.012421206175291905 -0.0074189209725541109 0.0056493768636868801 -0.016661580822656955 0.003073546671973269 -0.027112794389881335 0.0097323189966655836 -0.026553898448423704 0.014889079253574715 0.011314898253941406 0.028082067486601209 -0.039021974166386926 0.024857953441452092 -0.045247299451962771 0.012689561554834165 -0.018578007761308704 0.013381880170492461 0.02974444645322907 -0.033242941934107227 0.0049888268016911007
leaf_weight=159.77226495742798 152.44722637534142 157.64282123744488 5477.1039607599378 168.67215168476105 191.35048946738243 131.59263169765472 50.432445138692856 138.49390053749084 56.391485378146172 53.586983531713486 44.789276152849197 38.021105632185936 2111.1288881003857 84.451830267906189 25.861990407109261 92.641531243920326 104.69913578033447 87.958626449108124 16.521596297621727 53.876961424946785 92.714645892381668 41.241524547338486 66.559046804904938 38.311023354530334 22.081532150506973 44.553487002849579 13.887272775173185 48.557558417320251 41.026492387056351 329.60697521269321
leaf_count=2987 716 729 25670 779 819 703 230 745 248 287 243 177 9668 1428 118 452 450 437 75 231 500 186 355 165 98 199 60 268 184 1617
internal_value=0 0.000705219 -0.000511891 -0.00699998 -0.00400439 0.000326986 -0.000519715 -0.00012098 0.00492329 0.00294092 0.00517526 -0.0258339 0.00480684 -0.0293826 -0.0197932 -0.00886838 -0.00565771 -0.0110381 -0.0207559 -0.00458605 0.00361896 0.00550289 0.00192703 -0.00852741 -0.0240637 0.00481165 -0.0258211 0.0019345 0.00411466 0.000756842
internal_weight=0 9891.75 7628.18 873.363 704.691 6754.81 5704.05 5615.6 1050.76 919.169 836.916 88.4536 2263.58 244.224 82.2535 513.341 404.178 299.478 109.163 211.52 783.329 678.147 585.432 105.182 60.3926 530.304 55.1288 463.745 419.191 370.633
internal_count=50824 46409 36025 3972 3193 32053 26822 26415 5231 4528 4162 407 10384 4415 366 2374 1847 1397 527 960 3875 3369 2869 506 263 2623 246 2268 2069 1801
is_linear=0
shrinkage=0.05


Tree=54
num_leaves=31
num_cat=0
split_feature=0 0 0 3 0 0 0 0 0 0 0 0 1 0 3 2 2 0 2 2 0 2 0 0 2 2 2 2 2 2
split_gain=80.0134 18.3791 17.7503 19.6351 14.9815 12.1842 37.0229 11.8123 13.7585 17.4147 10.9172 10.5046 10.8392 9.81925 18.3426 13.8016 9.26578 8.82179 8.73653 8.62672 9.29818 12.0929 11.9447 8.48893 8.30043 8.18011 12.3942 10.6259 18.04 17.7937
threshold=38.000000000000007 47.500000000000007 65.500000000000014 1.5000000000000002 62.500000000000007 61.500000000000007 60.500000000000007 57.500000000000007 56.500000000000007 54.500000000000007 69.500000000000014 78.500000000000014 1.0000000180025095e-35 51.500000000000007 1.5000000000000002 34.250000000000007 39.350000000000001 52.500000000000007 36.150000000000013 22.050000000000004 46.500000000000007 22.850000000000005 44.500000000000007 50.500000000000007 31.950000000000003 23.150000000000002 23.950000000000003 24.150000000000002 24.950000000000003 25.050000000000004
decision_type=2 2 2 2 2 2 2 2 2 2 2 2 2 2 2 2 2 2 2 2 2 2 2 2 2 2 2 2 2 2
left_child=-1 19 4 10 5 6 7 8 9 13 -4 12 -5 14 15 23 -9 -15 -19 -2 22 -22 -21 -3 -13 -23 -27 -28 -29 -30
right_child=1 2 3 11 -6 -7 -8 16 -10 -11 -12 24 -14 17 -16 -17 -18 18 -20 20 21 25 -24 -25 -26 26 27 28 29 -31
leaf_value=-0.028669875005133495 -0.013018205669584641 -0.0069468730167114162 -0.018324097971747232 0.0011189235074869576 0.012860680858726888 -0.0035666172509408907 0.02305904414726986 0.006596197025423356 -0.0045376294939521514 0.0096201572065110746 -0.0050097912652392086 0.0095439013232162286 -0.027064262024116617 -0.0061402893361636925 0.01289813015113544 0.018117277821658655 0.03629723120052207 0.00043400234852227312 0.023806256146853989 -0.0031597230820563783 0.043830827592816896 -0.043567161428668268 0.0079199358943564911 0.0061667426605553407 0.044937648819115786 0.037494970738824872 -0.043093101135756429 0.042011299578871619 -0.051264137234367839 -0.0075522380681367395
leaf_weight=237.95791890472174 219.64143180847168 440.33746403455734 203.15348513424397 644.67608945071697 361.05074428021908 754.0193447470665 225.29669624567032 878.30519093573093 837.60371521115303 701.13317120075226 635.84150783717632 166.72864355146885 36.02202183008194 686.33453205227852 390.50548641383648 86.026182591915131 27.068298622965813 629.41753128170967 42.695404499769211 948.06916674226522 10.70437680184841 17.386674776673317 327.20967407524586 171.46386888623238 18.392140582203865 14.112554192543028 23.113098189234734 17.101618722081184 24.979194939136505 342.50386434793472
leaf_count=4415 1033 1919 1104 2790 2513 3213 1341 4642 3577 3414 3032 674 157 2928 1718 446 165 2988 244 4330 44 81 1392 760 74 57 108 69 122 1474
internal_value=0 0.00067071 0.00173822 -0.00278263 0.00297508 0.00236706 0.00324156 0.00232868 0.00115752 0.0026729 -0.00823371 0.00249957 -0.000372509 0.000682141 0.00422091 -0.000634877 0.00748418 -0.00215298 0.0019187 -0.00368538 -0.00249717 -0.00867728 -0.000316916 -0.00327164 0.0130603 -0.00995703 -0.00857165 -0.0101663 -0.00818739 -0.0105235
internal_weight=0 9880.89 7936.07 1704.81 6231.26 5870.21 5116.19 4890.89 3985.52 3147.91 838.995 865.819 680.698 2446.78 1088.33 697.828 905.373 1358.45 672.113 1944.82 1725.18 449.901 1275.28 611.801 185.121 439.197 421.81 407.698 384.585 367.483
internal_count=50824 46409 37699 7831 29868 27355 24142 22801 17994 14417 4136 3695 2947 11003 4843 3125 4807 6160 3232 8710 7677 1955 5722 2679 748 1911 1830 1773 1665 1596
is_linear=0
shrinkage=0.05


Tree=55
num_leaves=31
num_cat=0
split_feature=0 4 2 2 2 2 2 2 2 2 2 5 5 0 2 2 2 0 0 2 2 2 0 2 2 2 2 2 2 2
split_gain=74.1309 18.1119 14.2761 11.7959 16.0102 9.15221 20.6884 11.1119 10.513 16.5573 10.8725 8.3506 8.34662 7.73705 7.07389 11.9726 10.9717 8.98947 7.07252 6.70257 9.93151 12.9138 15.1391 11.4359 10.9583 16.059 12.0209 14.9627 18.2809 13.2505
threshold=38.000000000000007 1.0000000180025095e-35 22.050000000000004 21.950000000000003 21.050000000000004 33.050000000000004 32.95000000000001 32.050000000000004 33.95000000000001 34.050000000000004 34.550000000000004 1.0000000180025095e-35 1.0000000180025095e-35 42.500000000000007 20.950000000000003 20.050000000000004 19.850000000000005 78.500000000000014 62.500000000000007 31.950000000000003 31.050000000000004 30.950000000000003 62.500000000000007 30.050000000000004 29.950000000000003 29.050000000000004 28.950000000000003 28.050000000000004 27.950000000000003 27.350000000000005
decision_type=2 2 2 2 2 2 2 2 2 2 2 2 2 2 2 2 2 2 2 2 2 2 2 2 2 2 2 2 2 2
left_child=11 13 3 4 14 6 7 19 -7 18 -11 -1 -8 -2 15 16 -3 -16 -10 20 21 23 -23 24 25 26 27 28 29 -4
right_child=1 2 5 -5 -6 8 12 -9 9 10 -12 -13 -14 -15 17 -17 -18 -19 -20 -21 -22 22 -24 -25 -26 -27 -28 -29 -30 -31
leaf_value=-0.034915220723515536 -0.00632294046077405 -0.0042333746255694259 -0.0011393720883478362 -0.018486115318475292 0.0086371738787819532 0.017847425027407125 -0.03808030328274533 0.013886384307183903 -0.028727926936007394 0.026730148028856829 0.0032854357956206763 -0.015024593727571617 -0.0069401917365044183 0.0053573063501564204 -0.025830466380717228 0.0092742127508214194 -0.025352493361918711 0.014180780260903218 0.0028845912263178383 -0.01097533418827267 0.010938419319137114 -0.032059525289864069 0.0037332610871458924 0.010714910408468375 -0.013719182216579124 0.012249590536586485 -0.012808513032474853 0.011011369376240197 -0.01488884927081593 0.011265858939454598
leaf_weight=150.82180674001575 152.01322847604752 210.69040769338608 3446.3460885882378 167.43072792887688 190.90517640113831 130.2093642950058 49.839746877551079 137.30011402070522 56.18336147069931 52.813360452651978 776.84889927506447 81.16247521340847 37.868005514144897 2105.85760371387 91.507761403918266 104.51237384974957 86.848327398300171 16.581988245248795 25.825501799583435 148.97750787436962 192.12674337625504 69.276630252599716 51.507620915770531 226.97672772407532 158.01866915822029 240.5366121083498 206.06730379164219 267.1094126701355 230.21152958273888 229.60027307271957
leaf_count=2987 716 960 15826 779 819 703 230 745 248 287 3875 1428 177 9668 452 450 437 75 118 683 1004 336 232 1189 732 1207 949 1329 1063 1120
internal_value=0 0.000638758 -0.000529117 -0.0065624 -0.00371466 0.00024903 -0.000539637 -0.000162518 0.00455749 0.00265936 0.00477784 -0.0279562 -0.0246355 0.00457092 -0.00833696 -0.00528411 -0.0103978 -0.0196924 -0.0187728 -0.000515363 -0.000222327 -0.000640669 -0.0167959 -0.000250788 -0.000771721 -0.000328864 -0.00101974 -0.000437636 -0.00122054 -0.000364539
internal_weight=0 9859.99 7602.12 868.477 701.046 6733.64 5691.76 5604.06 1041.88 911.671 829.662 231.984 87.7078 2257.87 510.141 402.051 297.539 108.09 82.0089 5466.76 5317.78 5125.65 120.784 5004.87 4777.89 4619.87 4379.33 4173.27 3906.16 3675.95
internal_count=50824 46409 36025 3972 3193 32053 26822 26415 5231 4528 4162 4415 407 10384 2374 1847 1397 527 366 25670 24987 23983 568 23415 22226 21494 20287 19338 18009 16946
is_linear=0
shrinkage=0.05


Tree=56
num_leaves=31
num_cat=0
split_feature=0 0 2 0 3 2 4 2 2 0 0 0 5 0 5 0 0 0 2 2 0 0 0 2 2 0 5 2 2 2
split_gain=68.6529 16.5009 14.9983 11.799 15.0511 14.5115 10.3836 10.1682 14.0204 11.5964 9.84527 9.1588 8.89486 8.33924 8.09957 7.61884 14.0675 12.938 11.4172 7.47066 8.09707 7.56618 9.66884 10.8458 15.979 10.5958 7.33218 7.239 26.3107 6.85145
threshold=38.000000000000007 47.500000000000007 30.050000000000004 65.500000000000014 1.5000000000000002 29.950000000000003 1.0000000180025095e-35 30.950000000000003 31.050000000000004 62.500000000000007 78.500000000000014 57.500000000000007 1.0000000180025095e-35 74.500000000000014 1.0000000180025095e-35 46.500000000000007 42.500000000000007 41.500000000000007 37.150000000000013 29.050000000000004 56.500000000000007 62.500000000000007 61.500000000000007 28.950000000000003 28.050000000000004 60.500000000000007 1.0000000180025095e-35 27.950000000000003 27.050000000000004 28.450000000000003
decision_type=2 2 2 2 2 2 2 2 2 2 2 2 2 2 2 2 2 2 2 2 2 2 2 2 2 2 2 2 2 2
left_child=14 15 3 5 10 6 11 -4 9 -9 12 29 -5 -6 -1 16 17 -2 -18 21 -21 22 25 24 27 -8 -19 28 -24 -3
right_child=1 2 7 4 13 -7 19 8 -10 -11 -12 -13 -14 -15 -16 -17 18 26 -20 20 -22 -23 23 -25 -26 -27 -28 -29 -30 -31
leaf_value=-0.034250261539488673 -0.00096587595783356533 0.0048305313975205138 0.01551672748518932 -0.021441623847340975 -0.0039477900565213922 -0.017350000903885443 -2.8702566212732107e-05 -0.026434185443062197 0.0052087860350330927 0.0021048292408387386 -0.00082495532043436182 0.013609835108669794 -0.0064575138968791766 0.0073371993235555799 -0.014468310818902453 -0.0088509496698885096 0.0021560726373162768 -0.0091683941841332085 0.034452515428773124 0.0011612978289901397 0.021913664257807358 0.010305088878958894 -0.008573760579578725 -0.037863153008913235 0.052575276527949535 0.015801191967412778 -0.025936515459946671 -0.032004928977905349 0.058867202524743173 -0.013288554404705276
leaf_weight=146.1812739148736 447.08050255477428 505.53839692473412 213.39892601966858 207.84230817854404 356.79814007878304 99.979021608829498 2630.0681962221861 65.966253742575645 1823.8993004262447 77.310618534684181 205.75771264731884 314.56779626011848 189.19905731081963 302.49769321084023 80.096606567502022 498.84866252541542 657.46259495615959 213.25394690036774 28.553030371665955 106.5714999884367 84.093545243144035 173.24873445928097 298.60991075634956 27.973151057958603 11.452304646372793 110.137370839715 93.899327822029591 27.626435309648514 15.19790233671665 58.177612751722336
leaf_count=2987 1886 2215 1188 1204 1606 444 11757 306 9157 338 920 1637 953 1232 1428 2191 2779 1096 133 521 476 1212 1297 122 47 605 625 121 66 275
internal_value=0 0.000607662 0.00162143 0.000277431 -0.00399102 0.00148445 0.00191601 0.00515025 0.0040257 -0.0110348 -0.00970136 0.00677473 -0.0143014 0.00122998 -0.027248 -0.00352559 -0.00168108 -0.00639383 0.0035003 0.000691521 0.0103142 0.000134589 -0.00042997 -0.00789471 -0.00551913 0.00060755 -0.0142945 -0.00746772 -0.00530755 0.00296057
internal_weight=0 9845.01 7905.91 5725.34 1262.09 4463.24 4363.26 2180.58 1967.18 143.277 602.799 878.284 397.041 659.296 226.278 1939.1 1440.25 754.234 686.016 3484.98 190.665 3294.31 3121.07 380.86 352.887 2740.21 307.153 341.434 313.808 563.716
internal_count=50824 46409 37699 26710 5915 20795 20351 10989 9801 644 3077 4127 2157 2838 4415 8710 6519 3607 2912 16224 997 15227 14015 1653 1531 12362 1721 1484 1363 2490
is_linear=0
shrinkage=0.05


Tree=57
num_leaves=31
num_cat=0
split_feature=0 0 4 2 2 0 2 2 2 3 5 0 0 2 2 0 0 0 0 2 2 0 2 2 0 2 0 2 2 5
split_gain=63.5474 18.1572 15.8028 10.8192 18.4588 9.60542 9.27486 14.1743 9.06233 8.16446 15.0672 19.9535 13.7485 12.7387 11.686 11.2946 10.0037 9.32539 7.66362 7.65689 17.559 17.7179 16.1257 15.0971 9.67439 9.02226 7.17136 10.5205 7.04987 6.84855
threshold=34.500000000000007 42.500000000000007 1.0000000180025095e-35 33.050000000000004 32.95000000000001 41.500000000000007 33.95000000000001 34.050000000000004 32.150000000000013 1.5000000000000002 1.0000000180025095e-35 65.500000000000014 54.500000000000007 31.950000000000003 30.050000000000004 69.500000000000014 78.500000000000014 69.500000000000014 69.500000000000014 34.95000000000001 35.050000000000004 63.500000000000007 35.95000000000001 36.050000000000004 69.500000000000014 36.95000000000001 40.500000000000007 31.550000000000004 26.150000000000002 1.0000000180025095e-35
decision_type=2 2 2 2 2 2 2 2 2 2 2 2 2 2 2 2 2 2 2 2 2 2 2 2 2 2 2 2 2 2
left_child=-1 5 -3 4 8 26 -5 -8 9 10 11 12 -4 14 -11 28 -13 -15 -6 -9 21 -21 -22 24 -24 -25 27 -2 -12 -7
right_child=1 2 3 6 18 29 7 19 -10 13 15 16 -14 17 -16 -17 -18 -19 -20 20 22 -23 23 25 -26 -27 -28 -29 -30 -31
leaf_value=-0.031122058180112301 -0.010562068980525993 0.0049318086037144788 -0.0033486674618785719 0.017829506967075619 -0.03404408218968033 -0.0087471847398229215 -0.017291618616287415 0.018877147427276007 0.013188744324142913 0.00097915237351513273 -0.025520470617374582 -0.020961161827690929 0.0038168847163891533 -0.030225170609323605 0.013915011331257113 -0.00045974474107690199 -0.00070639664697935841 0.017763434890144432 0.0010496510763793744 -0.04565896763554441 0.026115232422772239 0.011628046017420027 -0.036593894824628381 0.023429330562057923 0.012246152215732935 0.0026849409447325381 0.0060577976411155532 0.012975251506374658 -0.0082006968491864767 -0.025055307886291123
leaf_weight=161.56904083490372 283.1007985919714 2101.5624751597643 1373.4385164529085 121.53450535237789 58.471580415964127 212.3699239641428 77.701732099056244 89.368440330028534 118.85503885149956 2232.7983413934708 140.49993246793747 179.34633646905422 1305.9299277961254 50.924564361572266 189.39718724787235 140.79515831172466 92.349840611219406 12.635335266590117 21.195840537548065 34.605942159891129 83.960524454712868 22.127121865749359 37.219131335616112 59.957331568002701 13.935843437910078 416.65656642615795 166.1725712120533 57.04011670127511 100.98254485428333 92.381041087210178
leaf_count=3252 1870 9668 5925 671 263 1096 342 500 658 10074 751 1095 6547 223 945 696 428 52 100 148 470 98 166 332 60 2067 700 479 523 625
internal_value=0 0.000490497 0.00113101 -1.42165e-05 -0.000799566 -0.00667722 0.00492372 0.00304648 -0.000478805 -0.000757965 -0.00237528 -0.00116539 0.000143838 0.00141082 0.00199064 -0.0117153 -0.0140765 -0.0206853 -0.0247073 0.00513178 0.00329412 -0.0233158 0.00576198 0.00252407 -0.0232887 0.00529455 -0.00245575 -0.00661497 -0.0182777 -0.0136908
internal_weight=0 9887.31 9076.25 6974.69 6017.62 811.064 957.067 835.533 5937.95 5819.1 3333.34 2951.06 2679.37 2485.76 2422.2 382.278 271.696 63.5599 79.6674 757.831 668.462 56.7331 611.729 527.769 51.155 476.614 506.313 340.141 241.482 304.751
internal_count=50824 47572 42802 33134 28280 4770 4854 4183 27917 27259 15965 13995 12472 11294 11019 1970 1523 275 363 3841 3341 246 3095 2625 226 2399 3049 2349 1274 1721
is_linear=0
shrinkage=0.05


Tree=58
num_leaves=31
num_cat=0
split_feature=0 2 4 2 2 2 2 2 0 2 2 2 2 2 2 2 0 2 2 0 0 5 0 0 0 0 1 0 3 2
split_gain=59.2466 14.6799 13.8152 9.25882 8.14335 14.8565 12.705 18.392 13.3022 11.864 11.7681 14.0122 15.255 12.6811 8.2608 14.8618 9.0637 8.79319 8.81655 8.13383 8.11372 7.92476 7.52002 14.3123 11.6098 7.39259 6.7432 6.57534 6.49575 6.26614
threshold=38.000000000000007 20.050000000000004 1.0000000180025095e-35 19.850000000000005 28.050000000000004 27.950000000000003 27.050000000000004 26.950000000000003 57.500000000000007 26.050000000000004 25.950000000000003 25.150000000000002 24.950000000000003 24.850000000000005 28.950000000000003 29.050000000000004 62.500000000000007 29.750000000000004 30.050000000000004 60.500000000000007 39.500000000000007 1.0000000180025095e-35 47.500000000000007 51.500000000000007 52.500000000000007 52.500000000000007 1.0000000180025095e-35 56.500000000000007 1.5000000000000002 27.950000000000003
decision_type=2 2 2 2 2 2 2 2 2 2 2 2 2 2 2 2 2 2 2 2 2 2 2 2 2 2 2 2 2 2
left_child=21 3 -3 -2 5 6 7 9 -9 10 11 12 13 -4 -6 16 -16 -17 -19 -11 -13 29 -7 -24 -25 -12 -26 -27 -8 -1
right_child=1 2 4 -5 14 22 28 8 -10 19 25 20 -14 -15 15 17 -18 18 -20 -21 -22 -23 23 24 26 27 -28 -29 -30 -31
leaf_value=-0.041449274441498263 -0.003990784210587209 0.0044381626585595453 -0.0011696120562447547 -0.021112330132855406 0.010393543265877886 -0.034933138467079641 0.0030341250490506602 -0.028206390676821586 -0.0047798771324983804 0.0050929103817734765 -0.025921483280845054 -0.038093715759132736 -0.011977032263456495 0.024377716396205083 -0.01977812154468131 0.012229483233315805 0.0020825452468969689 -0.0088700371697515417 0.0023297017864455042 0.02787353045881354 0.0092513032691014501 -0.013119258243421148 0.051736631692920525 -0.048751140171658068 -0.0057835955636469632 0.027091637879291582 -0.04582282251058082 -0.0094345483872345648 0.017099071845265011 -0.019572804710005248
leaf_weight=85.517374310642481 262.24476639926434 2171.2135404348373 2253.3177765533328 112.97725512087345 265.65114362537861 35.696620404720306 215.78113792836666 105.60704474151134 142.17597471177578 316.6825765222311 69.603625848889351 9.2716199457645398 339.16077449917793 49.644287079572678 129.86453934013844 202.00175157189369 74.68320868909359 193.23777408897877 1938.4448908641934 44.716425433754921 377.25359444320202 77.612936716526747 8.9658683240413648 20.169573277235031 152.36019809544086 13.312413111329077 11.295187249779699 165.46111807227135 132.49699121713638 53.031623363494873
leaf_count=1847 1191 10029 10204 561 1329 178 1059 489 663 1417 321 38 1600 231 591 1027 358 912 9827 273 1749 1428 37 92 703 57 53 775 645 1140
internal_value=0 0.000552891 0.000938482 -0.00914599 -0.000107164 -0.00143384 -0.000763733 -0.00158363 -0.0147644 -0.000685989 -0.00163415 -0.000776101 -0.0020769 -0.000618896 0.00200453 0.00112653 -0.0117965 0.00225924 0.00131444 0.00791159 0.00811563 -0.0259104 -0.0138528 -0.00994961 -0.0129583 -0.012097 -0.00854703 -0.00671462 0.00838492 -0.0330757
internal_weight=0 9813.29 9438.07 375.222 7266.86 4462.97 4234.49 3886.21 247.783 3638.42 3277.03 3028.65 2642.12 2302.96 2803.88 2538.23 204.548 2333.68 2131.68 361.399 386.525 216.162 228.487 192.791 183.825 248.377 163.655 178.774 348.278 138.549
internal_count=50824 46409 44657 1752 34628 20584 19521 17817 1152 16665 14975 13822 12035 10435 14044 12715 949 11766 10739 1690 1787 4415 1063 885 848 1153 756 832 1704 2987
is_linear=0
shrinkage=0.05


Tree=59
num_leaves=31
num_cat=0
split_feature=0 0 4 2 2 0 2 2 2 3 5 0 0 2 0 2 0 0 0 2 2 0 2 2 0 2 2 2 2 2
split_gain=55.2586 15.8483 13.0114 9.26945 16.9947 8.68334 8.47348 12.8307 8.04111 7.53132 12.9627 17.5216 12.3026 11.7052 10.3003 10.2457 9.27526 8.43139 7.15615 7.00427 15.8884 16.0855 14.8127 13.6649 8.79 8.27738 6.62413 6.58896 6.48097 11.9468
threshold=34.500000000000007 42.500000000000007 1.0000000180025095e-35 33.050000000000004 32.95000000000001 41.500000000000007 33.95000000000001 34.050000000000004 32.150000000000013 1.5000000000000002 1.0000000180025095e-35 65.500000000000014 54.500000000000007 31.950000000000003 69.500000000000014 30.050000000000004 78.500000000000014 69.500000000000014 62.500000000000007 34.95000000000001 35.050000000000004 63.500000000000007 35.95000000000001 36.050000000000004 69.500000000000014 36.95000000000001 53.100000000000009 26.150000000000002 37.050000000000004 37.850000000000001
decision_type=2 2 2 2 2 2 2 2 2 2 2 2 2 2 2 2 2 2 2 2 2 2 2 2 2 2 2 2 2 2
left_child=26 5 -3 4 8 -2 -5 -8 9 10 11 12 -4 15 27 -11 -13 -15 -6 -9 21 -21 -22 24 -24 -25 -1 -12 -27 -30
right_child=1 2 3 6 18 -7 7 19 -10 13 14 16 -14 17 -16 -17 -18 -19 -20 20 22 -23 23 25 -26 28 -28 -29 29 -31
leaf_value=-0.03063957341980534 -0.0022574330957958978 0.0044941552970383927 -0.0031955685096086046 0.016981172895870505 -0.036174843633193288 -0.012980348399963142 -0.01657527765736096 0.017997185394194232 0.012503766031936456 0.0010142702328573786 -0.024331200843749009 -0.019988710944130374 0.0035886318639723226 -0.028876030461953972 -0.00019579532358970117 0.013145314808526249 -0.00042166679120126527 0.016714879105699909 -0.0055773652995568281 -0.043685412718517051 0.025030776338221278 0.010898912558217899 -0.035052688404480885 0.022409517076382165 0.01148289562557131 -0.016373187360264923 0.099384732151305166 -0.0074981574972404971 0.028928596130400858 0.0012448973663368697
leaf_weight=152.33535719662905 504.27208749204874 2099.3573092967272 1372.3987030684948 120.42495462298393 46.993785068392754 301.78950590640306 77.556131809949875 88.498335793614388 118.01656185090542 2228.1241432204843 138.4108018130064 176.71331468969584 1302.4380629584193 50.845922559499741 140.4685915261507 188.80259731411934 92.144358649849892 12.667540669441221 32.205367460846901 34.456717312335968 82.858740240335464 22.188581123948097 37.040791526436806 59.259937778115273 13.976378619670866 41.255031228065491 0.98587363958358665 100.23349125683308 44.175137534737587 330.8161642998457
leaf_count=3232 3049 9668 5925 671 207 1721 342 500 658 10074 751 1095 6547 223 696 945 428 52 156 148 470 98 166 332 60 183 20 523 254 1630
internal_value=0 0.000446127 0.00104435 2.72549e-06 -0.000724641 -0.00627209 0.00458489 0.0027908 -0.000416899 -0.000679658 -0.00223592 -0.00111518 0.000107811 0.00140511 -0.0109381 0.00196191 -0.0132826 -0.0197831 -0.0237328 0.0047814 0.00302536 -0.0223041 0.00537987 0.00228741 -0.0223041 0.00492584 -0.0298035 -0.0172611 0.00243673 0.00450612
internal_weight=0 9858.39 9052.33 6952.97 6000.46 806.062 952.507 832.082 5921.26 5803.25 3322.81 2943.69 2674.84 2480.44 379.113 2416.93 268.858 63.5135 79.1992 754.526 666.027 56.6453 609.382 526.523 51.0172 475.506 153.321 238.644 416.246 374.991
internal_count=50824 47572 42802 33134 28280 4770 4854 4183 27917 27259 15965 13995 12472 11294 1970 11019 1523 275 363 3841 3341 246 3095 2625 226 2399 3252 1274 2067 1884
is_linear=0
shrinkage=0.05


Tree=60
num_leaves=31
num_cat=0
split_feature=0 0 0 5 0 0 0 0 0 0 0 2 3 5 0 0 3 2 2 2 2 0 2 0 2 2 2 2 2 2
split_gain=51.288 14.5638 11.6066 16.2005 11.7332 13.4419 19.6616 15.5241 11.3326 14.1172 10.2387 8.76041 8.146 7.96374 7.91794 7.89562 10.0972 8.43227 7.90115 7.44564 7.26015 6.80828 10.8625 9.53045 7.5855 10.2066 9.87849 14.0756 16.4284 10.5841
threshold=34.500000000000007 47.500000000000007 65.500000000000014 1.0000000180025095e-35 57.500000000000007 61.500000000000007 62.500000000000007 60.500000000000007 56.500000000000007 54.500000000000007 74.500000000000014 39.350000000000001 1.5000000000000002 1.0000000180025095e-35 69.500000000000014 49.500000000000007 1.5000000000000002 17.850000000000005 31.250000000000004 22.050000000000004 21.950000000000003 46.500000000000007 22.850000000000005 44.500000000000007 23.050000000000004 23.950000000000003 24.050000000000004 24.950000000000003 25.050000000000004 25.950000000000003
decision_type=2 2 2 2 2 2 2 2 2 2 2 2 2 2 2 2 2 2 2 2 2 2 2 2 2 2 2 2 2 2
left_child=-1 19 4 10 8 7 -7 11 9 15 12 13 -4 -6 -5 16 18 -17 -3 20 -2 23 -23 -21 -24 -26 -27 -28 -29 -30
right_child=1 2 3 14 5 6 -8 -9 -10 -11 -12 -13 -14 -15 -16 17 -18 -19 -20 21 -22 22 24 -25 25 26 27 28 29 -31
leaf_value=-0.029106164487351333 -0.0078125598811333626 -0.0037299260323126766 -0.019398110744574565 -0.0055904210754711831 0.0039668777005674683 -0.003182504525036543 0.011152521113340273 0.021125477381257678 -0.0044148166338104332 0.0084442618794786997 -0.0014789470664697429 0.034726237655955131 -0.0056832655753742004 0.021399667715909579 0.0053803730371879792 -0.049476753674359414 0.015193561288369354 -0.00084716100325292378 0.016421220778637429 -0.0029360784353324241 -0.031368019826281797 0.042001857707941195 -0.042374640727260778 0.0069350185724930853 0.033108841599333055 -0.042345197426469437 0.035192356307772468 -0.049205826027460917 0.030447864966808805 -0.0086646375236808498
leaf_weight=149.2621775791049 187.16927623748779 238.87411376833916 217.5409263074398 221.81694675981998 794.97295260429382 748.95270732045174 351.44566506147385 218.85027885437012 833.19831278920174 692.8517020791769 400.20173238217831 26.243074864149094 215.54294453561306 71.396025002002716 636.10781541466713 8.9554528743028623 186.33038340508938 1935.8552099913359 61.083054423332214 986.09610041975975 39.639431040734053 10.753704234957693 16.259668543934822 325.15391661226749 14.874641194939612 21.130747869610786 18.604965031147003 24.192103788256645 18.279360413551331 321.758141040802
leaf_count=3252 989 1025 1278 1039 4319 3213 2513 1341 3577 3414 1772 165 999 323 2743 38 823 8797 320 5283 254 44 78 1392 60 102 75 122 74 1400
internal_value=0 0.000424348 0.00139054 -0.00227902 0.00239653 0.00531318 0.00139582 0.00919154 0.000766267 0.00214813 -0.00724451 0.00626558 -0.0125723 0.00540348 0.00254387 0.000353762 0.00605218 -0.00107109 0.000373639 -0.00340368 -0.0119294 -0.00230318 -0.00764066 -0.000488318 -0.0088676 -0.00756684 -0.00906458 -0.00722764 -0.00939447 -0.00656207
internal_weight=0 9844.13 7860.22 1691.21 6169.01 2211.86 1100.4 1111.46 3957.15 3123.95 833.286 892.612 433.084 866.369 857.925 2431.1 486.288 1944.81 299.957 1983.91 226.809 1757.1 445.853 1311.25 435.1 418.84 403.965 382.835 364.23 340.038
internal_count=50824 47572 37699 7831 29868 11874 5726 6148 17994 14417 4049 4807 2277 4642 3782 11003 2168 8835 1345 9873 1243 8630 1955 6675 1911 1833 1773 1671 1596 1474
is_linear=0
shrinkage=0.05


Tree=61
num_leaves=31
num_cat=0
split_feature=0 0 4 2 2 0 2 2 2 5 5 5 3 2 5 0 0 0 2 0 0 0 2 2 0 2 2 0 2 0
split_gain=47.5703 13.3787 11.8874 8.2914 15.2122 7.92213 7.60182 11.412 7.21028 6.62667 6.60914 6.42675 6.40789 12.435 11.6987 14.7568 10.2491 11.1212 9.28575 9.07745 8.94237 8.11248 6.29595 14.13 14.6907 13.4695 12.1402 7.94918 7.50256 6.16015
threshold=34.500000000000007 42.500000000000007 1.0000000180025095e-35 33.050000000000004 32.95000000000001 41.500000000000007 33.95000000000001 34.050000000000004 32.050000000000004 1.0000000180025095e-35 1.0000000180025095e-35 1.0000000180025095e-35 1.5000000000000002 31.950000000000003 1.0000000180025095e-35 65.500000000000014 50.500000000000007 49.500000000000007 30.050000000000004 69.500000000000014 69.500000000000014 78.500000000000014 34.95000000000001 35.050000000000004 63.500000000000007 35.95000000000001 36.050000000000004 69.500000000000014 36.95000000000001 40.500000000000007
decision_type=2 2 2 2 2 2 2 2 2 2 2 2 2 2 2 2 2 2 2 2 2 2 2 2 2 2 2 2 2 2
left_child=10 5 -3 4 8 29 -5 -8 12 -6 -1 -7 14 18 15 16 17 -4 -14 -15 -16 -17 -9 24 -24 -25 27 -27 -28 -2
right_child=1 2 3 6 9 11 7 22 -10 -11 -12 -13 13 19 20 21 -18 -19 -20 -21 -22 -23 23 25 -26 26 28 -29 -30 -31
leaf_value=-0.035685063814903044 -0.0058335358628929636 0.0042542690944567078 -0.0021860297100055291 0.016113130054923357 -0.03507292351669862 -0.0074340420157474789 -0.01569021082281789 0.017095378330832137 0.011402344662422367 -0.0057048028544861226 -0.012791023300707947 -0.023434543042117614 0.0008774793227621651 -0.032065493165352787 -0.016375391160794957 -0.018694786892994513 0.0019839650027015203 -0.018529287257601269 0.01245225163832577 0.015761597707199215 -0.00045431669079460079 -0.0003268983410888663 -0.041640184593725343 0.023943759143258692 0.010592867577989044 -0.033331604576044283 0.021369704445746936 0.010949747362299957 0.0022384104590290003 0.0059288901078561607
leaf_weight=99.171282045543194 337.49918070062995 2095.1571554988623 623.28619910776615 119.16503874957561 45.169976532459259 209.45832467079163 77.269328728318214 87.510489374399185 125.78492218255997 33.419214099645615 46.214115910232067 89.604306988418102 2224.6331113800406 45.439498007297516 236.13582080602646 173.16274802386761 1918.1962495371699 124.95975194871426 187.90940727293491 12.692145496606825 140.77462914586067 92.079738214612007 34.24192388355732 81.653808027505875 22.181631624698639 36.770408600568771 58.479485288262367 13.991308555006979 414.30842216312885 166.08871905505657
leaf_count=2338 2349 9668 2638 671 211 1096 342 500 707 152 914 625 10074 194 1274 1095 9279 535 945 52 696 428 148 470 98 166 332 60 2067 700
internal_value=0 0.000403875 0.000954076 -4.37895e-05 -0.000731343 -0.00578216 0.00430709 0.0026047 -0.000440504 -0.0225844 -0.0284077 -0.0122281 -0.000698262 0.0012284 -0.00213698 -0.00107094 4.78904e-05 -0.00491541 0.00177902 -0.0216232 -0.0104289 -0.0123183 0.00449172 0.00282469 -0.021106 0.00505576 0.00210996 -0.0211265 0.00460477 -0.00195416
internal_weight=0 9827.02 9024.37 6929.22 5983.64 802.651 945.572 826.407 5905.05 78.5892 145.385 299.063 5779.27 2470.67 3308.6 2931.68 2666.44 748.246 2412.54 58.1316 376.91 265.242 749.137 661.627 56.4236 605.203 523.55 50.7617 472.788 503.588
internal_count=50824 47572 42802 33134 28280 4770 4854 4183 27917 363 3252 1721 27210 11265 15945 13975 12452 3173 11019 246 1970 1523 3841 3341 246 3095 2625 226 2399 3049
is_linear=0
shrinkage=0.05


Tree=62
num_leaves=31
num_cat=0
split_feature=0 2 4 2 5 2 0 2 2 2 2 2 0 0 2 2 0 0 0 0 0 1 2 2 2 0 5 2 2 2
split_gain=44.198 12.3057 10.3853 8.46648 7.50867 6.47809 6.78138 6.40487 13.1754 11.2145 7.60549 12.6306 8.57228 10.7793 8.30734 10.9017 7.92172 6.98063 6.66864 12.9676 10.7367 6.20858 6.1758 12.0774 10.5758 11.1753 10.3361 10.2269 12.0309 16.1865
threshold=38.000000000000007 20.050000000000004 1.0000000180025095e-35 19.850000000000005 1.0000000180025095e-35 27.950000000000003 28.000000000000004 28.050000000000004 27.950000000000003 27.450000000000003 28.950000000000003 29.050000000000004 47.500000000000007 51.500000000000007 29.950000000000003 30.050000000000004 62.500000000000007 62.500000000000007 47.500000000000007 51.500000000000007 52.500000000000007 1.0000000180025095e-35 26.850000000000005 26.050000000000004 27.050000000000004 74.500000000000014 1.0000000180025095e-35 25.950000000000003 25.050000000000004 24.950000000000003
decision_type=2 2 2 2 2 2 2 2 2 2 2 2 2 2 2 2 2 2 2 2 2 2 2 2 2 2 2 2 2 2
left_child=4 3 -3 -2 5 -1 -7 8 9 22 -9 12 -12 -14 -13 16 -16 -15 -10 -20 -21 -22 23 27 25 -24 -26 28 29 -4
right_child=1 2 7 -5 -6 6 -8 10 18 -11 11 14 13 17 15 -17 -18 -19 19 20 21 -23 24 -25 26 -27 -28 -29 -30 -31
leaf_value=-0.039861341981774753 -0.0035263707994898615 0.0038516315777532058 -0.00049925114302491898 -0.019988599746978419 -0.010649351935589253 -0.036724493314906029 0.00063581339740244867 0.0098572626779010689 -0.033089795156600023 0.01103441973709968 -0.033559565050281771 0.010854962956754166 0.0557675155619956 -0.018502972251885279 -0.020683855459516343 0.0020070507537306211 0.0024839711156553392 0.0023492062072435595 0.049651769895284414 -0.046990735187903851 -0.0053533681706971819 -0.044100754724834788 -0.016775547819799255 0.0086487461901553538 -0.00050157355200104617 0.011409751581745245 0.043592135256435162 -0.011248952185817165 0.0071782325425338335 -0.012866557640039951
leaf_weight=76.56885601952672 260.90403084456921 2164.195803835988 2294.5513902455568 111.47218472510576 73.406825132668018 22.508604772388935 26.382801599800587 264.07099975645542 35.010420203208923 195.99799063801765 34.916345417499542 237.06244552135468 6.7085382789373389 87.284063473343849 95.664808355271816 1919.8994003236294 60.062067076563835 74.302075460553169 8.8787709772586805 19.800294175744057 151.60014528036118 11.09486538171768 238.61504432559013 325.51249748468399 135.75705741345882 41.247774675488472 14.732922896742819 246.24167989194393 421.97798024117947 299.05284751951694
leaf_count=1847 1191 10029 10435 561 1428 541 599 1329 178 966 172 1207 27 392 444 9827 288 358 37 92 703 53 1131 1533 671 178 67 1153 1958 1429
internal_value=0 0.000459809 0.000813534 -0.0084544 -0.0233508 -0.0307825 -0.0165641 -9.71314e-05 -0.0012755 -0.000644179 0.00178491 0.000937634 -0.0110138 -0.00633618 0.00198778 0.000975036 -0.0117483 -0.00891453 -0.0130262 -0.00935574 -0.0122266 -0.00799572 -0.0012139 -0.000534928 -0.00687372 -0.0126214 0.00381519 -0.00145141 -0.000651377 -0.00192525
internal_weight=0 9756.61 9384.24 372.376 198.867 125.46 48.8914 7220.04 4440.07 4213.69 2779.97 2515.9 203.211 168.295 2312.69 2075.63 155.727 161.586 226.384 191.374 182.495 162.695 4017.69 3587.34 430.353 279.863 150.49 3261.82 3015.58 2593.6
internal_count=50824 46409 44657 1752 4415 2987 1140 34628 20584 19521 14044 12715 949 777 11766 10559 732 750 1063 885 848 756 18555 16508 2047 1309 738 14975 13822 11864
is_linear=0
shrinkage=0.05


Tree=63
num_leaves=31
num_cat=0
split_feature=0 0 2 2 2 0 0 2 3 0 0 2 0 0 0 0 0 2 2 1 5 0 0 5 0 2 0 2 2 2
split_gain=41.0149 12.1064 9.85854 8.80101 12.7899 10.7872 7.23565 11.4255 11.1098 6.83577 6.79079 6.78365 8.49381 8.20874 8.51857 7.23704 7.02438 6.46974 6.73132 6.45989 6.53685 6.30925 6.24002 6.19701 6.0799 9.73543 7.99595 7.06074 10.0561 9.24704
threshold=34.500000000000007 47.500000000000007 30.050000000000004 30.950000000000003 31.050000000000004 62.500000000000007 65.500000000000014 29.950000000000003 1.5000000000000002 78.500000000000014 74.500000000000014 29.350000000000005 62.500000000000007 50.500000000000007 49.500000000000007 53.500000000000007 56.500000000000007 22.050000000000004 21.950000000000003 1.0000000180025095e-35 1.0000000180025095e-35 62.500000000000007 61.500000000000007 1.0000000180025095e-35 46.500000000000007 22.850000000000005 44.500000000000007 23.150000000000002 23.950000000000003 24.150000000000002
decision_type=2 2 2 2 2 2 2 2 2 2 2 2 2 2 2 2 2 2 2 2 2 2 2 2 2 2 2 2 2 2
left_child=23 17 6 22 5 -5 7 11 9 19 -10 12 -3 14 -13 -15 -17 18 -2 20 -8 -18 -4 -1 26 -26 -19 -27 -29 -30
right_child=1 2 3 4 -6 -7 8 -9 10 -11 -12 13 -14 15 -16 16 21 24 -20 -21 -22 -23 -24 -25 25 27 -28 28 29 -31
leaf_value=-0.034434918140616791 -0.0071611240844667717 0.0005635280510250493 0.010457194766198743 -0.026205868745814778 0.0042242272702284174 0.0013597785895895281 -0.016918478037147685 -0.015673476010831078 -0.0034257438333242848 -0.00082268910675412392 0.0067668109317565233 0.0066731718675651572 0.010698084949927873 0.035943738167382937 -0.055639982210847982 -0.0095622363917504706 0.02499560122634277 -0.0026372251921261925 -0.030037272915355458 -0.038813292847688689 -0.0034908506229874335 -0.013335958235412289 0.035700247701269026 -0.01187759752266845 0.039702114116274168 -0.040192705361336276 0.0064191304630272575 0.034365913995985924 -0.039840344006813959 -0.0066783617788382411
leaf_weight=93.049792572855949 185.99898962676525 3945.2261586934328 181.08044744282961 65.712332233786583 1799.0255054160953 77.167808085680008 190.95792922377586 99.202125757932663 355.28498323261738 205.51121363043785 302.59833005070686 15.271634161472321 218.17733711004257 34.452706977725029 8.5582143366336823 33.052483513951302 60.462650194764137 981.96274466067553 38.878507349640131 21.399922847747803 172.528369769454 13.052522793412207 28.309071376919746 45.25539967417717 10.80989760160446 16.722380295395851 324.19233493506908 14.153575360774992 22.254422634840012 379.40977396070957
leaf_count=2338 989 17910 1006 306 9157 338 1158 444 1606 920 1232 72 1563 160 40 180 328 5283 254 124 875 98 182 914 44 81 1392 57 108 1665
internal_value=0 0.000365949 0.00124852 0.00413082 0.00308067 -0.011318 0.000156032 0.00110396 -0.00320613 -0.00818544 0.0012624 0.0014885 0.00109462 0.0114362 -0.0157059 0.0160228 0.00958243 -0.00313282 -0.0111161 -0.0121168 -0.0105451 0.0181899 0.01387 -0.0270538 -0.00210667 -0.0071659 -0.000389406 -0.00833721 -0.00705612 -0.00851572
internal_weight=0 9801.41 7827.03 2151.3 1941.91 142.88 5675.74 4427.46 1248.28 590.397 657.883 4328.25 4163.4 164.85 23.8298 141.02 106.568 1974.38 224.877 384.886 363.486 73.5152 209.39 138.305 1749.51 443.35 1306.16 432.54 415.818 401.664
internal_count=50824 47572 37699 10989 9801 644 26710 20795 5915 3077 2838 20351 19473 878 112 766 606 9873 1243 2157 2033 426 1188 3252 8630 1955 6675 1911 1830 1773
is_linear=0
shrinkage=0.05


Tree=64
num_leaves=31
num_cat=0
split_feature=0 2 4 2 0 2 2 2 2 2 2 0 0 0 2 2 0 2 2 2 0 5 0 3 5 2 5 3 0 0
split_gain=37.9863 11.2391 10.1428 8.29262 6.4919 6.63343 12.4906 7.23802 7.11619 7.02697 6.17868 6.17462 6.02927 5.51058 5.37453 6.32169 8.39403 8.03885 7.58793 7.41458 8.23193 6.4281 5.71027 5.55991 5.27786 5.1415 6.07288 4.79295 9.22056 8.38464
threshold=34.500000000000007 20.050000000000004 1.0000000180025095e-35 19.850000000000005 47.500000000000007 33.050000000000004 32.95000000000001 33.95000000000001 32.750000000000007 34.050000000000004 53.100000000000009 69.500000000000014 69.500000000000014 45.500000000000007 34.650000000000013 35.050000000000004 74.500000000000014 35.95000000000001 34.95000000000001 36.050000000000004 65.500000000000014 1.0000000180025095e-35 69.500000000000014 1.5000000000000002 1.0000000180025095e-35 19.050000000000004 1.0000000180025095e-35 1.5000000000000002 51.500000000000007 65.500000000000014
decision_type=2 2 2 2 2 2 2 2 2 2 2 2 2 2 2 2 2 2 2 2 2 2 2 2 2 2 2 2 2 2
left_child=10 3 -3 13 -4 6 8 -7 27 -9 24 -8 -5 -2 23 16 18 -17 -16 22 -21 -20 -19 -11 -1 -15 -27 29 -29 -6
right_child=1 2 4 12 5 7 11 9 -10 14 -12 -13 -14 25 15 17 -18 19 21 20 -22 -23 -24 -25 -26 26 -28 28 -30 -31
leaf_value=-0.034256091448720008 -0.020661062783771826 0.0036840145999647122 -0.0031135329384380326 -0.028219058427192963 -0.00023690032457840114 0.017461645139307248 -0.030251733985916858 -0.012079304934175184 0.023733516333576961 0.011419060209072338 0.097653722707166574 0.001972438117521718 -0.0040461696417737666 -0.0043677784939741178 0.006602478463821281 0.021255489802028363 0.041550333259677864 -0.028411611950863776 -0.041509959964448472 0.0077616664629344776 -0.013785272073518463 -0.00087562785274224999 0.01005692696575697 0.052247794287496332 -0.01315094123335271 0.020831886313738925 -0.028524421214054987 0.010423875214153645 0.00054011209293915988 -0.0082115214175342115
leaf_weight=89.705931164324284 38.875001035630703 2170.6763098761439 1522.9152359329164 71.786521729081869 2340.965501897037 98.514434985816479 50.823044449090958 69.685749188065529 31.850291237235069 35.290066882967949 0.99689625203609367 21.011679485440254 40.264254979789257 173.03071846067905 24.830848231911659 68.774928539991379 7.1206680089235297 30.847790166735649 29.253202319145203 351.49225477874279 50.724143832921982 14.585466876626013 14.036351546645163 10.917948722839354 44.227012276649475 43.388875186443329 7.2776658385992041 271.20829620957375 1815.9955381527543 383.62871783226728
leaf_count=2328 228 10221 7612 395 11328 582 233 308 185 214 20 100 201 796 150 415 29 139 128 1860 232 64 60 63 904 183 31 1186 8492 2137
internal_value=0 0.000348011 0.000685946 -0.0081451 -0.000212371 0.000559835 -0.000129588 0.00476398 0.000177356 0.00299607 -0.0263637 -0.0208262 -0.0195328 -0.00328549 0.004643 0.0033604 -0.0101235 0.00534139 -0.0154818 0.00289341 0.00504435 -0.0279906 -0.0163816 0.021066 -0.0272868 -0.00026589 0.0137424 2.14331e-05 0.00182439 -0.00135974
internal_weight=0 9789.77 9415.15 374.623 7244.47 5721.56 4915.48 806.074 4843.65 707.559 134.93 71.8347 112.051 262.572 637.874 591.666 75.7902 515.875 68.6695 447.101 402.216 43.8387 44.8841 46.208 133.933 223.697 50.6665 4811.8 2087.2 2724.59
internal_count=50824 47572 45738 1834 35517 27905 23661 4244 23328 3662 3252 333 596 1238 3354 3077 371 2706 342 2291 2092 192 199 277 3232 1010 214 23143 9678 13465
is_linear=0
shrinkage=0.05


Tree=65
num_leaves=31
num_cat=0
split_feature=0 2 2 2 2 2 0 0 0 0 0 4 0 0 5 2 0 0 2 0 1 0 2 2 2 0 2 2 0 0
split_gain=35.28 10.1023 10.2456 14.026 8.26566 13.9241 7.95986 9.06513 20.5208 7.78214 6.9578 6.92256 6.74147 8.77026 6.65733 6.52969 6.3327 6.28723 6.20544 5.58457 5.53781 4.95777 4.69822 15.0257 11.2287 10.8362 6.29327 15.3344 14.0379 8.92741
threshold=38.000000000000007 22.050000000000004 21.950000000000003 21.050000000000004 20.950000000000003 20.250000000000004 62.500000000000007 61.500000000000007 57.500000000000007 62.500000000000007 61.500000000000007 1.0000000180025095e-35 61.500000000000007 62.500000000000007 1.0000000180025095e-35 27.950000000000003 56.500000000000007 28.000000000000004 28.950000000000003 53.500000000000007 1.0000000180025095e-35 41.500000000000007 22.950000000000003 23.050000000000004 23.450000000000003 69.500000000000014 24.050000000000004 23.950000000000003 40.500000000000007 62.500000000000007
decision_type=2 2 2 2 2 2 2 2 2 2 2 2 2 2 2 2 2 2 2 2 2 2 2 2 2 2 2 2 2 2
left_child=14 2 3 4 5 20 7 8 16 -6 21 -3 -5 -14 15 -1 19 -17 -19 -4 -2 -7 -13 25 -25 -24 27 28 -26 -29
right_child=1 11 6 12 9 10 -8 -9 -10 -11 -12 22 13 -15 -16 17 -18 18 -20 -21 -22 -23 23 24 26 -27 -28 29 -30 -31
leaf_value=-0.038497459244368551 -0.0054487834197446648 0.0035413278092549143 -0.021562868391256821 0.0062933983421496267 -0.028316048672925212 -0.028324418841902801 -0.0021312590873604972 -0.052314327769062745 0.049189157074220585 -0.0043357343746501069 0.055097551601589446 0.0062146477663193624 0.075221398265965925 0.0056864263391345621 -0.0094910661722305781 -0.034939793362544873 -0.047829460166951582 0.059141496328472078 -0.0084026189848378507 0.021156498544285439 -0.029490438793769225 0.012610309070294487 -0.020866896379968389 0.012248633643331595 -0.049943477107195461 0.0037174649455342596 0.00047101241677049711 -0.023155878515973314 0.0048884339982827691 -0.0036570826226126592
leaf_weight=70.029310699552298 368.76502701640129 2009.5556230545044 66.675342187285423 213.64792682230473 68.896256685256958 8.0377420485019666 84.829759508371353 20.546577215194702 10.83188337087631 66.475553125143051 9.0566655695438367 308.68209239840508 8.4641883373260516 9.7676910758018476 71.574580892920494 20.455686822533607 20.796856299042702 4.0354921743273762 21.609213273972273 8.6418960839509946 25.616289108991623 92.756604567170143 144.87012793123722 192.01435889303684 12.193347826600073 64.904353827238083 5396.49787068367 134.18449383974075 273.43853688240051 104.35275745391846
leaf_count=1847 1730 9364 317 907 332 38 414 89 46 329 46 1343 34 63 1428 541 92 94 505 35 130 390 696 864 51 307 26424 621 1226 521
internal_value=0 0.000399745 -0.00415062 -0.00175106 -0.00557035 -0.00262524 -0.0139997 -0.0218966 -0.0160527 -0.0165403 0.013118 0.000970499 0.00878387 0.0379682 -0.0214854 -0.0288779 -0.0234053 -0.0142651 0.00222623 -0.0166613 -0.00701036 0.00934601 0.000191414 -0.000102659 0.00034889 -0.0132605 -3.70331e-05 -0.00526753 0.00254771 -0.0146258
internal_weight=0 9724.5 1083.81 871.484 639.604 504.232 212.322 127.493 106.946 135.372 109.851 8640.69 231.88 18.2319 187.704 116.13 96.1141 46.1004 25.6447 75.3172 394.381 100.794 6631.14 6322.46 6112.68 209.774 5920.67 524.169 285.632 238.537
internal_count=50824 46409 4992 3999 2995 2334 993 579 490 661 474 41417 1004 97 4415 2987 444 1140 599 352 1860 428 32053 30710 29707 1003 28843 2419 1277 1142
is_linear=0
shrinkage=0.05


Tree=66
num_leaves=31
num_cat=0
split_feature=0 0 4 0 2 2 2 2 2 3 2 2 2 2 2 0 2 2 2 0 5 3 0 0 2 2 2 2 0 0
split_gain=32.623 10.0911 8.15678 7.06462 5.99183 6.87763 14.592 10.5777 12.858 8.18356 5.94491 9.0045 8.86127 5.72205 9.38703 7.46286 7.18752 5.95019 5.60109 7.07493 5.57908 5.25771 4.83754 4.75738 4.45622 13.8315 6.37112 9.58064 6.1248 6.10733
threshold=34.500000000000007 42.500000000000007 1.0000000180025095e-35 41.500000000000007 35.95000000000001 23.250000000000004 23.950000000000003 24.050000000000004 24.450000000000003 1.5000000000000002 22.050000000000004 21.950000000000003 21.050000000000004 20.950000000000003 20.250000000000004 62.500000000000007 19.850000000000005 18.050000000000004 31.050000000000004 40.500000000000007 1.0000000180025095e-35 1.5000000000000002 60.500000000000007 58.500000000000007 33.050000000000004 32.95000000000001 33.95000000000001 34.050000000000004 62.500000000000007 62.500000000000007
decision_type=2 2 2 2 2 2 2 2 2 2 2 2 2 2 2 2 2 2 2 2 2 2 2 2 2 2 2 2 2 2
left_child=20 3 -3 18 5 -5 -7 -8 -9 -10 11 12 13 14 16 -15 17 -4 19 -2 -1 -20 23 -14 25 -12 -26 29 -27 -28
right_child=1 2 10 4 -6 6 7 8 9 -11 24 -13 22 15 -16 -17 -18 -19 21 -21 -22 -23 -24 -25 26 28 27 -29 -30 -31
leaf_value=-0.032509366776045968 -0.0086230865546330585 0.0035301850415844988 -0.012403499192316954 -0.023364845390761221 -0.029637416483803414 0.044388371733522648 -0.053873513861298655 0.08016581772543091 0.0045380066206988567 -0.017639954527661747 0.00023273436671028934 -0.015062589260148668 0.0082500815036017448 -0.029762148012457735 0.013426238114848651 -0.002136151462278673 -0.017576152082220572 0.0059715231392780468 0.0013147029539938712 0.0054376693483164547 -0.01055636126893256 0.026503311526283758 0.031343292469307081 -0.020922494821881511 0.014573141937565134 -0.032678218252552862 -0.024578390986923417 0.0038442817174137766 -0.0041279427474084363 0.0053437866922764355
leaf_weight=84.820003792643547 273.06455418840051 2088.697384044528 69.418240681290627 59.475984394550323 38.416439428925514 14.457914248108862 11.658897429704664 4.3545704782009116 80.875419840216637 85.64016254991293 5094.9353351816535 152.10872086882591 133.02794006466866 48.488864839076996 75.90653270483017 49.302307844161987 95.156328178942204 120.59200823307037 63.729397483170033 133.05588960647583 43.930411361157894 30.695535887032747 20.060290053486824 15.615702748298643 117.05540606379509 45.991254344582558 51.553803533315659 742.50311055779457 31.755384191870689 25.482313543558121
leaf_count=2338 1849 9668 323 379 201 67 75 22 455 522 24340 711 547 224 323 254 479 542 400 561 914 239 103 71 671 207 224 3841 156 118
internal_value=0 0.000314873 0.000793108 -0.00508278 -0.011222 -0.00846351 -0.00396437 -0.00779434 -0.00465024 -0.00686828 -3.67602e-05 -0.00414829 -0.00150291 -0.00510544 -0.0021997 -0.0158343 -0.00635907 -0.000741597 -0.00146605 -0.00401641 -0.0250189 0.00950298 0.00829576 0.00518537 0.000487961 -8.66533e-05 0.00366148 0.00210295 -0.0210169 -0.0146806
internal_weight=0 9773.08 8977.65 795.425 294.879 256.463 196.987 182.529 170.87 166.516 6888.95 779.677 627.568 458.864 361.073 97.7912 285.167 190.01 500.545 406.12 128.75 94.4249 168.704 148.644 6109.28 5172.68 936.595 819.539 77.7466 77.0361
internal_count=50824 47572 42802 4770 1721 1520 1141 1074 999 977 33134 3577 2866 2145 1667 478 1344 865 3049 2410 3252 639 721 618 29557 24703 4854 4183 363 342
is_linear=0
shrinkage=0.05


Tree=67
num_leaves=31
num_cat=0
split_feature=0 0 2 2 2 0 3 0 5 2 2 0 1 0 2 2 0 2 2 0 2 2 2 2 0 0 0 0 3 0
split_gain=30.539 11.1646 7.56191 10.9692 12.6522 10.1094 8.25312 7.17071 7.13378 7.06449 11.2976 9.54954 7.53782 7.04554 8.12112 6.65805 14.8265 6.46703 11.3746 9.20666 8.87702 10.4744 13.4889 10.536 9.33185 9.5911 8.91373 7.96142 7.5878 7.02648
threshold=28.000000000000004 42.500000000000007 30.050000000000004 30.950000000000003 31.050000000000004 62.500000000000007 1.5000000000000002 60.500000000000007 1.0000000180025095e-35 29.950000000000003 29.350000000000005 62.500000000000007 1.0000000180025095e-35 61.500000000000007 25.550000000000004 31.950000000000003 44.500000000000007 28.950000000000003 28.050000000000004 61.500000000000007 27.950000000000003 27.050000000000004 26.950000000000003 26.350000000000005 47.500000000000007 51.500000000000007 57.500000000000007 62.500000000000007 1.5000000000000002 47.500000000000007
decision_type=2 2 2 2 2 2 2 2 2 2 2 2 2 2 2 2 2 2 2 2 2 2 2 2 2 2 2 2 2 2
left_child=-1 -2 9 6 5 8 7 -4 -5 10 12 -11 17 -14 -15 16 -6 18 20 28 21 22 23 -3 -24 -26 -27 -21 -20 -30
right_child=1 2 3 4 15 -7 -8 -9 -10 11 -12 -13 13 14 -16 -17 -18 -19 19 27 -22 -23 24 -25 25 26 -28 -29 29 -31
leaf_value=-0.030542563504865644 -0.0052826761553240696 -1.9104491050459733e-05 0.0019787559842780154 -0.036376402714700357 -0.043480529246164787 0.0011927866406113753 0.025511586209936817 0.031496408252247553 -0.0057807436198700221 -0.018868731980098946 0.012163331581780934 0.003259290248704869 -0.00277541777551942 -0.031612116442486043 -0.0026538693551201361 0.0020613465644884368 0.014434833267507469 -0.0067155784113622843 0.00086045128941182386 0.060124878782367192 -0.0090207109804092255 0.0085638118854077707 -0.037871215660455454 0.010772725647635636 0.040116302008622186 -0.024412025321627361 -0.0035870756004545696 0.012555375702991643 0.051732868012980542 0.012768186568360963
leaf_weight=81.247550595551729 837.47289417311549 4030.4415965974331 137.46861930191517 47.911540776491165 11.679092496633528 77.156722590327263 86.782284215092659 24.19640701264143 31.629366740584373 114.06850877404213 189.89225554466248 85.155712351202965 225.0641275793314 54.837381333112717 43.3502406924963 1845.8353184312582 205.38808539509773 319.90915034711361 165.75242027640343 16.145324543118477 255.44125010073185 375.62383796274662 28.217021495103836 239.61008106172085 10.120596513152121 71.883181363344193 180.19058917462826 19.322258606553078 14.04438181221485 65.672273620963097
leaf_count=2163 5859 18453 724 210 52 338 475 170 167 512 990 394 1022 286 213 9206 1122 1502 831 67 1159 1886 130 1162 41 318 826 148 61 337
internal_value=0 0.000238475 0.000753791 0.00311025 0.00199503 -0.0117019 0.0130735 0.00639666 -0.0242101 -0.000140304 0.000152587 -0.00941041 -0.000220351 -0.00765106 -0.0188269 0.00303545 0.0113188 0.00019433 0.00059827 0.0103975 6.79917e-05 0.00053833 -0.000122691 0.000586469 -0.0105498 -0.00760951 -0.00952567 0.0342097 0.00695686 0.0196329
internal_weight=0 9810.26 8972.79 2468.05 2219.6 156.698 248.447 161.665 79.5409 6504.74 6305.52 199.224 6115.63 323.252 98.1876 2062.9 217.067 5792.37 5472.46 280.937 5191.53 4936.09 4560.46 4270.05 290.411 262.194 252.074 35.4676 245.469 79.7167
internal_count=50824 48661 42802 12464 11095 715 1369 894 377 30338 29432 906 28442 1521 499 10380 1174 26921 25419 1444 23975 22816 20930 19615 1315 1185 1144 215 1229 398
is_linear=0
shrinkage=0.05


Tree=68
num_leaves=31
num_cat=0
split_feature=0 0 4 2 5 2 2 2 0 2 5 2 2 2 2 5 2 2 0 0 2 2 0 2 2 2 0 2 2 2
split_gain=28.384 10.0942 7.36475 6.3296 5.52212 5.18132 8.15662 8.10482 4.93436 6.68016 5.35577 4.1884 3.89262 3.88217 12.6398 6.00673 5.81614 8.65573 5.53055 5.50707 5.40583 11.7744 12.6847 11.6454 10.1849 6.82863 6.64921 5.59859 10.8875 17.8027
threshold=28.000000000000004 42.500000000000007 1.0000000180025095e-35 22.050000000000004 1.0000000180025095e-35 22.050000000000004 21.950000000000003 21.750000000000004 41.500000000000007 35.95000000000001 1.0000000180025095e-35 39.95000000000001 30.750000000000004 33.050000000000004 32.95000000000001 1.0000000180025095e-35 33.95000000000001 34.050000000000004 62.500000000000007 45.500000000000007 34.95000000000001 35.050000000000004 63.500000000000007 35.95000000000001 36.050000000000004 36.95000000000001 69.500000000000014 37.050000000000004 37.850000000000001 38.050000000000004
decision_type=2 2 2 2 2 2 2 2 2 2 2 2 2 2 2 2 2 2 2 2 2 2 2 2 2 2 2 2 2 2
left_child=4 3 -3 -2 11 6 7 -4 -5 10 -10 -1 -12 14 -7 -16 19 18 -18 -15 -19 22 -22 -23 26 -26 -25 -27 -29 -30
right_child=1 2 5 8 -6 13 -8 -9 9 -11 12 -13 -14 16 15 -17 17 20 -20 -21 21 23 -24 24 25 27 -28 28 29 -31
leaf_value=-0.040892498867552411 -0.016458371824823802 0.0033194587084269828 -0.0027600320985005119 -0.00034524836831525952 -0.00818567215257608 0.00018605149082106577 -0.014329613859467598 0.022358777583288705 -0.00073604257372134095 -0.028366073523125025 -0.025886678641575574 0.02338586959767959 0.0024650098303811898 -0.018710181196461239 -0.032217629453910795 -0.004046637386979207 -0.023502060250907949 0.015360082863031921 0.0049637055101309684 0.017495256034655175 -0.039036508656795046 0.021886651780537388 0.0095575558664726459 -0.03124515254886058 0.019796705621900064 -0.016124578607293553 0.0092068115751037152 0.026986859764287881 -0.03233510152840665 0.0043909320751497833
leaf_weight=54.925269592553377 105.7826387360692 2085.92870631814 592.1191999912262 473.48958579078317 21.411043051630259 5087.4040190652013 151.42612718045712 33.954865455627441 157.81659281253815 37.792759209871292 44.479186676442623 2.6568926125764838 16.634280651807785 11.677206411957739 44.290188863873482 33.036695212125778 51.447674751281738 85.748092405498028 25.530935645103455 104.44978335499763 34.04513718187809 79.484695479273796 22.177179157733917 36.48867367208004 57.365267246961594 41.10302209854126 14.077840581536291 42.979571342468262 37.220887422561646 290.79282902181149
leaf_count=1624 933 9668 2721 3444 463 24340 711 145 828 201 335 76 118 56 211 152 224 500 118 615 148 470 98 166 332 183 60 254 167 1463
internal_value=0 0.000226948 0.000717067 -0.00502765 -0.0298654 -7.23097e-05 -0.00391634 -0.00139772 -0.00337173 -0.00895365 -0.00560259 -0.0379266 -0.0181697 0.000417702 -0.000118901 -0.020182 0.00338308 0.00189733 -0.014061 0.0138546 0.00355408 0.00201026 -0.0198683 0.00406203 0.00133759 0.0036341 -0.0199832 0.0013842 0.00332403 0.000223498
internal_weight=0 9798.74 8962.75 835.995 78.9932 6876.82 777.5 626.074 730.212 256.723 218.93 57.5822 61.1135 6099.32 5164.73 77.3269 934.589 818.462 76.9786 116.127 741.483 655.735 56.2223 599.513 520.028 469.462 50.5665 412.096 370.993 328.014
internal_count=50824 48661 42802 5859 2163 33134 3577 2866 4926 1482 1281 1700 453 29557 24703 363 4854 4183 342 671 3841 3341 246 3095 2625 2399 226 2067 1884 1630
is_linear=0
shrinkage=0.05


Tree=69
num_leaves=31
num_cat=0
split_feature=0 2 2 2 2 2 0 0 2 2 2 2 2 2 0 2 2 0 0 2 2 0 0 2 2 0 0 1 2 2
split_gain=26.541 8.00681 16.7414 10.8282 15.6915 13.4534 10.666 10.1913 8.84453 12.8131 8.69024 13.8 10.1408 20.2827 9.44434 8.89968 16.8423 8.73494 8.44911 8.24553 14.4155 9.91496 8.37914 7.95571 11.5432 7.77806 7.95341 7.50764 7.47401 9.1346
threshold=38.000000000000007 25.050000000000004 24.950000000000003 24.050000000000004 23.950000000000003 23.150000000000002 58.500000000000007 61.500000000000007 22.950000000000003 22.050000000000004 25.850000000000005 26.050000000000004 26.850000000000005 27.050000000000004 74.500000000000014 27.850000000000005 28.050000000000004 61.500000000000007 69.500000000000014 28.950000000000003 29.050000000000004 62.500000000000007 61.500000000000007 21.950000000000003 21.050000000000004 62.500000000000007 41.500000000000007 1.0000000180025095e-35 29.750000000000004 30.050000000000004
decision_type=2 2 2 2 2 2 2 2 2 2 2 2 2 2 2 2 2 2 2 2 2 2 2 2 2 2 2 2 2 2
left_child=-1 2 3 4 5 8 -7 -5 9 23 -3 -12 17 14 -14 -15 -17 -13 -6 22 21 -21 -18 24 -2 26 -4 -27 -22 -30
right_child=1 10 25 7 18 6 -8 -9 -10 -11 11 12 13 15 -16 16 19 -19 -20 20 28 -23 -24 -25 -26 27 -28 -29 29 -31
leaf_value=-0.019266207534671391 -0.0049455613253981592 0.0079422774447741647 0.045088444956662616 0.0036782697681175536 -0.0188809227090809 0.0030539486981109162 0.020673821580589495 0.026676060801066784 -0.0097907461501221364 0.0071110309616179441 -0.0084268623135447859 0.0067644357140876511 -0.014246963272321639 0.0090801327813392584 0.0066658791189284613 -0.0096274811369026422 0.0068913371836350282 0.03153457810248679 -0.0010693603597914528 -0.017555519702812408 0.010750584454363894 0.0017733169210197607 0.032432712536306106 -0.012320802857452419 0.0081003887658704886 -0.0004524463590739738 -0.01901062556274697 -0.046902312318610598 -0.00737374870237246 0.002518043807774469
leaf_weight=175.81535109505057 635.46247964352369 474.55598816275597 4.9510259032249442 547.67516501247883 190.39315193891525 448.61995178461075 106.22574213147163 52.818150289356709 336.30909962952137 379.08141019940376 370.71581688523293 359.61774431169033 296.91501161456108 388.30033233761787 65.984081521630287 332.42748393118382 287.4743796736002 39.500602565705776 102.38424706459045 161.30246067792177 244.34396593272686 112.70395179092884 36.148586720228195 209.55963068455458 231.26346860826015 152.19450217485428 214.60697903484106 9.2264749705791456 255.98342638462782 2644.1110716983676
leaf_count=4415 2995 2225 22 2411 912 1916 596 322 1574 1665 1712 1653 1402 1925 279 1560 1417 248 475 741 1270 522 222 993 1004 724 1009 46 1204 13365
internal_value=0 0.000335992 -0.00152488 -0.000358988 -0.00173778 -0.000375978 0.00642729 0.00570111 -0.00248281 -0.00079408 0.00144599 0.00089504 0.00155646 0.000922965 -0.0104445 0.00184733 0.00115804 0.00921593 -0.0126522 0.00211617 0.00139402 -0.00960521 0.0097443 -0.00357836 -0.00146459 -0.0114394 -0.0175652 -0.00310742 0.00235249 0.00164492
internal_weight=0 9690.86 3620.77 3239.79 2639.3 2346.52 554.846 600.493 1791.68 1455.37 6070.08 5595.53 5224.81 4825.69 362.899 4462.8 4074.5 399.118 292.777 3742.07 3418.44 274.006 323.623 1076.29 866.726 380.979 219.558 161.421 3144.44 2900.09
internal_count=50824 46409 16664 14863 12130 10743 2512 2733 8231 6657 29745 27520 25808 23907 1681 22226 20301 1901 1387 18741 17102 1263 1639 4992 3999 1801 1031 770 15839 14569
is_linear=0
shrinkage=0.05


Tree=70
num_leaves=31
num_cat=0
split_feature=0 0 0 5 0 2 2 4 2 2 5 1 2 3 0 2 2 2 2 5 0 2 1 0 2 2 0 2 2 0
split_gain=25.1238 9.3834 9.00538 13.4443 8.40148 10.7305 7.65041 7.32534 8.09735 7.73308 8.18549 6.99706 6.84858 6.53176 6.3492 6.26241 7.67774 5.81615 7.01155 5.46227 5.44396 5.931 5.35263 4.77014 5.97628 4.13003 3.61336 3.58636 6.17875 3.80019
threshold=28.000000000000004 52.500000000000007 65.500000000000014 1.0000000180025095e-35 78.500000000000014 34.95000000000001 21.050000000000004 1.0000000180025095e-35 37.150000000000013 44.650000000000013 1.0000000180025095e-35 1.0000000180025095e-35 20.950000000000003 1.5000000000000002 69.500000000000014 20.050000000000004 21.450000000000003 21.450000000000003 21.250000000000004 1.0000000180025095e-35 40.500000000000007 20.450000000000003 1.0000000180025095e-35 59.500000000000007 38.050000000000004 37.95000000000001 39.500000000000007 32.95000000000001 31.950000000000003 61.500000000000007
decision_type=2 2 2 2 2 2 2 2 2 2 2 2 2 2 2 2 2 2 2 2 2 2 2 2 2 2 2 2 2 2
left_child=19 6 7 4 11 -6 12 9 -9 10 15 13 20 -4 22 -3 -17 18 -8 25 -2 -22 -5 24 -18 -1 -14 28 -25 -29
right_child=1 2 3 14 5 -7 17 8 -10 -11 -12 -13 26 -15 -16 16 23 -19 -20 -21 21 -23 -24 27 -26 -27 -28 29 -30 -31
leaf_value=-0.040866777186229858 -0.029993088885429238 -0.026443137389071454 -0.013577332019298267 -0.0023528554479138202 -0.00077950829512813031 0.046313152302276138 -0.0057278881290947874 0.00095390427970436925 0.011364292889366717 -0.025495849501247017 -0.0022195841437897129 -0.039735314542338813 0.0056279127859163152 -0.0028837293260705298 0.0052482639639076902 0.0370483525721719 0.0047723261122918428 -0.0014136320301780965 0.034410364657309379 -0.0070015808736543549 -0.0090107658231515612 0.013254266768197596 -0.03153834838729714 0.016158263527198395 0.029530460798341041 0.012701481959608267 -0.037405561973176633 0.025768144682459776 0.058311769918264991 -0.0041752025780323557
leaf_weight=50.72501652315259 22.398423079401255 11.871026575565336 296.91668114066124 202.4552643597126 219.01506081223488 12.803519085049627 19.353093802928925 3213.2642532214522 198.31607674062252 18.444993525743484 184.09573701024055 18.429460093379021 5.8020385205745688 275.10712394118309 634.51968263089657 25.624263882637024 429.3671250641346 3482.0141561664641 24.851673200726509 20.886223826557398 125.99369205534458 39.221313819289207 17.031488806009293 174.40957517176867 25.841456532478333 3.8728590309619895 30.627703472971916 14.363844037055967 9.1490859538316709 40.39514684677124
leaf_count=1587 262 51 1686 954 961 52 81 16283 1086 81 828 103 124 1247 2743 114 2135 17242 104 463 590 166 85 1012 137 113 164 100 57 213
internal_value=0 0.000209218 0.00143199 -0.00168116 -0.00624456 0.00182146 -0.00175407 0.00263299 0.00155906 0.00655753 0.00720359 -0.00941137 -0.0107133 -0.00843439 0.00271267 0.00957666 0.0101712 -0.00118483 0.0168376 -0.028748 -0.00686117 -0.00372515 -0.00461756 0.00917819 0.00617781 -0.037067 -0.0305518 0.0149092 0.0182593 0.00367924
internal_weight=0 9771.68 6021.42 1676.28 822.272 231.819 3750.26 4345.14 3411.58 933.562 915.117 590.453 224.043 572.024 854.006 731.022 719.15 3526.22 44.2048 75.4841 187.613 165.215 219.487 693.526 455.209 54.5979 36.4297 238.318 183.559 54.759
internal_count=50824 48661 29928 7831 4049 1013 18733 22097 17369 4728 4647 3036 1306 2933 3782 3819 3768 17427 185 2163 1018 756 1039 3654 2272 1700 288 1382 1069 313
is_linear=0
shrinkage=0.05


Tree=71
num_leaves=31
num_cat=0
split_feature=0 0 0 0 1 2 2 2 5 2 2 0 2 2 0 0 2 2 5 4 2 2 2 2 2 5 0 3 2 2
split_gain=23.3282 8.4766 8.34122 23.7842 9.63071 9.0595 6.95696 6.31585 5.28873 5.24104 6.29905 5.04215 5.35589 5.03713 7.78293 8.62245 6.69428 6.20155 5.28955 4.31132 4.79965 5.66916 4.64046 5.93906 4.25433 4.22984 4.17944 5.2488 8.43937 3.96861
threshold=28.000000000000004 52.500000000000007 61.500000000000007 60.500000000000007 1.0000000180025095e-35 25.550000000000004 21.050000000000004 20.950000000000003 1.0000000180025095e-35 21.450000000000003 21.250000000000004 40.500000000000007 20.450000000000003 37.150000000000013 55.500000000000007 57.500000000000007 36.95000000000001 37.850000000000001 1.0000000180025095e-35 1.0000000180025095e-35 35.95000000000001 36.250000000000007 30.150000000000002 30.950000000000003 47.750000000000007 1.0000000180025095e-35 78.500000000000014 1.5000000000000002 31.950000000000003 37.95000000000001
decision_type=2 2 2 2 2 2 2 2 2 2 2 2 2 2 2 2 2 2 2 2 2 2 2 2 2 2 2 2 2 2
left_child=8 6 3 13 26 -6 7 11 29 10 -8 -2 -13 16 -15 17 19 -16 -18 20 22 -22 -3 -24 -19 -5 -4 -28 -29 -1
right_child=1 2 4 25 5 -7 9 -9 -10 -11 -12 12 -14 14 15 -17 18 24 -20 -21 21 -23 23 -25 -26 -27 27 28 -30 -31
leaf_value=-0.040375921984201937 -0.02903113269539187 0.0037433606122890895 -0.0008662890493564611 0.016857653705149297 -0.029648001186300815 -0.0030631676041041225 -0.0054453861588595947 -0.029428195931206488 -0.0066949253091710924 -0.001342965618908652 0.032578774162952968 -0.0085842897694844589 0.012562451701385272 0.026284601365743683 0.041459933392548755 0.021121341488408524 -0.050676928857282068 -0.0048662635761098152 0.0088147355354861213 0.00063195640099929955 -0.050959525752703606 0.021885158868546313 0.043544344544133917 0.010543595803304105 -0.038909117082242088 0.040040701157648212 -0.00028734191325909973 0.0074770132070230491 0.04402283876112429 0.011921269927072164
leaf_weight=48.82301720790565 21.994027577340603 438.1470639705658 2203.927901558578 190.40276322513819 53.688056774437428 79.498598486185074 19.339615374803543 35.945951789617538 20.754213068634272 3481.9757824279368 24.9341651648283 125.6495383605361 39.309823766350746 52.19714067876339 6.5216204822063437 46.141280606389046 10.886095553636553 72.467265650629997 5.6888812482357016 2270.0823651850224 7.7934739589691144 4.0635764300823212 15.619157686829565 107.24643105268478 10.508176296949385 21.942866116762161 237.81865178048611 162.48366147279739 17.498210981488228 3.9187885522842398
leaf_count=1587 262 2120 11095 1235 286 394 81 288 463 17242 104 590 166 312 30 304 54 314 24 11107 37 22 94 567 45 106 1054 657 71 113
internal_value=0 0.000198873 0.00136202 0.00307379 -0.000663404 -0.0137796 -0.00166712 -0.0102339 -0.0280764 -0.0011256 0.0159691 -0.00654332 -0.00354502 0.00194637 0.00987792 0.00356421 0.00142537 -0.00548758 -0.0302581 0.00161009 0.00548608 -0.0259946 0.00615143 0.0147388 -0.00917752 0.0192533 2.91393e-06 0.00458802 0.0110301 -0.0364902
internal_weight=0 9763.77 6014.62 3259.71 2754.92 133.187 3749.15 222.899 73.496 3526.25 44.2738 186.953 164.959 3047.36 187.835 135.638 2859.53 89.4971 16.575 2842.95 572.87 11.8571 561.013 122.866 82.9754 212.346 2621.73 417.801 179.982 52.7418
internal_count=50824 48661 29928 16371 13557 680 18733 1306 2163 17427 185 1018 756 15030 1005 693 14025 389 78 13947 2840 59 2781 661 359 1341 12877 1782 728 1700
is_linear=0
shrinkage=0.05


Tree=72
num_leaves=31
num_cat=0
split_feature=0 0 4 5 2 0 0 3 0 0 0 0 2 2 2 2 0 0 0 2 1 2 2 2 5 3 0 0 0 2
split_gain=21.649 7.95426 5.97389 5.1141 5.00647 4.45215 8.52613 7.75022 6.46223 5.57381 7.04744 9.00039 6.95622 6.44122 14.0086 5.72828 4.89446 7.87508 6.82439 6.6468 5.35998 5.28348 4.86516 7.92922 5.42975 5.0107 4.80058 12.3667 9.00091 7.07094
threshold=28.000000000000004 42.500000000000007 1.0000000180025095e-35 1.0000000180025095e-35 22.050000000000004 78.500000000000014 65.500000000000014 1.5000000000000002 69.500000000000014 54.500000000000007 56.500000000000007 57.500000000000007 38.050000000000004 23.050000000000004 23.450000000000003 21.950000000000003 61.500000000000007 60.500000000000007 62.500000000000007 18.550000000000004 1.0000000180025095e-35 18.050000000000004 21.850000000000005 22.050000000000004 1.0000000180025095e-35 1.5000000000000002 51.500000000000007 50.500000000000007 49.500000000000007 35.550000000000004
decision_type=2 2 2 2 2 2 2 2 2 2 2 2 2 2 2 2 2 2 2 2 2 2 2 2 2 2 2 2 2 2
left_child=3 4 -3 -1 -2 6 9 8 -8 26 -11 13 16 15 -15 -12 17 19 20 -13 21 -18 -21 -24 -25 -26 27 28 -4 -30
right_child=1 2 5 -5 -6 -7 7 -9 -10 10 11 12 -14 14 -16 -17 18 -19 -20 22 -22 -23 23 24 25 -27 -28 -29 29 -31
leaf_value=-0.035906015297848537 -0.014811538773273403 0.0029735450881775323 0.00029055248487009624 -0.0063999001395837959 -0.0030318752528089624 0.0062939224848188374 -0.019825472262116617 -0.0009251049333334105 -0.0057665260757417966 0.0069517883848231009 -0.0044727014330099343 0.047571207068553889 0.017233485933431391 0.057079668709764435 -0.0033056999579709847 -0.028008180867329091 -0.050736536035235993 0.014631950152682755 0.0058219931207871799 -0.012975512413218388 -0.023904130930942666 -0.0023343500126303718 0.047029309195208195 0.00073593271096264923 0.057541071969561097 0.011593424211607252 -0.0038973978700678176 0.010901204751163263 -0.012831502437725016 0.024044957614575993
leaf_weight=50.971518876031041 102.98904075846076 2076.7306745499372 1322.6835249662399 20.628681071102619 726.3665579892695 262.81676422059536 123.01353427022696 502.9905891418457 243.59209794551134 558.39079909026623 53.598528131842613 7.9812966436147681 77.344922229647636 9.7881357818841916 511.63684846460819 49.944216459989548 5.7031125873327246 157.18703506141901 252.30999755859375 52.273722901940346 32.293286338448524 494.3108903169632 10.01886212825775 556.02602036297321 6.826402708888053 45.363158598542213 1049.891971886158 240.85194890201092 210.06100286543369 13.856763541698454
leaf_count=1700 933 9668 5828 463 4926 1144 802 2227 1377 2779 243 33 451 40 2222 220 26 988 1874 226 149 2159 43 3112 28 214 4847 1105 923 74
internal_value=0 0.000189251 0.000624383 -0.027405 -0.00449467 -8.77395e-05 -0.000342327 -0.00495494 -0.010484 0.00035912 0.00190828 0.00069574 0.00258425 -0.00443413 -0.00217215 -0.0158251 0.00188497 0.00454775 -0.000951096 0.00221152 -0.00416149 -0.00288642 0.00167159 0.00291005 0.00218329 0.0176034 -0.00121387 0.000362344 -0.00127887 -0.0105495
internal_weight=0 9756.84 8927.49 71.6002 829.356 6850.76 6587.94 869.596 366.606 5718.34 2881 2322.61 1697.64 624.968 521.425 103.543 1620.29 835.676 784.617 678.489 532.307 500.014 670.508 618.234 608.216 52.1896 2837.35 1787.45 1546.6 223.918
internal_count=50824 48661 42802 2163 5859 33134 31990 4406 2179 27584 14807 12028 9303 2725 2262 463 8852 4644 4208 3656 2334 2185 3623 3397 3354 242 12777 7930 6825 997
is_linear=0
shrinkage=0.05


Tree=73
num_leaves=31
num_cat=0
split_feature=0 0 2 2 2 0 0 3 0 0 5 0 0 2 3 0 0 2 2 2 0 5 5 0 0 2 2 2 2 5
split_gain=20.0746 7.44068 5.59491 7.41531 9.73781 9.16166 5.62554 5.3989 8.66979 10.5949 10.5261 6.03069 5.45052 5.93435 5.09607 6.29688 5.08856 9.39702 6.6459 5.40783 5.07509 5.14372 4.93762 4.83722 7.78528 7.46443 17.6343 12.8819 21.0086 5.78709
threshold=28.000000000000004 47.500000000000007 30.050000000000004 30.950000000000003 31.050000000000004 62.500000000000007 61.500000000000007 1.5000000000000002 65.500000000000014 50.500000000000007 1.0000000180025095e-35 51.500000000000007 48.500000000000007 19.350000000000005 1.5000000000000002 60.500000000000007 60.500000000000007 20.050000000000004 20.950000000000003 29.950000000000003 78.500000000000014 1.0000000180025095e-35 1.0000000180025095e-35 46.500000000000007 44.500000000000007 31.950000000000003 31.050000000000004 32.050000000000004 32.95000000000001 1.0000000180025095e-35
decision_type=2 2 2 2 2 2 2 2 2 2 2 2 2 2 2 2 2 2 2 2 2 2 2 2 2 2 2 2 2 2
left_child=22 23 7 6 5 -5 14 8 9 12 16 -9 -3 -14 -4 -16 19 -18 -19 -11 21 -10 -1 24 -2 26 29 -27 -29 -25
right_child=1 2 3 4 -6 -7 -8 11 20 10 -12 -13 13 -15 15 -17 17 18 -20 -21 -22 -23 -24 25 -26 27 -28 28 -30 -31
leaf_value=-0.035311355949777558 -0.0031589889438168651 0.0041976177772570988 0.0027491200660813104 -0.02433260547587705 0.0031099038259525345 0.0011661206241551716 0.033281735591558101 0.0082867120973119223 -0.016017399599074406 0.0013775677878680383 -0.010034987979434563 0.00087366142178736672 0.033913352401967405 -0.012005691965350158 0.024847980795318345 -0.039837972119457311 -0.025518432322375426 0.051200230270769365 0.008032397048711613 -0.022688935296987761 -0.00048838155834109859 -0.00431046205878004 -0.0061162270957066641 -0.0015620938601826478 0.0052528172037965429 -0.059414635897583716 0.060789449433065301 0.089059235336125184 -0.015918477717262989 -0.016814909728733615
leaf_weight=49.281591879203916 1146.1318121440709 74.802457004785538 116.79587204754353 64.937572285532951 1775.4495241343975 76.995346248149872 27.204401023685932 315.59542471170425 191.20571558177471 1640.8024007976055 190.16556824743748 2099.5352451056242 7.2102353125810614 291.21418163180351 56.992569029331207 4.0281410589814177 20.708457052707672 9.1335588097572309 374.42520985752344 23.67878632247448 204.84845417737961 184.23435001075268 20.509311970323324 269.12962040305138 361.92506632208824 15.849814906716345 10.462498128414152 4.9866119027137747 107.66840054094791 80.874628096818924
leaf_count=1700 7217 318 659 306 9157 338 182 1362 1204 7589 991 9739 30 1235 316 31 95 47 2124 103 920 953 463 1155 1554 71 42 20 462 441
internal_value=0 0.000180007 0.000881274 0.00306885 0.00210243 -0.0105001 0.0121069 5.62423e-05 -0.00128657 -6.69518e-05 0.00122248 0.00184236 -0.00787112 -0.0108962 0.00886736 0.0205779 0.0022573 0.00728905 0.00906034 0.0010352 -0.00681867 -0.0102726 -0.0267318 -0.00254143 -0.0011402 -0.00686302 -0.00317448 -0.0172097 -0.0112717 -0.00508652
internal_weight=0 9746.99 7749.96 2122.4 1917.38 141.933 205.021 5627.56 3212.43 2632.14 2258.91 2415.13 373.227 298.424 177.817 61.0207 2068.75 404.267 383.559 1664.48 580.289 375.44 69.7909 1997.03 1508.06 488.972 360.467 128.505 112.655 350.004
internal_count=50824 48661 37699 10989 9801 644 1188 26710 15609 12532 10949 11101 1583 1265 1006 347 9958 2266 2171 7692 3077 2157 2163 10962 8771 2191 1638 553 482 1596
is_linear=0
shrinkage=0.05


Tree=74
num_leaves=31
num_cat=0
split_feature=0 2 2 2 2 2 2 2 0 2 2 0 1 2 2 0 0 0 0 2 2 0 2 2 0 3 2 5 0 0
split_gain=18.6655 6.38727 14.885 10.1439 7.86397 11.9984 9.24135 17.5645 8.35899 8.09571 14.5875 7.92298 7.73271 7.57347 12.3482 9.11626 7.52933 7.20505 7.25275 6.99893 10.8484 10.9232 9.46555 12.9324 10.4417 9.37521 8.99476 7.92921 6.97177 8.59182
threshold=38.000000000000007 25.050000000000004 24.950000000000003 24.850000000000005 25.850000000000005 26.050000000000004 26.850000000000005 27.050000000000004 74.500000000000014 27.850000000000005 28.050000000000004 61.500000000000007 1.0000000180025095e-35 28.950000000000003 29.050000000000004 62.500000000000007 61.500000000000007 62.500000000000007 41.500000000000007 29.950000000000003 30.050000000000004 53.500000000000007 30.950000000000003 31.050000000000004 62.500000000000007 1.5000000000000002 31.950000000000003 1.0000000180025095e-35 46.500000000000007 47.500000000000007
decision_type=2 2 2 2 2 2 2 2 2 2 2 2 2 2 2 2 2 2 2 2 2 2 2 2 2 2 2 2 2 2
left_child=-1 2 3 12 -3 -6 11 8 -8 -9 -11 -7 -2 16 15 -15 -12 18 -4 -16 21 -21 25 24 27 28 -25 -24 -22 -30
right_child=1 4 17 -5 5 6 7 9 -10 10 13 -13 -14 14 19 -17 -18 -19 -20 20 22 -23 23 26 -26 -27 -28 -29 29 -31
leaf_value=-0.01674354204741494 -0.00011670664912267731 0.0074605937727922544 0.042794707701641836 0.020316935640565203 -0.0079675933125778337 0.0063719536605229598 -0.013445555349531169 0.0085343193272081411 0.0062435813880907442 -0.0091006551498653745 0.0064966349958255828 0.030197962745070528 -0.011649269266208975 -0.016696278039982439 0.0094479823444223454 0.001878761821401917 0.0309495565149293 -0.0027345862472281596 -0.018090790836214551 -0.029411025543814501 -0.015982663873839679 -0.0030364280671700034 -0.036111969856250807 0.011485927178152515 0.0011075434041527966 0.023823078469031839 0.0010663239978715734 -0.0053845531382826738 0.061461770420491106 0.0062308964028377949
leaf_weight=163.88224231824279 3011.5642597973347 472.45085859298706 5.0061598867177954 58.62515277415514 369.23078688979149 358.30538040399551 295.18583315610886 386.14830723404884 65.950156807899475 331.03514108806849 286.24246242642403 38.656409963965416 152.72269289195538 160.3783785328269 289.91893772780895 112.30975569784641 35.369866147637367 160.54959519952536 212.98236751556396 52.547183305025101 34.324186503887177 155.21948376297951 53.675235956907272 231.51581488549709 77.0136858522892 93.655209697782993 1965.7845749333501 34.483235627412796 7.4350235611200324 133.01565605401993
leaf_count=4415 13846 2225 22 279 1712 1653 1402 1925 279 1560 1417 248 738 741 1505 522 222 770 1009 258 153 711 248 1246 338 514 9866 195 30 775
internal_value=0 0.000273474 -0.00139314 -0.000291505 0.00126724 0.000741674 0.0013603 0.000754108 -0.00984995 0.0016166 0.000957661 0.00869215 -0.00067332 0.00185204 0.00115857 -0.00904593 0.00918589 -0.0107725 -0.0166925 0.002048 0.00129222 -0.00970694 0.00216085 0.00114991 -0.0123429 0.0110581 0.00216417 -0.0240929 0.00421791 0.00915465
internal_weight=0 9641.3 3601.45 3222.91 6039.85 5567.4 5198.17 4801.21 361.136 4440.07 4053.92 396.962 3164.29 3722.89 3401.28 272.688 321.612 378.538 217.989 3128.59 2838.67 207.767 2630.9 2362.47 165.172 268.43 2197.3 88.1585 174.775 140.451
internal_count=50824 46409 16664 14863 29745 27520 25808 23907 1681 22226 20301 1901 14584 18741 17102 1263 1639 1801 1031 15839 14334 969 13365 11893 781 1472 11112 443 958 805
is_linear=0
shrinkage=0.05


Tree=75
num_leaves=31
num_cat=0
split_feature=0 0 0 0 1 2 2 2 5 2 2 2 2 0 0 2 2 5 2 5 2 4 2 2 2 2 2 2 2 2
split_gain=17.7096 6.61918 6.55005 20.1281 8.0689 7.92615 6.08305 5.73501 4.83954 4.80319 5.63953 4.40367 4.39442 7.30584 7.60696 6.00863 5.65833 4.66821 4.14383 3.99251 3.83304 3.72078 4.36642 5.06971 4.11043 5.34512 3.59628 10.9257 6.05693 9.60109
threshold=28.000000000000004 52.500000000000007 61.500000000000007 60.500000000000007 1.0000000180025095e-35 25.550000000000004 21.050000000000004 20.950000000000003 1.0000000180025095e-35 21.450000000000003 21.250000000000004 20.250000000000004 37.150000000000013 55.500000000000007 57.500000000000007 36.95000000000001 37.850000000000001 1.0000000180025095e-35 37.95000000000001 1.0000000180025095e-35 47.750000000000007 1.0000000180025095e-35 35.95000000000001 36.250000000000007 30.150000000000002 30.950000000000003 19.650000000000002 20.050000000000004 18.050000000000004 18.550000000000004
decision_type=2 2 2 2 2 2 2 2 2 2 2 2 2 2 2 2 2 2 2 2 2 2 2 2 2 2 2 2 2 2
left_child=8 6 3 12 -4 -6 7 11 18 10 -8 -2 15 -14 16 21 -15 -17 -1 -5 -18 22 24 -24 -3 -26 28 -28 -23 -30
right_child=1 2 4 19 5 -7 9 -9 -10 -11 -12 -13 13 14 -16 17 20 -19 -20 -21 -22 26 23 -25 25 -27 27 -29 29 -31
leaf_value=-0.038733514181116951 -0.011058654036299399 0.0033630891231650711 7.7946533281214393e-06 0.015416405364499923 -0.027684192432883045 -0.0026568827450100755 -0.0049187477146175381 -0.028071262601326953 -0.0050895763704054591 -0.0011882931575637862 0.031079239630252505 0.0057653640391777559 0.025197218198843192 0.039740446458620793 0.019754682437597565 -0.047633414972860159 -0.004831649667184983 0.008105564982887635 0.016734988101962976 0.038174070981854151 -0.037102166466499747 -0.011061541732361211 -0.048379000122284077 0.020706573391391526 0.041663225931984654 0.009819511633916941 -0.037435736034007877 0.00048385974726675927 0.073897765973709992 0.011464097587283324
leaf_weight=43.273256625980139 130.18455952592194 436.41992115974426 2611.3161940425634 186.38646852225065 52.741212345659733 79.053736053407192 19.28517584502697 35.098471265286207 20.087963052093983 3471.4233923852444 24.9631487429142 55.466901913285255 51.273516967892647 6.434607356786727 45.117349818348885 11.041701540350916 72.44805933535099 5.6932678818702689 3.6511394605040541 21.494668781757355 10.540554553270338 17.543482229113579 7.8548976778984052 4.0117828100919724 15.040066018700598 106.44030059874058 19.162253260612488 2188.7093220055103 7.7982688546180716 29.271320149302483
leaf_count=1587 780 2120 12877 1235 286 394 81 288 463 17242 104 238 312 30 304 54 314 24 113 106 45 75 37 22 94 567 88 10788 32 124
internal_value=0 0.000166115 0.00119687 0.00271812 -0.000601427 -0.0126722 -0.00148517 -0.0095363 -0.0256261 -0.00097964 0.0153899 -0.00603216 0.00168712 0.00913721 0.00301673 0.00120121 -0.0054282 -0.0286709 -0.0344176 0.0177695 -0.00893039 0.00137772 0.00498903 -0.0250232 0.0056274 0.013762 0.000468273 0.000154753 0.0131431 0.0245982
internal_weight=0 9722.21 5985.79 3242.68 2743.11 131.795 3736.42 220.75 67.0124 3515.67 44.2483 185.651 3034.8 185.814 134.541 2848.99 89.4232 16.735 46.9244 207.881 82.9886 2832.25 569.767 11.8667 557.9 121.48 2262.48 2207.87 54.6131 37.0696
internal_count=50824 48661 29928 16371 13557 680 18733 1306 2163 17427 185 1018 15030 1005 693 14025 389 78 1700 1341 359 13947 2840 59 2781 661 11107 10876 231 156
is_linear=0
shrinkage=0.05


Tree=76
num_leaves=31
num_cat=0
split_feature=0 2 2 2 0 2 2 2 2 2 0 2 0 2 0 0 0 2 0 4 0 0 0 2 2 0 0 0 0 5
split_gain=16.4003 6.20091 7.16855 10.3961 8.5338 7.08319 5.50695 7.37592 5.95846 16.0907 7.66615 6.98877 6.70631 5.70411 7.62335 8.17935 17.521 6.15057 6.04765 5.63803 5.54122 5.29362 5.08711 5.04786 12.2389 12.1185 7.83475 5.02962 4.8478 4.65463
threshold=28.000000000000004 20.050000000000004 20.850000000000005 21.050000000000004 56.500000000000007 19.850000000000005 21.550000000000004 22.050000000000004 22.950000000000003 23.050000000000004 69.500000000000014 23.450000000000003 61.500000000000007 21.950000000000003 62.500000000000007 61.500000000000007 57.500000000000007 21.750000000000004 57.500000000000007 1.0000000180025095e-35 56.500000000000007 62.500000000000007 53.500000000000007 24.050000000000004 23.950000000000003 40.500000000000007 62.500000000000007 69.500000000000014 62.500000000000007 1.0000000180025095e-35
decision_type=2 2 2 2 2 2 2 2 2 2 2 2 2 2 2 2 2 2 2 2 2 2 2 2 2 2 2 2 2 2
left_child=29 5 4 28 -3 -2 -5 13 12 10 -10 -11 -9 17 15 16 20 18 -8 -13 22 -14 -15 24 25 -21 -26 -7 -4 -1
right_child=1 2 3 6 -6 27 7 8 9 11 -12 19 21 14 -16 -17 -18 -19 -20 23 -22 -23 -24 -25 26 -27 -28 -29 -30 -31
leaf_value=-0.033808603096279193 -0.0016782324122386662 0.0038380658689806018 -0.020665778084864486 0.010680492196304681 0.033090526479173973 -0.024761120858267469 -0.019320442533466237 0.0047120132836281324 -0.017125237338984509 0.0090689698797602001 0.00099760055451920114 0.0028962824587483796 0.051390051878391269 -0.019091301852695974 -3.161807786871083e-05 -0.048842358832214688 0.046834857997047979 0.015483661795202811 0.019530720709386322 -0.0471214753760823 -0.044039856021154837 0.010402159260021497 0.021551725961463711 0.00016814711011410824 -0.021073931801678859 0.0042294010506416149 -0.0028546233838162133 -0.002521313675307185 -0.002624397447937449 -0.004858115136556619
leaf_weight=45.426628533750772 260.0379515402019 83.04823049902916 84.864393159747124 130.14195586740971 35.627935573458672 70.90819082595408 38.744348078966141 345.95697228610516 190.77009693533182 243.18755051493645 84.068188086152077 1817.6381917968392 14.215329989790918 70.458674166351557 83.254507288336754 19.979005455970764 10.664764449000357 48.234009087085724 13.509035676717756 11.995733857154844 20.117006331682205 17.668117687106133 8.643569663166998 5393.1713443435729 137.55784916505218 272.13931396603584 103.33197177201509 39.630676776170731 66.342243999242783 19.995211996138096
leaf_count=1700 1283 352 513 563 164 456 162 1489 1020 1108 391 8818 58 459 414 89 46 211 68 51 92 118 35 27663 757 1226 521 201 333 463
internal_value=0 0.000158085 0.00040962 0.000252566 0.01262 -0.0061852 0.000469204 0.000320644 0.000594312 0.000313242 -0.0115818 0.000722967 0.00673424 -0.00721182 -0.0118422 -0.0194139 -0.0140633 0.00260851 -0.00927627 0.000460598 -0.020609 0.0286767 -0.0146502 -0.000287466 -0.00496763 0.00206145 -0.0132586 -0.0167876 -0.0127501 -0.0249603
internal_weight=0 9715.91 9345.33 9226.65 118.676 370.577 9075.45 8945.31 8631.7 8253.86 274.838 7979.02 377.84 313.605 213.118 129.863 109.884 100.487 52.2534 7735.83 99.2193 31.8834 79.1022 5918.2 525.025 284.135 240.89 110.539 151.207 65.4218
internal_count=50824 48661 46721 46205 516 1940 45359 44796 43220 41555 1411 40144 1665 1576 1135 721 632 441 230 39036 586 176 494 30218 2555 1277 1278 657 846 2163
is_linear=0
shrinkage=0.05


Tree=77
num_leaves=31
num_cat=0
split_feature=0 0 5 2 2 2 0 0 3 0 0 5 0 0 0 3 0 2 2 0 0 0 0 0 2 2 2 4 0 3
split_gain=15.1743 5.90488 4.46959 4.24756 5.9181 7.94336 7.61458 5.34064 5.13521 7.26161 9.58321 8.37735 5.23655 5.17043 4.7179 4.5691 4.51393 5.14338 4.59667 5.44622 6.90933 7.23691 5.88395 4.35245 8.12332 5.84992 4.63054 4.49602 4.32067 4.26819
threshold=28.000000000000004 47.500000000000007 1.0000000180025095e-35 30.050000000000004 30.950000000000003 31.050000000000004 62.500000000000007 61.500000000000007 1.5000000000000002 65.500000000000014 50.500000000000007 1.0000000180025095e-35 51.500000000000007 49.500000000000007 69.500000000000014 1.5000000000000002 49.500000000000007 31.250000000000004 31.950000000000003 55.500000000000007 63.500000000000007 61.500000000000007 57.500000000000007 60.500000000000007 20.050000000000004 20.950000000000003 29.950000000000003 1.0000000180025095e-35 63.500000000000007 1.5000000000000002
decision_type=2 2 2 2 2 2 2 2 2 2 2 2 2 2 2 2 2 2 2 2 2 2 2 2 2 2 2 2 2 2
left_child=2 -2 -1 8 7 6 15 29 9 10 13 23 -10 -3 -11 -6 17 -7 19 -18 21 22 -21 26 -25 -26 -12 -27 -9 -5
right_child=1 3 -4 4 5 16 -8 28 12 14 11 -13 -14 -15 -16 -17 18 -19 -20 20 -22 -23 -24 24 25 27 -28 -29 -30 -31
leaf_value=-0.033189267426417722 -0.0022796106930991185 -0.0027118533253487915 -0.0046361906890017854 0.0020729118814754423 -0.036526603321024198 -0.030505267463634869 0.0010034331802543088 0.044796620769017581 0.0078142033189940417 -0.015425290163269795 0.0012029156445061097 -0.0090111657944031889 0.00089586375119330526 -0.014702402862097308 -0.0040864839181091028 -0.0097756270839198765 -0.00088929791475382395 0.017022548429328509 0.001293787350168136 0.031617255987250598 -0.026443966336589166 0.04944278760158894 0.0024187425082935064 -0.023888905048632923 0.048516345345097522 0.018315275780952493 -0.021083503789514957 0.0046191089734741756 0.00061746434055312939 0.018540540196509747
leaf_weight=43.997189562767744 1988.4541786275804 222.45154492557049 19.907037433236837 115.94567574560642 30.062462195754051 6.1147008240222922 77.038170397281647 18.697051763534549 314.6233985722065 114.43320841342211 1636.1296831220388 188.00722214579582 2093.3742164745927 150.88920539617538 462.58443859964609 34.031915754079819 67.201104506850243 82.417364582419395 1516.8248315602541 29.199176803231239 8.1667299866676313 18.517120853066444 42.175685122609138 20.598025977611542 8.8539727330207807 75.13215197622776 23.644074007868767 295.93556199222803 7.8610397055745116 59.560678921639919
leaf_count=1700 10962 946 463 659 150 32 338 115 1362 736 7589 991 9739 637 2341 156 362 443 7730 142 62 103 283 95 47 437 103 1687 67 347
internal_value=0 0.000150097 -0.0242946 0.000775883 0.0026859 0.00182578 -0.00958999 0.0108235 5.57721e-05 -0.00125716 -0.000139495 0.00109237 0.0017998 -0.00755795 -0.00633518 -0.0223228 0.00273571 0.0137399 0.00215653 0.0100752 0.0175893 0.0215898 0.0143637 0.00201435 0.00669261 0.00835063 0.000885438 0.00739225 0.0317198 0.00766145
internal_weight=0 9708.92 63.9042 7720.47 2113.81 1911.75 141.133 202.064 5606.66 3198.66 2621.64 2248.3 2408 373.341 577.018 64.0944 1770.62 88.5321 1682.08 165.26 98.0587 89.892 71.3749 2060.29 400.52 379.922 1659.77 371.068 26.5581 175.506
internal_count=50824 48661 2163 37699 10989 9801 644 1188 26710 15609 12532 10949 11101 1583 3077 306 9157 475 8682 952 590 528 425 9958 2266 2171 7692 2124 182 1006
is_linear=0
shrinkage=0.05


Tree=78
num_leaves=31
num_cat=0
split_feature=0 0 0 0 0 5 0 2 1 2 2 2 2 2 2 2 2 2 2 2 2 2 2 2 2 2 2 2 2 2
split_gain=14.0319 5.57801 8.19481 7.76226 15.6818 11.8474 8.33133 7.75634 7.2032 7.00576 5.8325 5.50787 4.9778 7.15354 4.52902 11.4708 9.04214 15.5205 9.47755 9.80095 9.42981 7.68452 6.68371 16.7043 11.6608 14.1752 8.69433 11.9446 7.34083 11.7674
threshold=28.000000000000004 54.500000000000007 56.500000000000007 57.500000000000007 61.500000000000007 1.0000000180025095e-35 60.500000000000007 34.850000000000001 1.0000000180025095e-35 25.550000000000004 39.350000000000001 47.750000000000007 21.250000000000004 21.350000000000005 23.050000000000004 23.750000000000004 24.050000000000004 24.950000000000003 25.050000000000004 25.650000000000002 23.950000000000003 22.950000000000003 27.050000000000004 27.850000000000005 26.950000000000003 26.050000000000004 28.050000000000004 28.950000000000003 29.050000000000004 29.750000000000004
decision_type=2 2 2 2 2 2 2 2 2 2 2 2 2 2 2 2 2 2 2 2 2 2 2 2 2 2 2 2 2 2
left_child=-1 12 -3 11 5 6 10 -7 -6 -10 -5 14 -2 -14 21 -16 20 -18 -19 -20 -17 -4 24 -24 25 -21 -25 -28 -29 -30
right_child=1 2 3 4 8 7 -8 -9 9 -11 -12 -13 13 -15 15 16 17 18 19 22 -22 -23 23 26 -26 -27 27 28 29 -31
leaf_value=-0.023632451058026069 -0.0077302931501619186 0.0063678795632659338 -0.0057198318869714094 0.0020010363262453982 -3.3214993019922434e-06 0.019476463694995248 0.014532705480406867 0.073672481425945485 -0.026263725566596653 -0.0026319809553840504 0.027672555918182802 -0.041835207435499261 0.028314479113940777 -0.00089326098058218901 0.034688973984540891 0.010657062190474936 0.03272564351530545 -0.026888689665726075 0.033093545513709778 -0.019712349833325149 -0.041614836352388246 -0.035671260721750683 0.03979733627384946 -0.025958489230641636 -0.038738423161496151 0.028681754741542154 0.03620313488459944 -0.027456707007983496 0.042206814723950742 -0.0025881130592645823
leaf_weight=62.458450634032488 271.78197596035898 677.72812587022781 99.567731648683548 776.72494620829821 2606.4294303506613 85.062396988272667 183.99934532493353 7.1572817265987387 52.032153867185116 78.94624301046133 22.77414782345295 9.4702928066253644 21.071439638733864 4094.8838223330677 20.796565905213356 12.370720401406286 31.404374793171883 39.865662053227425 19.583831921219826 42.409363985061646 28.517124369740486 27.28332707285881 24.57042483985424 36.441654652357101 33.314610913395882 23.52544966340065 21.063088044524193 27.309429034590721 15.390069946646689 309.48377811908722
leaf_count=2163 1524 3414 446 4319 12877 400 1235 35 286 394 159 39 87 20354 86 51 129 183 84 180 130 122 105 163 152 96 94 128 71 1318
internal_value=0 0.000142863 0.0012324 0.000481577 0.00143176 0.00654678 0.00494 0.0236827 -0.000578284 -0.0120199 0.0027323 -0.00392421 -0.00117649 -0.000743733 -0.00348255 -0.00187773 -0.00302086 -0.00152912 -0.00334333 -0.00164623 -0.0257998 -0.0121618 -0.00292145 -0.00024599 -0.0146277 -0.0024454 -0.00264753 -0.000371579 -0.00255901 -0.000466068
internal_weight=0 9700.96 5313.22 4635.49 3813.13 1075.72 983.498 92.2197 2737.41 130.978 799.499 822.368 4387.74 4115.96 812.897 686.046 665.25 624.362 592.957 553.092 40.8878 126.851 533.508 434.258 99.2494 65.9348 409.688 373.246 352.183 324.874
internal_count=50824 48661 26696 23282 19705 6148 5713 435 13557 680 4478 3577 21965 20441 3538 2970 2884 2703 2574 2391 181 568 2307 1879 428 276 1774 1611 1517 1389
is_linear=0
shrinkage=0.05


Tree=79
num_leaves=31
num_cat=0
split_feature=0 4 2 2 2 2 2 2 2 2 2 0 0 2 2 0 0 0 2 2 0 0 0 0 2 2 0 2 2 0
split_gain=13.1585 5.2691 6.61003 6.35365 4.72036 13.16 8.95751 7.06431 13.0235 8.25198 14.9744 7.44766 7.33466 7.30773 15.7038 7.61807 14.9788 6.7444 6.7438 10.5096 8.16796 6.9599 6.51327 6.52444 6.25041 9.22644 9.84828 7.90146 10.7362 8.89676
threshold=38.000000000000007 1.0000000180025095e-35 17.850000000000005 50.750000000000007 25.050000000000004 24.950000000000003 24.850000000000005 25.950000000000003 26.050000000000004 26.850000000000005 27.050000000000004 74.500000000000014 61.500000000000007 27.950000000000003 28.050000000000004 47.500000000000007 51.500000000000007 62.500000000000007 28.950000000000003 29.050000000000004 62.500000000000007 61.500000000000007 62.500000000000007 41.500000000000007 29.950000000000003 30.050000000000004 53.500000000000007 30.950000000000003 31.050000000000004 62.500000000000007
decision_type=2 2 2 2 2 2 2 2 2 2 2 2 2 2 2 2 2 2 2 2 2 2 2 2 2 2 2 2 2 2
left_child=1 3 -3 -1 5 6 -2 -6 17 12 11 -11 -10 -12 15 -15 -17 -9 21 20 -20 -16 23 -7 -21 26 -26 -27 29 -29
right_child=4 2 -4 -5 7 22 -8 8 9 10 13 -13 -14 14 18 16 -18 -19 19 24 -22 -23 -24 -25 25 27 -28 28 -30 -31
leaf_value=0.0022632820171626213 -0.00053320767991606622 0.088495623582098143 -0.019701050942209614 0.15161985894916941 0.0066579699551200565 0.040377138974584281 0.019273765932267581 -0.015496026322324136 0.0058832496856635183 -0.012637464767807725 0.0076062971736882423 0.0059530228860814041 0.029000897533507715 -0.030739197985007433 0.005959306858794651 0.052169267103067456 -0.0098035565401134589 -0.00082149961508508297 -0.015772106631160483 0.008776862875608497 0.0018364612759420524 0.029667085977044705 -0.0024107224549294462 -0.01705930465191972 -0.027946808991854713 0.010026532971951156 -0.0027995349202149301 -0.02237307622177696 0.0018499595522100277 0.00095932899431958301
leaf_weight=23.896708345040683 3150.2689862027764 1.4273079335689534 128.36942764185369 0.7339261993765821 518.7162938117981 5.0628367811441413 58.134269118309021 183.48407939076424 357.02222888171673 293.62815371155739 426.2860836610198 65.979627028107643 37.958896644413471 40.142903134226799 284.83363455533981 10.167929902672766 237.34983154386282 136.583651304245 159.36154641211033 288.02699092030525 112.24286393821239 34.732036523520947 160.06712640076876 211.24903538823128 52.000652499496937 265.40107285231352 154.9289965480566 86.971838273108006 2190.3749375343323 77.051140770316124
leaf_count=653 14584 50 3697 15 2449 22 279 831 1653 1402 2137 279 248 209 1417 43 1096 657 741 1505 522 222 770 1009 258 1472 711 443 11112 338
internal_value=0 -0.014488 -0.0185113 0.0067137 0.000224189 -0.00121193 -0.000174318 0.00108033 0.000553763 0.00115918 0.000585179 -0.00922654 0.00810493 0.00138348 0.000719236 -0.0105346 -0.00725774 -0.00923391 0.00159278 0.000937556 -0.00849521 0.00853599 -0.0100569 -0.015715 0.00176009 0.00104512 -0.00911895 0.00184795 0.00092601 -0.0114125
internal_weight=0 154.427 129.797 24.6306 9598.03 3584.78 3208.4 6013.25 5494.53 5174.46 4779.48 359.608 394.981 4419.87 3993.59 287.661 247.518 320.068 3705.93 3386.36 271.604 319.566 376.379 216.312 3114.76 2826.73 206.93 2619.8 2354.4 164.023
internal_count=50824 4415 3747 668 46409 16664 14863 29745 27296 25808 23907 1681 1901 22226 20089 1348 1139 1488 18741 17102 1263 1639 1801 1031 15839 14334 969 13365 11893 781
is_linear=0
shrinkage=0.05


Tree=80
num_leaves=31
num_cat=0
split_feature=0 4 2 0 2 2 2 2 2 0 5 0 2 0 5 0 5 2 2 0 0 0 2 2 2 0 2 2 2 2
split_gain=12.3396 5.28959 5.14811 4.87171 5.49403 6.86348 7.13559 7.74619 6.94882 4.24458 4.11663 3.92159 4.33956 3.73469 4.21447 3.63767 5.43005 4.39067 4.73892 4.14439 4.6725 5.83422 5.31689 4.80576 4.56421 4.30865 4.07829 9.54967 7.57443 6.10928
threshold=28.000000000000004 1.0000000180025095e-35 48.95000000000001 78.500000000000014 21.050000000000004 20.950000000000003 20.050000000000004 19.850000000000005 19.050000000000004 61.500000000000007 1.0000000180025095e-35 38.000000000000007 27.950000000000003 44.500000000000007 1.0000000180025095e-35 65.500000000000014 1.0000000180025095e-35 24.950000000000003 37.95000000000001 54.500000000000007 56.500000000000007 58.500000000000007 38.150000000000013 37.95000000000001 24.150000000000002 59.500000000000007 27.350000000000005 26.950000000000003 26.050000000000004 27.950000000000003
decision_type=2 2 2 2 2 2 2 2 2 2 2 2 2 2 2 2 2 2 2 2 2 2 2 2 2 2 2 2 2 2
left_child=2 -2 10 4 5 6 7 8 -3 -8 -1 12 -6 -10 -15 19 17 -17 -19 -13 24 26 23 25 -21 -23 27 28 -22 -28
right_child=1 3 -4 -5 11 -7 9 -9 13 -11 -12 15 -14 14 -16 16 -18 18 -20 20 21 22 -24 -25 -26 -27 29 -29 -30 -31
leaf_value=-0.032897952168149384 0.0022705510486770802 -0.0081709907847418595 0.12982785766362992 0.0061801572259686825 -0.026230696323345411 -0.018542647249700551 0.0051038011582847584 -0.021635775592648884 -0.017669807357310097 0.042531158073337322 -0.0046812474278477238 -0.0010587788983062285 -0.00061850727137978119 0.025212449215604272 -0.018330455558491755 -0.018214519501658696 0.00063495170431250028 -0.0034132203604544161 -0.029573164758109845 0.013950766740930202 -0.0061132173033461457 0.0086057377073338742 0.016289695695151006 -0.047336745719688295 0.0031595752012919553 0.00076399338143730343 0.028372072548972584 -0.02883731449840949 0.018465621464896918 -0.00063001911062231285
leaf_weight=40.814215375110507 2226.1862181946635 136.22104486078024 0.54917335323989291 262.75082518160343 30.79050044156611 88.886962998658419 94.778490915894508 70.260959593579173 8.283983448520301 8.2332846671342832 18.917465131729841 3215.3916286677122 35.729733929038048 38.211656212806702 6.5028014630079261 79.111253701150417 394.32427503168583 286.36516765505075 18.42586475610733 130.10445094108582 321.52022576332092 209.9228802472353 67.311784684658051 4.9425963014364234 396.92947414517403 1058.0500831231475 19.040065988898277 42.329095557332039 34.730825021862984 392.0188661813736
leaf_count=1691 10759 719 14 1144 779 562 406 464 42 44 458 14768 833 162 28 468 1836 1529 89 573 1437 1209 397 23 2102 5987 90 200 157 1854
internal_value=0 0.000131929 -0.0225605 -0.000507028 -0.000751457 -0.00609172 -0.00303862 -0.00745866 -0.00219442 0.00809521 -0.0239615 -0.000393662 -0.0124737 0.0131671 0.01888 -0.000273196 -0.00348605 -0.00771892 -0.0049947 0.000151142 0.00160445 0.000570165 0.00259464 0.00187044 0.00582351 0.00206226 -0.00278103 -0.0063848 -0.00371703 0.000713345
internal_weight=0 9677.35 60.2809 7451.17 7188.42 451.379 362.492 259.48 189.219 103.012 59.7317 6737.04 66.5202 52.9984 44.7145 6670.52 778.227 383.902 304.791 5892.29 2676.9 2149.87 1340.23 1272.92 527.034 1267.97 809.639 398.58 356.251 411.059
internal_count=50824 48661 2163 37902 36758 2427 1865 1415 951 450 2149 34331 1612 232 190 32719 3922 2086 1618 28797 14029 11354 7616 7219 2675 7196 3738 1794 1594 1944
is_linear=0
shrinkage=0.05


Tree=81
num_leaves=31
num_cat=0
split_feature=0 2 0 0 2 2 2 2 2 3 0 2 0 3 4 2 3 0 0 3 0 2 2 2 2 2 2 2 2 2
split_gain=11.3969 5.06236 4.81207 4.63186 5.77091 5.62266 12.3684 9.88701 11.0688 7.48743 4.63348 5.86496 4.55526 4.72873 4.4299 4.27584 4.14018 3.96096 5.24254 6.03772 5.75614 4.32631 17.8885 9.29639 14.7443 6.89913 9.12324 8.45147 5.24638 9.59875
threshold=28.000000000000004 50.750000000000007 42.500000000000007 41.500000000000007 35.95000000000001 23.250000000000004 23.950000000000003 24.050000000000004 24.450000000000003 1.5000000000000002 40.500000000000007 31.550000000000004 38.000000000000007 1.5000000000000002 1.0000000180025095e-35 22.950000000000003 1.5000000000000002 78.500000000000014 65.500000000000014 1.5000000000000002 69.500000000000014 35.050000000000004 34.95000000000001 35.95000000000001 36.050000000000004 34.050000000000004 33.95000000000001 33.350000000000001 36.95000000000001 37.050000000000004
decision_type=2 2 2 2 2 2 2 2 2 2 2 2 2 2 2 2 2 2 2 2 2 2 2 2 2 2 2 2 2 2
left_child=1 -1 3 10 5 15 -7 -8 -9 -10 11 16 -13 -14 -4 -5 -2 18 21 20 -20 22 25 -23 -25 26 27 -16 -26 -30
right_child=2 -3 14 4 -6 6 7 8 9 -11 -12 12 13 -15 17 -17 -18 -19 19 -21 -22 23 -24 24 28 -27 -28 -29 29 -31
leaf_value=-0.023335899886315598 -0.011867666823651075 0.12901242560633161 0.0024942742677906311 -0.01189251927928546 -0.027068761828890654 0.042334906629761769 -0.051854728355032659 0.075121395602592636 0.0063292708837256505 -0.015193245978640961 0.006154373782540452 -0.007502816779746898 0.0085975472087151672 0.045405316716808669 -0.00028885216155344757 -0.043808754981037361 -3.1009205709281919e-05 0.0058628741004475363 -0.01796404637521835 -0.00048623070987359332 -0.00451912223521337 0.020438660816996565 -0.036312917423469204 -0.031655253784455266 0.018384169577213789 0.014140507287719515 -0.02106793895382067 0.018469548520089481 -0.025742653142712305 0.0043934658854318086
leaf_weight=58.461122002452612 174.60708578117192 0.55041154101490875 2061.9118540659547 41.871930882334709 37.152563750743866 14.619502797722815 10.808359131217001 4.4689759314060202 79.23023983836174 82.473940879106522 165.46441155672073 24.456670947372913 28.891388654708862 12.501528829336165 4915.3830891549587 14.003478854894636 128.05542184971273 263.11214125156403 119.13729943335056 501.32920747995377 239.92740331590176 77.83946817368269 34.217252656817436 30.821857020258904 56.268256068229675 84.358024954795837 52.220842242240906 60.788123659789562 28.754268243908882 325.88805914670229
leaf_count=2151 1419 12 9668 284 201 67 75 22 455 522 700 555 121 53 23570 95 1290 1144 802 2227 1377 470 151 136 332 500 230 360 126 1709
internal_value=0 -0.0219149 0.000125317 -0.00354237 -0.00869385 -0.00593531 -0.00186539 -0.00551654 -0.00250258 -0.00464785 -0.000796445 -0.00391741 0.00960579 0.0197143 0.000464495 -0.0198914 -0.00685962 -0.000151882 -0.000394347 -0.00403096 -0.00898013 0.000157827 -0.000281124 0.00450616 0.00169863 -3.99805e-05 -0.000277877 -5.97025e-05 0.00420046 0.00195004
internal_weight=0 59.0115 9670.56 818.605 284.629 247.476 191.601 176.982 166.173 161.704 533.977 368.512 65.8496 41.3929 8851.96 55.8754 302.663 6790.05 6526.93 860.394 359.065 5666.54 5146.97 519.572 441.732 5112.75 5028.39 4976.17 410.911 354.642
internal_count=50824 2163 48661 5859 1721 1520 1141 1074 999 977 4138 3438 729 174 42802 379 2709 33134 31990 4406 2179 27584 24811 2773 2303 24660 24160 23930 2167 1835
is_linear=0
shrinkage=0.05


Tree=82
num_leaves=31
num_cat=0
split_feature=0 2 0 0 0 0 5 0 2 1 2 2 2 3 5 0 2 2 2 2 0 2 4 2 0 0 0 0 2 2
split_gain=10.5145 5.29548 4.6152 6.44617 6.37215 13.0402 10.8389 7.69825 7.2591 6.46807 6.29237 5.23739 5.1264 4.43779 7.05893 6.98619 6.50085 15.6151 17.621 12.6807 8.4607 7.67432 6.24944 6.03494 5.78299 5.60557 5.58558 5.52198 6.45848 5.22588
threshold=28.000000000000004 51.050000000000004 54.500000000000007 56.500000000000007 57.500000000000007 61.500000000000007 1.0000000180025095e-35 60.500000000000007 34.850000000000001 1.0000000180025095e-35 25.550000000000004 39.350000000000001 48.95000000000001 1.5000000000000002 1.0000000180025095e-35 53.500000000000007 32.850000000000001 32.050000000000004 31.950000000000003 29.050000000000004 51.500000000000007 34.050000000000004 1.0000000180025095e-35 33.650000000000013 41.500000000000007 52.500000000000007 47.500000000000007 40.500000000000007 32.95000000000001 28.950000000000003
decision_type=2 2 2 2 2 2 2 2 2 2 2 2 2 2 2 2 2 2 2 2 2 2 2 2 2 2 2 2 2 2
left_child=1 -1 13 -4 12 6 7 11 -8 -7 -11 -6 -5 14 23 -16 17 18 19 29 21 22 -18 27 -23 -22 -26 -2 -29 -15
right_child=2 -3 3 4 5 9 8 -9 -10 10 -12 -13 -14 16 15 -17 20 -19 -20 -21 25 24 -24 -25 26 -27 -28 28 -30 -31
leaf_value=-0.022720849634228584 -0.011346997001810733 0.13640754115745632 0.0056828697850599841 -0.0031724983537358949 0.0016440452898868611 1.9170851306401567e-05 0.018436715933294028 0.013737214210040725 0.071753531343184809 -0.025009228243814532 -0.0025167834655144558 0.026306485184392842 -0.043988761312019203 0.00088873539471124143 -0.012382467175273092 0.062127946226741129 -0.047236805352415832 0.040845352053032059 -0.035483278841235887 0.013625423981424335 -0.030773391526512334 0.034601481076881935 -0.0063054679633122298 0.0044784143760286197 -0.0050462799386328623 0.0025191629269281832 0.02489774550870047 -0.0014005122876702808 -0.019600662174014211 -0.017524944306304243
leaf_weight=57.282196909189224 166.68058566190302 0.52763295546173949 673.36955499649048 808.94764702022076 773.23758769035339 2599.3770370706916 84.312366738915443 181.71156841516495 6.9070128500461569 51.410150706768036 78.685678549110889 22.143437087535858 7.7666918188333502 1174.8184760063887 203.35678037256002 3.1953424811363211 12.728489488363264 25.557140275835991 31.642697215080261 208.73883412778378 48.7212895154953 16.048482172191143 34.88003096356988 349.65036829933524 66.767434611916542 17.074342116713524 20.311150267720222 1904.8310585319996 50.023986518383026 39.838357631117105
leaf_count=2153 1171 10 3414 3545 4319 12877 400 1235 35 286 394 159 32 5859 1471 15 71 129 184 1110 204 189 217 1842 317 103 110 8460 252 261
internal_value=0 -0.0212685 0.000118938 0.00111287 0.000445996 0.00130763 0.00599077 0.00445195 0.0224738 -0.000525351 -0.0114052 0.00233065 -0.00356065 -0.00108242 -0.0023502 -0.0112298 0.000917891 0.00210131 0.00142079 0.00224118 -0.00717411 -0.000644255 -0.0172488 -0.00160801 0.0070212 -0.0221338 0.00193819 -0.00261111 -0.00186625 0.000284803
internal_weight=0 57.8098 9662.73 5287.87 4614.5 3797.78 1068.31 977.093 91.2194 2729.47 130.096 795.381 816.714 4374.86 2677.74 206.552 1697.13 1480.6 1455.04 1423.4 216.531 150.736 47.6085 2471.19 103.127 65.7956 87.0786 2121.54 1954.86 1214.66
internal_count=50824 2163 48661 26696 23282 19705 6148 5713 435 13557 680 4478 3577 21965 13211 1486 8754 7543 7414 7230 1211 904 288 11725 616 307 427 9883 8712 6120
is_linear=0
shrinkage=0.05


Tree=83
num_leaves=31
num_cat=0
split_feature=0 4 5 2 0 2 2 2 2 2 0 2 2 0 0 0 2 2 2 2 2 0 0 0 0 3 0 0 0 0
split_gain=9.69542 4.45542 4.40312 4.38516 4.00298 4.78479 6.19943 6.34281 7.04086 6.17874 3.89727 3.59336 9.92169 5.79812 4.15483 7.29822 4.08321 12.8985 9.56705 4.6585 12.745 10.5926 4.48333 4.54689 18.3056 4.70049 4.15979 4.03713 4.14176 4.02155
threshold=28.000000000000004 1.0000000180025095e-35 1.0000000180025095e-35 37.95000000000001 78.500000000000014 21.050000000000004 20.950000000000003 20.050000000000004 19.850000000000005 19.050000000000004 61.500000000000007 21.950000000000003 22.050000000000004 74.500000000000014 61.500000000000007 62.500000000000007 22.950000000000003 23.050000000000004 23.450000000000003 24.050000000000004 23.950000000000003 40.500000000000007 69.500000000000014 61.500000000000007 57.500000000000007 1.5000000000000002 39.500000000000007 42.500000000000007 58.500000000000007 52.500000000000007
decision_type=2 2 2 2 2 2 2 2 2 2 2 2 2 2 2 2 2 2 2 2 2 2 2 2 2 2 2 2 2 2
left_child=2 -2 3 -1 5 6 7 8 9 -3 -9 14 13 -13 -7 -16 -14 22 -19 20 21 26 23 24 25 -18 -20 -23 -29 -22
right_child=1 4 -4 -5 -6 11 -8 10 -10 -11 -12 12 16 -15 15 -17 17 18 19 -21 29 27 -24 -25 -26 -27 -28 28 -30 -31
leaf_value=-0.035449951769136172 0.0020771285923975144 -0.0076269868909254138 -0.00052311908035113759 0.025235389004146 0.0055791728595105186 0.0043558079855920383 -0.01760280441822646 0.0048507549541670514 -0.02061130931033989 0.012520897545274379 0.040910717788729969 -0.016880081885146222 0.005359338761181864 0.018752597003439255 0.070095967527009445 -0.0026335923444073834 -0.028148565766959434 0.010887037582080155 -0.018738023927392017 -7.5555359082385643e-05 -0.02485065491127281 0.02970169481884288 0.0013223183333081014 -0.032062899655155734 0.053893952554603067 -0.0056677306106994946 -0.078680280264933136 -0.00088859952068872565 0.014832057483444608 -0.0098693617184241571
leaf_weight=35.019694915041327 2222.9420596454293 135.58885028585792 18.391165357083082 3.253416219726204 263.41723881661892 174.74436847865582 87.906368991360068 94.70942610502243 69.295622877776623 52.897792091593146 8.1366259455680829 127.98681033402681 306.62255409359932 12.5345022380352 6.7351707965135557 7.0702967643737793 55.833278231322765 190.12018080055714 6.699237331748007 5216.3085710704327 64.983290093019605 14.21830168366432 39.67910324037075 39.707810521125793 9.525979354977606 39.8457644097507 5.0959330350160599 204.49937875568867 52.692450135946274 144.19471448659897
leaf_count=1587 10759 719 463 113 1144 744 562 406 464 232 44 741 1343 62 27 48 318 864 29 27059 446 62 198 209 40 245 22 867 297 710
internal_value=0 0.000113217 -0.0206297 -0.0302914 -0.000474272 -0.000696742 -0.00569675 -0.00279455 -0.00698295 -0.00197259 0.00770363 -0.000362966 -0.000559439 -0.0137016 0.00644202 0.0328484 -0.000270432 -0.00055419 -0.000146913 -0.000514384 -0.00516334 0.00175013 -0.0135691 -0.0176466 -0.0122054 -0.0187864 -0.0446352 0.00376599 0.00233219 -0.0145235
internal_weight=0 9653.99 56.6643 38.2731 7431.05 7167.63 448.535 360.628 257.782 188.487 102.846 6719.1 6530.55 140.521 188.55 13.8055 6390.03 6083.4 5898.81 5708.69 492.383 283.205 184.592 144.913 105.205 95.679 11.7952 271.41 257.192 209.178
internal_count=50824 48661 2163 1700 37902 36758 2427 1865 1415 951 450 34331 33512 803 819 75 32709 31366 30356 29492 2433 1277 1010 812 603 563 51 1226 1164 1156
is_linear=0
shrinkage=0.05


Tree=84
num_leaves=31
num_cat=0
split_feature=0 2 2 2 2 0 2 2 2 2 2 0 0 2 0 3 0 0 0 0 0 3 0 0 4 2 3 5 2 2
split_gain=8.93928 4.28024 4.11928 5.89638 7.62879 6.91946 5.53319 4.54021 5.86826 5.03112 12.1838 6.14858 6.07325 5.51201 4.76289 4.66705 4.39437 5.58401 4.25863 4.18929 15.6121 4.85713 6.01494 6.2587 4.12605 3.95043 5.15052 3.96649 3.73184 9.00686
threshold=28.000000000000004 51.050000000000004 20.050000000000004 20.850000000000005 21.050000000000004 56.500000000000007 19.850000000000005 21.550000000000004 22.050000000000004 22.950000000000003 23.050000000000004 69.500000000000014 61.500000000000007 23.450000000000003 62.500000000000007 1.5000000000000002 57.500000000000007 51.500000000000007 62.500000000000007 61.500000000000007 57.500000000000007 1.5000000000000002 56.500000000000007 52.500000000000007 1.0000000180025095e-35 17.850000000000005 1.5000000000000002 1.0000000180025095e-35 24.050000000000004 23.950000000000003
decision_type=2 2 2 2 2 2 2 2 2 2 2 2 2 2 2 2 2 2 2 2 2 2 2 2 2 2 2 2 2 2
left_child=1 25 6 5 18 -4 -2 -6 15 12 11 19 -10 -12 -14 -9 17 -8 -5 20 21 -11 23 -23 -15 26 -1 -27 29 -26
right_child=2 -3 3 4 7 -7 16 8 9 10 13 -13 14 24 -16 -17 -18 -19 -20 -21 -22 22 -24 -25 28 27 -28 -29 -30 -31
leaf_value=-0.051488179026172587 -0.0011264345192064629 0.11265149983766265 0.0035649738176497395 -0.018603450636617259 0.0096438374405177722 0.030096869217913887 -0.0057254480893644813 -0.011200007170328777 0.0041942791490889751 -0.024291932604485762 0.0079960548735648809 0.0010229683160909984 0.048725958195055756 0.0024152205850146539 0.0096599906066909373 0.0015274772888257844 -0.0068907029600722078 -0.043713855317090482 -0.0015478649482254525 -0.026846068605997555 0.044226490731019426 -0.0033182573578974459 -0.03619598644342311 0.051601096085514275 0.0016642071899811901 -0.033070346857733808 0.15106498973110685 -0.0041667545213970479 7.6577709185595688e-05 -0.011550262974797554
leaf_weight=0.54488376528024562 258.41872550733387 0.60148564726114173 82.960609957575798 82.899827882647514 129.65209454298019 34.916796028614044 16.63213162124157 196.56234601698816 344.84425449371338 70.384945176541805 241.64423164725304 83.929783284664154 14.098528355360033 1808.4867862612009 17.470096722245216 113.68573488295078 67.945406652987003 23.121156007051468 65.531099081039429 55.095023572444916 11.887923419475554 32.362304698675871 11.16226667165756 6.1780234128236762 282.82730615139008 35.962647648528218 0.74016565270721912 17.717674396932125 5358.6760474927723 237.00314699113369
leaf_count=21 1283 10 352 513 563 164 181 1016 1489 391 1108 391 58 8818 118 560 359 117 333 280 51 223 50 25 1277 1655 27 450 27663 1278
internal_value=0 -0.0200048 0.000107392 0.000312573 0.000169651 0.0114241 -0.00509461 0.00035475 0.000219221 0.000463606 0.000204132 -0.0102209 0.00611589 0.00056046 0.0271068 -0.00653621 -0.0146161 -0.0278201 -0.0110735 -0.0152655 -0.0104311 -0.0158419 -0.00387551 0.00548533 0.000326719 -0.0214565 0.0651789 -0.0235305 -0.000315796 -0.00436059
internal_weight=0 55.5669 9648.38 9282.26 9164.38 117.877 366.117 9015.95 8886.3 8576.05 8199.64 271 376.413 7928.64 31.5686 310.248 107.699 39.7533 148.431 187.07 131.975 120.088 49.7026 38.5403 7686.99 54.9654 1.28505 53.6803 5878.51 519.83
internal_count=50824 2163 48661 46721 46205 516 1940 45359 44796 43220 41555 1411 1665 40144 176 1576 657 298 846 1020 740 689 298 248 39036 2153 48 2105 30218 2555
is_linear=0
shrinkage=0.05


Tree=85
num_leaves=31
num_cat=0
split_feature=0 2 3 5 0 0 2 2 0 0 2 2 0 0 0 0 2 2 2 2 2 0 2 2 0 0 0 5 5 2
split_gain=8.24599 4.00444 3.86178 6.96262 15.0212 14.0051 7.61843 7.54435 7.20978 18.1613 12.171 7.77182 6.68997 6.55671 6.41699 5.68888 6.10737 4.9847 12.3014 11.9058 17.9304 8.75148 7.16499 16.2579 12.2279 5.0868 8.89258 5.73571 4.93507 4.80674
threshold=34.500000000000007 56.150000000000006 1.5000000000000002 1.0000000180025095e-35 65.500000000000014 60.500000000000007 20.050000000000004 31.550000000000004 57.500000000000007 61.500000000000007 47.750000000000007 24.050000000000004 40.500000000000007 62.500000000000007 74.500000000000014 78.500000000000014 31.950000000000003 31.950000000000003 31.050000000000004 32.050000000000004 32.850000000000001 63.500000000000007 34.050000000000004 34.95000000000001 41.500000000000007 57.500000000000007 61.500000000000007 1.0000000180025095e-35 1.0000000180025095e-35 35.050000000000004
decision_type=2 2 2 2 2 2 2 2 2 2 2 2 2 2 2 2 2 2 2 2 2 2 2 2 2 2 2 2 2 2
left_child=1 -1 3 4 5 7 -7 12 11 -10 13 -5 -2 -11 -6 17 -17 18 -4 21 -21 -19 28 -24 -25 29 -27 -28 -22 -26
right_child=2 -3 15 8 14 6 -8 -9 9 10 -12 -13 -14 -15 -16 16 -18 19 -20 20 22 -23 23 24 25 26 27 -29 -30 -31
leaf_value=-0.015521693031918804 -0.011765714068724942 0.11463790168362914 0.0012610098386278015 -0.025464253526698118 -0.015270997329036466 -0.022138580979737216 0.0089384283685176556 0.0039180821252479724 0.052426799838147242 -0.015147851912762925 0.074392981294613622 -0.0066314795254208449 -0.00087980716959902062 -0.00067342446710310657 -0.0033377569438539766 0.0069103955083109486 0.037489907028378955 -0.031523817873268842 0.021832567080817902 0.029003497919329841 -0.018812617055671808 0.0027989670637907759 0.036693064870786989 0.04805746816434129 -0.03355840929350596 0.035973648840512261 -0.013215481625507709 0.0088609472758602436 -0.0015597186696884998 -0.0069612242072779182
leaf_weight=93.936612324789166 148.49574440345168 0.5946614108979692 3015.221942782402 72.483415722846985 202.98505272716284 20.400799214839935 591.73991057276726 849.85962548851967 15.235291644930838 101.07484151422977 5.013911321759223 224.31289484724402 2847.3242993354797 346.29687862843275 253.1582670211792 166.88483975827694 18.098786756396294 57.772827800363302 74.46565168350935 47.390123136341572 98.340078063309193 27.370550557971001 29.200322553515434 11.618579618632792 19.129626274108887 17.797127604484558 57.641454450786114 60.096965685486794 71.645970657467842 151.67064712941647
leaf_count=3242 846 10 14526 499 1278 95 3536 4552 64 519 21 1301 13112 1686 1184 674 74 279 404 261 496 115 164 112 87 124 257 248 346 712
internal_value=0 -0.0147029 0.000136987 -0.000696575 -6.0277e-06 0.000878264 0.00790273 -0.000239863 -0.00513567 -0.00126712 -0.00307541 -0.0112308 -0.0014194 -0.00394364 -0.00864808 0.00134312 0.00990229 0.000919704 0.00175681 -0.00306137 -0.000432718 -0.0204903 -0.00313022 0.000988089 -0.00229099 -0.00420058 0.0030323 -0.00194706 -0.0115408 -0.00994011
internal_weight=0 94.5313 9602.73 5678.38 4913.96 4457.82 612.141 3845.68 764.417 467.621 452.386 296.796 2995.82 447.372 456.143 3924.35 184.984 3739.36 3089.69 649.674 564.531 85.1434 517.141 347.155 317.954 306.336 135.536 117.738 169.986 170.8
internal_count=50824 3252 47572 28693 24603 22141 3631 18510 4090 2290 2226 1800 13958 2205 2462 18879 748 18131 14930 3201 2807 394 2546 1704 1540 1428 629 505 842 799
is_linear=0
shrinkage=0.05


Tree=86
num_leaves=31
num_cat=0
split_feature=0 2 0 0 0 0 5 0 2 1 2 2 2 2 4 5 3 2 2 3 2 2 2 2 0 2 4 5 2 0
split_gain=7.73274 4.56276 3.90325 5.68302 5.11825 10.5512 9.36371 6.75786 6.69476 5.77133 5.51951 4.81938 4.72521 4.24111 4.41716 3.74987 3.71811 3.65445 6.16773 3.96143 6.15871 13.1133 15.1933 10.1441 7.43627 6.46642 5.70789 5.55585 6.94098 6.72636
threshold=28.000000000000004 52.750000000000007 54.500000000000007 56.500000000000007 57.500000000000007 61.500000000000007 1.0000000180025095e-35 60.500000000000007 34.850000000000001 1.0000000180025095e-35 25.550000000000004 39.350000000000001 47.750000000000007 18.550000000000004 1.0000000180025095e-35 1.0000000180025095e-35 1.5000000000000002 21.250000000000004 21.350000000000005 1.5000000000000002 32.850000000000001 32.050000000000004 31.950000000000003 29.050000000000004 51.500000000000007 34.050000000000004 1.0000000180025095e-35 1.0000000180025095e-35 21.750000000000004 52.500000000000007
decision_type=2 2 2 2 2 2 2 2 2 2 2 2 2 2 2 2 2 2 2 2 2 2 2 2 2 2 2 2 2 2
left_child=1 15 17 -4 12 6 7 11 16 -7 -11 13 -5 -6 -15 -1 -8 -2 -19 27 21 22 23 -21 25 26 -22 28 -20 -29
right_child=2 -3 3 4 5 9 8 -9 -10 10 -12 -13 -14 14 -16 -17 -18 18 19 20 24 -23 -24 -25 -26 -27 -28 29 -30 -31
leaf_value=-0.029863862516175711 -0.0066603933765124043 0.12227808942058037 0.0053129926095306776 -0.0027951176331366149 0.036259695146924585 2.5863175597109816e-05 0.042998025019370598 0.01273193975933988 0.069387656991339627 -0.023672726480356298 -0.0025047199586745832 0.025233840390935215 -0.038331148370901375 0.0086429303594446494 -0.00094931472141860512 -0.0017578366285741305 0.01270707298085634 0.026365066589468189 -0.021812093126360274 0.00065934282712340724 -0.044434610004277196 0.038384939474545049 -0.03280699371395334 0.01269380880177786 -0.020734388648170662 0.006504052844202874 -0.0053253737954354332 -0.01238316462998946 -0.00098289917529580518 0.034013866718450539
leaf_weight=35.320899596437812 268.34515753760934 0.56614204868674178 670.92009238898754 805.23005048930645 8.589711055159567 2591.9841954782605 11.795806989073752 179.0382113084197 6.5739719271659842 50.644672974944115 78.570994757115841 21.665368944406509 9.4645142108201963 149.23801159858704 612.95036461949348 17.872351840138435 71.763819545507431 21.03889799118042 40.717032626271248 1109.7982412595302 12.734847921878098 24.867451906204224 31.086224544793367 207.91040657833219 65.529355004429817 102.78659882768989 34.888643946498632 177.56162734702229 2258.4746216461062 8.1710656434297544
leaf_count=1695 1524 8 3414 3538 36 12877 49 1235 35 286 394 159 39 873 3410 460 351 87 170 5550 71 129 184 1110 307 616 217 1281 10681 38
internal_value=0 -0.0189178 9.81768e-05 0.00101422 0.000386891 0.0011611 0.00538886 0.00395853 0.0208053 -0.000488262 -0.0108013 0.00197633 -0.00320795 0.0013226 0.000928866 -0.0204205 0.0169831 -0.00100773 -0.000637366 -0.000776793 0.00117247 0.00240642 0.00174309 0.00255816 -0.00667708 -0.000552713 -0.0157835 -0.00202373 -0.00135177 -0.010342
internal_weight=0 53.7594 9632.34 5268.43 4597.51 3782.82 1061.62 971.482 90.1336 2721.2 129.216 792.443 814.695 770.778 762.188 53.1933 83.5596 4363.91 4095.57 4074.53 1589.6 1373.66 1348.79 1317.71 215.939 150.41 47.6235 2484.92 2299.19 185.733
internal_count=50824 2163 48661 26696 23282 19705 6148 5713 435 13557 680 4478 3577 4319 4283 2155 400 21965 20441 20354 8184 6973 6844 6660 1211 904 288 12170 10851 1319
is_linear=0
shrinkage=0.05


Tree=87
num_leaves=31
num_cat=0
split_feature=0 2 4 2 3 0 2 0 2 5 2 0 1 5 2 2 0 0 0 2 2 2 2 2 2 2 2 0 3 0
split_gain=7.1194 5.51235 3.72198 3.64973 7.95932 3.56434 4.02718 3.60443 3.7668 3.41563 3.20483 3.08048 5.25581 6.01408 3.69099 3.9289 3.35036 3.15097 4.15726 4.399 7.39977 6.37769 4.16309 8.18225 7.77377 9.38974 7.26396 7.24516 6.54044 11.7146
threshold=28.000000000000004 53.100000000000009 1.0000000180025095e-35 18.950000000000003 1.5000000000000002 78.500000000000014 17.050000000000004 38.000000000000007 27.950000000000003 1.0000000180025095e-35 37.95000000000001 65.500000000000014 1.0000000180025095e-35 1.0000000180025095e-35 24.950000000000003 37.95000000000001 69.500000000000014 54.500000000000007 56.500000000000007 29.050000000000004 29.450000000000003 28.950000000000003 28.050000000000004 27.950000000000003 27.250000000000004 26.950000000000003 26.050000000000004 62.500000000000007 1.5000000000000002 61.500000000000007
decision_type=2 2 2 2 2 2 2 2 2 2 2 2 2 2 2 2 2 2 2 2 2 2 2 2 2 2 2 2 2 2
left_child=1 3 -2 4 -1 6 -4 8 -8 10 -5 17 13 14 16 -16 -13 -9 -19 21 -21 22 23 24 25 26 27 -20 29 -25
right_child=2 -3 5 9 -6 -7 7 11 -10 -11 -12 12 -14 -15 15 -17 -18 18 19 20 -22 -23 -24 28 -26 -27 -28 -29 -30 -31
leaf_value=-0.051413909830755722 0.0018908494800716749 0.14835794390987458 -0.019822430022713396 -0.037499776945777989 0.11429018705017552 0.0052670743286068666 -0.022686264784341881 -0.0011094300427860998 7.6101128716361471e-05 -0.0048842894123544188 0.017607398126722597 -0.027488403822660625 -0.021048608408486033 0.001876152211044345 -0.0023573505770907405 -0.02668927371846341 -0.0086569260739843105 0.0050662736897128515 -0.0030466716544546666 0.023605217488882165 0.0020808478093038152 -0.017213058754621428 0.0099707290336888185 0.027089271410755414 0.014569768103506653 -0.017156831102795467 0.012055636824528732 0.011010353035045342 -0.033955622222887415 -0.034869240624813148
leaf_weight=1.3960677310824385 2216.8830729220062 0.49144020676612754 27.299232481047511 29.566061515361071 1.5069057960063219 263.44928270578384 37.494663441553712 3380.4525725990534 35.27368525415659 16.937949679791927 2.8968209140002719 34.457648523151875 39.727947734296322 405.63045027852058 275.41592234373093 17.653892815113068 75.089257389307022 547.33058966696262 893.32141520082951 42.197242453694344 743.10606431216002 61.065014213323593 85.716441042721272 16.221755817532543 80.024095475673676 88.941401287913322 107.86964602023363 102.14584546536207 33.77750588953495 14.402162477374075
leaf_count=58 10759 6 142 1497 56 1144 1035 15614 833 437 109 240 226 1908 1475 87 435 2776 4202 254 4161 286 521 76 473 442 610 740 151 71
internal_value=0 -0.0183177 9.34732e-05 -0.0198838 0.0346015 -0.000444396 -0.000655 -0.000581482 -0.0116524 -0.0230855 -0.0325823 -0.000467121 -0.00329354 -0.00242082 -0.00674997 -0.00382305 -0.0145803 -8.03371e-05 0.00115498 0.000211405 0.00323743 -0.00139046 -0.000711193 -0.00139617 -0.000516055 -0.00152859 -0.000268783 -0.00160427 -0.0187836 -0.00204928
internal_weight=0 52.7952 9624.95 52.3038 2.90297 7408.06 7144.61 7117.32 72.7683 49.4008 32.4629 7044.55 847.975 808.247 402.617 293.07 109.547 6196.57 2816.12 2268.79 785.303 1483.49 1422.42 1336.7 1272.3 1192.28 1103.34 995.467 64.4014 30.6239
internal_count=50824 2163 48661 2157 114 37902 36758 36616 1868 2043 1606 34748 4371 4145 2237 1562 675 30377 14763 11987 4415 7572 7286 6765 6467 5994 5552 4942 298 147
is_linear=0
shrinkage=0.05


Tree=88
num_leaves=31
num_cat=0
split_feature=0 2 4 5 2 0 2 0 2 5 0 1 5 2 2 0 2 2 2 2 2 2 2 2 2 2 2 2 2 2
split_gain=6.5627 4.54222 3.36029 3.35443 3.2349 3.21439 3.6576 3.29477 3.51242 2.87283 2.78767 4.80605 5.44978 3.38356 3.59559 3.12702 2.87423 15.5368 11.2227 14.608 6.70877 8.96445 8.51404 6.19397 9.26385 8.7744 6.88215 11.9568 9.15352 11.543
threshold=28.000000000000004 53.100000000000009 1.0000000180025095e-35 1.0000000180025095e-35 30.950000000000003 78.500000000000014 17.050000000000004 38.000000000000007 27.950000000000003 1.0000000180025095e-35 65.500000000000014 1.0000000180025095e-35 1.0000000180025095e-35 24.950000000000003 37.95000000000001 69.500000000000014 35.050000000000004 34.95000000000001 35.95000000000001 36.050000000000004 34.050000000000004 33.95000000000001 33.350000000000001 36.95000000000001 37.050000000000004 37.650000000000013 38.050000000000004 38.95000000000001 39.050000000000004 39.95000000000001
decision_type=2 2 2 2 2 2 2 2 2 2 2 2 2 2 2 2 2 2 2 2 2 2 2 2 2 2 2 2 2 2
left_child=1 3 -2 -1 -5 6 -4 8 9 -8 16 12 13 15 -15 -12 17 20 -18 -20 21 22 -9 -21 -25 -26 -27 -28 -29 -30
right_child=2 -3 5 4 -6 -7 7 10 -10 -11 11 -13 -14 14 -16 -17 18 -19 19 23 -22 -23 -24 24 25 26 27 28 29 -31
leaf_value=-0.028622788910595387 0.0017965904159727821 0.12472551216488346 -0.018942249080690338 0.0099665028636104422 -0.040238826812669937 0.0049979267594313283 -0.035700467856708926 -0.00043856267144483699 7.2291434557319697e-05 -0.0077220189341344189 -0.02657293483216196 -0.020202425134988274 0.0017812360824073521 -0.0022418532746839178 -0.025638439808561987 -0.0082610576961587908 0.020248373030472739 -0.032639925078547037 -0.03120555074659935 0.017643377105071481 0.013344849437761456 -0.020351848894500271 0.017862471644273129 -0.025498465748637802 0.027470567320069569 -0.018871106782984644 0.027827102010692863 -0.030324170971881483 0.029651526075657755 -0.0026828100639103734
leaf_weight=33.450291896238923 2216.5424487236887 0.55350902676582237 27.143411543220282 13.693493928760292 4.1903140172362319 263.74682959914207 18.764131624251604 5373.5779580920935 35.276126857846975 17.953468609601259 33.877530723810196 39.332651533186436 405.87640884518623 275.13214118778706 17.463535860180855 74.761717274785042 83.436856336891651 37.167309999465942 34.001852989196777 60.66451058536768 89.878319852054119 55.876303747296333 64.311881996691227 31.565638095140457 32.644112080335617 41.009940288960934 41.566493608057499 24.261817082762718 32.301589816808701 189.68433275818825
leaf_count=1696 10759 6 142 354 107 1144 602 26000 833 433 240 226 1908 1475 87 435 500 168 156 355 530 254 378 142 202 201 230 111 183 967
internal_value=0 -0.0177411 8.87958e-05 -0.0192772 -0.00179699 -0.000422656 -0.000622958 -0.000553026 -0.0111951 -0.0220201 -0.000444171 -0.00313551 -0.00230379 -0.00643608 -0.00363828 -0.0139713 -7.62633e-05 -0.000419653 0.00330319 0.000404171 -0.000205181 -0.00042686 -0.000222123 0.00277312 0.000477908 0.00274632 0.000291819 0.0030223 -0.00116474 0.00202222
internal_weight=0 51.8876 9617.82 51.3341 17.8838 7401.28 7137.53 7110.39 71.9937 36.7176 7038.39 846.444 807.111 401.235 292.596 108.639 6191.95 5620.81 571.137 487.7 5583.64 5493.77 5437.89 453.698 393.034 361.468 328.824 287.814 246.248 221.986
internal_count=50824 2163 48661 2157 461 37902 36758 36616 1868 1035 34748 4371 4145 2237 1562 675 30377 27330 3047 2547 27162 26632 26378 2391 2036 1894 1692 1491 1261 1150
is_linear=0
shrinkage=0.05


Tree=89
num_leaves=31
num_cat=0
split_feature=0 2 3 1 2 0 5 0 2 2 0 2 2 0 2 2 2 2 2 0 2 2 0 2 2 0 4 2 2 0
split_gain=6.03798 3.82237 3.41818 6.09628 8.95588 5.39082 10.4966 12.3527 7.43588 5.79677 5.70655 5.03533 13.6303 4.72831 5.57026 4.45968 11.7117 10.4984 15.3037 7.74168 6.54494 14.3696 8.57438 5.11209 7.43769 5.09992 4.79468 4.41567 5.2097 4.40722
threshold=28.000000000000004 53.100000000000009 1.5000000000000002 1.0000000180025095e-35 42.250000000000007 65.500000000000014 1.0000000180025095e-35 60.500000000000007 20.050000000000004 31.250000000000004 40.500000000000007 30.950000000000003 31.150000000000002 78.500000000000014 31.950000000000003 31.950000000000003 30.050000000000004 32.050000000000004 32.850000000000001 63.500000000000007 34.050000000000004 34.95000000000001 41.500000000000007 29.950000000000003 29.150000000000002 62.500000000000007 1.0000000180025095e-35 47.750000000000007 39.95000000000001 57.500000000000007
decision_type=2 2 2 2 2 2 2 2 2 2 2 2 2 2 2 2 2 2 2 2 2 2 2 2 2 2 2 2 2 2
left_child=1 -1 3 5 -5 6 7 9 -9 10 -2 -12 -13 15 -15 16 23 19 26 -17 -20 -22 -23 24 -4 -26 -19 28 -7 -24
right_child=2 -3 13 4 -6 27 -8 8 -10 -11 11 12 -14 14 -16 17 -18 18 20 -21 21 22 29 -25 25 -27 -28 -29 -30 -31
leaf_value=-0.018668724696903265 -0.010634003621475485 0.10727070599732916 0.00065230061806607659 -0.01149194178208145 0.05466989469570236 -0.0038197474783709961 -0.0077727628565929952 -0.023106712594837514 0.0086650139984363085 0.00355917336303662 -0.00029701409064287039 -0.042011817634828218 0.0018257301178663723 0.0061723722710984707 0.03545061257905964 -0.02966279948480241 0.012074068622436616 0.058658207331180337 -0.010943710553767279 0.0026105158916726991 0.034998333491964177 0.035328753712045947 -0.0091731298976150052 -0.010222157326700815 0.018215157486135749 -0.034818331492344451 0.01887663338125295 0.033530885943404844 -0.02496090441893211 0.0029344320956168936
leaf_weight=50.401695063337684 151.27300095371902 0.60977797955274482 2660.5190626196563 180.26599738560617 5.2642217651009551 730.41619832068682 376.81602888181806 19.027971461415291 572.41600058227777 829.08669071644545 2695.6952045485377 26.893510639667511 52.049889072775841 167.00755769014359 17.995708376169205 57.829670138657093 246.67782371863723 9.5360396578907949 170.72342748939991 27.37932051718235 28.544438220560551 14.655367296189068 170.14891082048416 102.92596115171909 84.086087003350258 4.7914955615997306 36.816057212650776 7.6433964073657981 30.351236060261726 134.6327486038208
leaf_count=2157 1055 6 13062 1042 28 3787 2310 88 3450 4522 12369 132 275 674 74 297 1343 51 870 115 164 182 799 504 424 37 210 33 135 629
internal_value=0 -0.0171633 8.44291e-05 -0.000700513 -0.00961467 -0.000399358 0.000232502 0.000926521 0.00764285 -0.000131358 -0.00117711 -0.000661519 -0.0131083 0.00121711 0.00902034 0.000832069 0.00162199 -0.00293249 -0.000465407 -0.0192928 -0.00292519 0.00100878 -0.00202848 0.000718061 0.00112762 0.0153561 0.0270609 -0.00428327 -0.00466319 -0.0038248
internal_weight=0 51.0115 9611.47 5677.2 185.53 5491.67 4723.26 4346.44 591.444 3755 2925.91 2774.64 78.9434 3934.27 185.003 3749.27 3099 650.266 565.057 85.209 518.705 347.981 319.437 2852.32 2749.4 88.8776 46.3521 768.411 760.767 304.782
internal_count=50824 2163 48661 29226 1070 28156 24201 21891 3538 18353 13831 12776 407 19435 748 18687 15370 3317 2905 412 2644 1774 1610 14027 13523 461 261 3955 3922 1428
is_linear=0
shrinkage=0.05


Tree=90
num_leaves=31
num_cat=0
split_feature=0 5 2 0 0 0 0 5 2 0 1 2 2 2 2 2 2 2 2 2 2 2 2 5 2 4 2 3 2 2
split_gain=5.54648 3.47691 3.86165 3.14475 4.56532 4.25353 8.9153 8.60115 6.36292 5.90528 4.49523 5.00139 4.46969 22.1367 6.4479 8.93935 6.58553 6.37539 6.30925 5.4128 4.35606 4.3059 11.05 6.06923 4.04331 3.92874 3.54818 3.45997 3.41431 3.91419
threshold=28.000000000000004 1.0000000180025095e-35 37.95000000000001 54.500000000000007 56.500000000000007 57.500000000000007 61.500000000000007 1.0000000180025095e-35 34.850000000000001 60.500000000000007 1.0000000180025095e-35 25.550000000000004 33.95000000000001 33.050000000000004 34.050000000000004 34.850000000000001 35.050000000000004 35.95000000000001 36.050000000000004 36.95000000000001 39.350000000000001 32.95000000000001 32.150000000000013 1.0000000180025095e-35 18.550000000000004 1.0000000180025095e-35 46.350000000000001 1.5000000000000002 48.95000000000001 37.050000000000004
decision_type=2 2 2 2 2 2 2 2 2 2 2 2 2 2 2 2 2 2 2 2 2 2 2 2 2 2 2 2 2 2
left_child=1 2 -1 -2 -5 12 7 9 27 20 -8 -12 13 21 -14 -16 -17 -18 -19 -20 24 22 -6 -23 -7 -26 -22 -9 29 -21
right_child=3 -3 -4 4 5 6 10 8 -10 -11 11 -13 14 -15 15 16 17 18 19 28 26 23 -24 -25 25 -27 -28 -29 -30 -31
leaf_value=-0.032089011712302072 -0.00091294346034910285 0.0011560410534689977 0.025614486976694391 0.0047679729910481599 -0.0027973373914087101 0.035313370122574961 -1.5457904602292875e-05 0.041257944871647835 0.068097161009493756 0.011842964191908814 -0.022024239195863722 -0.0017271574783610172 -0.037946965077594749 0.061262386669064632 0.045901448192926131 -0.043982371286583 0.032669076220687862 -0.04165057342050095 0.037822180894629645 -0.033789128375538435 0.033629680242392088 -0.056981474691856354 0.043517301044866334 0.0055266280932201395 0.0080328879199850732 -0.0010422336545516798 -0.019867368864784424 0.011961528887999506 -0.040116435825904954 -0.0011380930732912322
leaf_weight=29.148865660652518 4354.7385011799634 17.811873938888311 3.2196584083139888 667.42286370694637 611.83986112475395 8.5451097935438138 2584.7853935137391 11.739369451999663 6.3344659656286231 176.54733119159937 49.687929004430771 77.985086366534233 18.824279129505157 13.920484349131582 7.615287870168685 12.739213094115255 9.7100579738616926 13.46884150803089 6.8210005462169638 10.546346709132193 17.401349581778053 8.486603841185568 13.155418276786802 7.1592117547988883 148.13359945267439 611.80490794032812 3.7711625397205344 71.222556471824646 7.7440338134765616 70.788021966814995
leaf_count=1587 21965 463 113 3414 2731 36 12877 49 35 1235 286 394 79 60 33 54 42 57 29 43 131 36 56 32 873 3410 28 351 32 293
internal_value=0 -0.0165861 -0.0263493 8.0368e-05 0.000904577 0.000341677 0.00104933 0.00494818 0.0197951 0.00357603 -0.000467836 -0.0096264 -0.00293876 -0.00111562 -0.0104794 -0.00677106 -0.00981402 -0.00615863 -0.00960588 -0.00510528 0.00172775 -0.00247104 -0.00182247 -0.028379 0.00111135 0.000726765 0.024101 0.0161071 -0.00839236 -0.00537184
internal_weight=0 50.1804 32.3685 9602.94 5248.2 4580.78 3767.96 1055.5 89.2964 966.203 2712.46 127.673 812.819 654.562 158.257 139.433 131.818 119.078 109.368 95.8994 789.656 640.641 624.995 15.6458 768.484 759.939 21.1725 82.9619 89.0784 81.3344
internal_count=50824 2163 1700 48661 26696 23282 19705 6148 435 5713 13557 680 3577 2915 662 583 550 496 454 397 4478 2855 2787 68 4319 4283 159 400 368 336
is_linear=0
shrinkage=0.05


Tree=91
num_leaves=31
num_cat=0
split_feature=0 2 5 2 3 0 0 5 2 2 0 2 2 0 1 0 5 0 4 0 2 2 0 2 2 2 2 2 2 2
split_gain=5.09544 3.29482 3.42495 3.99028 3.15459 5.49442 9.16859 10.2235 6.71513 6.71328 7.18171 9.50899 6.04785 5.44747 6.95864 4.85036 4.80159 5.30335 4.48906 4.40743 4.30951 4.84896 4.27208 5.06707 4.10843 8.95298 3.95855 10.583 9.52799 13.7159
threshold=28.000000000000004 17.850000000000005 1.0000000180025095e-35 37.95000000000001 1.5000000000000002 50.500000000000007 65.500000000000014 1.0000000180025095e-35 52.750000000000007 37.150000000000013 60.500000000000007 36.95000000000001 20.050000000000004 49.500000000000007 1.0000000180025095e-35 51.500000000000007 1.0000000180025095e-35 74.500000000000014 1.0000000180025095e-35 55.500000000000007 38.350000000000001 39.050000000000004 78.500000000000014 31.950000000000003 29.950000000000003 29.050000000000004 31.950000000000003 30.050000000000004 32.050000000000004 32.850000000000001
decision_type=2 2 2 2 2 2 2 2 2 2 2 2 2 2 2 2 2 2 2 2 2 2 2 2 2 2 2 2 2 2
left_child=1 -1 3 -3 5 13 7 8 9 10 11 -7 -12 -2 24 -9 17 -8 -14 20 -11 -22 26 -24 25 -15 27 -6 -28 -30
right_child=4 2 -4 -5 22 6 16 15 -10 19 12 -13 18 14 -16 -17 -18 -19 -20 -21 21 -23 23 -25 -26 -27 28 -29 29 -31
leaf_value=0.061901529184547367 -0.0020634808214440386 -0.034477084833912562 -0.0004463359854898223 0.02375032287057673 0.00068410406613348231 0.0007304196522156869 -0.013982330811982788 0.042263903453925951 -0.052641358295025531 0.041161354318199381 -0.019884143054735272 -0.051937652728340292 0.016912255651099519 -0.010467407065786319 -0.065534219786149581 -0.0081677508821687752 -4.867899713487321e-05 -0.0030710886378727265 0.0055826700350938147 0.0054466230871604441 -0.018273141198797818 0.019867900966510286 0.0058742093979572488 0.033865046264065106 0.0042912849832986884 -0.066793388326983824 -0.018370910066957954 0.011493732855946038 0.02584420900011113 -0.0027196230083281134
leaf_weight=1.320193663239478 1442.8530728816986 27.371796263381842 17.400662485510111 3.2966818977147332 2850.3851971905679 2155.9382054805756 199.21170742064714 4.8468010723590842 5.5327118188142768 18.764700576663017 20.262791380286217 8.6041774451732618 110.53146856278181 138.19162797927856 5.6757893562316886 292.06924174726009 344.94050480425358 252.53539684414864 418.34859273582697 136.64823956787586 9.8946229666471464 52.800593495368958 167.0411094725132 17.901031821966171 42.718671515583992 7.4344280660152426 84.877794817090034 245.96590709686279 45.739515610039234 517.82527903839946
leaf_count=48 7533 1548 454 113 14027 10548 1278 20 27 105 95 42 678 580 26 1512 1674 1184 2526 798 54 286 674 74 226 34 412 1343 261 2644
internal_value=0 -0.0160247 -0.0181649 -0.028218 7.65734e-05 -0.000678233 0.000313805 0.00149733 0.00239109 0.00249495 0.00181664 0.000521061 0.00692339 -0.00312121 -0.0109871 -0.00734451 -0.00449084 -0.00788273 0.00795046 0.0109344 0.0201401 0.0138484 0.00116522 0.00858352 -0.0093433 -0.0133429 0.000798857 0.00154279 -0.00275347 -0.000401352
internal_weight=0 49.3893 48.0691 30.6685 9597.54 5667.8 4030.93 3234.24 2937.33 2931.79 2713.69 2164.54 549.143 1636.87 194.021 296.916 796.688 451.747 528.88 218.108 81.4599 62.6952 3929.74 184.942 188.345 145.626 3744.79 3096.35 648.443 563.565
internal_count=50824 2163 2115 1661 48661 29226 20827 16691 15159 15132 13889 10590 3299 8399 866 1532 4136 2462 3204 1243 445 340 19435 748 840 614 18687 15370 3317 2905
is_linear=0
shrinkage=0.05


Tree=92
num_leaves=31
num_cat=0
split_feature=0 4 2 2 2 5 2 2 3 0 5 0 0 2 2 0 2 2 0 2 2 2 2 2 2 2 2 2 0 0
split_gain=4.76821 4.30949 5.83778 5.49437 4.21113 4.67806 3.36416 3.1291 2.74585 5.06396 9.7987 9.63624 6.66155 5.447 5.2149 4.96463 4.4694 9.49572 4.42202 5.62605 4.33022 3.89117 6.2026 5.65051 5.44637 4.91585 5.16207 4.51081 7.72432 4.43489
threshold=38.000000000000007 1.0000000180025095e-35 53.100000000000009 18.950000000000003 27.950000000000003 1.0000000180025095e-35 30.950000000000003 36.95000000000001 1.5000000000000002 65.500000000000014 1.0000000180025095e-35 60.500000000000007 41.500000000000007 20.050000000000004 31.250000000000004 40.500000000000007 30.950000000000003 31.050000000000004 69.500000000000014 46.95000000000001 20.950000000000003 37.95000000000001 38.050000000000004 39.95000000000001 39.050000000000004 37.050000000000004 37.350000000000001 38.95000000000001 58.500000000000007 54.500000000000007
decision_type=2 2 2 2 2 2 2 2 2 2 2 2 2 2 2 2 2 2 2 2 2 2 2 2 2 2 2 2 2 2
left_child=1 2 7 -3 5 -5 -6 -1 9 10 11 14 -12 -13 15 -2 -17 -18 19 -11 -15 25 29 24 27 -10 -27 -24 -29 -23
right_child=8 3 -4 4 6 -7 -8 -9 21 18 12 13 -14 20 -16 16 17 -19 -20 -21 -22 22 23 -25 -26 26 -28 28 -30 -31
leaf_value=0.013769758294321758 -0.010462729893092352 0.048329486522102873 0.14910583770070782 -0.036484649707843417 0.012252233462967168 -0.0083495151906256993 -0.014675648608451487 -0.037917564199460435 0.0013476273971160556 -0.012590394959205588 0.040142170971179357 -0.018924385401365026 -0.0083263442356882704 0.043368816215726073 0.0032407059939939284 -0.00041184731054703515 -0.043716021948507919 -0.0030318685541749096 -0.002245086183834781 0.041548935171169837 0.0069514610700043625 -0.063771602728872001 0.032751216276026722 -0.008879707721197309 0.060395553499296144 0.071884243367676223 0.0091958590709826718 -0.042754219986637226 0.025252644444281998 -0.016105755680443912
leaf_weight=18.98638682439924 138.07103662192822 3.5004420690238467 0.73387271910905738 33.828275104984641 18.66954642534256 26.230279561132193 30.625308187678456 3.4620630089193574 3722.8492255210876 176.97689837962389 7.2191340774297705 20.226838335394859 393.79373280704021 8.2803718447685224 847.99099390208721 2754.7210841700435 18.563353925943375 63.073770180344582 612.97673874348402 4.932376116514205 574.36590361595154 7.0457741320133236 9.9659498184919375 89.356654576957226 5.5920133218169203 4.9529669731855384 9.7449579089879972 8.6030440479517001 8.1128093600273115 15.874399438500403
leaf_count=570 598 129 10 1545 565 656 852 88 17551 1082 31 95 2150 47 4506 12649 90 331 3032 22 3489 30 53 396 29 30 58 39 34 67
internal_value=0 -0.00930018 0.010335 -0.0133336 -0.0153075 -0.0241968 -0.00447719 0.00579839 0.000127545 -0.000578756 3.02838e-05 0.000708479 -0.0074538 0.00658349 -0.000218129 -0.00120422 -0.000753527 -0.012283 -0.00427666 -0.0111224 0.00746901 0.00115025 -0.00689909 -0.002403 0.0155291 0.00146156 0.0303208 0.00612591 -0.00974802 -0.0307585
internal_weight=0 136.036 23.1823 112.854 109.353 60.0586 49.2949 22.4484 9503.29 5621.19 4826.31 4425.29 401.013 602.873 3822.42 2974.43 2836.36 81.6371 794.886 181.909 582.646 3882.1 144.551 121.63 32.2738 3737.55 14.6979 26.6818 16.7159 22.9202
internal_count=50824 4415 668 3747 3618 2201 1417 658 46409 28122 23986 21805 2181 3631 18174 13668 13070 421 4136 1104 3536 18287 648 551 155 17639 88 126 73 97
is_linear=0
shrinkage=0.05


Tree=93
num_leaves=31
num_cat=0
split_feature=0 4 5 2 0 2 2 3 0 2 5 1 2 3 1 2 5 2 2 2 2 1 2 2 2 0 2 2 0 0
split_gain=4.41197 3.05632 2.97053 3.3903 2.73244 3.23958 2.67513 3.63926 2.59851 3.06725 2.65093 2.7581 2.53423 2.57199 3.45463 3.39261 2.5045 6.00473 2.11673 5.51142 6.31525 2.98004 8.74217 5.12491 9.1215 4.62784 4.34772 6.71005 6.60526 4.62135
threshold=28.000000000000004 1.0000000180025095e-35 1.0000000180025095e-35 37.95000000000001 78.500000000000014 17.050000000000004 18.950000000000003 1.5000000000000002 38.000000000000007 27.950000000000003 1.0000000180025095e-35 1.0000000180025095e-35 30.950000000000003 1.5000000000000002 1.0000000180025095e-35 34.95000000000001 1.0000000180025095e-35 29.950000000000003 35.95000000000001 30.050000000000004 30.950000000000003 1.0000000180025095e-35 27.950000000000003 28.550000000000004 28.350000000000005 60.500000000000007 29.350000000000005 29.850000000000005 47.500000000000007 46.500000000000007
decision_type=2 2 2 2 2 2 2 2 2 2 2 2 2 2 2 2 2 2 2 2 2 2 2 2 2 2 2 2 2 2
left_child=2 18 3 6 5 -3 7 -1 9 10 -7 -12 16 -14 15 -15 -11 -18 19 21 -21 23 -23 24 -2 26 29 -28 -29 -25
right_child=1 4 -4 -5 -6 8 -8 -9 -10 12 11 -13 13 14 -16 -17 17 -19 -20 20 -22 22 -24 25 -26 -27 27 28 -30 -31
leaf_value=-0.050976201521561987 0.0020484921501974273 -0.017919643285999619 0.0010895186937489212 0.023005467145194941 0.004580787594294625 -0.034376934372423763 -0.034889894839508488 0.086827217048906377 -0.00044207791492996716 0.035124870803332146 0.0017241803818220454 -0.052245057918636074 -0.028234878395773336 -0.032031053988699612 0.093802627504649641 0.026202389027593965 -0.04029462098583101 0.074735551412345544 -0.0023450202826735878 0.024375629057516418 0.005097222727180625 -0.020105526999651804 0.020229947894296763 0.0063222997092702866 0.042842656729131109 0.0023285159619654506 0.01274684815158774 -0.062560398508363174 -0.0048492247256040448 -0.030321200588006515
leaf_weight=0.85758933983743779 1197.7442557644099 26.908405687659979 17.827142477035522 3.3250368535518637 263.56795138120651 17.455144770443439 25.036564696580172 1.0855925641953945 7013.5995994657278 8.0203034542500955 14.825233444571497 2.8171759508550158 10.396586399525404 4.9377444088458997 1.0260029640048749 5.0683041661977768 4.0824858509004107 1.5711282677948473 281.90979248285294 47.446087658405304 405.8888531178236 50.404892511665821 18.314285159111023 10.712651517242191 13.861416652798651 86.840267442166805 29.640396490693092 7.2970632836222675 15.46766723692417 43.718823239207268
leaf_count=46 5698 142 463 113 1144 602 1497 44 34748 205 364 69 254 121 24 106 89 34 1367 283 2036 251 90 74 71 402 155 49 70 213
internal_value=0 7.03696e-05 -0.0151056 -0.0246326 -0.000418361 -0.000603661 -0.0305037 0.0260101 -0.000537885 -0.0101098 -0.020562 -0.00689374 0.000340858 -0.010391 0.00642512 -0.00253442 0.0171589 -0.00832796 0.00170171 0.00229362 0.0071149 0.000810819 -0.00935576 0.00130797 0.0025152 -0.00624422 -0.0132124 -0.00293276 -0.0233481 -0.0231094
internal_weight=0 9583.52 48.1319 30.3048 7374.28 7110.71 26.9797 1.94318 7083.8 70.2001 35.0976 17.6424 35.1026 21.4286 11.0321 10.006 13.6739 5.65361 2209.25 1927.34 453.335 1474 68.7192 1405.28 1211.61 193.677 106.837 52.4051 22.7647 54.4315
internal_count=50824 48661 2163 1700 37902 36758 1587 90 36616 1868 1035 433 833 505 251 227 328 123 10759 9392 2319 7073 341 6732 5769 963 561 274 119 287
is_linear=0
shrinkage=0.05


Tree=94
num_leaves=31
num_cat=0
split_feature=0 5 2 4 2 3 0 2 0 2 5 1 2 3 1 2 0 3 2 2 0 1 5 2 2 0 2 2 2 2
split_gain=4.05126 2.7896 3.16018 2.76109 2.50183 3.09929 2.46434 2.94137 2.38213 2.84377 2.53922 2.6297 2.26889 2.38817 2.84235 3.08795 2.3042 2.06346 1.94 2.46617 1.92022 4.14589 4.60684 3.22753 4.00492 2.93471 2.34504 13.6001 10.0384 12.5722
threshold=28.000000000000004 1.0000000180025095e-35 37.95000000000001 1.0000000180025095e-35 18.950000000000003 1.5000000000000002 78.500000000000014 17.050000000000004 38.000000000000007 27.950000000000003 1.0000000180025095e-35 1.0000000180025095e-35 30.950000000000003 1.5000000000000002 1.0000000180025095e-35 34.95000000000001 34.500000000000007 1.5000000000000002 30.950000000000003 27.950000000000003 65.500000000000014 1.0000000180025095e-35 1.0000000180025095e-35 27.950000000000003 37.95000000000001 74.500000000000014 35.050000000000004 34.95000000000001 35.95000000000001 36.050000000000004
decision_type=2 2 2 2 2 2 2 2 2 2 2 2 2 2 2 2 2 2 2 2 2 2 2 2 2 2 2 2 2 2
left_child=1 2 4 -2 5 -1 7 -5 9 10 -9 -12 16 -14 15 -15 17 -11 19 -3 26 22 23 25 -25 -22 27 -10 -28 -30
right_child=3 18 -4 6 -6 -7 -8 8 20 12 11 -13 13 14 -16 -17 -18 -19 -20 -21 21 -23 -24 24 -26 -27 28 -29 29 -31
leaf_value=-0.050927702537842748 0.0016178215953245715 0.00066345419173287302 0.021386377776920703 -0.017118389630673664 -0.034312245788157024 0.075816880108742032 0.0043474978189660561 -0.033759453959752619 -0.00022389318950996129 0.069980354889230628 0.0016353234188026776 -0.052130846549563542 -0.027542861544474669 -0.031357498305251703 0.081675766693614385 0.024299746588581195 -0.0017876771987302518 0.011348153435556667 -0.028693759348360631 0.057664507252370448 -0.013684040600737194 -0.018687296862547796 0.001858562675995 0.0016341908706943968 -0.023796213217133145 -0.0010667050544377018 0.019096711549002915 -0.030736162782778628 -0.029275689281842571 0.0024120995989413609
leaf_weight=0.81652150675655 2207.9482382219285 11.370022594928743 3.3960231337696305 26.763289241120219 24.206375017762184 1.1784584876149893 263.81903991103172 16.899895813316107 5570.4295221120119 2.8678543344140035 14.848621923476459 2.6855034232139579 10.131725911051035 4.7952705696225149 1.1168469116091735 5.1886560060083866 7.8837838135659695 3.1475199684500694 4.1972306147217742 2.2776949889957896 150.66625016182661 38.506309129297733 405.36330072581768 163.37096465379 17.102784797549248 66.395107269287109 82.295072853565216 36.761147558689117 33.64567294716835 449.28520933538675
leaf_count=46 10759 295 113 142 1497 44 1144 602 27162 76 364 69 254 121 24 106 173 79 109 59 959 226 1908 856 87 335 500 168 156 2391
internal_value=0 -0.0145805 -0.0239948 6.67191e-05 -0.0298768 0.0239418 -0.000397719 -0.000573788 -0.000511278 -0.00971816 -0.0199293 -0.00659943 0.000290231 -0.00999044 0.00602973 -0.00243238 0.0159951 0.0393013 0.00103398 0.0101765 -0.00041996 -0.00266071 -0.00189209 -0.0057166 -0.000775748 -0.00982463 -0.000114508 -0.000423934 0.00295508 0.000204419
internal_weight=0 47.4423 29.5974 9581.92 26.2014 1.99498 7373.97 7110.15 7083.39 69.5657 34.434 17.5341 35.1317 21.2325 11.1008 9.98393 13.8992 6.01537 17.8449 13.6477 7013.82 841.405 802.898 397.535 180.474 217.061 6172.42 5607.19 565.226 482.931
internal_count=50824 2163 1700 48661 1587 90 37902 36758 36616 1868 1035 433 833 505 251 227 328 155 463 354 34748 4371 4145 2237 943 1294 30377 27330 3047 2547
is_linear=0
shrinkage=0.05


Tree=95
num_leaves=31
num_cat=0
split_feature=0 0 2 2 2 2 2 2 2 2 2 3 1 0 2 2 2 0 3 3 2 3 0 5 0 2 2 2 2 2
split_gain=3.82463 3.22225 5.45993 4.16947 12.4571 8.62347 9.93098 6.08309 16.5432 4.83178 28.5893 5.88161 5.12796 3.88106 3.69932 3.55765 3.52155 4.58068 3.78038 3.11392 2.82489 2.79058 5.11275 9.29283 8.01706 5.94001 14.133 5.49458 16.0808 12.4
threshold=42.500000000000007 41.500000000000007 39.95000000000001 23.350000000000005 23.950000000000003 24.050000000000004 24.450000000000003 25.050000000000004 25.850000000000005 26.050000000000004 26.350000000000005 1.5000000000000002 1.0000000180025095e-35 40.500000000000007 24.950000000000003 22.950000000000003 31.550000000000004 38.000000000000007 1.5000000000000002 1.5000000000000002 39.95000000000001 1.5000000000000002 65.500000000000014 1.0000000180025095e-35 60.500000000000007 39.050000000000004 38.95000000000001 38.050000000000004 37.95000000000001 37.250000000000007
decision_type=2 2 2 2 2 2 2 2 2 2 2 2 2 2 2 2 2 2 2 2 2 2 2 2 2 2 2 2 2 2
left_child=1 13 3 15 19 -6 -7 14 -9 -10 -11 -12 -13 16 -8 -3 -1 -18 -19 -5 -15 22 23 24 25 26 27 28 29 -2
right_child=21 2 -4 4 5 6 7 8 9 10 11 12 -14 20 -16 -17 17 18 -20 -21 -22 -23 -24 -25 -26 -27 -28 -29 -30 -31
leaf_value=-0.0058718574938284238 -0.00057210035338561382 -0.010221922620998443 -0.033280730235233244 0.021850566710574677 -0.050404401466848048 0.069349522351870418 0.0019691038365554974 0.066244914438020372 -0.033865924527366385 0.15144741781045301 0.0040676479799858656 -0.022143930014477554 0.023866637156241363 0.0065440930359886157 -0.043931877908887376 -0.038834129567361785 -0.0075374190630032659 0.0075540602213852188 0.040900753269008633 0.070252784829474335 -0.03247411937025458 0.0013785653220420926 -0.0041310361461625571 -0.0074882660438769094 0.0062439963309495108 0.0096316985500574867 -0.057744314076651537 0.019818918991782175 -0.064004124070745252 0.033632216559375989
leaf_weight=332.88445306103677 3205.4896044209599 40.752663612365723 19.272709473967552 7.1756652891635877 10.196698836982248 4.603790506720542 6.2460402399301538 8.4880534559488279 13.660065203905104 2.9437538534402838 68.01211754232645 55.920208036899567 6.7912161648273459 160.25406339764595 14.768067829310894 14.813367590308188 33.493497647345066 28.749503493309021 12.06604555249214 6.1887923926115036 4.7770978659391394 3582.1427834406495 793.02278826385736 358.16613675653934 600.80627535283566 152.47026770561934 10.733358591794966 33.668193802237511 9.933455288410185 26.718004330992699
leaf_count=4500 15148 284 106 32 75 22 31 43 88 15 390 357 44 680 104 102 927 121 53 28 20 16750 4136 1882 3631 821 49 188 42 155
internal_value=0 -0.0032037 -0.00760062 -0.00570116 -0.00240817 -0.00566318 -0.00314868 -0.00503619 -0.0016305 -0.00554104 -0.00264639 -0.00611642 -0.0171613 -0.00105349 -0.0302887 -0.0178497 -0.00367496 0.00616656 0.0174121 0.0442646 0.00541465 0.000305086 -0.000435686 0.000230641 0.000914991 -1.60028e-05 -0.000463582 -0.000275899 -0.000484574 -0.000289361
internal_weight=0 852.058 279.833 260.561 204.994 191.63 181.433 176.83 155.815 147.327 133.667 130.724 62.7114 572.225 21.0141 55.566 407.193 74.309 40.8155 13.3645 165.031 8773.15 5191.01 4397.99 4039.82 3439.01 3286.54 3275.81 3242.14 3232.21
internal_count=50824 8022 1721 1615 1229 1169 1094 1072 937 894 806 791 401 6301 135 386 5601 1101 174 60 700 42802 26052 21916 20034 16403 15582 15533 15345 15303
is_linear=0
shrinkage=0.05


Tree=96
num_leaves=31
num_cat=0
split_feature=0 2 2 3 4 5 2 2 2 0 2 0 2 5 1 2 3 1 2 5 2 2 2 2 2 2 5 2 0 1
split_gain=3.57895 2.72388 2.59127 5.30323 2.55271 2.46637 2.53278 2.48113 2.4024 2.31281 2.65083 2.03705 2.66124 2.44272 2.52078 2.03569 2.23119 2.38209 2.83512 2.14181 5.26321 1.98172 1.92527 4.97353 5.78502 2.72183 6.36539 4.64349 3.28137 2.68443
threshold=28.000000000000004 53.100000000000009 18.950000000000003 1.5000000000000002 1.0000000180025095e-35 1.0000000180025095e-35 37.95000000000001 30.950000000000003 27.950000000000003 78.500000000000014 17.050000000000004 38.000000000000007 27.950000000000003 1.0000000180025095e-35 1.0000000180025095e-35 30.950000000000003 1.5000000000000002 1.0000000180025095e-35 34.95000000000001 1.0000000180025095e-35 29.950000000000003 44.650000000000013 35.95000000000001 30.050000000000004 30.950000000000003 31.050000000000004 1.0000000180025095e-35 31.950000000000003 74.500000000000014 1.0000000180025095e-35
decision_type=2 2 2 2 2 2 2 2 2 2 2 2 2 2 2 2 2 2 2 2 2 2 2 2 2 2 2 2 2 2
left_child=1 2 3 -1 22 6 -4 8 -7 10 -6 12 13 -12 -15 19 -17 18 -18 -14 -21 -8 23 29 -25 26 28 -27 -26 -2
right_child=4 -3 5 -5 9 7 21 -9 -10 -11 11 -13 15 14 -16 16 17 -19 -20 20 -22 -23 -24 24 25 27 -28 -29 -30 -31
leaf_value=-0.051347111693323427 0.0011818525099791361 0.08372466859341543 -0.033620688648367807 0.082045613426693365 -0.016312023682435756 -0.0032268567680287952 0.039894949425582818 -0.038785429457630576 0.052459224233148222 0.004211344419327993 -0.033025205809756195 -0.00041284963193607841 0.031388426686915584 0.0018539074678523453 -0.05201083786363761 -0.026665818308487854 -0.030528191570411579 0.072772997499172043 0.023106636953156776 -0.039875878045440703 0.065426706433046697 -0.051689327475687843 -0.0023091925607186059 0.023341212163268055 -0.038607640689673997 0.021713455529517353 0.010626499835759924 0.0041752449548784929 0.0033295220298880067 -0.0089503940196181391
leaf_weight=1.2408285755664101 1403.881247503683 0.70453967899083991 23.278811153024439 1.8650366086512804 26.594920294359326 10.24146779254079 2.1903769783675666 3.7980808429419985 2.3885456658899775 263.85745173692703 16.280306035652757 7006.2363656833768 8.3696768246591073 14.791212782263758 2.5458798855543128 9.8131226077675819 4.6295680962502939 1.1941963769495494 5.2669541351497173 3.9727968685328952 1.6920009516179559 0.8087549116462468 281.4090810790658 46.844340406358242 15.530029438436033 42.88269480317831 25.44339869171381 314.76862454041839 6.6667515188455573 68.562843587249517
leaf_count=58 6732 6 1497 56 142 271 82 107 59 1144 602 34748 205 364 69 254 121 24 106 89 34 27 1367 283 76 242 128 1563 27 341
internal_value=0 -0.013841 -0.0153414 0.0287537 6.16692e-05 -0.0185483 -0.0280489 -0.00335137 0.00730431 -0.000385215 -0.000556004 -0.000496775 -0.00907376 -0.0191167 -0.00605591 0.000589434 -0.00929975 0.00606584 -0.0019836 0.015319 -0.00842337 0.0151981 0.0015537 0.00211853 0.00670543 0.00478263 -0.00644428 0.00627809 -0.0260119 0.000710055
internal_weight=0 46.5164 45.8119 3.10587 9571.23 42.706 26.2779 16.4281 12.63 7365.24 7101.39 7074.79 68.5557 33.6174 17.3371 34.9383 20.9038 11.0907 9.89652 14.0345 5.6648 2.99913 2205.99 1924.58 452.136 405.291 47.6402 357.651 22.1968 1472.44
internal_count=50824 2163 2157 114 48661 2043 1606 437 330 37902 36758 36616 1868 1035 433 833 505 251 227 328 123 109 10759 9392 2319 2036 231 1805 103 7073
is_linear=0
shrinkage=0.05


Tree=97
num_leaves=31
num_cat=0
split_feature=0 2 2 2 3 0 5 0 2 2 2 2 2 2 0 2 2 5 0 2 2 0 0 2 0 0 2 2 5 2
split_gain=3.3154 3.19051 5.73227 3.07629 2.52383 4.69881 8.40373 7.25977 5.43792 12.5853 5.02764 14.4331 11.4072 8.52329 6.81737 4.81235 4.64941 4.28968 4.23063 4.02923 4.02296 3.79699 11.1043 11.5494 4.78069 7.42688 12.0167 4.20286 3.76419 5.84441
threshold=42.500000000000007 56.150000000000006 44.650000000000013 22.050000000000004 1.5000000000000002 65.500000000000014 1.0000000180025095e-35 60.500000000000007 39.050000000000004 38.95000000000001 38.050000000000004 37.95000000000001 37.250000000000007 36.95000000000001 57.500000000000007 20.050000000000004 52.750000000000007 1.0000000180025095e-35 74.500000000000014 37.850000000000001 20.950000000000003 51.500000000000007 52.500000000000007 36.95000000000001 47.500000000000007 46.500000000000007 34.650000000000013 34.95000000000001 1.0000000180025095e-35 30.350000000000005
decision_type=2 2 2 2 2 2 2 2 2 2 2 2 2 2 2 2 2 2 2 2 2 2 2 2 2 2 2 2 2 2
left_child=1 2 3 -1 5 6 7 8 9 10 11 12 13 -2 -12 -9 -10 18 -7 -14 -17 24 23 -23 25 26 28 -27 -6 -30
right_child=4 -3 -4 -5 21 17 -8 15 16 -11 14 -13 19 -15 -16 20 -18 -19 -20 -21 -22 22 -24 -25 -26 27 -28 -29 29 -31
leaf_value=-0.010449518029958117 -0.00035629018727345471 0.061233431450970432 -0.036203425597971017 -0.0014453710454745937 0.00018157086662976408 -0.012709257203898061 -0.0071338189953001913 -0.018046675080162774 0.010985572498968735 -0.054198243851669652 0.028977111072950604 -0.060544804319647365 0.042573909193154617 -0.034890971397047076 -0.03234866088380433 0.041757236373478966 -0.034338229725773599 0.00023216111177493728 -0.0029118241572235314 -0.0055758953958080851 0.0062858114447289989 -0.0061195797550378326 0.0014553678273860583 -0.043750823222335394 0.008420011085610286 -0.0032987218222759076 0.049024426236053256 -0.023510800911858167 0.020236151580535679 -0.02305617375022543
leaf_weight=109.16335705015808 3187.4359337091446 1.9293446429073799 12.907058982178567 723.95687760412693 188.99315893650055 195.67641999572515 357.20180674642324 20.195984289050102 146.05887353420258 10.853397905826567 27.966898217797279 9.9659899026155454 20.802931085228924 17.967086315155029 5.4081414043903342 8.1068233549594861 5.8863238245248786 343.95954409241676 252.19356655329466 5.4918487519025794 571.0092957764864 249.94441904127598 2456.0369851663709 22.200331255793571 377.16245497763157 176.8264693915844 15.55026865005493 30.097183585166931 55.552080914378166 9.0683593004941923
leaf_count=1619 15056 20 138 6245 806 1278 1882 95 793 49 149 42 127 92 39 47 28 1674 1184 28 3489 1101 11751 91 1718 807 75 131 229 41
internal_value=0 -0.00299099 -0.00313745 -0.00262518 0.000283154 -0.000421805 0.000217059 0.000867456 -1.78185e-05 -0.000445441 -0.000267306 -0.000466085 -0.000280812 -0.000549866 0.0190398 0.00594566 0.00922974 -0.00396726 -0.00719237 0.0325175 0.00678236 0.00130399 0.000393522 -0.00918937 0.00421511 0.000883928 0.00635946 -0.00623858 0.00374347 0.0141608
internal_weight=0 847.957 846.027 833.12 8767.61 5186.18 4394.35 4037.15 3437.84 3285.89 3275.04 3241.66 3231.7 3205.4 33.375 599.312 151.945 791.83 447.87 26.2948 579.116 3581.43 2728.18 272.145 853.25 476.088 269.164 206.924 253.614 64.6204
internal_count=50824 8022 8002 7864 42802 26052 21916 20034 16403 15582 15533 15345 15303 15148 188 3631 821 4136 2462 155 3536 16750 12943 1192 3807 2089 1151 938 1076 270
is_linear=0
shrinkage=0.05


Tree=98
num_leaves=31
num_cat=0
split_feature=0 5 2 4 2 3 0 2 2 2 2 2 2 2 0 0 0 0 2 0 2 2 2 0 0 0 3 0 0 2
split_gain=3.18773 2.49164 2.76897 2.36912 2.20498 2.31115 2.11143 2.35674 5.26273 4.31922 4.21941 4.8025 3.24489 7.36115 5.25334 3.35419 6.68647 3.42798 3.39982 3.40079 3.27483 9.30301 8.06479 3.8677 3.98289 14.8172 3.73633 3.32628 5.60061 3.29893
threshold=28.000000000000004 1.0000000180025095e-35 37.95000000000001 1.0000000180025095e-35 18.950000000000003 1.5000000000000002 78.500000000000014 21.050000000000004 20.950000000000003 20.250000000000004 19.850000000000005 19.050000000000004 21.950000000000003 22.050000000000004 74.500000000000014 61.500000000000007 62.500000000000007 63.500000000000007 21.750000000000004 57.500000000000007 22.950000000000003 23.050000000000004 23.450000000000003 69.500000000000014 61.500000000000007 57.500000000000007 1.5000000000000002 42.500000000000007 56.500000000000007 24.050000000000004
decision_type=2 2 2 2 2 2 2 2 2 2 2 2 2 2 2 2 2 2 2 2 2 2 2 2 2 2 2 2 2 2
left_child=1 2 4 -2 5 -1 7 8 9 10 11 -5 15 14 -14 18 -17 -18 -9 -20 -15 23 -23 24 25 26 -22 -28 -29 -24
right_child=3 -3 -4 6 -6 -7 -8 12 -10 -11 -12 -13 13 20 -16 16 17 -19 19 -21 21 22 29 -25 -26 -27 27 28 -30 -31
leaf_value=-0.050823980286999859 0.001496248553221124 0.0015128211732574968 0.019213171472264413 -0.0052727188683735493 -0.032949711340482461 0.059754327479864845 0.0040178036779503837 0.00080743728971647243 -0.015261611240899762 0.0086364393538364819 -0.013587696630290032 0.012553377937604816 -0.015030505562717922 0.0048098227811814685 0.01900101559057063 0.065608526621404664 -0.039285325883144269 0.031149089489412193 0.02592838422905909 -0.013430876187199355 -0.025031142473291523 0.0100092733465093 -0.0044295172206598012 0.0021642989028492527 -0.029374049413571763 0.049679489540232782 -0.033537732400954264 0.015558035440394203 -0.032150022710463508 -0.00012253365322158744
leaf_weight=0.72817039303482212 2202.8535871878266 17.684433206915855 3.489506045356392 132.66349505446851 22.441329161636531 1.3459541853517294 263.99173323810101 139.19778379797935 84.942499341443181 82.241037242114544 86.127936599776149 52.828595016151667 124.9050715919584 305.34213155508041 12.472355440258978 6.7133398652076703 3.4932929128408432 3.4173938781023026 28.132559314370155 6.8182718306779853 53.726942652836442 188.90457748621702 486.42255860008299 39.26799701154232 38.148407869040966 9.3143305182456952 7.9743632022291413 22.737303659319878 8.4333208203315753 5170.6519065890461
leaf_count=46 10759 463 113 719 1497 44 1144 594 562 362 552 232 741 1343 62 27 24 24 118 32 318 864 2433 198 209 40 104 102 39 27059
internal_value=0 -0.0131807 -0.0224593 5.77539e-05 -0.028391 0.0209332 -0.000372855 -0.000536226 -0.0040854 -0.00140261 -0.00444224 -0.000195803 -0.000302245 -0.000490342 -0.0119408 0.00617724 0.0300694 -0.0044549 0.0043081 0.0182501 -0.000241874 -0.000497865 -0.000153507 -0.0117065 -0.0155878 -0.0104411 -0.0164708 -0.00472157 0.00265045 -0.000492869
internal_weight=0 45.6894 28.005 9561.72 24.5155 2.07412 7358.87 7094.88 438.804 353.861 271.62 185.492 6656.07 6468.3 137.377 187.773 13.624 6.91069 174.149 34.9508 6330.92 6025.58 5845.98 179.603 140.335 102.186 92.8719 39.145 31.1706 5657.07
internal_count=50824 2163 1700 48661 1587 90 37902 36758 2427 1865 1503 951 34331 33512 803 819 75 48 744 150 32709 31366 30356 1010 812 603 563 245 141 29492
is_linear=0
shrinkage=0.05


Tree=99
num_leaves=31
num_cat=0
split_feature=0 5 2 2 2 0 0 2 5 0 0 0 2 2 2 2 2 2 3 2 2 0 5 5 0 0 0 3 5 0
split_gain=2.92142 2.32969 2.57996 2.27445 11.4551 12.7847 8.25565 8.23765 8.44362 8.06361 11.9412 12.1956 7.37257 8.83251 10.2931 7.68985 6.65067 11.6109 6.60034 6.2637 7.39995 6.24615 8.40465 6.23624 5.64653 5.58148 6.00282 5.34527 5.65432 5.23604
threshold=28.000000000000004 1.0000000180025095e-35 37.95000000000001 27.050000000000004 26.950000000000003 47.500000000000007 51.500000000000007 26.150000000000002 1.0000000180025095e-35 52.500000000000007 56.500000000000007 57.500000000000007 25.950000000000003 25.150000000000002 24.950000000000003 24.850000000000005 27.950000000000003 28.050000000000004 1.5000000000000002 28.950000000000003 29.050000000000004 74.500000000000014 1.0000000180025095e-35 1.0000000180025095e-35 47.500000000000007 61.500000000000007 62.500000000000007 1.5000000000000002 1.0000000180025095e-35 59.500000000000007
decision_type=2 2 2 2 2 2 2 2 2 2 2 2 2 2 2 2 2 2 2 2 2 2 2 2 2 2 2 2 2 2
left_child=1 2 -1 4 7 -6 -7 12 -9 -8 -11 23 13 14 15 -2 27 -18 -10 25 21 -21 -23 -12 -17 29 -27 28 -5 -19
right_child=3 -3 -4 16 5 6 9 8 18 10 11 -13 -14 -15 -16 24 17 19 -20 20 -22 22 -24 -25 -26 26 -28 -29 -30 -31
leaf_value=-0.02775313549956205 -0.00024197996727733976 0.0014351389511454934 0.017927686303639678 0.0012210386008402955 -0.033065941337739831 0.037756492373063354 -0.032130816218821599 0.0042838295105412857 0.080447136365328117 0.042944605905518587 -0.050822803406467491 -0.0019863519663428772 -0.0073766826340492843 0.0063898261750044375 -0.0082158570217640177 0.049162306161250932 -0.0093486041401356929 0.0075758552225251661 0.020444069773718685 -0.011026304855305211 0.0010841871541402354 -0.011023099046051072 0.02999300711218102 -0.0040421009479790623 0.010278552183196522 0.049718272004657262 0.0072458844730351833 0.014004144111407019 0.047211599095243841 -0.016408767226046127
leaf_weight=23.851716389879588 3134.6858821827918 17.708959132432938 3.5510861463844767 254.1133733317256 49.915318323299289 10.58693118393421 29.012834221124649 336.42296446859837 5.1807966828346244 12.711606562137602 21.516453310847282 185.6730831861496 373.70646392554045 472.40287443995476 422.31440657377243 11.728440344333647 291.55175301805139 258.01349154114723 39.725932784378529 225.06811186671257 3090.6394005939364 26.241382822394371 23.833098813891411 10.650458231568335 45.780579559504986 15.597857698798178 17.827733553946018 161.50251226127148 6.863687500357627 24.955968841910362
leaf_count=1587 15322 463 113 1288 387 43 135 1650 23 52 97 866 1857 2246 2193 50 1502 1248 184 1188 16594 114 98 55 229 68 154 820 29 169
internal_value=0 -0.0126992 -0.0218334 5.47659e-05 -0.00065702 -0.00981818 -0.00552274 -5.14408e-05 0.00700213 -0.00728798 -0.00416173 -0.00691053 -0.000654437 -3.97558e-05 -0.000880078 9.04156e-05 0.000890542 0.000256429 0.0273665 0.00101695 0.000384673 -0.00747287 0.00849864 -0.0353337 0.0182085 0.00774302 0.0270654 0.00685485 0.00243059 0.00546058
internal_weight=0 45.1118 27.4028 9558.22 5162.02 320.067 270.151 4841.95 381.33 259.564 230.552 217.84 4460.62 4086.91 3614.51 3192.19 4396.21 3973.73 44.9067 3682.18 3365.78 275.143 50.0745 32.1669 57.509 316.395 33.4256 422.48 260.977 282.969
internal_count=50824 2163 1700 48661 25389 1635 1248 23754 1857 1205 1070 1018 21897 20040 17794 15601 23272 21135 207 19633 17994 1400 212 152 279 1639 222 2137 1317 1417
is_linear=0
shrinkage=0.05


end of trees

feature_importances:
BMI=1407
Age=1163
Smoking_Status=196
Gender=122
Physical_Activity=73
Alcohol_Intake=39

parameters:
[boosting: gbdt]
[objective: binary]
[metric: binary_logloss]
[tree_learner: serial]
[device_type: cpu]
[data: ]
[valid: ]
[num_iterations: 100]
[learning_rate: 0.05]
[num_leaves: 31]
[num_threads: -1]
[deterministic: 0]
[force_col_wise: 0]
[force_row_wise: 0]
[histogram_pool_size: -1]
[max_depth: -1]
[min_data_in_leaf: 20]
[min_sum_hessian_in_leaf: 0.001]
[bagging_fraction: 1]
[pos_bagging_fraction: 1]
[neg_bagging_fraction: 1]
[bagging_freq: 0]
[bagging_seed: 400]
[feature_fraction: 1]
[feature_fraction_bynode: 1]
[feature_fraction_seed: 30056]
[extra_trees: 0]
[extra_seed: 12879]
[early_stopping_round: 0]
[first_metric_only: 0]
[max_delta_step: 0]
[lambda_l1: 0]
[lambda_l2: 0]
[linear_lambda: 0]
[min_gain_to_split: 0]
[drop_rate: 0.1]
[max_drop: 50]
[skip_drop: 0.5]
[xgboost_dart_mode: 0]
[uniform_drop: 0]
[drop_seed: 17869]
[top_rate: 0.2]
[other_rate: 0.1]
[min_data_per_group: 100]
[max_cat_threshold: 32]
[cat_l2: 10]
[cat_smooth: 10]
[max_cat_to_onehot: 4]
[top_k: 20]
[monotone_constraints: ]
[monotone_constraints_method: basic]
[monotone_penalty: 0]
[feature_contri: ]
[forcedsplits_filename: ]
[refit_decay_rate: 0.9]
[cegb_tradeoff: 1]
[cegb_penalty_split: 0]
[cegb_penalty_feature_lazy: ]
[cegb_penalty_feature_coupled: ]
[path_smooth: 0]
[interaction_constraints: ]
[verbosity: -1]
[saved_feature_importance_type: 0]
[linear_tree: 0]
[max_bin: 255]
[max_bin_by_feature: ]
[min_data_in_bin: 3]
[bin_construct_sample_cnt: 200000]
[data_random_seed: 175]
[is_enable_sparse: 1]
[enable_bundle: 1]
[use_missing: 1]
[zero_as_missing: 0]
[feature_pre_filter: 1]
[pre_partition: 0]
[two_round: 0]
[header: 0]
[label_column: ]
[weight_column: ]
[group_column: ]
[ignore_column: ]
[categorical_feature: ]
[forcedbins_filename: ]
[precise_float_parser: 0]
[objective_seed: 16083]
[num_class: 1]
[is_unbalance: 0]
[scale_pos_weight: 1]
[sigmoid: 1]
[boost_from_average: 1]
[reg_sqrt: 0]
[alpha: 0.9]
[fair_c: 1]
[poisson_max_delta_step: 0.7]
[tweedie_variance_power: 1.5]
[lambdarank_truncation_level: 30]
[lambdarank_norm: 1]
[label_gain: ]
[eval_at: ]
[multi_error_top_k: 1]
[auc_mu_weights: ]
[num_machines: 1]
[local_listen_port: 12400]
[time_out: 120]
[machine_list_filename: ]
[machines: ]
[gpu_platform_id: -1]
[gpu_device_id: -1]
[gpu_use_dp: 0]
[num_gpu: 1]

end of parameters

pandas_categorical:[]
